UDI,Product ID,Type,Air temperature [K],Process temperature [K],Rotational speed [rpm],Torque [Nm],Tool wear [min],Machine failure,TWF,HDF,PWF,OSF,RNF,machine_id,timestamp,operator_id,material_lot
1,L00001,L,297.8,308.1,1661,48.8,2,0,0,0,0,0,0,LINE3-M01,2026-06-01T06:00:00,OP-100,MAT-8808
2,L00002,L,300.5,310.6,1735,53.5,4,1,0,0,1,0,0,LINE1-M02,2026-06-01T06:06:00,OP-100,MAT-8800
3,M00003,M,299.1,308.4,1262,20.5,7,1,0,0,1,0,0,LINE3-M02,2026-06-01T06:11:00,OP-100,MAT-8805
4,H00004,H,302.3,312.2,1692,57.6,12,1,0,0,1,0,0,LINE2-M02,2026-06-01T06:13:00,OP-109,MAT-8808
5,H00005,H,298.8,308.5,1285,60.2,17,0,0,0,0,0,0,LINE3-M01,2026-06-01T06:17:00,OP-111,MAT-8802
6,H00006,H,299.2,308.0,1686,31.5,22,0,0,0,0,0,0,LINE1-M02,2026-06-01T06:20:00,OP-104,MAT-8814
7,M00007,M,300.4,311.3,1375,25.2,25,0,0,0,0,0,0,LINE3-M01,2026-06-01T06:24:00,OP-109,MAT-8805
8,M00008,M,300.2,310.6,1301,31.1,28,0,0,0,0,0,0,LINE1-M02,2026-06-01T06:30:00,OP-100,MAT-8807
9,H00009,H,298.6,309.2,1613,48.4,33,0,0,0,0,0,0,LINE3-M02,2026-06-01T06:36:00,OP-103,MAT-8815
10,H00010,H,301.3,311.5,1459,52.0,38,0,0,0,0,0,0,LINE1-M02,2026-06-01T06:39:00,OP-111,MAT-8818
11,L00011,L,302.4,311.5,1618,42.0,40,0,0,0,0,0,0,LINE3-M02,2026-06-01T06:42:00,OP-101,MAT-8801
12,H00012,H,300.9,311.6,1270,33.4,45,0,0,0,0,0,0,LINE1-M02,2026-06-01T06:48:00,OP-106,MAT-8819
13,L00013,L,300.2,309.9,1533,19.9,47,1,0,0,1,0,0,LINE3-M01,2026-06-01T06:50:00,OP-110,MAT-8817
14,M00014,M,303.2,314.0,1658,47.7,50,0,0,0,0,0,0,LINE1-M01,2026-06-01T06:56:00,OP-110,MAT-8809
15,H00015,H,298.9,309.4,1532,49.4,55,0,0,0,0,0,0,LINE3-M01,2026-06-01T06:59:00,OP-109,MAT-8810
16,L00016,L,299.5,310.0,1301,31.4,57,0,0,0,0,0,0,LINE1-M01,2026-06-01T07:03:00,OP-103,MAT-8818
17,L00017,L,299.2,308.9,1615,37.4,59,0,0,0,0,0,0,LINE1-M01,2026-06-01T07:09:00,OP-110,MAT-8815
18,M00018,M,298.7,308.6,1262,33.7,62,0,0,0,0,0,0,LINE3-M01,2026-06-01T07:12:00,OP-111,MAT-8809
19,L00019,L,300.1,312.6,1537,42.7,64,0,0,0,0,0,0,LINE2-M01,2026-06-01T07:18:00,OP-103,MAT-8807
20,L00020,L,304.3,315.5,1326,34.5,66,0,0,0,0,0,0,LINE1-M01,2026-06-01T07:21:00,OP-111,MAT-8801
21,L00021,L,302.8,314.2,1307,42.3,68,0,0,0,0,0,0,LINE1-M02,2026-06-01T07:27:00,OP-110,MAT-8815
22,M00022,M,301.6,312.0,1352,34.4,71,0,0,0,0,0,0,LINE2-M01,2026-06-01T07:33:00,OP-107,MAT-8813
23,L00023,L,297.9,308.4,1497,55.5,73,0,0,0,0,0,0,LINE2-M01,2026-06-01T07:38:00,OP-110,MAT-8803
24,M00024,M,298.3,309.0,1766,41.8,76,0,0,0,0,0,0,LINE1-M01,2026-06-01T07:41:00,OP-108,MAT-8814
25,H00025,H,302.7,315.2,1516,37.8,81,0,0,0,0,0,0,LINE2-M01,2026-06-01T07:43:00,OP-100,MAT-8817
26,H00026,H,298.8,308.0,1881,41.7,86,0,0,0,0,0,0,LINE2-M02,2026-06-01T07:46:00,OP-107,MAT-8806
27,M00027,M,298.6,308.8,1525,32.7,89,0,0,0,0,0,0,LINE2-M02,2026-06-01T07:51:00,OP-104,MAT-8813
28,L00028,L,294.2,303.4,1636,35.1,91,0,0,0,0,0,0,LINE1-M01,2026-06-01T07:54:00,OP-111,MAT-8810
29,M00029,M,300.8,311.7,1225,43.7,94,0,0,0,0,0,0,LINE1-M01,2026-06-01T08:00:00,OP-108,MAT-8802
30,L00030,L,300.6,310.7,1523,39.5,96,0,0,0,0,0,0,LINE1-M01,2026-06-01T08:05:00,OP-109,MAT-8819
31,M00031,M,299.5,312.2,1540,31.1,99,0,0,0,0,0,0,LINE2-M02,2026-06-01T08:11:00,OP-103,MAT-8810
32,M00032,M,296.4,306.2,1301,46.7,102,0,0,0,0,0,0,LINE2-M01,2026-06-01T08:16:00,OP-100,MAT-8814
33,L00033,L,299.1,309.9,1775,34.4,104,0,0,0,0,0,0,LINE3-M02,2026-06-01T08:19:00,OP-102,MAT-8811
34,L00034,L,302.2,311.9,1611,28.3,106,0,0,0,0,0,0,LINE3-M02,2026-06-01T08:25:00,OP-109,MAT-8816
35,M00035,M,300.7,311.3,1797,48.2,109,1,0,0,1,0,0,LINE1-M02,2026-06-01T08:27:00,OP-101,MAT-8803
36,L00036,L,301.3,309.9,1384,45.9,111,0,0,0,0,0,0,LINE2-M01,2026-06-01T08:32:00,OP-101,MAT-8813
37,M00037,M,299.4,310.2,1233,39.8,114,0,0,0,0,0,0,LINE1-M02,2026-06-01T08:36:00,OP-108,MAT-8813
38,L00038,L,300.3,310.4,1497,21.2,116,1,0,0,1,0,0,LINE3-M01,2026-06-01T08:39:00,OP-105,MAT-8818
39,L00039,L,298.5,308.7,1388,34.4,118,0,0,0,0,0,0,LINE3-M01,2026-06-01T08:42:00,OP-110,MAT-8803
40,L00040,L,297.4,305.4,1657,47.1,120,0,0,0,0,0,0,LINE3-M01,2026-06-01T08:48:00,OP-103,MAT-8805
41,H00041,H,298.5,310.2,1460,37.1,125,0,0,0,0,0,0,LINE2-M01,2026-06-01T08:52:00,OP-104,MAT-8805
42,L00042,L,300.5,312.7,1288,60.9,127,0,0,0,0,0,0,LINE2-M02,2026-06-01T08:55:00,OP-104,MAT-8807
43,L00043,L,302.5,311.8,1590,47.0,129,0,0,0,0,0,0,LINE2-M02,2026-06-01T08:57:00,OP-110,MAT-8816
44,M00044,M,298.9,310.0,2018,30.9,132,0,0,0,0,0,0,LINE1-M02,2026-06-01T08:59:00,OP-102,MAT-8818
45,M00045,M,299.7,309.2,1434,64.0,135,1,0,0,1,0,0,LINE2-M01,2026-06-01T09:03:00,OP-106,MAT-8818
46,M00046,M,300.7,311.6,1518,50.2,138,0,0,0,0,0,0,LINE1-M02,2026-06-01T09:08:00,OP-109,MAT-8810
47,L00047,L,301.4,311.5,1611,38.0,140,0,0,0,0,0,0,LINE2-M02,2026-06-01T09:13:00,OP-111,MAT-8809
48,L00048,L,298.9,307.6,1514,35.6,142,0,0,0,0,0,0,LINE3-M02,2026-06-01T09:16:00,OP-106,MAT-8817
49,L00049,L,298.8,309.6,1295,34.7,144,0,0,0,0,0,0,LINE3-M02,2026-06-01T09:22:00,OP-107,MAT-8814
50,L00050,L,300.9,310.8,1221,56.1,146,0,0,0,0,0,0,LINE3-M01,2026-06-01T09:25:00,OP-104,MAT-8816
51,H00051,H,296.4,305.2,1448,52.0,151,0,0,0,0,0,0,LINE3-M02,2026-06-01T09:28:00,OP-103,MAT-8806
52,L00052,L,302.3,313.2,1304,28.1,153,0,0,0,0,0,0,LINE2-M02,2026-06-01T09:30:00,OP-110,MAT-8818
53,H00053,H,301.4,311.1,1630,37.7,158,0,0,0,0,0,0,LINE3-M01,2026-06-01T09:33:00,OP-101,MAT-8813
54,L00054,L,302.2,314.3,1363,43.6,160,0,0,0,0,0,0,LINE3-M01,2026-06-01T09:35:00,OP-101,MAT-8814
55,L00055,L,295.8,307.6,1784,45.8,162,0,0,0,0,0,0,LINE2-M02,2026-06-01T09:41:00,OP-109,MAT-8816
56,M00056,M,300.2,310.3,1455,52.2,165,0,0,0,0,0,0,LINE2-M02,2026-06-01T09:46:00,OP-103,MAT-8808
57,H00057,H,299.1,309.3,1237,28.0,170,0,0,0,0,0,0,LINE1-M02,2026-06-01T09:50:00,OP-105,MAT-8810
58,H00058,H,296.5,307.6,1548,58.2,175,1,0,0,1,0,0,LINE3-M01,2026-06-01T09:53:00,OP-101,MAT-8813
59,H00059,H,300.0,309.0,1631,36.1,180,0,0,0,0,0,0,LINE3-M02,2026-06-01T09:55:00,OP-107,MAT-8800
60,M00060,M,301.1,311.8,1232,49.8,183,0,0,0,0,0,0,LINE3-M01,2026-06-01T10:00:00,OP-107,MAT-8807
61,L00061,L,299.3,309.8,1262,51.7,185,0,0,0,0,0,0,LINE3-M01,2026-06-01T10:05:00,OP-107,MAT-8804
62,L00062,L,299.1,309.3,1345,35.7,187,0,0,0,0,0,0,LINE1-M02,2026-06-01T10:07:00,OP-102,MAT-8814
63,M00063,M,301.7,311.9,1956,28.3,190,0,0,0,0,0,0,LINE2-M02,2026-06-01T10:11:00,OP-104,MAT-8813
64,M00064,M,297.3,306.7,1768,24.5,193,0,0,0,0,0,0,LINE2-M01,2026-06-01T10:13:00,OP-110,MAT-8802
65,M00065,M,296.2,306.6,1599,48.9,196,0,0,0,0,0,0,LINE3-M01,2026-06-01T10:15:00,OP-103,MAT-8804
66,L00066,L,299.8,310.4,1925,38.1,198,0,0,0,0,0,0,LINE2-M01,2026-06-01T10:19:00,OP-109,MAT-8819
67,H00067,H,302.4,311.9,1334,54.9,203,0,0,0,0,0,0,LINE1-M02,2026-06-01T10:25:00,OP-109,MAT-8812
68,M00068,M,300.4,309.9,1746,40.3,206,0,0,0,0,0,0,LINE1-M02,2026-06-01T10:28:00,OP-110,MAT-8819
69,M00069,M,299.4,307.8,1168,48.0,209,1,0,1,0,0,0,LINE2-M02,2026-06-01T10:34:00,OP-101,MAT-8816
70,L00070,L,300.0,309.6,1946,35.5,211,0,0,0,0,0,0,LINE2-M01,2026-06-01T10:37:00,OP-111,MAT-8816
71,M00071,M,302.1,312.3,1241,39.4,214,1,1,0,0,0,0,LINE2-M02,2026-06-01T10:42:00,OP-105,MAT-8807
72,M00072,M,300.4,310.4,1764,50.6,217,1,1,0,1,0,0,LINE2-M02,2026-06-01T10:44:00,OP-102,MAT-8815
73,L00073,L,303.0,313.1,1706,24.6,219,0,0,0,0,0,0,LINE3-M01,2026-06-01T10:46:00,OP-101,MAT-8807
74,M00074,M,302.4,312.3,1565,34.7,222,1,1,0,0,0,0,LINE2-M01,2026-06-01T10:51:00,OP-101,MAT-8809
75,L00075,L,300.7,309.8,1189,31.9,224,1,1,0,0,0,0,LINE2-M02,2026-06-01T10:57:00,OP-111,MAT-8814
76,H00076,H,297.3,307.8,1418,51.1,229,0,0,0,0,0,0,LINE3-M02,2026-06-01T11:00:00,OP-104,MAT-8818
77,L00077,L,299.8,308.8,1429,28.6,231,1,1,0,0,0,0,LINE1-M02,2026-06-01T11:04:00,OP-102,MAT-8809
78,L00078,L,303.9,313.7,1261,42.3,233,1,1,0,0,0,0,LINE1-M01,2026-06-01T11:09:00,OP-109,MAT-8809
79,H00079,H,298.5,309.1,1417,28.4,238,0,0,0,0,0,0,LINE2-M02,2026-06-01T11:11:00,OP-101,MAT-8818
80,M00080,M,303.6,313.9,1508,32.1,0,0,0,0,0,0,0,LINE1-M01,2026-06-01T11:15:00,OP-101,MAT-8817
81,M00081,M,299.7,308.7,1168,44.7,3,0,0,0,0,0,0,LINE2-M02,2026-06-01T11:21:00,OP-107,MAT-8809
82,L00082,L,302.4,312.6,1293,32.9,5,0,0,0,0,0,0,LINE3-M01,2026-06-01T11:27:00,OP-103,MAT-8806
83,M00083,M,302.1,312.8,1191,42.4,8,0,0,0,0,0,0,LINE1-M01,2026-06-01T11:29:00,OP-106,MAT-8814
84,M00084,M,303.0,315.0,1299,30.2,11,0,0,0,0,0,0,LINE3-M02,2026-06-01T11:33:00,OP-101,MAT-8807
85,M00085,M,297.2,307.8,1360,36.2,14,0,0,0,0,0,0,LINE2-M01,2026-06-01T11:36:00,OP-108,MAT-8807
86,H00086,H,300.3,311.2,1608,43.7,19,0,0,0,0,0,0,LINE2-M02,2026-06-01T11:39:00,OP-107,MAT-8803
87,H00087,H,304.1,315.7,2030,28.1,24,0,0,0,0,0,0,LINE3-M02,2026-06-01T11:45:00,OP-107,MAT-8802
88,M00088,M,301.3,310.5,1903,39.4,27,0,0,0,0,0,0,LINE1-M01,2026-06-01T11:49:00,OP-103,MAT-8818
89,M00089,M,299.9,308.7,1430,41.0,30,0,0,0,0,0,0,LINE3-M01,2026-06-01T11:53:00,OP-102,MAT-8815
90,M00090,M,297.2,307.4,1269,44.5,33,0,0,0,0,0,0,LINE2-M02,2026-06-01T11:59:00,OP-101,MAT-8815
91,M00091,M,298.6,311.0,1168,32.3,36,0,0,0,0,0,0,LINE2-M02,2026-06-01T12:02:00,OP-111,MAT-8815
92,M00092,M,301.4,311.3,1719,36.4,39,0,0,0,0,0,0,LINE2-M01,2026-06-01T12:04:00,OP-105,MAT-8808
93,H00093,H,300.7,310.3,1381,36.6,44,0,0,0,0,0,0,LINE3-M02,2026-06-01T12:06:00,OP-106,MAT-8801
94,L00094,L,301.5,311.7,1833,20.3,46,0,0,0,0,0,0,LINE1-M01,2026-06-01T12:11:00,OP-104,MAT-8817
95,L00095,L,298.6,306.4,1624,30.6,48,0,0,0,0,0,0,LINE1-M01,2026-06-01T12:13:00,OP-111,MAT-8805
96,L00096,L,301.4,309.1,1168,57.0,50,1,0,1,0,0,0,LINE2-M01,2026-06-01T12:15:00,OP-110,MAT-8804
97,L00097,L,301.0,312.2,2300,34.4,52,0,0,0,0,0,0,LINE2-M01,2026-06-01T12:18:00,OP-106,MAT-8806
98,M00098,M,301.9,312.6,1573,35.2,55,0,0,0,0,0,0,LINE2-M02,2026-06-01T12:22:00,OP-108,MAT-8808
99,H00099,H,302.1,311.6,1368,31.3,60,0,0,0,0,0,0,LINE1-M02,2026-06-01T12:27:00,OP-108,MAT-8815
100,L00100,L,302.8,312.3,1583,38.0,62,0,0,0,0,0,0,LINE1-M01,2026-06-01T12:31:00,OP-109,MAT-8812
101,L00101,L,297.9,307.4,1589,47.6,64,0,0,0,0,0,0,LINE3-M02,2026-06-01T12:36:00,OP-106,MAT-8804
102,L00102,L,301.5,311.7,1404,31.4,66,0,0,0,0,0,0,LINE1-M02,2026-06-01T12:40:00,OP-101,MAT-8816
103,M00103,M,301.0,311.2,1388,45.6,69,0,0,0,0,0,0,LINE1-M02,2026-06-01T12:43:00,OP-104,MAT-8810
104,L00104,L,299.3,308.8,1168,38.4,71,0,0,0,0,0,0,LINE2-M02,2026-06-01T12:49:00,OP-110,MAT-8815
105,H00105,H,305.1,315.6,1359,39.8,76,0,0,0,0,0,0,LINE1-M01,2026-06-01T12:53:00,OP-106,MAT-8803
106,M00106,M,298.2,308.4,1752,35.5,79,0,0,0,0,0,0,LINE1-M01,2026-06-01T12:57:00,OP-105,MAT-8801
107,L00107,L,299.3,311.0,1419,25.6,81,0,0,0,0,0,0,LINE3-M01,2026-06-01T13:02:00,OP-102,MAT-8805
108,M00108,M,302.1,311.4,1427,33.4,84,0,0,0,0,0,0,LINE3-M01,2026-06-01T13:07:00,OP-103,MAT-8814
109,L00109,L,298.4,308.2,1463,41.9,86,0,0,0,0,0,0,LINE2-M01,2026-06-01T13:12:00,OP-101,MAT-8814
110,L00110,L,302.7,312.4,1406,19.5,88,1,0,0,1,0,0,LINE2-M02,2026-06-01T13:16:00,OP-103,MAT-8812
111,M00111,M,302.8,310.1,1229,29.8,91,1,0,1,0,0,0,LINE2-M01,2026-06-01T13:21:00,OP-109,MAT-8801
112,L00112,L,300.2,310.0,1655,35.8,93,0,0,0,0,0,0,LINE1-M01,2026-06-01T13:25:00,OP-109,MAT-8808
113,L00113,L,301.0,310.2,1452,40.7,95,0,0,0,0,0,0,LINE2-M01,2026-06-01T13:29:00,OP-109,MAT-8811
114,L00114,L,305.1,315.2,1556,20.7,97,1,0,0,1,0,0,LINE1-M01,2026-06-01T13:32:00,OP-108,MAT-8811
115,L00115,L,301.6,310.7,1835,39.8,99,0,0,0,0,0,0,LINE1-M02,2026-06-01T13:36:00,OP-101,MAT-8804
116,L00116,L,296.6,305.7,1522,32.7,101,0,0,0,0,0,0,LINE2-M01,2026-06-01T13:42:00,OP-106,MAT-8800
117,L00117,L,300.7,309.4,1586,37.5,103,0,0,0,0,0,0,LINE3-M02,2026-06-01T13:46:00,OP-110,MAT-8811
118,L00118,L,299.1,310.2,1679,31.9,105,0,0,0,0,0,0,LINE2-M01,2026-06-01T13:52:00,OP-110,MAT-8802
119,L00119,L,301.9,311.9,1361,54.6,107,0,0,0,0,0,0,LINE1-M01,2026-06-01T13:57:00,OP-100,MAT-8801
120,M00120,M,298.4,310.0,2039,23.7,110,0,0,0,0,0,0,LINE1-M02,2026-06-01T14:03:00,OP-107,MAT-8811
121,M00121,M,298.9,308.1,1546,29.8,113,0,0,0,0,0,0,LINE3-M01,2026-06-01T14:08:00,OP-107,MAT-8819
122,L00122,L,303.6,313.6,1229,33.1,115,0,0,0,0,0,0,LINE2-M02,2026-06-01T14:11:00,OP-103,MAT-8811
123,M00123,M,298.0,308.5,1615,47.1,118,0,0,0,0,0,0,LINE1-M02,2026-06-01T14:15:00,OP-104,MAT-8806
124,L00124,L,300.7,310.6,1581,51.4,120,0,0,0,0,0,0,LINE3-M01,2026-06-01T14:18:00,OP-100,MAT-8810
125,L00125,L,298.1,310.7,1532,41.6,122,0,0,0,0,0,0,LINE1-M01,2026-06-01T14:24:00,OP-103,MAT-8810
126,L00126,L,297.5,307.6,1456,42.7,124,0,0,0,0,0,0,LINE1-M02,2026-06-01T14:27:00,OP-102,MAT-8803
127,L00127,L,299.3,309.5,1413,37.3,126,0,0,0,0,0,0,LINE2-M01,2026-06-01T14:33:00,OP-102,MAT-8808
128,M00128,M,298.4,308.3,1189,35.9,129,0,0,0,0,0,0,LINE2-M02,2026-06-01T14:35:00,OP-105,MAT-8816
129,L00129,L,299.9,310.5,1677,25.2,131,0,0,0,0,0,0,LINE3-M02,2026-06-01T14:37:00,OP-107,MAT-8800
130,M00130,M,301.6,312.5,1575,39.5,134,0,0,0,0,0,0,LINE2-M02,2026-06-01T14:39:00,OP-101,MAT-8802
131,L00131,L,301.6,311.7,1644,36.7,136,0,0,0,0,0,0,LINE3-M02,2026-06-01T14:45:00,OP-106,MAT-8819
132,M00132,M,302.7,310.0,1795,50.6,139,1,0,0,1,0,0,LINE3-M01,2026-06-01T14:47:00,OP-106,MAT-8814
133,L00133,L,297.9,309.2,1284,43.1,141,0,0,0,0,0,0,LINE3-M02,2026-06-01T14:51:00,OP-105,MAT-8804
134,M00134,M,302.5,313.3,1168,50.0,144,0,0,0,0,0,0,LINE3-M02,2026-06-01T14:53:00,OP-102,MAT-8817
135,L00135,L,300.2,311.3,1331,55.4,146,0,0,0,0,0,0,LINE2-M02,2026-06-01T14:55:00,OP-110,MAT-8813
136,M00136,M,298.6,307.1,1580,32.7,149,0,0,0,0,0,0,LINE3-M01,2026-06-01T15:01:00,OP-102,MAT-8815
137,L00137,L,299.4,308.6,1387,30.4,151,0,0,0,0,0,0,LINE2-M01,2026-06-01T15:03:00,OP-106,MAT-8817
138,L00138,L,299.5,308.6,1424,48.6,153,0,0,0,0,0,0,LINE1-M01,2026-06-01T15:07:00,OP-104,MAT-8809
139,H00139,H,299.9,310.6,1282,45.6,158,0,0,0,0,0,0,LINE1-M01,2026-06-01T15:12:00,OP-111,MAT-8800
140,L00140,L,299.0,309.6,1453,35.4,160,0,0,0,0,0,0,LINE1-M02,2026-06-01T15:16:00,OP-104,MAT-8810
141,M00141,M,299.0,308.8,1492,28.3,163,0,0,0,0,0,0,LINE1-M01,2026-06-01T15:22:00,OP-104,MAT-8814
142,H00142,H,299.8,310.7,1685,45.4,168,0,0,0,0,0,0,LINE1-M02,2026-06-01T15:28:00,OP-106,MAT-8803
143,M00143,M,298.8,308.4,1825,40.7,171,0,0,0,0,0,0,LINE1-M01,2026-06-01T15:32:00,OP-106,MAT-8819
144,M00144,M,298.1,307.2,1484,33.8,174,0,0,0,0,0,0,LINE2-M02,2026-06-01T15:35:00,OP-105,MAT-8803
145,M00145,M,293.0,303.0,1849,40.6,177,0,0,0,0,0,0,LINE3-M01,2026-06-01T15:41:00,OP-108,MAT-8817
146,M00146,M,300.8,311.4,1910,37.4,180,0,0,0,0,0,0,LINE2-M01,2026-06-01T15:43:00,OP-105,MAT-8818
147,H00147,H,301.6,312.1,1593,50.9,185,0,0,0,0,0,0,LINE2-M01,2026-06-01T15:45:00,OP-105,MAT-8805
148,L00148,L,302.1,312.0,1716,36.7,187,0,0,0,0,0,0,LINE1-M01,2026-06-01T15:50:00,OP-106,MAT-8818
149,H00149,H,299.5,309.5,1581,24.5,192,0,0,0,0,0,0,LINE1-M02,2026-06-01T15:54:00,OP-102,MAT-8802
150,L00150,L,299.6,309.8,1837,34.9,194,0,0,0,0,0,0,LINE2-M01,2026-06-01T15:58:00,OP-103,MAT-8803
151,H00151,H,299.1,309.3,1838,27.0,199,0,0,0,0,0,0,LINE1-M02,2026-06-01T16:00:00,OP-107,MAT-8818
152,L00152,L,298.8,310.7,1723,55.5,201,1,0,0,1,1,0,LINE2-M02,2026-06-01T16:06:00,OP-102,MAT-8814
153,L00153,L,303.1,313.0,1452,59.2,203,1,1,0,1,1,0,LINE2-M02,2026-06-01T16:08:00,OP-107,MAT-8801
154,L00154,L,300.2,311.4,1400,49.6,205,0,0,0,0,0,0,LINE3-M02,2026-06-01T16:14:00,OP-107,MAT-8818
155,M00155,M,297.4,308.3,1824,36.4,208,0,0,0,0,0,0,LINE3-M01,2026-06-01T16:20:00,OP-105,MAT-8819
156,H00156,H,299.3,310.8,1302,29.9,213,1,1,0,0,0,0,LINE3-M01,2026-06-01T16:24:00,OP-108,MAT-8805
157,L00157,L,297.5,308.9,1500,51.2,215,1,0,0,0,1,0,LINE2-M02,2026-06-01T16:28:00,OP-106,MAT-8810
158,L00158,L,299.7,308.5,1411,40.9,217,0,0,0,0,0,0,LINE3-M01,2026-06-01T16:32:00,OP-105,MAT-8802
159,L00159,L,300.4,311.1,1573,53.8,219,1,0,0,0,1,0,LINE1-M01,2026-06-01T16:37:00,OP-104,MAT-8817
160,L00160,L,297.0,307.3,1557,29.6,221,1,1,0,0,0,0,LINE2-M01,2026-06-01T16:43:00,OP-105,MAT-8809
161,L00161,L,299.4,309.4,1833,30.5,223,0,0,0,0,0,0,LINE2-M01,2026-06-01T16:45:00,OP-108,MAT-8817
162,M00162,M,302.4,313.1,1660,47.2,226,1,1,0,0,0,0,LINE3-M02,2026-06-01T16:48:00,OP-102,MAT-8805
163,L00163,L,304.8,314.8,1888,54.7,228,1,1,0,1,1,0,LINE2-M01,2026-06-01T16:53:00,OP-107,MAT-8819
164,M00164,M,299.1,310.2,1604,29.4,231,1,1,0,0,0,0,LINE3-M02,2026-06-01T16:57:00,OP-107,MAT-8809
165,L00165,L,302.8,313.7,1785,31.3,233,1,1,0,0,0,0,LINE3-M02,2026-06-01T16:59:00,OP-105,MAT-8817
166,M00166,M,301.0,312.3,2002,33.9,236,1,1,0,0,0,0,LINE3-M01,2026-06-01T17:04:00,OP-106,MAT-8802
167,L00167,L,300.8,313.0,1516,41.9,238,1,1,0,0,0,0,LINE1-M02,2026-06-01T17:08:00,OP-101,MAT-8811
168,L00168,L,296.9,308.0,1678,36.5,240,1,1,0,0,0,0,LINE2-M02,2026-06-01T17:10:00,OP-111,MAT-8804
169,L00169,L,303.5,313.9,1559,40.7,0,0,0,0,0,0,0,LINE3-M02,2026-06-01T17:16:00,OP-101,MAT-8809
170,L00170,L,297.3,306.9,1302,45.1,2,0,0,0,0,0,0,LINE2-M01,2026-06-01T17:22:00,OP-101,MAT-8815
171,M00171,M,296.3,305.4,1168,62.7,5,0,0,0,0,0,0,LINE2-M02,2026-06-01T17:25:00,OP-100,MAT-8819
172,M00172,M,302.6,313.0,1224,28.6,8,0,0,0,0,0,0,LINE3-M02,2026-06-01T17:27:00,OP-101,MAT-8816
173,M00173,M,298.7,309.1,1498,42.6,11,0,0,0,0,0,0,LINE2-M01,2026-06-01T17:32:00,OP-110,MAT-8812
174,L00174,L,294.8,305.2,1683,31.2,13,0,0,0,0,0,0,LINE1-M01,2026-06-01T17:36:00,OP-109,MAT-8810
175,L00175,L,295.5,305.7,1231,45.3,15,0,0,0,0,0,0,LINE3-M02,2026-06-01T17:39:00,OP-111,MAT-8815
176,L00176,L,303.4,314.9,1191,36.9,17,0,0,0,0,0,0,LINE1-M02,2026-06-01T17:44:00,OP-103,MAT-8801
177,L00177,L,300.2,308.9,1639,34.0,19,0,0,0,0,0,0,LINE3-M02,2026-06-01T17:49:00,OP-104,MAT-8801
178,M00178,M,297.4,305.9,1237,54.2,22,1,0,1,0,0,0,LINE2-M01,2026-06-01T17:53:00,OP-105,MAT-8813
179,H00179,H,302.1,312.3,1880,35.0,27,0,0,0,0,0,0,LINE3-M02,2026-06-01T17:57:00,OP-101,MAT-8813
180,L00180,L,297.5,308.1,1554,30.6,29,0,0,0,0,0,0,LINE2-M01,2026-06-01T18:01:00,OP-101,MAT-8810
181,H00181,H,300.3,310.8,1399,51.7,34,0,0,0,0,0,0,LINE2-M02,2026-06-01T18:06:00,OP-100,MAT-8811
182,L00182,L,297.9,308.0,1863,38.3,36,0,0,0,0,0,0,LINE1-M02,2026-06-01T18:08:00,OP-105,MAT-8816
183,L00183,L,298.8,310.7,1570,41.6,38,0,0,0,0,0,0,LINE1-M01,2026-06-01T18:13:00,OP-101,MAT-8807
184,H00184,H,299.8,309.8,1549,34.4,43,0,0,0,0,0,0,LINE3-M02,2026-06-01T18:16:00,OP-105,MAT-8811
185,L00185,L,300.4,310.8,1460,47.0,45,0,0,0,0,0,0,LINE2-M02,2026-06-01T18:21:00,OP-103,MAT-8803
186,M00186,M,296.3,307.2,1190,31.4,48,0,0,0,0,0,0,LINE1-M02,2026-06-01T18:27:00,OP-104,MAT-8814
187,L00187,L,300.6,311.0,1927,41.1,50,0,0,0,0,0,0,LINE1-M01,2026-06-01T18:32:00,OP-102,MAT-8802
188,M00188,M,299.8,310.6,1645,34.9,53,0,0,0,0,0,0,LINE3-M02,2026-06-01T18:36:00,OP-111,MAT-8802
189,M00189,M,297.4,305.8,1232,57.7,56,1,0,1,0,0,0,LINE2-M01,2026-06-01T18:39:00,OP-101,MAT-8806
190,L00190,L,300.1,309.9,1652,28.3,58,0,0,0,0,0,0,LINE3-M01,2026-06-01T18:42:00,OP-101,MAT-8809
191,L00191,L,300.1,311.2,1420,40.4,60,0,0,0,0,0,0,LINE3-M01,2026-06-01T18:47:00,OP-102,MAT-8810
192,L00192,L,296.7,306.9,1168,37.3,62,0,0,0,0,0,0,LINE3-M01,2026-06-01T18:53:00,OP-102,MAT-8813
193,M00193,M,301.5,311.8,1498,39.4,65,0,0,0,0,0,0,LINE2-M01,2026-06-01T18:56:00,OP-102,MAT-8810
194,L00194,L,299.1,308.7,1629,62.4,67,1,0,0,1,0,0,LINE2-M01,2026-06-01T18:58:00,OP-110,MAT-8817
195,M00195,M,301.8,310.2,1475,49.6,70,0,0,0,0,0,0,LINE1-M01,2026-06-01T19:04:00,OP-110,MAT-8819
196,M00196,M,298.9,309.4,1660,32.1,73,0,0,0,0,0,0,LINE1-M01,2026-06-01T19:06:00,OP-110,MAT-8818
197,H00197,H,302.8,312.7,1396,41.5,78,0,0,0,0,0,0,LINE2-M02,2026-06-01T19:08:00,OP-110,MAT-8809
198,L00198,L,300.5,312.8,1670,42.9,80,0,0,0,0,0,0,LINE1-M01,2026-06-01T19:13:00,OP-102,MAT-8814
199,L00199,L,297.5,306.8,1168,51.6,82,0,0,0,0,0,0,LINE3-M02,2026-06-01T19:17:00,OP-111,MAT-8811
200,M00200,M,301.2,311.9,1432,29.3,85,0,0,0,0,0,0,LINE1-M02,2026-06-01T19:21:00,OP-101,MAT-8808
201,M00201,M,299.3,309.8,1846,53.5,88,1,0,0,1,0,0,LINE3-M02,2026-06-01T19:26:00,OP-103,MAT-8805
202,M00202,M,301.3,309.8,1249,61.0,91,1,0,1,0,0,0,LINE2-M01,2026-06-01T19:30:00,OP-101,MAT-8812
203,H00203,H,301.1,312.7,1527,37.7,96,0,0,0,0,0,0,LINE3-M02,2026-06-01T19:36:00,OP-104,MAT-8817
204,M00204,M,296.6,305.3,1659,23.2,99,0,0,0,0,0,0,LINE2-M02,2026-06-01T19:40:00,OP-100,MAT-8812
205,L00205,L,298.8,309.5,1820,38.5,101,0,0,0,0,0,0,LINE2-M02,2026-06-01T19:42:00,OP-108,MAT-8808
206,L00206,L,297.3,307.1,1552,34.3,103,0,0,0,0,0,0,LINE2-M02,2026-06-01T19:47:00,OP-108,MAT-8811
207,M00207,M,298.6,308.5,1510,40.7,106,0,0,0,0,0,0,LINE1-M01,2026-06-01T19:49:00,OP-111,MAT-8810
208,M00208,M,299.3,308.1,1792,34.7,109,0,0,0,0,0,0,LINE2-M02,2026-06-01T19:52:00,OP-102,MAT-8812
209,M00209,M,298.9,307.5,1403,48.6,112,0,0,0,0,0,0,LINE3-M02,2026-06-01T19:58:00,OP-111,MAT-8818
210,L00210,L,301.6,310.9,1711,48.3,114,0,0,0,0,0,0,LINE2-M02,2026-06-01T20:00:00,OP-111,MAT-8800
211,M00211,M,298.4,307.1,1168,47.7,117,0,0,0,0,0,0,LINE3-M01,2026-06-01T20:06:00,OP-111,MAT-8801
212,H00212,H,300.7,312.1,1367,53.2,122,0,0,0,0,0,0,LINE1-M01,2026-06-01T20:11:00,OP-100,MAT-8818
213,L00213,L,299.1,310.3,1784,43.7,124,0,0,0,0,0,0,LINE3-M01,2026-06-01T20:16:00,OP-106,MAT-8816
214,L00214,L,301.4,311.5,1168,68.9,126,0,0,0,0,0,0,LINE3-M01,2026-06-01T20:18:00,OP-108,MAT-8806
215,L00215,L,302.8,313.4,1327,28.3,128,0,0,0,0,0,0,LINE1-M02,2026-06-01T20:22:00,OP-108,MAT-8810
216,M00216,M,299.9,308.8,1168,43.0,131,0,0,0,0,0,0,LINE3-M02,2026-06-01T20:26:00,OP-103,MAT-8807
217,H00217,H,296.4,305.8,1168,45.6,136,0,0,0,0,0,0,LINE2-M01,2026-06-01T20:30:00,OP-111,MAT-8815
218,L00218,L,300.1,309.9,1168,27.0,138,1,0,0,1,0,0,LINE2-M01,2026-06-01T20:34:00,OP-109,MAT-8817
219,L00219,L,298.9,308.5,1406,33.7,140,0,0,0,0,0,0,LINE2-M01,2026-06-01T20:36:00,OP-105,MAT-8814
220,M00220,M,303.0,314.3,1389,33.5,143,0,0,0,0,0,0,LINE3-M02,2026-06-01T20:40:00,OP-102,MAT-8803
221,M00221,M,294.9,305.8,1168,40.4,146,0,0,0,0,0,0,LINE1-M01,2026-06-01T20:46:00,OP-100,MAT-8803
222,L00222,L,299.2,308.0,1483,29.7,148,0,0,0,0,0,0,LINE1-M01,2026-06-01T20:49:00,OP-106,MAT-8815
223,M00223,M,300.2,309.1,1405,40.5,151,0,0,0,0,0,0,LINE3-M01,2026-06-01T20:53:00,OP-101,MAT-8818
224,L00224,L,298.6,308.1,1599,26.8,153,0,0,0,0,0,0,LINE2-M01,2026-06-01T20:56:00,OP-100,MAT-8812
225,L00225,L,302.9,312.7,1200,52.8,155,0,0,0,0,0,0,LINE1-M01,2026-06-01T21:00:00,OP-104,MAT-8818
226,L00226,L,300.7,310.5,1763,30.8,157,0,0,0,0,0,0,LINE3-M02,2026-06-01T21:06:00,OP-102,MAT-8816
227,M00227,M,300.6,311.4,1585,41.0,160,0,0,0,0,0,0,LINE3-M02,2026-06-01T21:11:00,OP-111,MAT-8805
228,L00228,L,299.9,310.2,1651,51.1,162,0,0,0,0,0,0,LINE1-M02,2026-06-01T21:14:00,OP-106,MAT-8816
229,L00229,L,297.3,306.3,1586,32.7,164,0,0,0,0,0,0,LINE2-M02,2026-06-01T21:17:00,OP-103,MAT-8800
230,L00230,L,302.5,310.3,1684,37.1,166,0,0,0,0,0,0,LINE2-M01,2026-06-01T21:21:00,OP-104,MAT-8811
231,L00231,L,301.2,312.5,1219,37.2,168,0,0,0,0,0,0,LINE3-M02,2026-06-01T21:26:00,OP-111,MAT-8803
232,L00232,L,301.9,311.8,1168,39.0,170,0,0,0,0,0,0,LINE1-M02,2026-06-01T21:29:00,OP-102,MAT-8814
233,M00233,M,303.1,313.6,1603,49.9,173,0,0,0,0,0,0,LINE3-M01,2026-06-01T21:35:00,OP-103,MAT-8819
234,L00234,L,298.3,308.5,1766,16.6,175,1,0,0,1,0,0,LINE1-M01,2026-06-01T21:41:00,OP-108,MAT-8816
235,L00235,L,299.6,309.3,1450,48.6,177,0,0,0,0,0,0,LINE2-M01,2026-06-01T21:47:00,OP-108,MAT-8814
236,L00236,L,299.3,309.8,1987,43.0,179,0,0,0,0,0,0,LINE3-M02,2026-06-01T21:49:00,OP-110,MAT-8809
237,H00237,H,301.8,312.5,1432,45.6,184,0,0,0,0,0,0,LINE1-M01,2026-06-01T21:55:00,OP-106,MAT-8811
238,L00238,L,303.5,313.8,1734,31.3,186,0,0,0,0,0,0,LINE1-M02,2026-06-01T22:00:00,OP-106,MAT-8805
239,L00239,L,302.5,312.5,1425,57.6,188,0,0,0,0,0,0,LINE2-M02,2026-06-01T22:05:00,OP-107,MAT-8812
240,M00240,M,300.3,309.4,1526,50.0,191,0,0,0,0,0,0,LINE3-M02,2026-06-01T22:08:00,OP-101,MAT-8805
241,L00241,L,301.7,310.8,1720,34.0,193,0,0,0,0,0,0,LINE1-M02,2026-06-01T22:10:00,OP-107,MAT-8817
242,M00242,M,300.9,312.1,1221,57.1,196,0,0,0,0,0,0,LINE1-M02,2026-06-01T22:14:00,OP-103,MAT-8803
243,L00243,L,298.4,309.0,1334,45.5,198,0,0,0,0,0,0,LINE1-M01,2026-06-01T22:16:00,OP-101,MAT-8803
244,H00244,H,300.5,307.1,1570,30.0,203,0,0,0,0,0,0,LINE1-M01,2026-06-01T22:18:00,OP-106,MAT-8814
245,H00245,H,296.6,308.1,1833,29.8,208,0,0,0,0,0,0,LINE3-M02,2026-06-01T22:21:00,OP-103,MAT-8818
246,L00246,L,299.2,308.0,1593,36.7,210,0,0,0,0,0,0,LINE2-M01,2026-06-01T22:24:00,OP-110,MAT-8816
247,L00247,L,303.1,315.1,2003,48.1,212,1,0,0,1,0,0,LINE3-M01,2026-06-01T22:30:00,OP-110,MAT-8813
248,L00248,L,302.2,310.8,1744,29.9,214,0,0,0,0,0,0,LINE1-M02,2026-06-01T22:35:00,OP-106,MAT-8805
249,M00249,M,300.2,311.7,1168,40.7,217,0,0,0,0,0,0,LINE2-M01,2026-06-01T22:38:00,OP-108,MAT-8813
250,L00250,L,298.8,308.6,1353,48.2,219,1,1,0,0,0,0,LINE2-M01,2026-06-01T22:41:00,OP-107,MAT-8811
251,L00251,L,302.4,313.0,1592,29.7,221,1,1,0,0,0,0,LINE3-M01,2026-06-01T22:44:00,OP-107,MAT-8806
252,H00252,H,300.6,309.2,1675,55.4,226,1,0,0,1,0,0,LINE3-M01,2026-06-01T22:47:00,OP-106,MAT-8807
253,L00253,L,302.1,311.9,1369,45.1,228,0,0,0,0,0,0,LINE3-M02,2026-06-01T22:51:00,OP-107,MAT-8803
254,H00254,H,301.8,313.2,1665,40.1,233,1,1,0,0,0,0,LINE2-M01,2026-06-01T22:55:00,OP-109,MAT-8807
255,M00255,M,300.8,310.2,1603,40.4,236,1,1,0,0,0,0,LINE2-M01,2026-06-01T22:58:00,OP-106,MAT-8818
256,L00256,L,298.1,307.1,1168,23.3,238,1,1,0,1,0,0,LINE1-M02,2026-06-01T23:03:00,OP-102,MAT-8804
257,L00257,L,295.2,306.1,1779,35.0,240,1,1,0,0,0,0,LINE1-M01,2026-06-01T23:05:00,OP-100,MAT-8813
258,L00258,L,299.5,310.4,1728,43.7,0,0,0,0,0,0,0,LINE3-M02,2026-06-01T23:07:00,OP-110,MAT-8815
259,H00259,H,301.6,310.3,1521,26.3,5,0,0,0,0,0,0,LINE3-M02,2026-06-01T23:13:00,OP-108,MAT-8809
260,H00260,H,298.4,308.2,1606,58.3,10,1,0,0,1,0,0,LINE1-M01,2026-06-01T23:16:00,OP-108,MAT-8804
261,M00261,M,300.4,310.0,1522,40.7,13,0,0,0,0,0,0,LINE2-M02,2026-06-01T23:20:00,OP-109,MAT-8807
262,L00262,L,300.8,309.9,1512,38.5,15,0,0,0,0,0,0,LINE1-M02,2026-06-01T23:22:00,OP-106,MAT-8812
263,M00263,M,298.6,308.7,2161,35.3,18,0,0,0,0,0,0,LINE2-M02,2026-06-01T23:24:00,OP-110,MAT-8810
264,M00264,M,295.7,305.7,1667,49.3,21,0,0,0,0,0,0,LINE1-M01,2026-06-01T23:26:00,OP-111,MAT-8818
265,M00265,M,300.6,310.3,1580,23.7,24,0,0,0,0,0,0,LINE3-M01,2026-06-01T23:30:00,OP-102,MAT-8810
266,M00266,M,298.2,308.3,1312,32.3,27,0,0,0,0,0,0,LINE1-M02,2026-06-01T23:35:00,OP-102,MAT-8818
267,L00267,L,302.1,312.6,1740,32.4,29,0,0,0,0,0,0,LINE2-M02,2026-06-01T23:41:00,OP-111,MAT-8804
268,L00268,L,299.5,308.8,1497,49.4,31,0,0,0,0,0,0,LINE1-M01,2026-06-01T23:46:00,OP-105,MAT-8819
269,L00269,L,300.1,311.0,1615,30.6,33,0,0,0,0,0,0,LINE3-M02,2026-06-01T23:48:00,OP-107,MAT-8815
270,M00270,M,301.6,311.3,1528,26.9,36,0,0,0,0,0,0,LINE3-M02,2026-06-01T23:54:00,OP-101,MAT-8819
271,L00271,L,300.6,311.4,1803,25.9,38,0,0,0,0,0,0,LINE2-M01,2026-06-01T23:57:00,OP-111,MAT-8812
272,H00272,H,300.7,310.2,1389,40.5,43,0,0,0,0,0,0,LINE2-M02,2026-06-02T00:02:00,OP-101,MAT-8804
273,L00273,L,299.6,310.6,1564,65.4,45,1,0,0,1,0,0,LINE1-M01,2026-06-02T00:07:00,OP-101,MAT-8811
274,L00274,L,301.0,310.8,1493,35.8,47,0,0,0,0,0,0,LINE1-M01,2026-06-02T00:12:00,OP-109,MAT-8816
275,H00275,H,295.8,305.2,1833,37.1,52,0,0,0,0,0,0,LINE2-M01,2026-06-02T00:16:00,OP-101,MAT-8805
276,L00276,L,298.8,310.4,1688,42.7,54,0,0,0,0,0,0,LINE2-M01,2026-06-02T00:20:00,OP-111,MAT-8815
277,M00277,M,297.0,308.2,1450,52.7,57,0,0,0,0,0,0,LINE2-M02,2026-06-02T00:22:00,OP-109,MAT-8812
278,L00278,L,299.0,309.3,1341,46.3,59,0,0,0,0,0,0,LINE1-M02,2026-06-02T00:28:00,OP-105,MAT-8819
279,H00279,H,301.7,310.4,1569,58.8,64,1,0,0,1,0,0,LINE2-M02,2026-06-02T00:32:00,OP-109,MAT-8807
280,M00280,M,302.9,312.4,1304,44.6,67,0,0,0,0,0,0,LINE1-M01,2026-06-02T00:38:00,OP-111,MAT-8814
281,M00281,M,300.8,310.6,1585,58.3,70,1,0,0,1,0,0,LINE3-M02,2026-06-02T00:43:00,OP-102,MAT-8809
282,L00282,L,298.1,307.8,1706,34.6,72,0,0,0,0,0,0,LINE3-M02,2026-06-02T00:48:00,OP-108,MAT-8816
283,L00283,L,300.7,310.9,1281,37.4,74,0,0,0,0,0,0,LINE3-M01,2026-06-02T00:54:00,OP-101,MAT-8807
284,H00284,H,301.7,312.2,1471,41.8,79,0,0,0,0,0,0,LINE2-M02,2026-06-02T00:59:00,OP-101,MAT-8800
285,H00285,H,301.3,310.9,1560,33.1,84,0,0,0,0,0,0,LINE3-M01,2026-06-02T01:05:00,OP-107,MAT-8811
286,L00286,L,300.2,309.6,1630,33.4,86,0,0,0,0,0,0,LINE2-M01,2026-06-02T01:08:00,OP-107,MAT-8803
287,L00287,L,301.9,313.6,1445,38.8,88,0,0,0,0,0,0,LINE2-M02,2026-06-02T01:11:00,OP-105,MAT-8814
288,L00288,L,301.7,311.0,2050,44.2,90,1,0,0,1,0,0,LINE2-M01,2026-06-02T01:16:00,OP-104,MAT-8801
289,L00289,L,302.0,312.5,1419,50.7,92,0,0,0,0,0,0,LINE3-M01,2026-06-02T01:19:00,OP-105,MAT-8817
290,L00290,L,299.8,310.7,1480,31.3,94,0,0,0,0,0,0,LINE1-M02,2026-06-02T01:22:00,OP-106,MAT-8800
291,M00291,M,302.4,314.1,1282,49.6,97,0,0,0,0,0,0,LINE3-M01,2026-06-02T01:24:00,OP-103,MAT-8808
292,L00292,L,298.2,307.3,1671,38.4,99,0,0,0,0,0,0,LINE2-M01,2026-06-02T01:28:00,OP-107,MAT-8803
293,L00293,L,298.5,307.2,1404,40.4,101,0,0,0,0,0,0,LINE3-M02,2026-06-02T01:32:00,OP-109,MAT-8812
294,L00294,L,297.2,304.6,1420,63.4,103,1,0,0,1,0,0,LINE3-M02,2026-06-02T01:35:00,OP-109,MAT-8818
295,M00295,M,299.4,308.6,1614,52.5,106,0,0,0,0,0,0,LINE2-M02,2026-06-02T01:41:00,OP-109,MAT-8804
296,L00296,L,301.7,311.1,1627,33.2,108,0,0,0,0,0,0,LINE3-M01,2026-06-02T01:44:00,OP-107,MAT-8809
297,M00297,M,300.0,311.1,1370,34.5,111,0,0,0,0,0,0,LINE1-M02,2026-06-02T01:48:00,OP-102,MAT-8806
298,M00298,M,300.7,311.5,1494,28.4,114,0,0,0,0,0,0,LINE2-M02,2026-06-02T01:53:00,OP-107,MAT-8805
299,H00299,H,299.0,309.1,1931,45.5,119,1,0,0,1,0,0,LINE2-M01,2026-06-02T01:55:00,OP-108,MAT-8809
300,M00300,M,300.4,309.6,1692,39.6,122,0,0,0,0,0,0,LINE2-M02,2026-06-02T01:57:00,OP-108,MAT-8801
301,L00301,L,300.3,310.7,1190,56.6,124,0,0,0,0,0,0,LINE2-M01,2026-06-02T02:00:00,OP-107,MAT-8808
302,M00302,M,299.4,309.1,1759,45.5,127,0,0,0,0,0,0,LINE1-M01,2026-06-02T02:02:00,OP-111,MAT-8818
303,M00303,M,296.6,306.0,2276,28.9,130,0,0,0,0,0,0,LINE1-M01,2026-06-02T02:08:00,OP-103,MAT-8801
304,H00304,H,299.7,308.2,1821,34.1,135,0,0,0,0,0,0,LINE3-M02,2026-06-02T02:12:00,OP-104,MAT-8818
305,L00305,L,302.0,311.3,1718,35.8,137,0,0,0,0,0,0,LINE1-M02,2026-06-02T02:14:00,OP-100,MAT-8808
306,M00306,M,299.3,309.5,1562,38.8,140,0,0,0,0,0,0,LINE1-M02,2026-06-02T02:18:00,OP-107,MAT-8804
307,L00307,L,299.5,308.3,1234,37.8,142,0,0,0,0,0,0,LINE3-M01,2026-06-02T02:20:00,OP-106,MAT-8816
308,L00308,L,300.9,312.2,2187,35.6,144,0,0,0,0,0,0,LINE2-M01,2026-06-02T02:25:00,OP-111,MAT-8802
309,L00309,L,298.4,308.8,1329,41.2,146,0,0,0,0,0,0,LINE2-M01,2026-06-02T02:31:00,OP-106,MAT-8806
310,L00310,L,299.8,309.6,1467,47.6,148,0,0,0,0,0,0,LINE1-M02,2026-06-02T02:37:00,OP-105,MAT-8801
311,M00311,M,296.4,306.0,1422,42.9,151,0,0,0,0,0,0,LINE1-M02,2026-06-02T02:39:00,OP-107,MAT-8800
312,H00312,H,298.3,308.4,1236,45.4,156,0,0,0,0,0,0,LINE1-M02,2026-06-02T02:43:00,OP-101,MAT-8811
313,L00313,L,297.6,307.7,1874,59.3,158,1,0,0,1,0,0,LINE2-M02,2026-06-02T02:45:00,OP-111,MAT-8807
314,L00314,L,301.1,311.9,1474,27.0,160,0,0,0,0,0,0,LINE3-M02,2026-06-02T02:48:00,OP-100,MAT-8800
315,H00315,H,296.0,306.7,1269,44.2,165,0,0,0,0,0,0,LINE2-M01,2026-06-02T02:51:00,OP-103,MAT-8812
316,H00316,H,301.3,310.6,1403,51.4,170,0,0,0,0,0,0,LINE1-M02,2026-06-02T02:55:00,OP-102,MAT-8804
317,M00317,M,299.1,307.8,1731,32.5,173,0,0,0,0,0,0,LINE2-M01,2026-06-02T03:00:00,OP-110,MAT-8804
318,L00318,L,303.3,314.9,1395,19.9,175,1,0,0,1,0,0,LINE1-M01,2026-06-02T03:02:00,OP-109,MAT-8812
319,L00319,L,298.7,309.6,1484,28.4,177,0,0,0,0,0,0,LINE3-M02,2026-06-02T03:08:00,OP-111,MAT-8800
320,M00320,M,296.2,306.1,2294,21.2,180,0,0,0,0,0,0,LINE2-M01,2026-06-02T03:13:00,OP-103,MAT-8815
321,L00321,L,295.7,308.8,1772,40.1,182,0,0,0,0,0,0,LINE1-M02,2026-06-02T03:19:00,OP-105,MAT-8804
322,L00322,L,303.0,314.7,1467,54.2,184,0,0,0,0,0,0,LINE2-M01,2026-06-02T03:22:00,OP-100,MAT-8818
323,H00323,H,302.3,312.1,1168,52.7,189,0,0,0,0,0,0,LINE3-M02,2026-06-02T03:27:00,OP-110,MAT-8816
324,L00324,L,301.8,312.6,1551,50.4,191,0,0,0,0,0,0,LINE3-M01,2026-06-02T03:33:00,OP-104,MAT-8802
325,L00325,L,298.7,309.6,1690,43.6,193,0,0,0,0,0,0,LINE3-M02,2026-06-02T03:36:00,OP-106,MAT-8818
326,L00326,L,302.4,311.0,1441,41.9,195,0,0,0,0,0,0,LINE3-M02,2026-06-02T03:40:00,OP-111,MAT-8807
327,L00327,L,298.4,308.4,1208,26.0,197,1,0,0,1,0,0,LINE3-M01,2026-06-02T03:46:00,OP-104,MAT-8805
328,M00328,M,303.5,314.2,1508,47.9,200,0,0,0,0,0,0,LINE3-M02,2026-06-02T03:52:00,OP-102,MAT-8811
329,M00329,M,299.6,309.7,1444,33.4,203,0,0,0,0,0,0,LINE1-M02,2026-06-02T03:54:00,OP-106,MAT-8808
330,H00330,H,296.8,306.0,1444,33.5,208,1,1,0,0,0,0,LINE2-M02,2026-06-02T03:56:00,OP-108,MAT-8811
331,L00331,L,300.2,310.2,1168,54.7,210,1,0,0,0,1,0,LINE1-M01,2026-06-02T03:58:00,OP-100,MAT-8800
332,M00332,M,299.7,310.8,1658,51.6,213,0,0,0,0,0,0,LINE1-M02,2026-06-02T04:03:00,OP-103,MAT-8813
333,L00333,L,301.7,312.3,1534,53.4,215,1,0,0,0,1,0,LINE3-M01,2026-06-02T04:09:00,OP-102,MAT-8807
334,M00334,M,297.8,307.5,1268,51.2,218,1,1,0,0,0,0,LINE1-M02,2026-06-02T04:13:00,OP-100,MAT-8811
335,M00335,M,299.3,309.5,1397,32.2,221,0,0,0,0,0,0,LINE1-M01,2026-06-02T04:18:00,OP-102,MAT-8800
336,H00336,H,300.4,309.3,1763,48.5,226,1,1,0,0,0,0,LINE2-M01,2026-06-02T04:20:00,OP-110,MAT-8812
337,H00337,H,300.8,310.7,1636,33.1,231,1,1,0,0,0,0,LINE1-M01,2026-06-02T04:24:00,OP-103,MAT-8816
338,H00338,H,298.3,308.7,1271,38.2,236,1,1,0,0,0,0,LINE3-M02,2026-06-02T04:27:00,OP-101,MAT-8818
339,H00339,H,297.9,309.0,2294,30.8,0,0,0,0,0,0,0,LINE2-M02,2026-06-02T04:31:00,OP-104,MAT-8807
340,L00340,L,295.1,305.1,1508,51.1,2,0,0,0,0,0,0,LINE1-M01,2026-06-02T04:33:00,OP-102,MAT-8814
341,L00341,L,299.0,308.9,1355,55.7,4,0,0,0,0,0,0,LINE2-M02,2026-06-02T04:36:00,OP-107,MAT-8808
342,M00342,M,301.9,311.6,1780,50.8,7,1,0,0,1,0,0,LINE1-M01,2026-06-02T04:42:00,OP-105,MAT-8804
343,L00343,L,300.8,309.9,1331,52.6,9,0,0,0,0,0,0,LINE1-M02,2026-06-02T04:45:00,OP-107,MAT-8817
344,M00344,M,304.9,313.9,1772,43.0,12,0,0,0,0,0,0,LINE1-M01,2026-06-02T04:48:00,OP-100,MAT-8807
345,L00345,L,296.9,305.8,1416,14.3,14,1,0,0,1,0,0,LINE3-M02,2026-06-02T04:50:00,OP-101,MAT-8800
346,L00346,L,301.2,311.6,1440,35.6,16,0,0,0,0,0,0,LINE2-M01,2026-06-02T04:52:00,OP-102,MAT-8818
347,M00347,M,300.2,311.7,1509,41.9,19,0,0,0,0,0,0,LINE1-M02,2026-06-02T04:57:00,OP-103,MAT-8805
348,L00348,L,302.5,311.7,1625,26.7,21,0,0,0,0,0,0,LINE3-M01,2026-06-02T05:03:00,OP-110,MAT-8809
349,L00349,L,300.3,310.4,1500,42.4,23,0,0,0,0,0,0,LINE2-M01,2026-06-02T05:07:00,OP-106,MAT-8806
350,L00350,L,300.6,310.7,1440,64.6,25,1,0,0,1,0,0,LINE2-M02,2026-06-02T05:09:00,OP-107,MAT-8817
351,H00351,H,300.0,310.2,1344,35.1,30,0,0,0,0,0,0,LINE1-M01,2026-06-02T05:15:00,OP-104,MAT-8801
352,H00352,H,299.1,310.0,1568,40.1,35,0,0,0,0,0,0,LINE1-M01,2026-06-02T05:18:00,OP-110,MAT-8807
353,L00353,L,301.3,311.1,1441,22.1,37,1,0,0,1,0,0,LINE3-M02,2026-06-02T05:21:00,OP-105,MAT-8805
354,M00354,M,300.0,310.8,1189,35.3,40,0,0,0,0,0,0,LINE3-M01,2026-06-02T05:27:00,OP-109,MAT-8806
355,M00355,M,298.9,309.1,1747,31.8,43,1,0,0,0,0,1,LINE1-M01,2026-06-02T05:29:00,OP-100,MAT-8816
356,L00356,L,302.2,312.4,1876,36.5,45,0,0,0,0,0,0,LINE1-M01,2026-06-02T05:31:00,OP-109,MAT-8804
357,H00357,H,300.9,311.3,1448,43.7,50,0,0,0,0,0,0,LINE3-M02,2026-06-02T05:35:00,OP-109,MAT-8803
358,H00358,H,299.0,308.4,1319,49.0,55,0,0,0,0,0,0,LINE3-M02,2026-06-02T05:40:00,OP-110,MAT-8810
359,H00359,H,300.9,310.9,1520,44.7,60,0,0,0,0,0,0,LINE2-M01,2026-06-02T05:46:00,OP-110,MAT-8818
360,L00360,L,299.5,308.0,1613,43.3,62,0,0,0,0,0,0,LINE3-M01,2026-06-02T05:49:00,OP-111,MAT-8818
361,L00361,L,301.2,311.0,1790,25.0,64,0,0,0,0,0,0,LINE3-M02,2026-06-02T05:52:00,OP-109,MAT-8807
362,L00362,L,302.8,312.9,1265,33.7,66,0,0,0,0,0,0,LINE1-M02,2026-06-02T05:54:00,OP-105,MAT-8805
363,M00363,M,299.3,308.7,1580,37.5,69,0,0,0,0,0,0,LINE2-M01,2026-06-02T05:58:00,OP-104,MAT-8806
364,M00364,M,304.5,314.2,1527,33.1,72,0,0,0,0,0,0,LINE1-M02,2026-06-02T06:00:00,OP-107,MAT-8813
365,M00365,M,300.8,309.2,2008,23.5,75,0,0,0,0,0,0,LINE2-M01,2026-06-02T06:06:00,OP-107,MAT-8818
366,H00366,H,301.0,311.7,1287,33.1,80,0,0,0,0,0,0,LINE1-M02,2026-06-02T06:10:00,OP-104,MAT-8803
367,M00367,M,304.0,312.4,1807,38.6,83,0,0,0,0,0,0,LINE3-M01,2026-06-02T06:12:00,OP-105,MAT-8819
368,L00368,L,302.8,312.3,1236,44.2,85,0,0,0,0,0,0,LINE3-M02,2026-06-02T06:15:00,OP-102,MAT-8801
369,L00369,L,299.3,309.7,1492,47.2,87,0,0,0,0,0,0,LINE3-M02,2026-06-02T06:21:00,OP-110,MAT-8809
370,H00370,H,298.7,309.9,1435,53.6,92,0,0,0,0,0,0,LINE1-M01,2026-06-02T06:26:00,OP-105,MAT-8800
371,L00371,L,299.0,308.9,1480,35.3,94,0,0,0,0,0,0,LINE1-M01,2026-06-02T06:31:00,OP-100,MAT-8806
372,L00372,L,302.7,311.9,1347,35.3,96,0,0,0,0,0,0,LINE2-M02,2026-06-02T06:33:00,OP-107,MAT-8815
373,L00373,L,302.4,313.2,1676,49.9,98,0,0,0,0,0,0,LINE2-M01,2026-06-02T06:38:00,OP-107,MAT-8801
374,H00374,H,298.3,307.4,1263,33.7,103,0,0,0,0,0,0,LINE1-M01,2026-06-02T06:44:00,OP-111,MAT-8803
375,H00375,H,298.8,310.2,1794,47.4,108,0,0,0,0,0,0,LINE1-M01,2026-06-02T06:50:00,OP-106,MAT-8816
376,M00376,M,296.5,306.6,1343,64.3,111,1,0,0,1,0,0,LINE1-M02,2026-06-02T06:56:00,OP-104,MAT-8802
377,M00377,M,299.2,309.5,2258,65.0,114,1,0,0,1,0,0,LINE1-M01,2026-06-02T07:01:00,OP-103,MAT-8806
378,L00378,L,299.5,309.7,1437,39.8,116,0,0,0,0,0,0,LINE2-M01,2026-06-02T07:05:00,OP-101,MAT-8812
379,L00379,L,300.9,311.7,1511,56.7,118,0,0,0,0,0,0,LINE1-M02,2026-06-02T07:10:00,OP-101,MAT-8813
380,L00380,L,302.6,309.2,1656,36.5,120,0,0,0,0,0,0,LINE1-M01,2026-06-02T07:12:00,OP-104,MAT-8817
381,H00381,H,299.9,310.4,1532,29.7,125,0,0,0,0,0,0,LINE3-M02,2026-06-02T07:18:00,OP-100,MAT-8805
382,M00382,M,295.3,306.6,1483,20.7,128,1,0,0,1,0,0,LINE1-M02,2026-06-02T07:23:00,OP-105,MAT-8807
383,M00383,M,298.0,307.7,1446,30.3,131,0,0,0,0,0,0,LINE2-M01,2026-06-02T07:27:00,OP-103,MAT-8804
384,M00384,M,299.6,309.1,1617,40.1,134,0,0,0,0,0,0,LINE3-M02,2026-06-02T07:31:00,OP-109,MAT-8802
385,L00385,L,296.4,306.8,1168,29.1,136,0,0,0,0,0,0,LINE3-M02,2026-06-02T07:36:00,OP-100,MAT-8816
386,L00386,L,300.5,311.4,1410,27.9,138,0,0,0,0,0,0,LINE3-M01,2026-06-02T07:42:00,OP-102,MAT-8806
387,M00387,M,299.1,308.9,1454,38.8,141,0,0,0,0,0,0,LINE3-M01,2026-06-02T07:46:00,OP-104,MAT-8811
388,M00388,M,300.5,310.1,1627,52.3,144,0,0,0,0,0,0,LINE1-M02,2026-06-02T07:48:00,OP-107,MAT-8819
389,L00389,L,300.7,310.7,1495,32.5,146,0,0,0,0,0,0,LINE2-M01,2026-06-02T07:52:00,OP-104,MAT-8802
390,M00390,M,300.1,310.5,1525,26.9,149,0,0,0,0,0,0,LINE1-M01,2026-06-02T07:55:00,OP-110,MAT-8806
391,L00391,L,298.3,307.6,1230,40.9,151,0,0,0,0,0,0,LINE2-M01,2026-06-02T07:57:00,OP-110,MAT-8805
392,M00392,M,300.6,309.5,1568,32.2,154,0,0,0,0,0,0,LINE3-M02,2026-06-02T08:01:00,OP-106,MAT-8812
393,M00393,M,297.4,308.2,1550,28.1,157,0,0,0,0,0,0,LINE3-M02,2026-06-02T08:07:00,OP-109,MAT-8803
394,M00394,M,296.7,306.9,1183,32.5,160,0,0,0,0,0,0,LINE3-M02,2026-06-02T08:11:00,OP-104,MAT-8803
395,M00395,M,299.6,309.9,1827,44.6,163,0,0,0,0,0,0,LINE2-M02,2026-06-02T08:15:00,OP-103,MAT-8804
396,M00396,M,301.2,311.0,1691,39.1,166,0,0,0,0,0,0,LINE2-M02,2026-06-02T08:21:00,OP-110,MAT-8804
397,H00397,H,301.1,310.1,1274,40.1,171,0,0,0,0,0,0,LINE2-M02,2026-06-02T08:26:00,OP-111,MAT-8801
398,L00398,L,300.7,311.0,1509,53.4,173,0,0,0,0,0,0,LINE3-M02,2026-06-02T08:29:00,OP-110,MAT-8811
399,M00399,M,303.1,314.4,1767,28.1,176,0,0,0,0,0,0,LINE1-M02,2026-06-02T08:35:00,OP-101,MAT-8815
400,H00400,H,299.9,309.7,1582,46.3,181,0,0,0,0,0,0,LINE3-M02,2026-06-02T08:38:00,OP-110,MAT-8802
401,M00401,M,298.8,309.0,1566,44.2,184,0,0,0,0,0,0,LINE2-M02,2026-06-02T08:42:00,OP-109,MAT-8809
402,M00402,M,300.7,308.2,1441,32.9,187,0,0,0,0,0,0,LINE3-M01,2026-06-02T08:48:00,OP-107,MAT-8806
403,M00403,M,296.6,306.9,1658,36.0,190,0,0,0,0,0,0,LINE1-M01,2026-06-02T08:53:00,OP-102,MAT-8806
404,M00404,M,302.0,311.8,1769,42.2,193,0,0,0,0,0,0,LINE1-M02,2026-06-02T08:58:00,OP-111,MAT-8805
405,M00405,M,298.9,309.8,1511,39.5,196,0,0,0,0,0,0,LINE1-M02,2026-06-02T09:00:00,OP-104,MAT-8806
406,L00406,L,299.1,309.1,1311,32.5,198,0,0,0,0,0,0,LINE1-M02,2026-06-02T09:02:00,OP-110,MAT-8813
407,M00407,M,298.6,308.1,1481,29.8,201,0,0,0,0,0,0,LINE1-M02,2026-06-02T09:08:00,OP-100,MAT-8810
408,H00408,H,302.7,312.5,1829,17.5,206,1,1,0,1,0,0,LINE1-M02,2026-06-02T09:11:00,OP-104,MAT-8804
409,H00409,H,298.7,309.7,1302,28.0,211,0,0,0,0,0,0,LINE3-M02,2026-06-02T09:16:00,OP-106,MAT-8804
410,L00410,L,301.3,311.0,1448,18.8,213,1,1,0,1,0,0,LINE2-M01,2026-06-02T09:19:00,OP-103,MAT-8807
411,H00411,H,299.2,310.8,1226,45.8,218,1,1,0,0,0,0,LINE3-M01,2026-06-02T09:23:00,OP-109,MAT-8801
412,L00412,L,294.5,304.1,1492,44.2,220,1,1,0,0,0,0,LINE2-M02,2026-06-02T09:29:00,OP-111,MAT-8804
413,L00413,L,298.6,307.3,1432,37.5,222,0,0,0,0,0,0,LINE3-M01,2026-06-02T09:35:00,OP-106,MAT-8803
414,L00414,L,299.0,308.3,1648,26.6,224,1,1,0,0,0,0,LINE2-M01,2026-06-02T09:37:00,OP-109,MAT-8806
415,M00415,M,296.8,304.9,1734,42.0,227,1,1,0,0,0,0,LINE2-M01,2026-06-02T09:43:00,OP-111,MAT-8815
416,L00416,L,304.5,315.9,1450,59.7,229,1,1,0,1,1,0,LINE3-M01,2026-06-02T09:45:00,OP-111,MAT-8803
417,M00417,M,299.1,307.8,1171,44.4,232,1,1,0,0,0,0,LINE1-M02,2026-06-02T09:48:00,OP-105,MAT-8810
418,M00418,M,300.8,311.7,1570,37.2,235,1,1,0,0,0,0,LINE2-M02,2026-06-02T09:52:00,OP-109,MAT-8808
419,L00419,L,300.6,312.4,1597,43.1,237,1,1,0,0,0,0,LINE3-M02,2026-06-02T09:57:00,OP-106,MAT-8805
420,L00420,L,302.1,315.2,1364,53.2,239,1,1,0,0,1,0,LINE2-M02,2026-06-02T10:03:00,OP-102,MAT-8819
421,L00421,L,299.4,310.3,1678,39.0,0,0,0,0,0,0,0,LINE1-M02,2026-06-02T10:08:00,OP-107,MAT-8801
422,H00422,H,301.6,308.7,1396,39.9,5,0,0,0,0,0,0,LINE3-M01,2026-06-02T10:14:00,OP-110,MAT-8810
423,L00423,L,298.8,306.6,1414,53.4,7,0,0,0,0,0,0,LINE2-M02,2026-06-02T10:17:00,OP-110,MAT-8812
424,L00424,L,300.6,310.9,1937,22.6,9,0,0,0,0,0,0,LINE1-M01,2026-06-02T10:19:00,OP-108,MAT-8815
425,M00425,M,302.8,313.2,1792,43.9,12,0,0,0,0,0,0,LINE2-M02,2026-06-02T10:22:00,OP-100,MAT-8816
426,L00426,L,301.3,310.4,1594,28.2,14,0,0,0,0,0,0,LINE2-M02,2026-06-02T10:24:00,OP-109,MAT-8814
427,M00427,M,300.4,310.7,2031,46.5,17,1,0,0,1,0,0,LINE3-M01,2026-06-02T10:29:00,OP-101,MAT-8812
428,M00428,M,298.5,306.8,1376,56.0,20,1,0,1,0,0,0,LINE1-M02,2026-06-02T10:35:00,OP-105,MAT-8811
429,L00429,L,301.7,311.5,1168,43.0,22,0,0,0,0,0,0,LINE1-M01,2026-06-02T10:40:00,OP-110,MAT-8807
430,L00430,L,296.4,304.3,1601,44.6,24,0,0,0,0,0,0,LINE3-M02,2026-06-02T10:44:00,OP-111,MAT-8803
431,L00431,L,300.3,310.9,1327,32.4,26,0,0,0,0,0,0,LINE1-M02,2026-06-02T10:49:00,OP-109,MAT-8806
432,L00432,L,302.1,312.6,1447,53.5,28,0,0,0,0,0,0,LINE3-M02,2026-06-02T10:52:00,OP-101,MAT-8813
433,L00433,L,298.1,309.5,1377,40.3,30,0,0,0,0,0,0,LINE2-M01,2026-06-02T10:57:00,OP-107,MAT-8800
434,L00434,L,302.0,312.4,1647,53.0,32,1,0,0,1,0,0,LINE2-M01,2026-06-02T11:03:00,OP-111,MAT-8818
435,H00435,H,299.1,309.7,1533,41.0,37,0,0,0,0,0,0,LINE2-M01,2026-06-02T11:08:00,OP-104,MAT-8812
436,H00436,H,304.9,313.7,1282,30.1,42,0,0,0,0,0,0,LINE3-M02,2026-06-02T11:13:00,OP-111,MAT-8817
437,L00437,L,300.7,312.1,1714,25.2,44,0,0,0,0,0,0,LINE1-M02,2026-06-02T11:16:00,OP-110,MAT-8811
438,L00438,L,300.5,311.0,1442,36.5,46,0,0,0,0,0,0,LINE3-M02,2026-06-02T11:22:00,OP-111,MAT-8803
439,M00439,M,301.9,312.2,1725,55.7,49,1,0,0,1,0,0,LINE3-M02,2026-06-02T11:27:00,OP-106,MAT-8800
440,M00440,M,300.5,309.4,1446,42.4,52,0,0,0,0,0,0,LINE3-M02,2026-06-02T11:31:00,OP-102,MAT-8801
441,L00441,L,297.1,307.2,2004,41.5,54,0,0,0,0,0,0,LINE1-M01,2026-06-02T11:36:00,OP-111,MAT-8817
442,M00442,M,301.9,311.5,1276,43.3,57,0,0,0,0,0,0,LINE3-M01,2026-06-02T11:40:00,OP-106,MAT-8812
443,M00443,M,298.5,308.0,1723,55.1,60,1,0,0,1,0,0,LINE1-M01,2026-06-02T11:46:00,OP-111,MAT-8808
444,M00444,M,301.3,311.2,1439,36.5,63,0,0,0,0,0,0,LINE3-M01,2026-06-02T11:52:00,OP-111,MAT-8806
445,M00445,M,300.8,311.3,1815,43.1,66,0,0,0,0,0,0,LINE3-M01,2026-06-02T11:55:00,OP-106,MAT-8801
446,H00446,H,302.4,312.7,1280,43.9,71,0,0,0,0,0,0,LINE1-M02,2026-06-02T11:59:00,OP-107,MAT-8804
447,L00447,L,298.4,308.3,1803,40.2,73,0,0,0,0,0,0,LINE3-M02,2026-06-02T12:05:00,OP-107,MAT-8818
448,M00448,M,300.9,310.9,1263,56.8,76,0,0,0,0,0,0,LINE1-M01,2026-06-02T12:08:00,OP-108,MAT-8805
449,H00449,H,300.5,311.3,1343,45.8,81,0,0,0,0,0,0,LINE3-M02,2026-06-02T12:11:00,OP-105,MAT-8811
450,L00450,L,298.4,306.5,2105,25.1,83,0,0,0,0,0,0,LINE3-M01,2026-06-02T12:17:00,OP-101,MAT-8811
451,L00451,L,298.7,308.5,1373,34.0,85,0,0,0,0,0,0,LINE1-M02,2026-06-02T12:20:00,OP-106,MAT-8803
452,H00452,H,299.8,309.0,1223,42.4,90,0,0,0,0,0,0,LINE2-M02,2026-06-02T12:26:00,OP-107,MAT-8801
453,L00453,L,301.7,311.1,1261,31.5,92,0,0,0,0,0,0,LINE1-M01,2026-06-02T12:28:00,OP-110,MAT-8802
454,H00454,H,297.2,305.9,1684,53.5,97,1,0,0,1,0,0,LINE1-M01,2026-06-02T12:33:00,OP-108,MAT-8813
455,M00455,M,300.7,309.7,1422,22.9,100,1,0,0,1,0,0,LINE1-M02,2026-06-02T12:35:00,OP-108,MAT-8802
456,L00456,L,298.0,309.0,1185,37.5,102,0,0,0,0,0,0,LINE1-M02,2026-06-02T12:39:00,OP-110,MAT-8803
457,M00457,M,301.0,311.4,1496,20.8,105,1,0,0,1,0,0,LINE1-M01,2026-06-02T12:45:00,OP-105,MAT-8816
458,H00458,H,300.0,309.6,1987,32.2,110,0,0,0,0,0,0,LINE3-M01,2026-06-02T12:50:00,OP-107,MAT-8805
459,H00459,H,301.9,311.5,1213,33.1,115,0,0,0,0,0,0,LINE2-M01,2026-06-02T12:56:00,OP-104,MAT-8811
460,M00460,M,300.1,311.4,1622,56.3,118,1,0,0,1,0,0,LINE3-M02,2026-06-02T12:58:00,OP-108,MAT-8817
461,M00461,M,303.0,311.8,1561,28.5,121,0,0,0,0,0,0,LINE1-M01,2026-06-02T13:01:00,OP-103,MAT-8819
462,H00462,H,294.9,304.6,1893,45.1,126,0,0,0,0,0,0,LINE3-M02,2026-06-02T13:03:00,OP-110,MAT-8817
463,M00463,M,299.3,308.3,1352,53.1,129,0,0,0,0,0,0,LINE2-M02,2026-06-02T13:09:00,OP-105,MAT-8804
464,M00464,M,296.3,307.1,1555,22.9,132,0,0,0,0,0,0,LINE2-M02,2026-06-02T13:13:00,OP-105,MAT-8819
465,L00465,L,301.1,312.3,1291,46.3,134,0,0,0,0,0,0,LINE2-M01,2026-06-02T13:17:00,OP-100,MAT-8810
466,L00466,L,298.0,307.2,1401,42.6,136,0,0,0,0,0,0,LINE2-M01,2026-06-02T13:21:00,OP-110,MAT-8810
467,L00467,L,303.2,313.0,1562,27.4,138,0,0,0,0,0,0,LINE1-M01,2026-06-02T13:27:00,OP-110,MAT-8819
468,M00468,M,299.7,310.3,1453,58.9,141,0,0,0,0,0,0,LINE1-M02,2026-06-02T13:33:00,OP-111,MAT-8802
469,L00469,L,300.3,308.2,1802,39.7,143,0,0,0,0,0,0,LINE3-M02,2026-06-02T13:39:00,OP-109,MAT-8806
470,L00470,L,297.1,307.9,1349,48.1,145,0,0,0,0,0,0,LINE3-M01,2026-06-02T13:44:00,OP-105,MAT-8812
471,M00471,M,300.5,309.6,1242,36.6,148,0,0,0,0,0,0,LINE2-M01,2026-06-02T13:47:00,OP-106,MAT-8811
472,L00472,L,300.2,309.6,1381,47.0,150,0,0,0,0,0,0,LINE3-M01,2026-06-02T13:53:00,OP-108,MAT-8804
473,M00473,M,299.6,310.3,1486,53.1,153,0,0,0,0,0,0,LINE3-M02,2026-06-02T13:56:00,OP-105,MAT-8801
474,L00474,L,298.0,306.8,1855,54.2,155,1,0,0,1,0,0,LINE1-M01,2026-06-02T13:59:00,OP-108,MAT-8811
475,H00475,H,298.2,309.2,1833,52.1,160,1,0,0,1,0,0,LINE3-M02,2026-06-02T14:05:00,OP-111,MAT-8808
476,L00476,L,301.7,311.2,1612,39.4,162,0,0,0,0,0,0,LINE2-M01,2026-06-02T14:09:00,OP-108,MAT-8812
477,H00477,H,300.6,309.5,1517,10.0,167,1,0,0,1,0,0,LINE1-M01,2026-06-02T14:15:00,OP-107,MAT-8805
478,H00478,H,297.4,308.3,1247,33.3,172,0,0,0,0,0,0,LINE3-M01,2026-06-02T14:17:00,OP-106,MAT-8810
479,L00479,L,298.1,309.8,1828,35.0,174,0,0,0,0,0,0,LINE3-M02,2026-06-02T14:20:00,OP-100,MAT-8807
480,L00480,L,298.7,308.4,1792,33.3,176,0,0,0,0,0,0,LINE1-M01,2026-06-02T14:26:00,OP-100,MAT-8805
481,L00481,L,300.5,312.2,1502,21.5,178,1,0,0,1,0,0,LINE3-M01,2026-06-02T14:32:00,OP-111,MAT-8809
482,M00482,M,296.4,307.8,1549,38.3,181,0,0,0,0,0,0,LINE1-M01,2026-06-02T14:38:00,OP-109,MAT-8816
483,M00483,M,303.8,314.6,1170,51.2,184,0,0,0,0,0,0,LINE3-M01,2026-06-02T14:44:00,OP-103,MAT-8812
484,L00484,L,301.6,310.9,1377,38.5,186,0,0,0,0,0,0,LINE3-M02,2026-06-02T14:50:00,OP-102,MAT-8819
485,L00485,L,303.0,313.6,1539,37.6,188,0,0,0,0,0,0,LINE3-M01,2026-06-02T14:56:00,OP-101,MAT-8815
486,H00486,H,301.4,312.2,1597,43.0,193,0,0,0,0,0,0,LINE3-M02,2026-06-02T15:01:00,OP-105,MAT-8801
487,L00487,L,299.9,310.4,1416,39.2,195,0,0,0,0,0,0,LINE2-M01,2026-06-02T15:06:00,OP-106,MAT-8804
488,M00488,M,297.8,308.0,1457,43.4,198,0,0,0,0,0,0,LINE3-M02,2026-06-02T15:10:00,OP-104,MAT-8806
489,L00489,L,297.4,306.0,1400,51.2,200,0,0,0,0,0,0,LINE3-M01,2026-06-02T15:12:00,OP-106,MAT-8806
490,H00490,H,301.4,311.2,1407,43.4,205,0,0,0,0,0,0,LINE2-M02,2026-06-02T15:18:00,OP-108,MAT-8813
491,H00491,H,298.4,306.2,1695,36.6,210,0,0,0,0,0,0,LINE2-M02,2026-06-02T15:21:00,OP-102,MAT-8811
492,L00492,L,303.7,312.3,1482,44.2,212,1,1,0,0,0,0,LINE3-M02,2026-06-02T15:25:00,OP-111,MAT-8804
493,H00493,H,303.4,313.9,1401,33.7,217,0,0,0,0,0,0,LINE2-M01,2026-06-02T15:30:00,OP-102,MAT-8812
494,M00494,M,300.2,310.0,1203,49.1,220,1,1,0,0,0,0,LINE2-M01,2026-06-02T15:36:00,OP-101,MAT-8808
495,H00495,H,296.9,308.3,1545,36.8,225,0,0,0,0,0,0,LINE2-M01,2026-06-02T15:42:00,OP-102,MAT-8815
496,M00496,M,296.5,306.8,1375,31.6,228,0,0,0,0,0,0,LINE2-M01,2026-06-02T15:48:00,OP-100,MAT-8819
497,H00497,H,299.8,309.3,1543,42.9,233,1,1,0,0,0,0,LINE2-M01,2026-06-02T15:50:00,OP-110,MAT-8800
498,L00498,L,295.5,304.8,1409,30.9,235,1,1,0,0,0,0,LINE3-M01,2026-06-02T15:53:00,OP-111,MAT-8802
499,M00499,M,303.3,312.8,1439,43.2,238,1,1,0,0,0,0,LINE3-M01,2026-06-02T15:56:00,OP-107,MAT-8812
500,L00500,L,300.5,310.1,1168,42.9,240,1,1,0,0,0,0,LINE3-M02,2026-06-02T15:58:00,OP-108,MAT-8818
501,L00501,L,296.4,307.2,1457,44.5,0,0,0,0,0,0,0,LINE3-M01,2026-06-02T16:03:00,OP-107,MAT-8803
502,H00502,H,299.5,310.8,1407,31.1,5,0,0,0,0,0,0,LINE2-M02,2026-06-02T16:06:00,OP-105,MAT-8816
503,H00503,H,300.1,309.8,1720,49.1,10,0,0,0,0,0,0,LINE2-M02,2026-06-02T16:08:00,OP-101,MAT-8817
504,L00504,L,299.8,307.1,1395,30.3,12,0,0,0,0,0,0,LINE1-M01,2026-06-02T16:12:00,OP-107,MAT-8806
505,H00505,H,299.6,308.8,1717,54.8,17,1,0,0,1,0,0,LINE1-M02,2026-06-02T16:15:00,OP-102,MAT-8803
506,H00506,H,299.8,310.1,1580,29.7,22,0,0,0,0,0,0,LINE3-M02,2026-06-02T16:19:00,OP-107,MAT-8818
507,L00507,L,296.2,307.5,1666,34.6,24,0,0,0,0,0,0,LINE2-M01,2026-06-02T16:23:00,OP-109,MAT-8804
508,L00508,L,301.6,310.6,1770,18.2,26,1,0,0,1,0,0,LINE3-M02,2026-06-02T16:25:00,OP-106,MAT-8805
509,M00509,M,300.9,310.6,1679,17.3,29,1,0,0,1,0,0,LINE3-M01,2026-06-02T16:30:00,OP-105,MAT-8811
510,L00510,L,298.6,307.5,1435,38.4,31,0,0,0,0,0,0,LINE2-M02,2026-06-02T16:33:00,OP-103,MAT-8813
511,L00511,L,301.7,311.3,1168,38.9,33,0,0,0,0,0,0,LINE1-M01,2026-06-02T16:39:00,OP-101,MAT-8808
512,M00512,M,297.1,307.4,1349,31.6,36,0,0,0,0,0,0,LINE2-M01,2026-06-02T16:42:00,OP-102,MAT-8813
513,L00513,L,298.4,307.1,1663,30.0,38,0,0,0,0,0,0,LINE3-M02,2026-06-02T16:48:00,OP-107,MAT-8809
514,M00514,M,302.2,311.6,1205,30.0,41,0,0,0,0,0,0,LINE1-M01,2026-06-02T16:51:00,OP-104,MAT-8815
515,L00515,L,297.1,306.6,1616,44.2,43,0,0,0,0,0,0,LINE3-M02,2026-06-02T16:55:00,OP-105,MAT-8800
516,L00516,L,300.3,309.9,1364,41.8,45,0,0,0,0,0,0,LINE3-M01,2026-06-02T16:58:00,OP-104,MAT-8811
517,L00517,L,301.2,312.3,1289,43.9,47,0,0,0,0,0,0,LINE2-M02,2026-06-02T17:00:00,OP-107,MAT-8804
518,M00518,M,296.6,304.5,1998,47.1,50,1,0,0,1,0,0,LINE3-M02,2026-06-02T17:06:00,OP-101,MAT-8802
519,H00519,H,301.9,312.4,1868,40.0,55,0,0,0,0,0,0,LINE2-M02,2026-06-02T17:11:00,OP-106,MAT-8805
520,L00520,L,298.3,305.1,1465,29.2,57,0,0,0,0,0,0,LINE3-M01,2026-06-02T17:15:00,OP-103,MAT-8805
521,L00521,L,301.8,312.3,1448,28.6,59,0,0,0,0,0,0,LINE1-M01,2026-06-02T17:21:00,OP-106,MAT-8816
522,M00522,M,298.0,307.7,1521,36.1,62,0,0,0,0,0,0,LINE2-M01,2026-06-02T17:26:00,OP-103,MAT-8809
523,M00523,M,298.4,309.1,1702,41.6,65,0,0,0,0,0,0,LINE1-M02,2026-06-02T17:28:00,OP-105,MAT-8815
524,H00524,H,300.7,309.5,1301,39.2,70,0,0,0,0,0,0,LINE1-M01,2026-06-02T17:33:00,OP-109,MAT-8819
525,L00525,L,297.9,309.8,1168,44.6,72,0,0,0,0,0,0,LINE3-M02,2026-06-02T17:39:00,OP-105,MAT-8815
526,H00526,H,302.5,312.1,1197,45.6,77,0,0,0,0,0,0,LINE2-M01,2026-06-02T17:44:00,OP-104,MAT-8800
527,L00527,L,300.4,309.6,1642,36.5,79,0,0,0,0,0,0,LINE2-M01,2026-06-02T17:48:00,OP-111,MAT-8815
528,H00528,H,296.8,307.7,1609,50.1,84,0,0,0,0,0,0,LINE1-M01,2026-06-02T17:54:00,OP-108,MAT-8811
529,L00529,L,298.2,307.5,1795,52.0,86,1,0,0,1,0,0,LINE3-M02,2026-06-02T17:57:00,OP-106,MAT-8807
530,M00530,M,299.8,306.6,1505,36.8,89,0,0,0,0,0,0,LINE2-M02,2026-06-02T18:03:00,OP-103,MAT-8802
531,M00531,M,298.2,309.6,1560,40.9,92,0,0,0,0,0,0,LINE2-M02,2026-06-02T18:08:00,OP-103,MAT-8810
532,H00532,H,302.7,312.9,1762,27.0,97,0,0,0,0,0,0,LINE2-M02,2026-06-02T18:10:00,OP-102,MAT-8814
533,L00533,L,299.4,308.8,1484,42.9,99,0,0,0,0,0,0,LINE2-M02,2026-06-02T18:14:00,OP-107,MAT-8811
534,L00534,L,299.8,310.8,1396,20.9,101,1,0,0,1,0,0,LINE1-M02,2026-06-02T18:17:00,OP-106,MAT-8802
535,M00535,M,298.4,308.0,1303,44.8,104,0,0,0,0,0,0,LINE2-M02,2026-06-02T18:20:00,OP-103,MAT-8801
536,M00536,M,301.6,311.0,1520,38.1,107,0,0,0,0,0,0,LINE2-M02,2026-06-02T18:23:00,OP-110,MAT-8809
537,L00537,L,304.2,313.2,1507,44.1,109,0,0,0,0,0,0,LINE3-M01,2026-06-02T18:29:00,OP-104,MAT-8815
538,M00538,M,298.0,306.9,1690,30.9,112,0,0,0,0,0,0,LINE1-M01,2026-06-02T18:32:00,OP-110,MAT-8813
539,L00539,L,302.4,314.7,1361,28.4,114,0,0,0,0,0,0,LINE1-M01,2026-06-02T18:37:00,OP-100,MAT-8818
540,M00540,M,298.7,307.2,2066,46.4,117,1,0,0,1,0,0,LINE1-M02,2026-06-02T18:40:00,OP-101,MAT-8819
541,M00541,M,298.4,309.8,1275,63.4,120,0,0,0,0,0,0,LINE1-M02,2026-06-02T18:42:00,OP-103,MAT-8810
542,M00542,M,300.9,310.7,1851,39.4,123,0,0,0,0,0,0,LINE3-M01,2026-06-02T18:47:00,OP-100,MAT-8812
543,M00543,M,297.9,309.1,1194,58.7,126,0,0,0,0,0,0,LINE3-M02,2026-06-02T18:52:00,OP-108,MAT-8815
544,L00544,L,301.6,309.5,1168,53.1,128,1,0,1,0,0,0,LINE2-M01,2026-06-02T18:57:00,OP-101,MAT-8816
545,L00545,L,300.2,308.1,1580,29.6,130,0,0,0,0,0,0,LINE3-M02,2026-06-02T18:59:00,OP-109,MAT-8807
546,L00546,L,300.6,310.6,1344,63.4,132,0,0,0,0,0,0,LINE1-M02,2026-06-02T19:04:00,OP-108,MAT-8804
547,H00547,H,300.3,310.8,1977,30.8,137,0,0,0,0,0,0,LINE3-M01,2026-06-02T19:06:00,OP-100,MAT-8804
548,H00548,H,298.3,307.8,1482,40.9,142,0,0,0,0,0,0,LINE1-M02,2026-06-02T19:08:00,OP-110,MAT-8815
549,L00549,L,304.3,315.5,1513,50.2,144,0,0,0,0,0,0,LINE3-M01,2026-06-02T19:11:00,OP-100,MAT-8806
550,L00550,L,304.0,314.3,1316,44.4,146,0,0,0,0,0,0,LINE2-M02,2026-06-02T19:13:00,OP-105,MAT-8801
551,L00551,L,299.6,308.5,1387,42.6,148,0,0,0,0,0,0,LINE1-M01,2026-06-02T19:17:00,OP-108,MAT-8803
552,L00552,L,297.1,307.1,1881,30.4,150,0,0,0,0,0,0,LINE3-M01,2026-06-02T19:23:00,OP-109,MAT-8805
553,M00553,M,300.4,310.3,1168,17.3,153,1,0,0,1,0,0,LINE2-M02,2026-06-02T19:29:00,OP-111,MAT-8813
554,H00554,H,300.8,310.3,1199,53.9,158,0,0,0,0,0,0,LINE2-M02,2026-06-02T19:35:00,OP-105,MAT-8817
555,H00555,H,298.7,308.3,1885,28.6,163,0,0,0,0,0,0,LINE3-M01,2026-06-02T19:39:00,OP-109,MAT-8817
556,L00556,L,299.6,308.2,1577,41.6,165,0,0,0,0,0,0,LINE2-M02,2026-06-02T19:43:00,OP-106,MAT-8800
557,H00557,H,300.7,311.9,1752,32.4,170,0,0,0,0,0,0,LINE1-M02,2026-06-02T19:47:00,OP-103,MAT-8806
558,H00558,H,295.1,303.6,1502,41.2,175,0,0,0,0,0,0,LINE3-M01,2026-06-02T19:51:00,OP-101,MAT-8801
559,M00559,M,297.4,307.7,1562,33.4,178,0,0,0,0,0,0,LINE1-M01,2026-06-02T19:57:00,OP-104,MAT-8809
560,H00560,H,295.6,306.3,1537,33.4,183,0,0,0,0,0,0,LINE3-M02,2026-06-02T19:59:00,OP-107,MAT-8805
561,L00561,L,300.6,308.1,1168,39.3,185,1,0,1,0,0,0,LINE3-M02,2026-06-02T20:01:00,OP-100,MAT-8818
562,L00562,L,300.1,309.7,1458,40.4,187,0,0,0,0,0,0,LINE1-M01,2026-06-02T20:03:00,OP-110,MAT-8812
563,H00563,H,304.2,314.8,1168,50.9,192,0,0,0,0,0,0,LINE2-M01,2026-06-02T20:06:00,OP-102,MAT-8801
564,H00564,H,301.3,312.0,1168,47.6,197,0,0,0,0,0,0,LINE1-M02,2026-06-02T20:08:00,OP-104,MAT-8812
565,M00565,M,302.0,309.9,1585,53.2,200,0,0,0,0,0,0,LINE3-M02,2026-06-02T20:10:00,OP-104,MAT-8802
566,L00566,L,301.9,313.7,1555,40.1,202,0,0,0,0,0,0,LINE2-M01,2026-06-02T20:13:00,OP-107,MAT-8812
567,L00567,L,301.2,312.2,1168,69.1,204,1,0,0,0,1,0,LINE1-M01,2026-06-02T20:16:00,OP-104,MAT-8813
568,M00568,M,302.0,312.4,1916,25.5,207,0,0,0,0,0,0,LINE2-M02,2026-06-02T20:19:00,OP-109,MAT-8800
569,L00569,L,296.9,305.2,1348,52.0,209,1,0,1,0,0,0,LINE3-M01,2026-06-02T20:24:00,OP-107,MAT-8801
570,L00570,L,298.5,308.5,1640,46.7,211,0,0,0,0,0,0,LINE3-M01,2026-06-02T20:27:00,OP-104,MAT-8800
571,L00571,L,300.3,310.3,2092,27.0,213,1,1,0,0,0,0,LINE2-M01,2026-06-02T20:29:00,OP-111,MAT-8817
572,M00572,M,296.5,308.4,1495,30.0,216,1,1,0,0,0,0,LINE3-M01,2026-06-02T20:34:00,OP-104,MAT-8805
573,L00573,L,296.3,305.2,1692,57.0,218,1,1,0,1,1,0,LINE3-M02,2026-06-02T20:39:00,OP-110,MAT-8811
574,L00574,L,298.9,309.6,1350,40.8,220,1,1,0,0,0,0,LINE2-M02,2026-06-02T20:41:00,OP-109,MAT-8817
575,M00575,M,301.3,312.1,1409,65.1,223,1,0,0,1,1,0,LINE3-M02,2026-06-02T20:44:00,OP-105,MAT-8815
576,L00576,L,298.1,308.7,1304,24.2,225,1,1,0,1,0,0,LINE2-M01,2026-06-02T20:50:00,OP-110,MAT-8808
577,L00577,L,301.3,311.4,1480,27.2,227,1,1,0,0,0,0,LINE2-M02,2026-06-02T20:53:00,OP-110,MAT-8804
578,L00578,L,299.3,308.7,1168,51.2,229,1,0,0,0,1,0,LINE3-M01,2026-06-02T20:56:00,OP-106,MAT-8809
579,H00579,H,302.5,312.9,1782,33.4,234,0,0,0,0,0,0,LINE3-M01,2026-06-02T21:00:00,OP-106,MAT-8804
580,L00580,L,299.2,308.8,1317,54.2,236,1,1,0,0,1,0,LINE1-M02,2026-06-02T21:02:00,OP-102,MAT-8800
581,L00581,L,298.5,308.7,1203,43.3,238,0,0,0,0,0,0,LINE1-M01,2026-06-02T21:05:00,OP-102,MAT-8800
582,L00582,L,296.8,308.3,1687,46.4,240,1,1,0,0,1,0,LINE1-M01,2026-06-02T21:11:00,OP-110,MAT-8800
583,L00583,L,299.8,310.8,2049,43.1,0,1,0,0,1,0,0,LINE2-M02,2026-06-02T21:14:00,OP-107,MAT-8804
584,M00584,M,299.2,308.9,1446,51.3,3,0,0,0,0,0,0,LINE3-M01,2026-06-02T21:17:00,OP-103,MAT-8802
585,L00585,L,299.1,308.7,1544,51.2,5,0,0,0,0,0,0,LINE3-M02,2026-06-02T21:22:00,OP-107,MAT-8807
586,H00586,H,300.0,309.4,1219,44.2,10,0,0,0,0,0,0,LINE3-M02,2026-06-02T21:27:00,OP-106,MAT-8819
587,M00587,M,299.6,310.0,1622,46.4,13,0,0,0,0,0,0,LINE3-M01,2026-06-02T21:29:00,OP-107,MAT-8814
588,L00588,L,299.9,310.4,1740,46.2,15,0,0,0,0,0,0,LINE3-M02,2026-06-02T21:31:00,OP-108,MAT-8801
589,L00589,L,302.6,313.4,1325,27.2,17,0,0,0,0,0,0,LINE2-M01,2026-06-02T21:35:00,OP-106,MAT-8809
590,H00590,H,300.9,311.3,1187,53.0,22,0,0,0,0,0,0,LINE3-M02,2026-06-02T21:40:00,OP-101,MAT-8816
591,L00591,L,299.8,310.3,1369,39.2,24,0,0,0,0,0,0,LINE1-M02,2026-06-02T21:46:00,OP-106,MAT-8810
592,H00592,H,300.4,309.6,1888,27.8,29,0,0,0,0,0,0,LINE2-M01,2026-06-02T21:49:00,OP-104,MAT-8810
593,H00593,H,298.9,309.3,1526,41.2,34,0,0,0,0,0,0,LINE3-M02,2026-06-02T21:54:00,OP-101,MAT-8816
594,L00594,L,297.7,308.4,1501,29.4,36,0,0,0,0,0,0,LINE2-M02,2026-06-02T21:57:00,OP-100,MAT-8805
595,H00595,H,302.4,311.1,1680,44.5,41,0,0,0,0,0,0,LINE1-M01,2026-06-02T22:00:00,OP-106,MAT-8809
596,M00596,M,298.5,308.7,1734,53.0,44,1,0,0,1,0,0,LINE1-M01,2026-06-02T22:03:00,OP-103,MAT-8800
597,M00597,M,302.4,312.3,1168,38.7,47,0,0,0,0,0,0,LINE1-M01,2026-06-02T22:08:00,OP-109,MAT-8815
598,M00598,M,302.9,311.1,1630,19.6,50,1,0,0,1,0,0,LINE3-M02,2026-06-02T22:11:00,OP-109,MAT-8817
599,M00599,M,302.4,313.5,1689,35.3,53,0,0,0,0,0,0,LINE2-M02,2026-06-02T22:17:00,OP-101,MAT-8801
600,M00600,M,297.8,306.6,1559,33.7,56,0,0,0,0,0,0,LINE3-M01,2026-06-02T22:23:00,OP-107,MAT-8818
601,L00601,L,302.0,311.3,1537,36.7,58,0,0,0,0,0,0,LINE2-M01,2026-06-02T22:27:00,OP-106,MAT-8817
602,L00602,L,297.4,307.5,1401,28.2,60,0,0,0,0,0,0,LINE2-M02,2026-06-02T22:31:00,OP-108,MAT-8806
603,M00603,M,299.6,309.5,1636,55.9,63,1,0,0,1,0,0,LINE1-M02,2026-06-02T22:37:00,OP-111,MAT-8819
604,H00604,H,298.3,308.7,1631,44.4,68,0,0,0,0,0,0,LINE3-M02,2026-06-02T22:43:00,OP-108,MAT-8815
605,H00605,H,301.6,311.5,1473,38.6,73,0,0,0,0,0,0,LINE1-M01,2026-06-02T22:47:00,OP-101,MAT-8800
606,H00606,H,300.3,309.4,1168,43.7,78,0,0,0,0,0,0,LINE2-M02,2026-06-02T22:53:00,OP-100,MAT-8810
607,L00607,L,300.3,310.0,1512,47.3,80,0,0,0,0,0,0,LINE3-M02,2026-06-02T22:56:00,OP-104,MAT-8802
608,L00608,L,300.3,310.1,1301,49.3,82,0,0,0,0,0,0,LINE3-M02,2026-06-02T22:58:00,OP-105,MAT-8812
609,H00609,H,302.5,312.1,1192,22.8,87,1,0,0,1,0,0,LINE2-M02,2026-06-02T23:02:00,OP-107,MAT-8801
610,M00610,M,299.8,309.8,1324,41.8,90,0,0,0,0,0,0,LINE3-M01,2026-06-02T23:07:00,OP-108,MAT-8809
611,H00611,H,298.4,309.2,1743,38.2,95,0,0,0,0,0,0,LINE3-M02,2026-06-02T23:10:00,OP-105,MAT-8802
612,L00612,L,302.3,312.4,1733,36.9,97,0,0,0,0,0,0,LINE1-M02,2026-06-02T23:16:00,OP-102,MAT-8819
613,L00613,L,297.9,307.1,1521,26.6,99,0,0,0,0,0,0,LINE3-M01,2026-06-02T23:20:00,OP-104,MAT-8813
614,L00614,L,300.8,310.8,1633,46.9,101,0,0,0,0,0,0,LINE1-M02,2026-06-02T23:24:00,OP-102,MAT-8803
615,H00615,H,299.7,309.4,1168,30.9,106,0,0,0,0,0,0,LINE3-M01,2026-06-02T23:29:00,OP-107,MAT-8816
616,H00616,H,298.0,309.0,1285,28.8,111,0,0,0,0,0,0,LINE2-M02,2026-06-02T23:35:00,OP-102,MAT-8803
617,L00617,L,303.1,313.2,1168,33.7,113,0,0,0,0,0,0,LINE2-M01,2026-06-02T23:40:00,OP-100,MAT-8809
618,H00618,H,299.3,310.9,1865,44.6,118,0,0,0,0,0,0,LINE1-M01,2026-06-02T23:45:00,OP-108,MAT-8809
619,M00619,M,301.3,312.1,1249,46.2,121,0,0,0,0,0,0,LINE1-M01,2026-06-02T23:49:00,OP-104,MAT-8808
620,M00620,M,298.8,308.2,1630,49.6,124,0,0,0,0,0,0,LINE1-M02,2026-06-02T23:52:00,OP-101,MAT-8800
621,H00621,H,300.8,310.3,1909,31.1,129,0,0,0,0,0,0,LINE2-M02,2026-06-02T23:58:00,OP-102,MAT-8809
622,M00622,M,298.4,310.5,1930,38.7,132,0,0,0,0,0,0,LINE3-M02,2026-06-03T00:02:00,OP-100,MAT-8804
623,H00623,H,299.6,309.1,1610,24.9,137,0,0,0,0,0,0,LINE1-M02,2026-06-03T00:04:00,OP-106,MAT-8805
624,H00624,H,301.0,312.9,1385,25.8,142,0,0,0,0,0,0,LINE3-M02,2026-06-03T00:09:00,OP-104,MAT-8810
625,L00625,L,302.4,314.1,1178,56.6,144,0,0,0,0,0,0,LINE3-M01,2026-06-03T00:14:00,OP-101,MAT-8814
626,L00626,L,295.6,303.3,1524,16.4,146,1,0,0,1,0,0,LINE2-M01,2026-06-03T00:19:00,OP-103,MAT-8804
627,L00627,L,297.8,308.9,1519,34.1,148,0,0,0,0,0,0,LINE2-M01,2026-06-03T00:24:00,OP-101,MAT-8815
628,L00628,L,297.1,307.3,1191,45.0,150,0,0,0,0,0,0,LINE3-M01,2026-06-03T00:28:00,OP-108,MAT-8803
629,L00629,L,299.3,308.6,1530,56.3,152,1,0,0,1,0,0,LINE2-M02,2026-06-03T00:30:00,OP-106,MAT-8818
630,H00630,H,298.1,309.2,1384,45.2,157,0,0,0,0,0,0,LINE3-M02,2026-06-03T00:33:00,OP-106,MAT-8818
631,L00631,L,301.9,312.1,1184,40.6,159,0,0,0,0,0,0,LINE3-M02,2026-06-03T00:35:00,OP-101,MAT-8818
632,L00632,L,297.8,308.7,1678,42.8,161,0,0,0,0,0,0,LINE2-M02,2026-06-03T00:38:00,OP-101,MAT-8819
633,H00633,H,303.0,313.4,1232,52.8,166,0,0,0,0,0,0,LINE2-M01,2026-06-03T00:42:00,OP-101,MAT-8806
634,H00634,H,296.7,307.7,1436,41.1,171,0,0,0,0,0,0,LINE1-M01,2026-06-03T00:44:00,OP-107,MAT-8817
635,L00635,L,303.3,312.4,1919,33.4,173,0,0,0,0,0,0,LINE2-M02,2026-06-03T00:48:00,OP-106,MAT-8811
636,L00636,L,297.7,308.4,1407,31.5,175,1,0,0,0,0,1,LINE2-M01,2026-06-03T00:51:00,OP-105,MAT-8817
637,L00637,L,299.8,310.3,1766,37.3,177,0,0,0,0,0,0,LINE2-M02,2026-06-03T00:54:00,OP-110,MAT-8810
638,M00638,M,302.3,313.5,1168,46.9,180,0,0,0,0,0,0,LINE2-M01,2026-06-03T00:57:00,OP-103,MAT-8817
639,H00639,H,301.5,310.3,1730,50.3,185,1,0,0,1,0,0,LINE3-M01,2026-06-03T01:01:00,OP-102,MAT-8800
640,L00640,L,301.6,312.0,1259,34.5,187,0,0,0,0,0,0,LINE3-M02,2026-06-03T01:04:00,OP-107,MAT-8819
641,L00641,L,302.0,311.5,1168,57.7,189,0,0,0,0,0,0,LINE2-M02,2026-06-03T01:09:00,OP-103,MAT-8805
642,M00642,M,300.9,310.5,1433,33.8,192,0,0,0,0,0,0,LINE3-M02,2026-06-03T01:12:00,OP-106,MAT-8817
643,L00643,L,301.0,310.2,1903,42.5,194,0,0,0,0,0,0,LINE1-M02,2026-06-03T01:16:00,OP-111,MAT-8802
644,M00644,M,301.4,311.9,1524,41.8,197,0,0,0,0,0,0,LINE2-M01,2026-06-03T01:20:00,OP-108,MAT-8819
645,H00645,H,300.7,310.9,1168,44.6,202,0,0,0,0,0,0,LINE3-M02,2026-06-03T01:22:00,OP-109,MAT-8801
646,L00646,L,301.2,311.7,1379,40.7,204,0,0,0,0,0,0,LINE3-M02,2026-06-03T01:27:00,OP-106,MAT-8811
647,L00647,L,300.7,310.8,1443,42.4,206,0,0,0,0,0,0,LINE3-M02,2026-06-03T01:31:00,OP-100,MAT-8815
648,L00648,L,299.7,307.6,1256,35.3,208,1,1,1,0,0,0,LINE1-M02,2026-06-03T01:37:00,OP-107,MAT-8802
649,H00649,H,303.8,313.0,1168,37.9,213,0,0,0,0,0,0,LINE1-M01,2026-06-03T01:41:00,OP-109,MAT-8805
650,L00650,L,299.5,310.4,1705,28.8,215,0,0,0,0,0,0,LINE2-M01,2026-06-03T01:44:00,OP-107,MAT-8805
651,L00651,L,301.2,311.0,1512,37.2,217,0,0,0,0,0,0,LINE3-M01,2026-06-03T01:47:00,OP-107,MAT-8813
652,L00652,L,297.6,308.9,1320,33.1,219,1,1,0,0,0,0,LINE3-M02,2026-06-03T01:50:00,OP-100,MAT-8808
653,L00653,L,298.6,308.0,2212,34.6,221,0,0,0,0,0,0,LINE2-M02,2026-06-03T01:55:00,OP-102,MAT-8816
654,L00654,L,299.1,310.4,1168,30.5,223,0,0,0,0,0,0,LINE3-M01,2026-06-03T01:59:00,OP-101,MAT-8817
655,L00655,L,299.0,309.7,1199,41.5,225,1,1,0,0,0,0,LINE2-M02,2026-06-03T02:03:00,OP-104,MAT-8803
656,M00656,M,302.4,310.9,1296,45.8,228,1,1,1,0,0,0,LINE3-M01,2026-06-03T02:07:00,OP-105,MAT-8817
657,H00657,H,300.6,311.6,1171,52.6,233,1,1,0,0,0,0,LINE1-M02,2026-06-03T02:11:00,OP-104,MAT-8806
658,L00658,L,298.5,308.0,1399,32.2,235,1,1,0,0,0,0,LINE3-M01,2026-06-03T02:13:00,OP-101,MAT-8819
659,M00659,M,296.8,307.1,1675,34.4,238,0,0,0,0,0,0,LINE2-M02,2026-06-03T02:16:00,OP-107,MAT-8802
660,M00660,M,300.5,310.9,1734,39.2,0,0,0,0,0,0,0,LINE2-M01,2026-06-03T02:20:00,OP-101,MAT-8808
661,M00661,M,300.2,310.9,1706,28.2,3,0,0,0,0,0,0,LINE1-M02,2026-06-03T02:24:00,OP-101,MAT-8815
662,L00662,L,297.3,307.5,1341,50.6,5,0,0,0,0,0,0,LINE3-M02,2026-06-03T02:27:00,OP-103,MAT-8819
663,L00663,L,300.4,310.7,1278,52.3,7,0,0,0,0,0,0,LINE1-M02,2026-06-03T02:29:00,OP-107,MAT-8800
664,L00664,L,301.3,310.3,1168,39.4,9,0,0,0,0,0,0,LINE2-M01,2026-06-03T02:34:00,OP-111,MAT-8810
665,L00665,L,299.4,309.0,1583,54.0,11,0,0,0,0,0,0,LINE2-M02,2026-06-03T02:39:00,OP-106,MAT-8802
666,L00666,L,294.9,305.0,1755,52.9,13,1,0,0,1,0,0,LINE1-M02,2026-06-03T02:44:00,OP-105,MAT-8809
667,M00667,M,300.3,310.7,1710,36.6,16,0,0,0,0,0,0,LINE2-M01,2026-06-03T02:49:00,OP-102,MAT-8817
668,L00668,L,301.3,311.5,1298,31.0,18,0,0,0,0,0,0,LINE1-M02,2026-06-03T02:54:00,OP-107,MAT-8802
669,L00669,L,302.7,313.6,1586,41.7,20,0,0,0,0,0,0,LINE3-M01,2026-06-03T02:56:00,OP-107,MAT-8812
670,M00670,M,300.9,311.6,2053,41.3,23,0,0,0,0,0,0,LINE1-M01,2026-06-03T03:01:00,OP-105,MAT-8801
671,L00671,L,297.8,309.9,1358,48.6,25,0,0,0,0,0,0,LINE2-M01,2026-06-03T03:07:00,OP-111,MAT-8818
672,L00672,L,302.9,311.7,1561,50.1,27,0,0,0,0,0,0,LINE2-M01,2026-06-03T03:09:00,OP-103,MAT-8804
673,M00673,M,298.2,310.0,1323,58.0,30,0,0,0,0,0,0,LINE2-M01,2026-06-03T03:11:00,OP-109,MAT-8802
674,H00674,H,300.6,310.2,1887,37.4,35,0,0,0,0,0,0,LINE1-M02,2026-06-03T03:13:00,OP-105,MAT-8812
675,M00675,M,300.5,311.0,1708,42.0,38,0,0,0,0,0,0,LINE1-M01,2026-06-03T03:17:00,OP-109,MAT-8805
676,H00676,H,299.6,307.7,1857,47.9,43,1,0,0,1,0,0,LINE3-M02,2026-06-03T03:20:00,OP-108,MAT-8805
677,L00677,L,295.6,306.9,1432,43.7,45,0,0,0,0,0,0,LINE2-M01,2026-06-03T03:22:00,OP-100,MAT-8800
678,L00678,L,298.9,309.8,1319,16.0,47,1,0,0,1,0,0,LINE2-M02,2026-06-03T03:26:00,OP-111,MAT-8804
679,L00679,L,299.2,308.5,1468,55.3,49,0,0,0,0,0,0,LINE3-M01,2026-06-03T03:28:00,OP-111,MAT-8815
680,L00680,L,302.3,311.9,1476,38.1,51,0,0,0,0,0,0,LINE2-M01,2026-06-03T03:32:00,OP-108,MAT-8807
681,H00681,H,303.6,313.3,1454,35.3,56,0,0,0,0,0,0,LINE3-M01,2026-06-03T03:36:00,OP-107,MAT-8806
682,M00682,M,301.4,311.3,1168,39.0,59,0,0,0,0,0,0,LINE2-M01,2026-06-03T03:41:00,OP-102,MAT-8801
683,M00683,M,299.7,310.6,1229,68.5,62,0,0,0,0,0,0,LINE3-M02,2026-06-03T03:45:00,OP-100,MAT-8803
684,H00684,H,299.9,311.4,1679,39.7,67,0,0,0,0,0,0,LINE3-M01,2026-06-03T03:50:00,OP-101,MAT-8807
685,M00685,M,298.0,307.0,1462,34.0,70,0,0,0,0,0,0,LINE1-M01,2026-06-03T03:54:00,OP-105,MAT-8807
686,M00686,M,298.9,308.7,1773,48.7,73,1,0,0,1,0,0,LINE1-M02,2026-06-03T03:57:00,OP-109,MAT-8815
687,M00687,M,300.1,310.7,1847,32.4,76,0,0,0,0,0,0,LINE2-M01,2026-06-03T04:00:00,OP-110,MAT-8811
688,H00688,H,299.8,309.7,1901,30.8,81,0,0,0,0,0,0,LINE2-M01,2026-06-03T04:02:00,OP-101,MAT-8814
689,M00689,M,302.6,312.0,1417,29.4,84,0,0,0,0,0,0,LINE3-M01,2026-06-03T04:06:00,OP-110,MAT-8819
690,L00690,L,299.9,309.7,1622,39.7,86,0,0,0,0,0,0,LINE3-M02,2026-06-03T04:11:00,OP-103,MAT-8818
691,L00691,L,300.1,308.6,1719,60.2,88,1,0,0,1,0,0,LINE1-M02,2026-06-03T04:14:00,OP-106,MAT-8818
692,M00692,M,301.7,312.1,1311,25.7,91,0,0,0,0,0,0,LINE1-M02,2026-06-03T04:16:00,OP-111,MAT-8816
693,L00693,L,299.8,308.9,1712,35.4,93,0,0,0,0,0,0,LINE2-M02,2026-06-03T04:18:00,OP-103,MAT-8802
694,M00694,M,301.6,314.5,1734,43.1,96,0,0,0,0,0,0,LINE1-M02,2026-06-03T04:21:00,OP-104,MAT-8807
695,L00695,L,303.9,314.2,1699,29.4,98,0,0,0,0,0,0,LINE3-M01,2026-06-03T04:26:00,OP-107,MAT-8814
696,H00696,H,300.8,310.2,1575,55.3,103,1,0,0,1,0,0,LINE3-M02,2026-06-03T04:30:00,OP-111,MAT-8800
697,H00697,H,301.6,310.5,1583,54.6,108,1,0,0,1,0,0,LINE3-M01,2026-06-03T04:36:00,OP-110,MAT-8802
698,L00698,L,303.2,312.3,1458,53.0,110,0,0,0,0,0,0,LINE2-M02,2026-06-03T04:38:00,OP-107,MAT-8819
699,L00699,L,298.9,307.8,1672,60.5,112,1,0,0,1,0,0,LINE3-M01,2026-06-03T04:40:00,OP-102,MAT-8810
700,L00700,L,301.6,312.5,1451,38.0,114,0,0,0,0,0,0,LINE2-M02,2026-06-03T04:44:00,OP-108,MAT-8813
701,H00701,H,297.7,306.8,1943,36.8,119,0,0,0,0,0,0,LINE3-M01,2026-06-03T04:50:00,OP-107,MAT-8817
702,L00702,L,297.8,308.3,1630,26.2,121,0,0,0,0,0,0,LINE1-M02,2026-06-03T04:52:00,OP-101,MAT-8802
703,L00703,L,302.4,311.3,1168,53.0,123,0,0,0,0,0,0,LINE1-M02,2026-06-03T04:54:00,OP-101,MAT-8804
704,H00704,H,300.3,309.4,1168,60.7,128,0,0,0,0,0,0,LINE2-M02,2026-06-03T04:56:00,OP-110,MAT-8817
705,M00705,M,299.6,307.8,1653,20.7,131,0,0,0,0,0,0,LINE2-M01,2026-06-03T04:58:00,OP-101,MAT-8800
706,M00706,M,299.1,310.8,1453,35.9,134,0,0,0,0,0,0,LINE2-M02,2026-06-03T05:04:00,OP-107,MAT-8818
707,L00707,L,295.9,305.9,1414,24.0,136,0,0,0,0,0,0,LINE2-M01,2026-06-03T05:07:00,OP-104,MAT-8807
708,L00708,L,299.0,308.1,1347,50.4,138,0,0,0,0,0,0,LINE2-M02,2026-06-03T05:10:00,OP-107,MAT-8805
709,L00709,L,302.1,312.5,2036,45.5,140,1,0,0,1,0,0,LINE3-M01,2026-06-03T05:13:00,OP-102,MAT-8807
710,H00710,H,296.2,306.2,1564,23.2,145,0,0,0,0,0,0,LINE3-M01,2026-06-03T05:19:00,OP-110,MAT-8810
711,L00711,L,300.2,311.3,1248,41.2,147,0,0,0,0,0,0,LINE2-M01,2026-06-03T05:25:00,OP-100,MAT-8812
712,L00712,L,301.5,312.8,1728,23.1,149,0,0,0,0,0,0,LINE1-M02,2026-06-03T05:28:00,OP-110,MAT-8809
713,L00713,L,298.6,307.2,1468,46.1,151,0,0,0,0,0,0,LINE3-M01,2026-06-03T05:34:00,OP-109,MAT-8814
714,M00714,M,301.4,311.5,1168,45.1,154,0,0,0,0,0,0,LINE3-M01,2026-06-03T05:37:00,OP-104,MAT-8800
715,L00715,L,300.6,310.4,1609,44.2,156,0,0,0,0,0,0,LINE1-M01,2026-06-03T05:41:00,OP-109,MAT-8816
716,L00716,L,300.5,309.9,1402,51.3,158,0,0,0,0,0,0,LINE3-M02,2026-06-03T05:43:00,OP-110,MAT-8802
717,H00717,H,299.7,310.5,1483,36.3,163,0,0,0,0,0,0,LINE1-M02,2026-06-03T05:49:00,OP-106,MAT-8804
718,M00718,M,300.5,310.7,1693,36.6,166,0,0,0,0,0,0,LINE2-M02,2026-06-03T05:53:00,OP-108,MAT-8802
719,L00719,L,298.5,308.5,1594,41.5,168,0,0,0,0,0,0,LINE2-M01,2026-06-03T05:58:00,OP-111,MAT-8813
720,H00720,H,301.7,312.7,1418,39.2,173,0,0,0,0,0,0,LINE2-M02,2026-06-03T06:01:00,OP-108,MAT-8810
721,M00721,M,300.2,309.7,1168,20.4,176,1,0,0,1,0,0,LINE2-M02,2026-06-03T06:03:00,OP-106,MAT-8805
722,M00722,M,297.8,308.0,1383,46.3,179,0,0,0,0,0,0,LINE2-M01,2026-06-03T06:09:00,OP-104,MAT-8818
723,L00723,L,301.1,311.8,1200,34.8,181,0,0,0,0,0,0,LINE1-M02,2026-06-03T06:11:00,OP-104,MAT-8815
724,M00724,M,301.7,312.6,1445,43.3,184,0,0,0,0,0,0,LINE3-M01,2026-06-03T06:16:00,OP-100,MAT-8803
725,M00725,M,300.2,309.6,1358,51.1,187,0,0,0,0,0,0,LINE3-M02,2026-06-03T06:20:00,OP-109,MAT-8813
726,H00726,H,299.9,310.4,1776,32.8,192,0,0,0,0,0,0,LINE2-M01,2026-06-03T06:22:00,OP-104,MAT-8805
727,M00727,M,298.8,307.6,1661,42.9,195,0,0,0,0,0,0,LINE2-M01,2026-06-03T06:25:00,OP-100,MAT-8808
728,M00728,M,297.4,306.2,1168,52.1,198,0,0,0,0,0,0,LINE2-M01,2026-06-03T06:29:00,OP-108,MAT-8806
729,M00729,M,301.3,311.7,1623,25.3,201,0,0,0,0,0,0,LINE2-M02,2026-06-03T06:35:00,OP-110,MAT-8809
730,L00730,L,301.3,312.0,1363,28.3,203,0,0,0,0,0,0,LINE2-M01,2026-06-03T06:41:00,OP-100,MAT-8804
731,L00731,L,300.8,310.2,1816,37.5,205,0,0,0,0,0,0,LINE1-M01,2026-06-03T06:44:00,OP-102,MAT-8816
732,L00732,L,300.3,311.2,1742,33.5,207,1,1,0,0,0,0,LINE3-M01,2026-06-03T06:50:00,OP-106,MAT-8814
733,L00733,L,298.1,306.7,1168,46.8,209,1,1,1,0,0,0,LINE3-M02,2026-06-03T06:55:00,OP-102,MAT-8809
734,L00734,L,297.3,307.8,1995,40.8,211,1,1,0,0,0,0,LINE1-M01,2026-06-03T06:58:00,OP-101,MAT-8813
735,L00735,L,298.9,308.6,1826,33.9,213,0,0,0,0,0,0,LINE3-M01,2026-06-03T07:04:00,OP-107,MAT-8803
736,L00736,L,301.4,311.9,1501,40.9,215,1,1,0,0,0,0,LINE1-M01,2026-06-03T07:06:00,OP-109,MAT-8806
737,M00737,M,303.9,314.3,1695,53.1,218,1,1,0,1,0,0,LINE2-M01,2026-06-03T07:10:00,OP-108,MAT-8819
738,L00738,L,297.7,307.7,1247,33.2,220,1,1,0,0,0,0,LINE1-M01,2026-06-03T07:14:00,OP-111,MAT-8803
739,H00739,H,301.5,310.9,1373,38.0,225,1,1,0,0,0,0,LINE1-M02,2026-06-03T07:16:00,OP-106,MAT-8813
740,L00740,L,298.2,308.4,1429,39.8,227,0,0,0,0,0,0,LINE1-M02,2026-06-03T07:22:00,OP-105,MAT-8809
741,M00741,M,299.8,309.7,1564,37.2,230,1,1,0,0,0,0,LINE2-M02,2026-06-03T07:27:00,OP-109,MAT-8809
742,L00742,L,301.3,312.3,1248,23.5,232,1,1,0,1,0,0,LINE1-M01,2026-06-03T07:31:00,OP-110,MAT-8815
743,M00743,M,303.3,311.7,1451,44.7,235,1,1,0,0,0,0,LINE1-M01,2026-06-03T07:37:00,OP-101,MAT-8811
744,L00744,L,303.5,312.7,1616,37.7,237,1,1,0,0,0,0,LINE3-M02,2026-06-03T07:41:00,OP-110,MAT-8812
745,H00745,H,298.8,308.5,1631,33.1,0,0,0,0,0,0,0,LINE1-M01,2026-06-03T07:46:00,OP-104,MAT-8815
746,L00746,L,297.1,305.3,1444,41.7,2,0,0,0,0,0,0,LINE1-M02,2026-06-03T07:48:00,OP-110,MAT-8800
747,H00747,H,299.3,309.1,1681,39.9,7,0,0,0,0,0,0,LINE3-M01,2026-06-03T07:54:00,OP-101,MAT-8816
748,L00748,L,300.3,309.7,1455,56.9,9,0,0,0,0,0,0,LINE3-M02,2026-06-03T07:59:00,OP-108,MAT-8810
749,M00749,M,300.0,310.2,1395,53.8,12,0,0,0,0,0,0,LINE1-M02,2026-06-03T08:04:00,OP-107,MAT-8810
750,H00750,H,301.2,312.1,1582,37.3,17,0,0,0,0,0,0,LINE3-M01,2026-06-03T08:08:00,OP-107,MAT-8813
751,L00751,L,298.5,307.8,1538,51.2,19,0,0,0,0,0,0,LINE3-M02,2026-06-03T08:14:00,OP-110,MAT-8817
752,H00752,H,301.2,310.3,1270,54.7,24,0,0,0,0,0,0,LINE1-M02,2026-06-03T08:20:00,OP-104,MAT-8815
753,L00753,L,300.1,309.8,1868,8.7,26,1,0,0,1,0,0,LINE2-M01,2026-06-03T08:24:00,OP-100,MAT-8818
754,L00754,L,299.3,309.9,1515,41.6,28,0,0,0,0,0,0,LINE2-M02,2026-06-03T08:26:00,OP-105,MAT-8813
755,L00755,L,302.2,312.6,1188,37.1,30,0,0,0,0,0,0,LINE3-M01,2026-06-03T08:30:00,OP-111,MAT-8802
756,M00756,M,300.2,309.9,1580,58.4,33,1,0,0,1,0,0,LINE2-M02,2026-06-03T08:32:00,OP-109,MAT-8816
757,H00757,H,299.5,310.9,1723,54.4,38,1,0,0,1,0,0,LINE2-M01,2026-06-03T08:37:00,OP-107,MAT-8803
758,L00758,L,301.4,310.9,1384,10.9,40,1,0,0,1,0,0,LINE1-M02,2026-06-03T08:42:00,OP-110,MAT-8802
759,L00759,L,298.4,308.2,1281,62.8,42,0,0,0,0,0,0,LINE3-M01,2026-06-03T08:44:00,OP-109,MAT-8810
760,L00760,L,302.3,312.2,1858,27.8,44,0,0,0,0,0,0,LINE2-M01,2026-06-03T08:47:00,OP-110,MAT-8809
761,M00761,M,301.3,309.7,1561,29.0,47,0,0,0,0,0,0,LINE2-M02,2026-06-03T08:50:00,OP-104,MAT-8819
762,L00762,L,298.2,308.0,1852,37.3,49,0,0,0,0,0,0,LINE3-M01,2026-06-03T08:52:00,OP-109,MAT-8815
763,L00763,L,301.8,312.9,1369,33.6,51,0,0,0,0,0,0,LINE3-M02,2026-06-03T08:56:00,OP-109,MAT-8801
764,L00764,L,299.6,310.2,1520,33.8,53,0,0,0,0,0,0,LINE2-M02,2026-06-03T09:00:00,OP-105,MAT-8802
765,L00765,L,301.9,312.4,1597,37.2,55,0,0,0,0,0,0,LINE2-M01,2026-06-03T09:03:00,OP-106,MAT-8807
766,L00766,L,300.6,309.7,1383,49.0,57,0,0,0,0,0,0,LINE2-M02,2026-06-03T09:07:00,OP-108,MAT-8813
767,L00767,L,299.8,310.4,1369,56.6,59,0,0,0,0,0,0,LINE1-M02,2026-06-03T09:10:00,OP-104,MAT-8817
768,M00768,M,297.7,307.1,1553,45.7,62,0,0,0,0,0,0,LINE1-M01,2026-06-03T09:12:00,OP-105,MAT-8819
769,H00769,H,300.2,310.2,2028,47.6,67,1,0,0,1,0,0,LINE3-M01,2026-06-03T09:16:00,OP-106,MAT-8804
770,M00770,M,296.6,306.6,1525,34.3,70,0,0,0,0,0,0,LINE1-M01,2026-06-03T09:18:00,OP-105,MAT-8810
771,M00771,M,299.8,306.6,1687,33.6,73,0,0,0,0,0,0,LINE1-M01,2026-06-03T09:23:00,OP-101,MAT-8805
772,L00772,L,302.0,311.5,1631,40.1,75,0,0,0,0,0,0,LINE1-M02,2026-06-03T09:29:00,OP-108,MAT-8811
773,L00773,L,300.0,310.6,1535,33.2,77,0,0,0,0,0,0,LINE1-M02,2026-06-03T09:33:00,OP-107,MAT-8811
774,L00774,L,301.2,311.4,1619,30.7,79,0,0,0,0,0,0,LINE3-M01,2026-06-03T09:35:00,OP-104,MAT-8817
775,M00775,M,298.3,308.4,1390,38.3,82,0,0,0,0,0,0,LINE3-M01,2026-06-03T09:37:00,OP-107,MAT-8812
776,H00776,H,299.7,309.8,1303,40.4,87,0,0,0,0,0,0,LINE2-M01,2026-06-03T09:41:00,OP-103,MAT-8809
777,M00777,M,302.4,311.8,1670,26.0,90,0,0,0,0,0,0,LINE3-M02,2026-06-03T09:45:00,OP-100,MAT-8808
778,M00778,M,299.1,310.3,1334,40.3,93,0,0,0,0,0,0,LINE2-M02,2026-06-03T09:50:00,OP-101,MAT-8805
779,L00779,L,302.1,312.9,1481,30.4,95,0,0,0,0,0,0,LINE3-M02,2026-06-03T09:56:00,OP-107,MAT-8800
780,L00780,L,297.2,305.9,1928,45.2,97,1,0,0,1,0,0,LINE1-M02,2026-06-03T09:59:00,OP-103,MAT-8809
781,L00781,L,300.6,310.9,1168,32.9,99,0,0,0,0,0,0,LINE2-M02,2026-06-03T10:04:00,OP-107,MAT-8804
782,H00782,H,300.4,311.2,2044,48.1,104,1,0,0,1,0,0,LINE1-M01,2026-06-03T10:08:00,OP-106,MAT-8811
783,L00783,L,299.7,308.4,1605,19.7,106,1,0,0,1,0,0,LINE3-M01,2026-06-03T10:14:00,OP-101,MAT-8814
784,M00784,M,297.6,306.7,1355,27.6,109,0,0,0,0,0,0,LINE2-M01,2026-06-03T10:16:00,OP-109,MAT-8803
785,L00785,L,302.9,312.5,1900,17.7,111,0,0,0,0,0,0,LINE3-M02,2026-06-03T10:21:00,OP-101,MAT-8807
786,M00786,M,302.6,312.4,1178,48.2,114,0,0,0,0,0,0,LINE3-M02,2026-06-03T10:25:00,OP-106,MAT-8804
787,L00787,L,299.9,308.6,1649,36.8,116,0,0,0,0,0,0,LINE3-M01,2026-06-03T10:29:00,OP-106,MAT-8805
788,H00788,H,293.9,303.5,1215,43.6,121,0,0,0,0,0,0,LINE3-M02,2026-06-03T10:32:00,OP-103,MAT-8811
789,H00789,H,301.2,311.8,1206,43.3,126,0,0,0,0,0,0,LINE2-M02,2026-06-03T10:35:00,OP-110,MAT-8806
790,M00790,M,300.6,310.4,1389,31.0,129,0,0,0,0,0,0,LINE3-M01,2026-06-03T10:37:00,OP-100,MAT-8810
791,L00791,L,300.4,311.0,1865,51.1,131,1,0,0,1,0,0,LINE3-M01,2026-06-03T10:43:00,OP-100,MAT-8808
792,L00792,L,299.3,309.5,1192,38.7,133,0,0,0,0,0,0,LINE2-M01,2026-06-03T10:46:00,OP-108,MAT-8815
793,M00793,M,298.7,308.8,1432,44.7,136,0,0,0,0,0,0,LINE2-M01,2026-06-03T10:52:00,OP-104,MAT-8803
794,H00794,H,297.2,307.0,1891,45.5,141,1,0,0,1,0,0,LINE3-M02,2026-06-03T10:56:00,OP-106,MAT-8809
795,L00795,L,300.1,311.4,2103,46.6,143,1,0,0,1,0,0,LINE1-M02,2026-06-03T11:01:00,OP-100,MAT-8806
796,M00796,M,299.1,313.2,1612,30.3,146,0,0,0,0,0,0,LINE2-M01,2026-06-03T11:03:00,OP-107,MAT-8811
797,M00797,M,298.5,308.1,1611,31.1,149,0,0,0,0,0,0,LINE1-M02,2026-06-03T11:06:00,OP-101,MAT-8806
798,H00798,H,300.1,311.1,1703,30.7,154,0,0,0,0,0,0,LINE3-M01,2026-06-03T11:10:00,OP-109,MAT-8800
799,L00799,L,298.9,308.8,1315,41.4,156,0,0,0,0,0,0,LINE2-M01,2026-06-03T11:13:00,OP-105,MAT-8800
800,H00800,H,299.4,308.9,2054,43.8,161,1,0,0,1,0,0,LINE1-M02,2026-06-03T11:19:00,OP-102,MAT-8800
801,M00801,M,299.0,307.8,1865,28.8,164,0,0,0,0,0,0,LINE2-M01,2026-06-03T11:21:00,OP-110,MAT-8819
802,L00802,L,300.1,307.9,1483,40.1,166,0,0,0,0,0,0,LINE1-M01,2026-06-03T11:27:00,OP-100,MAT-8809
803,L00803,L,300.8,311.8,1568,43.1,168,0,0,0,0,0,0,LINE2-M01,2026-06-03T11:33:00,OP-106,MAT-8808
804,L00804,L,301.4,310.5,1168,42.7,170,0,0,0,0,0,0,LINE1-M01,2026-06-03T11:35:00,OP-106,MAT-8812
805,M00805,M,299.1,309.3,1281,40.3,173,0,0,0,0,0,0,LINE2-M02,2026-06-03T11:39:00,OP-111,MAT-8809
806,L00806,L,299.1,309.0,1572,45.3,175,0,0,0,0,0,0,LINE1-M02,2026-06-03T11:45:00,OP-107,MAT-8812
807,L00807,L,299.6,309.8,1536,39.7,177,0,0,0,0,0,0,LINE2-M01,2026-06-03T11:50:00,OP-106,MAT-8813
808,H00808,H,300.3,310.7,1474,60.1,182,1,0,0,1,0,0,LINE3-M01,2026-06-03T11:53:00,OP-107,MAT-8816
809,L00809,L,302.0,311.6,1526,35.2,184,0,0,0,0,0,0,LINE1-M02,2026-06-03T11:56:00,OP-103,MAT-8816
810,L00810,L,298.0,305.9,1314,42.2,186,1,0,1,0,0,0,LINE3-M01,2026-06-03T11:58:00,OP-108,MAT-8813
811,H00811,H,301.6,311.2,1313,49.8,191,0,0,0,0,0,0,LINE3-M01,2026-06-03T12:00:00,OP-101,MAT-8814
812,L00812,L,300.1,309.9,1499,27.9,193,0,0,0,0,0,0,LINE3-M02,2026-06-03T12:05:00,OP-105,MAT-8818
813,L00813,L,302.8,312.9,1708,16.1,195,1,0,0,1,0,0,LINE1-M01,2026-06-03T12:09:00,OP-102,MAT-8802
814,L00814,L,300.5,309.2,1484,37.6,197,0,0,0,0,0,0,LINE1-M02,2026-06-03T12:11:00,OP-107,MAT-8812
815,M00815,M,295.8,306.5,1682,44.2,200,0,0,0,0,0,0,LINE2-M02,2026-06-03T12:17:00,OP-104,MAT-8802
816,L00816,L,299.9,310.1,1528,23.8,202,0,0,0,0,0,0,LINE1-M01,2026-06-03T12:20:00,OP-107,MAT-8804
817,L00817,L,299.7,308.3,1192,34.2,204,0,0,0,0,0,0,LINE1-M02,2026-06-03T12:23:00,OP-107,MAT-8804
818,M00818,M,301.0,311.5,1542,50.0,207,0,0,0,0,0,0,LINE2-M02,2026-06-03T12:28:00,OP-100,MAT-8814
819,M00819,M,300.0,309.8,1574,34.3,210,0,0,0,0,0,0,LINE1-M02,2026-06-03T12:33:00,OP-100,MAT-8803
820,L00820,L,298.0,307.3,2021,42.8,212,1,0,0,1,0,0,LINE3-M02,2026-06-03T12:38:00,OP-100,MAT-8815
821,L00821,L,302.6,312.6,1346,53.8,214,1,0,0,0,1,0,LINE3-M01,2026-06-03T12:40:00,OP-106,MAT-8818
822,M00822,M,301.2,312.8,1647,52.4,217,1,1,0,1,0,0,LINE3-M02,2026-06-03T12:46:00,OP-107,MAT-8813
823,M00823,M,298.3,309.3,1201,43.7,220,0,0,0,0,0,0,LINE3-M02,2026-06-03T12:50:00,OP-102,MAT-8809
824,M00824,M,299.6,308.5,1789,39.7,223,1,1,0,0,0,0,LINE2-M01,2026-06-03T12:54:00,OP-109,MAT-8806
825,M00825,M,299.6,309.9,1488,47.5,226,1,1,0,0,0,0,LINE1-M02,2026-06-03T12:59:00,OP-107,MAT-8809
826,M00826,M,298.8,308.2,1393,38.7,229,1,1,0,0,0,0,LINE3-M01,2026-06-03T13:02:00,OP-101,MAT-8810
827,H00827,H,300.1,311.7,1454,43.3,234,0,0,0,0,0,0,LINE3-M02,2026-06-03T13:04:00,OP-102,MAT-8816
828,M00828,M,300.6,310.1,1849,32.0,237,0,0,0,0,0,0,LINE2-M01,2026-06-03T13:09:00,OP-101,MAT-8819
829,M00829,M,303.1,313.2,1539,60.2,240,1,1,0,1,1,0,LINE3-M01,2026-06-03T13:11:00,OP-102,MAT-8803
830,M00830,M,298.0,308.9,1202,48.1,0,0,0,0,0,0,0,LINE3-M02,2026-06-03T13:14:00,OP-105,MAT-8804
831,H00831,H,298.5,308.5,1730,40.0,5,0,0,0,0,0,0,LINE1-M02,2026-06-03T13:16:00,OP-105,MAT-8809
832,L00832,L,305.1,315.1,1521,37.3,7,0,0,0,0,0,0,LINE2-M01,2026-06-03T13:21:00,OP-102,MAT-8816
833,L00833,L,301.8,310.7,1168,43.3,9,0,0,0,0,0,0,LINE2-M02,2026-06-03T13:26:00,OP-100,MAT-8814
834,M00834,M,299.5,308.0,1286,55.8,12,1,0,1,0,0,0,LINE1-M02,2026-06-03T13:28:00,OP-105,MAT-8812
835,L00835,L,297.9,308.0,1351,66.6,14,1,0,0,1,0,0,LINE3-M02,2026-06-03T13:30:00,OP-106,MAT-8812
836,L00836,L,299.9,308.1,1344,44.4,16,1,0,1,0,0,0,LINE1-M02,2026-06-03T13:36:00,OP-107,MAT-8806
837,L00837,L,299.3,308.4,1168,48.8,18,0,0,0,0,0,0,LINE1-M01,2026-06-03T13:40:00,OP-108,MAT-8810
838,H00838,H,300.2,309.9,1404,23.4,23,1,0,0,1,0,0,LINE2-M01,2026-06-03T13:46:00,OP-101,MAT-8816
839,L00839,L,301.0,311.4,1607,53.5,25,1,0,0,1,0,0,LINE3-M02,2026-06-03T13:50:00,OP-108,MAT-8803
840,L00840,L,303.4,313.7,1378,63.6,27,1,0,0,1,0,0,LINE3-M01,2026-06-03T13:54:00,OP-107,MAT-8810
841,H00841,H,302.1,311.7,1721,39.5,32,0,0,0,0,0,0,LINE2-M01,2026-06-03T13:58:00,OP-111,MAT-8812
842,L00842,L,298.6,308.6,1830,51.9,34,1,0,0,1,0,0,LINE2-M02,2026-06-03T14:01:00,OP-101,MAT-8804
843,L00843,L,298.3,308.3,1663,67.9,36,1,0,0,1,0,0,LINE1-M02,2026-06-03T14:06:00,OP-110,MAT-8816
844,L00844,L,296.2,306.1,1728,20.7,38,0,0,0,0,0,0,LINE3-M02,2026-06-03T14:11:00,OP-111,MAT-8813
845,H00845,H,298.5,307.4,1540,26.9,43,0,0,0,0,0,0,LINE3-M01,2026-06-03T14:14:00,OP-111,MAT-8806
846,H00846,H,300.7,309.9,1744,30.2,48,0,0,0,0,0,0,LINE1-M02,2026-06-03T14:18:00,OP-101,MAT-8803
847,L00847,L,300.9,311.1,1412,26.8,50,0,0,0,0,0,0,LINE2-M02,2026-06-03T14:22:00,OP-104,MAT-8809
848,M00848,M,294.2,304.3,1731,28.9,53,0,0,0,0,0,0,LINE1-M02,2026-06-03T14:27:00,OP-104,MAT-8806
849,M00849,M,296.3,305.9,1755,34.6,56,0,0,0,0,0,0,LINE1-M01,2026-06-03T14:31:00,OP-106,MAT-8815
850,H00850,H,299.8,310.7,1797,38.4,61,0,0,0,0,0,0,LINE2-M01,2026-06-03T14:36:00,OP-102,MAT-8816
851,M00851,M,301.4,311.5,1745,34.1,64,0,0,0,0,0,0,LINE1-M02,2026-06-03T14:40:00,OP-106,MAT-8807
852,L00852,L,300.7,312.7,1623,56.4,66,1,0,0,1,0,0,LINE3-M02,2026-06-03T14:45:00,OP-110,MAT-8802
853,L00853,L,299.2,306.7,1797,39.3,68,0,0,0,0,0,0,LINE1-M01,2026-06-03T14:47:00,OP-109,MAT-8816
854,L00854,L,302.5,311.7,1649,36.3,70,0,0,0,0,0,0,LINE1-M01,2026-06-03T14:53:00,OP-104,MAT-8806
855,M00855,M,297.2,308.4,1483,48.5,73,0,0,0,0,0,0,LINE3-M02,2026-06-03T14:55:00,OP-106,MAT-8818
856,M00856,M,301.0,309.6,1335,44.0,76,0,0,0,0,0,0,LINE2-M01,2026-06-03T14:58:00,OP-108,MAT-8810
857,H00857,H,300.6,311.3,1475,48.4,81,0,0,0,0,0,0,LINE2-M01,2026-06-03T15:01:00,OP-102,MAT-8808
858,M00858,M,297.6,307.7,1439,38.1,84,0,0,0,0,0,0,LINE3-M02,2026-06-03T15:03:00,OP-102,MAT-8800
859,L00859,L,302.5,311.7,1284,45.9,86,0,0,0,0,0,0,LINE2-M02,2026-06-03T15:07:00,OP-101,MAT-8801
860,L00860,L,298.7,309.6,1668,42.1,88,0,0,0,0,0,0,LINE3-M02,2026-06-03T15:13:00,OP-101,MAT-8808
861,L00861,L,300.7,311.7,1602,23.1,90,0,0,0,0,0,0,LINE2-M01,2026-06-03T15:15:00,OP-100,MAT-8808
862,H00862,H,305.7,317.0,1168,34.8,95,0,0,0,0,0,0,LINE3-M01,2026-06-03T15:21:00,OP-104,MAT-8818
863,L00863,L,298.7,309.4,1771,43.8,97,0,0,0,0,0,0,LINE2-M01,2026-06-03T15:24:00,OP-103,MAT-8817
864,M00864,M,302.5,310.9,1333,32.2,100,1,0,1,0,0,0,LINE3-M02,2026-06-03T15:29:00,OP-110,MAT-8805
865,L00865,L,302.6,312.4,1541,47.3,102,0,0,0,0,0,0,LINE3-M02,2026-06-03T15:32:00,OP-100,MAT-8805
866,L00866,L,294.2,304.1,1360,37.8,104,0,0,0,0,0,0,LINE1-M02,2026-06-03T15:34:00,OP-106,MAT-8806
867,L00867,L,297.0,306.7,1475,32.7,106,0,0,0,0,0,0,LINE3-M02,2026-06-03T15:38:00,OP-111,MAT-8814
868,M00868,M,300.2,309.7,1664,40.3,109,0,0,0,0,0,0,LINE3-M02,2026-06-03T15:43:00,OP-100,MAT-8804
869,L00869,L,299.6,310.1,1525,27.8,111,0,0,0,0,0,0,LINE2-M02,2026-06-03T15:46:00,OP-106,MAT-8817
870,H00870,H,297.8,307.6,1447,47.1,116,0,0,0,0,0,0,LINE3-M02,2026-06-03T15:48:00,OP-110,MAT-8803
871,L00871,L,296.8,306.1,1168,48.0,118,0,0,0,0,0,0,LINE1-M01,2026-06-03T15:53:00,OP-101,MAT-8814
872,H00872,H,299.2,308.8,1452,48.9,123,0,0,0,0,0,0,LINE2-M02,2026-06-03T15:55:00,OP-103,MAT-8802
873,L00873,L,299.0,308.2,1502,47.7,125,0,0,0,0,0,0,LINE2-M01,2026-06-03T16:00:00,OP-104,MAT-8815
874,H00874,H,300.3,309.8,1353,45.0,130,0,0,0,0,0,0,LINE1-M02,2026-06-03T16:05:00,OP-109,MAT-8816
875,H00875,H,299.7,309.2,1656,3.8,135,1,0,0,1,0,0,LINE3-M01,2026-06-03T16:11:00,OP-101,MAT-8818
876,M00876,M,296.0,307.4,1299,38.0,138,0,0,0,0,0,0,LINE3-M02,2026-06-03T16:13:00,OP-110,MAT-8817
877,L00877,L,298.7,308.4,1263,42.3,140,0,0,0,0,0,0,LINE2-M02,2026-06-03T16:15:00,OP-106,MAT-8808
878,L00878,L,302.9,313.1,1699,51.0,142,1,0,0,1,0,0,LINE3-M01,2026-06-03T16:17:00,OP-100,MAT-8808
879,L00879,L,299.8,311.2,1702,33.3,144,0,0,0,0,0,0,LINE1-M01,2026-06-03T16:22:00,OP-103,MAT-8805
880,M00880,M,301.1,311.7,1356,48.9,147,0,0,0,0,0,0,LINE2-M01,2026-06-03T16:27:00,OP-109,MAT-8810
881,L00881,L,298.2,309.9,1713,38.5,149,0,0,0,0,0,0,LINE2-M01,2026-06-03T16:29:00,OP-101,MAT-8819
882,L00882,L,300.6,309.9,1651,22.4,151,0,0,0,0,0,0,LINE1-M01,2026-06-03T16:31:00,OP-100,MAT-8812
883,L00883,L,299.3,308.0,2128,23.7,153,0,0,0,0,0,0,LINE2-M01,2026-06-03T16:33:00,OP-104,MAT-8819
884,L00884,L,303.1,312.2,1224,44.5,155,0,0,0,0,0,0,LINE2-M02,2026-06-03T16:35:00,OP-106,MAT-8803
885,L00885,L,300.5,311.2,1168,45.8,157,0,0,0,0,0,0,LINE1-M02,2026-06-03T16:41:00,OP-106,MAT-8814
886,L00886,L,299.1,308.4,1865,32.0,159,0,0,0,0,0,0,LINE2-M02,2026-06-03T16:43:00,OP-109,MAT-8806
887,H00887,H,297.3,307.0,1620,32.3,164,0,0,0,0,0,0,LINE3-M01,2026-06-03T16:46:00,OP-110,MAT-8816
888,L00888,L,300.1,309.3,1425,52.9,166,0,0,0,0,0,0,LINE1-M01,2026-06-03T16:49:00,OP-100,MAT-8801
889,H00889,H,299.6,310.3,1705,38.2,171,0,0,0,0,0,0,LINE2-M01,2026-06-03T16:53:00,OP-102,MAT-8815
890,H00890,H,296.5,309.3,1770,42.0,176,0,0,0,0,0,0,LINE3-M01,2026-06-03T16:59:00,OP-100,MAT-8807
891,L00891,L,300.8,311.2,1168,37.4,178,0,0,0,0,0,0,LINE1-M01,2026-06-03T17:03:00,OP-110,MAT-8806
892,H00892,H,297.5,309.0,1751,49.5,183,1,0,0,1,0,0,LINE3-M02,2026-06-03T17:08:00,OP-109,MAT-8818
893,H00893,H,304.0,315.1,1512,35.1,188,0,0,0,0,0,0,LINE1-M01,2026-06-03T17:11:00,OP-111,MAT-8807
894,M00894,M,300.8,311.7,1547,40.0,191,0,0,0,0,0,0,LINE3-M02,2026-06-03T17:15:00,OP-103,MAT-8812
895,L00895,L,302.2,311.5,1196,42.2,193,0,0,0,0,0,0,LINE1-M01,2026-06-03T17:19:00,OP-102,MAT-8809
896,M00896,M,301.3,310.9,1588,31.7,196,0,0,0,0,0,0,LINE1-M01,2026-06-03T17:21:00,OP-103,MAT-8809
897,M00897,M,294.8,303.5,1589,18.0,199,1,0,0,1,0,0,LINE1-M01,2026-06-03T17:27:00,OP-103,MAT-8800
898,M00898,M,303.5,312.8,1404,38.7,202,0,0,0,0,0,0,LINE1-M02,2026-06-03T17:31:00,OP-107,MAT-8807
899,L00899,L,302.4,310.2,1772,33.8,204,0,0,0,0,0,0,LINE2-M01,2026-06-03T17:37:00,OP-101,MAT-8804
900,L00900,L,300.2,312.3,1168,55.9,206,1,1,0,0,1,0,LINE2-M02,2026-06-03T17:41:00,OP-110,MAT-8807
901,L00901,L,297.6,307.5,1360,33.3,208,0,0,0,0,0,0,LINE1-M02,2026-06-03T17:44:00,OP-102,MAT-8816
902,H00902,H,297.9,305.6,1671,44.3,213,0,0,0,0,0,0,LINE3-M01,2026-06-03T17:49:00,OP-102,MAT-8816
903,L00903,L,301.0,311.6,1168,27.6,215,1,0,0,1,0,0,LINE3-M02,2026-06-03T17:54:00,OP-102,MAT-8810
904,M00904,M,300.7,309.6,1970,27.7,218,1,1,0,0,0,0,LINE1-M01,2026-06-03T17:56:00,OP-103,MAT-8814
905,M00905,M,298.8,308.8,1495,41.2,221,0,0,0,0,0,0,LINE1-M01,2026-06-03T18:02:00,OP-101,MAT-8809
906,H00906,H,301.5,310.2,1752,36.6,226,0,0,0,0,0,0,LINE3-M02,2026-06-03T18:08:00,OP-106,MAT-8814
907,L00907,L,304.1,314.6,1403,54.1,228,1,1,0,0,1,0,LINE2-M01,2026-06-03T18:12:00,OP-102,MAT-8814
908,L00908,L,302.1,312.8,1210,45.5,230,1,1,0,0,0,0,LINE1-M01,2026-06-03T18:15:00,OP-101,MAT-8811
909,H00909,H,296.3,303.2,1623,36.4,235,1,1,0,0,0,0,LINE1-M02,2026-06-03T18:21:00,OP-100,MAT-8809
910,L00910,L,304.0,313.1,1171,36.5,237,1,1,0,0,0,0,LINE1-M02,2026-06-03T18:27:00,OP-103,MAT-8807
911,L00911,L,298.0,306.0,1530,41.7,239,1,1,0,0,0,0,LINE2-M01,2026-06-03T18:29:00,OP-106,MAT-8813
912,H00912,H,300.4,311.4,1405,17.5,0,1,0,0,1,0,0,LINE2-M02,2026-06-03T18:31:00,OP-105,MAT-8807
913,M00913,M,297.0,307.9,1540,44.7,3,0,0,0,0,0,0,LINE1-M01,2026-06-03T18:37:00,OP-102,MAT-8804
914,L00914,L,301.8,311.3,1243,50.9,5,0,0,0,0,0,0,LINE2-M02,2026-06-03T18:43:00,OP-103,MAT-8812
915,L00915,L,300.2,310.7,1571,38.4,7,0,0,0,0,0,0,LINE2-M02,2026-06-03T18:49:00,OP-101,MAT-8805
916,M00916,M,299.5,309.3,1168,47.5,10,0,0,0,0,0,0,LINE2-M01,2026-06-03T18:55:00,OP-102,MAT-8806
917,H00917,H,300.4,310.0,1603,40.7,15,0,0,0,0,0,0,LINE3-M01,2026-06-03T18:59:00,OP-107,MAT-8801
918,M00918,M,298.4,308.6,1274,41.0,18,0,0,0,0,0,0,LINE2-M01,2026-06-03T19:04:00,OP-101,MAT-8804
919,L00919,L,298.1,308.6,1821,36.5,20,0,0,0,0,0,0,LINE1-M01,2026-06-03T19:07:00,OP-104,MAT-8813
920,H00920,H,301.7,312.4,1392,61.9,25,1,0,0,1,0,0,LINE3-M02,2026-06-03T19:10:00,OP-104,MAT-8806
921,M00921,M,298.4,309.1,2023,25.7,28,0,0,0,0,0,0,LINE3-M02,2026-06-03T19:14:00,OP-107,MAT-8814
922,L00922,L,301.7,311.1,1615,65.6,30,1,0,0,1,0,0,LINE2-M02,2026-06-03T19:19:00,OP-106,MAT-8819
923,M00923,M,298.8,310.4,1695,47.8,33,0,0,0,0,0,0,LINE1-M02,2026-06-03T19:25:00,OP-111,MAT-8801
924,M00924,M,300.8,310.3,1379,38.3,36,0,0,0,0,0,0,LINE2-M01,2026-06-03T19:31:00,OP-111,MAT-8806
925,L00925,L,299.2,309.4,1610,39.0,38,0,0,0,0,0,0,LINE1-M01,2026-06-03T19:35:00,OP-108,MAT-8810
926,L00926,L,299.2,308.4,1168,23.8,40,1,0,0,1,0,0,LINE1-M01,2026-06-03T19:40:00,OP-110,MAT-8814
927,M00927,M,302.4,314.5,1590,3.9,43,1,0,0,1,0,0,LINE2-M02,2026-06-03T19:43:00,OP-107,MAT-8814
928,L00928,L,299.6,308.1,1666,29.6,45,0,0,0,0,0,0,LINE1-M01,2026-06-03T19:46:00,OP-109,MAT-8803
929,M00929,M,298.8,308.1,1444,26.7,48,0,0,0,0,0,0,LINE3-M01,2026-06-03T19:48:00,OP-110,MAT-8808
930,H00930,H,300.8,311.3,1574,39.9,53,0,0,0,0,0,0,LINE1-M02,2026-06-03T19:54:00,OP-111,MAT-8801
931,L00931,L,299.8,310.4,1528,37.6,55,0,0,0,0,0,0,LINE2-M02,2026-06-03T19:56:00,OP-107,MAT-8801
932,H00932,H,298.0,307.6,1269,46.9,60,0,0,0,0,0,0,LINE2-M01,2026-06-03T19:59:00,OP-103,MAT-8802
933,H00933,H,296.4,306.7,1449,37.0,65,0,0,0,0,0,0,LINE3-M01,2026-06-03T20:02:00,OP-103,MAT-8803
934,L00934,L,298.7,306.8,1228,58.4,67,1,0,1,0,0,0,LINE2-M01,2026-06-03T20:06:00,OP-109,MAT-8806
935,M00935,M,296.8,306.4,1573,29.1,70,0,0,0,0,0,0,LINE2-M02,2026-06-03T20:08:00,OP-100,MAT-8812
936,M00936,M,296.0,304.1,1196,61.3,73,1,0,1,0,0,0,LINE2-M01,2026-06-03T20:14:00,OP-101,MAT-8806
937,M00937,M,297.5,308.0,2417,35.5,76,0,0,0,0,0,0,LINE3-M02,2026-06-03T20:16:00,OP-110,MAT-8812
938,M00938,M,300.6,310.5,1338,42.1,79,0,0,0,0,0,0,LINE3-M02,2026-06-03T20:20:00,OP-101,MAT-8810
939,H00939,H,299.9,308.7,1877,23.4,84,0,0,0,0,0,0,LINE3-M01,2026-06-03T20:23:00,OP-103,MAT-8800
940,L00940,L,303.0,311.9,1440,38.3,86,0,0,0,0,0,0,LINE1-M01,2026-06-03T20:28:00,OP-100,MAT-8804
941,M00941,M,296.2,306.5,1168,40.8,89,0,0,0,0,0,0,LINE1-M02,2026-06-03T20:30:00,OP-111,MAT-8810
942,M00942,M,299.3,308.5,1493,45.0,92,0,0,0,0,0,0,LINE2-M02,2026-06-03T20:36:00,OP-100,MAT-8807
943,M00943,M,301.4,310.6,1642,25.8,95,0,0,0,0,0,0,LINE3-M01,2026-06-03T20:39:00,OP-109,MAT-8812
944,L00944,L,302.6,312.6,1281,23.1,97,1,0,0,1,0,0,LINE1-M01,2026-06-03T20:44:00,OP-100,MAT-8804
945,L00945,L,300.6,310.7,1460,39.3,99,0,0,0,0,0,0,LINE1-M02,2026-06-03T20:50:00,OP-111,MAT-8814
946,H00946,H,300.4,309.9,1402,32.5,104,0,0,0,0,0,0,LINE1-M02,2026-06-03T20:56:00,OP-104,MAT-8818
947,M00947,M,303.8,311.6,1503,51.9,107,0,0,0,0,0,0,LINE1-M02,2026-06-03T21:01:00,OP-106,MAT-8812
948,H00948,H,298.1,308.1,1548,58.9,112,1,0,0,1,0,0,LINE1-M02,2026-06-03T21:06:00,OP-100,MAT-8812
949,L00949,L,300.1,309.3,1696,21.4,114,0,0,0,0,0,0,LINE2-M02,2026-06-03T21:09:00,OP-107,MAT-8809
950,M00950,M,301.1,311.6,1861,49.6,117,1,0,0,1,0,0,LINE1-M02,2026-06-03T21:13:00,OP-103,MAT-8804
951,L00951,L,303.7,312.8,1168,45.6,119,0,0,0,0,0,0,LINE3-M02,2026-06-03T21:18:00,OP-106,MAT-8815
952,L00952,L,301.9,310.4,1524,27.9,121,0,0,0,0,0,0,LINE1-M02,2026-06-03T21:20:00,OP-109,MAT-8805
953,L00953,L,300.7,309.5,1273,20.6,123,1,0,0,1,0,0,LINE3-M02,2026-06-03T21:24:00,OP-110,MAT-8811
954,M00954,M,299.2,310.0,1480,38.5,126,0,0,0,0,0,0,LINE3-M01,2026-06-03T21:26:00,OP-104,MAT-8819
955,M00955,M,297.2,305.4,1168,37.5,129,1,0,1,0,0,0,LINE3-M01,2026-06-03T21:32:00,OP-100,MAT-8803
956,H00956,H,298.0,308.7,1442,27.6,134,0,0,0,0,0,0,LINE2-M01,2026-06-03T21:35:00,OP-106,MAT-8808
957,H00957,H,298.7,308.0,1518,36.0,139,0,0,0,0,0,0,LINE2-M02,2026-06-03T21:41:00,OP-111,MAT-8802
958,L00958,L,301.1,311.6,1358,46.2,141,0,0,0,0,0,0,LINE2-M01,2026-06-03T21:44:00,OP-111,MAT-8812
959,M00959,M,296.7,306.3,1661,41.5,144,0,0,0,0,0,0,LINE1-M02,2026-06-03T21:46:00,OP-108,MAT-8813
960,H00960,H,299.8,310.0,1455,41.5,149,0,0,0,0,0,0,LINE1-M02,2026-06-03T21:49:00,OP-102,MAT-8816
961,L00961,L,300.9,311.9,1168,53.5,151,0,0,0,0,0,0,LINE3-M01,2026-06-03T21:51:00,OP-103,MAT-8808
962,L00962,L,300.1,309.8,1660,43.2,153,0,0,0,0,0,0,LINE1-M02,2026-06-03T21:54:00,OP-101,MAT-8812
963,H00963,H,296.0,305.3,1337,30.3,158,0,0,0,0,0,0,LINE2-M01,2026-06-03T21:59:00,OP-100,MAT-8801
964,L00964,L,300.4,310.6,1518,45.1,160,0,0,0,0,0,0,LINE1-M01,2026-06-03T22:01:00,OP-108,MAT-8800
965,L00965,L,301.3,310.2,1718,39.9,162,0,0,0,0,0,0,LINE2-M02,2026-06-03T22:06:00,OP-109,MAT-8813
966,M00966,M,301.4,310.3,1335,38.0,165,0,0,0,0,0,0,LINE2-M02,2026-06-03T22:09:00,OP-106,MAT-8819
967,H00967,H,300.5,309.6,1524,48.3,170,0,0,0,0,0,0,LINE2-M02,2026-06-03T22:11:00,OP-111,MAT-8804
968,M00968,M,302.4,311.5,1608,40.3,173,0,0,0,0,0,0,LINE2-M02,2026-06-03T22:14:00,OP-109,MAT-8815
969,M00969,M,302.5,314.7,1187,50.2,176,0,0,0,0,0,0,LINE1-M02,2026-06-03T22:18:00,OP-100,MAT-8810
970,H00970,H,299.7,308.5,1433,40.4,181,0,0,0,0,0,0,LINE2-M02,2026-06-03T22:20:00,OP-107,MAT-8803
971,L00971,L,297.5,307.1,1664,32.2,183,0,0,0,0,0,0,LINE3-M01,2026-06-03T22:26:00,OP-102,MAT-8815
972,H00972,H,296.8,306.6,1237,48.2,188,0,0,0,0,0,0,LINE1-M02,2026-06-03T22:31:00,OP-101,MAT-8815
973,L00973,L,299.1,311.2,1259,63.0,190,1,0,0,0,1,0,LINE1-M02,2026-06-03T22:33:00,OP-111,MAT-8800
974,M00974,M,297.1,308.4,1168,27.2,193,1,0,0,1,0,0,LINE3-M01,2026-06-03T22:35:00,OP-108,MAT-8815
975,H00975,H,299.8,309.4,1302,43.0,198,0,0,0,0,0,0,LINE3-M02,2026-06-03T22:40:00,OP-110,MAT-8817
976,L00976,L,304.6,314.4,1347,55.1,200,1,0,0,0,1,0,LINE1-M01,2026-06-03T22:42:00,OP-105,MAT-8818
977,M00977,M,298.3,310.1,1474,57.7,203,0,0,0,0,0,0,LINE2-M01,2026-06-03T22:44:00,OP-109,MAT-8817
978,H00978,H,299.0,310.2,1542,30.9,208,0,0,0,0,0,0,LINE3-M01,2026-06-03T22:48:00,OP-108,MAT-8819
979,L00979,L,301.7,311.9,1878,24.8,210,0,0,0,0,0,0,LINE2-M01,2026-06-03T22:53:00,OP-104,MAT-8807
980,H00980,H,300.8,312.1,1678,35.2,215,1,1,0,0,0,0,LINE3-M02,2026-06-03T22:55:00,OP-104,MAT-8816
981,L00981,L,302.3,311.5,1601,43.7,217,1,1,0,0,0,0,LINE3-M02,2026-06-03T22:59:00,OP-100,MAT-8810
982,M00982,M,302.6,311.5,1530,36.2,220,1,1,0,0,0,0,LINE3-M02,2026-06-03T23:04:00,OP-104,MAT-8805
983,L00983,L,296.7,307.7,1464,37.4,222,0,0,0,0,0,0,LINE3-M02,2026-06-03T23:06:00,OP-104,MAT-8806
984,M00984,M,299.7,309.3,1564,31.8,225,0,0,0,0,0,0,LINE1-M02,2026-06-03T23:12:00,OP-107,MAT-8805
985,L00985,L,301.7,310.0,1675,46.8,227,1,1,0,0,0,0,LINE1-M01,2026-06-03T23:15:00,OP-111,MAT-8806
986,L00986,L,300.9,311.6,1446,48.7,229,1,1,0,0,1,0,LINE3-M01,2026-06-03T23:20:00,OP-100,MAT-8803
987,M00987,M,301.5,311.9,1697,31.5,232,1,1,0,0,0,0,LINE1-M02,2026-06-03T23:25:00,OP-103,MAT-8801
988,H00988,H,301.5,311.5,1168,44.7,237,1,1,0,0,0,0,LINE3-M02,2026-06-03T23:30:00,OP-104,MAT-8814
989,M00989,M,299.3,311.7,1517,37.1,240,1,1,0,0,0,0,LINE3-M02,2026-06-03T23:36:00,OP-104,MAT-8803
990,M00990,M,303.2,313.7,1243,44.3,0,0,0,0,0,0,0,LINE1-M01,2026-06-03T23:40:00,OP-106,MAT-8800
991,M00991,M,297.4,306.5,1391,54.2,3,0,0,0,0,0,0,LINE1-M01,2026-06-03T23:45:00,OP-103,MAT-8803
992,L00992,L,300.0,309.8,1423,21.8,5,1,0,0,1,0,0,LINE2-M01,2026-06-03T23:50:00,OP-100,MAT-8804
993,H00993,H,300.5,310.5,1660,39.7,10,0,0,0,0,0,0,LINE3-M02,2026-06-03T23:52:00,OP-105,MAT-8817
994,M00994,M,303.4,312.8,1790,36.0,13,0,0,0,0,0,0,LINE1-M02,2026-06-03T23:56:00,OP-110,MAT-8817
995,L00995,L,301.4,311.6,1642,27.9,15,0,0,0,0,0,0,LINE3-M01,2026-06-04T00:00:00,OP-111,MAT-8803
996,M00996,M,300.6,310.3,1344,40.5,18,0,0,0,0,0,0,LINE1-M01,2026-06-04T00:03:00,OP-109,MAT-8811
997,M00997,M,301.0,310.1,1375,30.7,21,0,0,0,0,0,0,LINE2-M02,2026-06-04T00:07:00,OP-110,MAT-8805
998,M00998,M,300.2,310.7,1450,40.8,24,0,0,0,0,0,0,LINE3-M01,2026-06-04T00:10:00,OP-101,MAT-8808
999,L00999,L,301.9,313.2,1168,50.9,26,0,0,0,0,0,0,LINE3-M01,2026-06-04T00:16:00,OP-106,MAT-8804
1000,M01000,M,299.2,307.1,1372,48.8,29,1,0,1,0,0,0,LINE1-M01,2026-06-04T00:22:00,OP-104,MAT-8803
1001,L01001,L,300.1,310.1,1168,54.3,31,0,0,0,0,0,0,LINE1-M01,2026-06-04T00:26:00,OP-104,MAT-8800
1002,M01002,M,298.0,307.0,1711,35.3,34,0,0,0,0,0,0,LINE1-M01,2026-06-04T00:28:00,OP-108,MAT-8809
1003,M01003,M,297.0,307.3,1901,28.0,37,0,0,0,0,0,0,LINE2-M02,2026-06-04T00:34:00,OP-109,MAT-8803
1004,L01004,L,300.9,311.7,1368,33.0,39,0,0,0,0,0,0,LINE3-M02,2026-06-04T00:38:00,OP-107,MAT-8818
1005,H01005,H,298.6,308.3,1633,33.3,44,0,0,0,0,0,0,LINE1-M02,2026-06-04T00:41:00,OP-109,MAT-8808
1006,H01006,H,299.0,307.5,1396,64.6,49,1,0,0,1,0,0,LINE3-M02,2026-06-04T00:44:00,OP-111,MAT-8814
1007,L01007,L,296.1,307.0,1318,23.7,51,1,0,0,1,0,0,LINE2-M01,2026-06-04T00:47:00,OP-104,MAT-8813
1008,H01008,H,299.5,308.2,1257,25.2,56,1,0,0,1,0,0,LINE1-M01,2026-06-04T00:53:00,OP-111,MAT-8809
1009,H01009,H,299.7,308.5,1754,46.7,61,0,0,0,0,0,0,LINE3-M01,2026-06-04T00:58:00,OP-106,MAT-8800
1010,L01010,L,301.6,310.7,1483,32.1,63,0,0,0,0,0,0,LINE3-M02,2026-06-04T01:03:00,OP-103,MAT-8816
1011,H01011,H,297.9,307.9,1768,44.6,68,0,0,0,0,0,0,LINE1-M01,2026-06-04T01:09:00,OP-101,MAT-8811
1012,L01012,L,296.2,307.7,1653,42.1,70,0,0,0,0,0,0,LINE1-M02,2026-06-04T01:14:00,OP-101,MAT-8810
1013,L01013,L,298.9,307.8,2015,54.6,72,1,0,0,1,0,0,LINE2-M02,2026-06-04T01:18:00,OP-104,MAT-8808
1014,L01014,L,303.1,312.6,1494,30.9,74,0,0,0,0,0,0,LINE2-M01,2026-06-04T01:24:00,OP-105,MAT-8800
1015,H01015,H,299.0,307.7,1495,23.6,79,0,0,0,0,0,0,LINE3-M01,2026-06-04T01:28:00,OP-106,MAT-8811
1016,L01016,L,300.4,310.0,1759,37.5,81,0,0,0,0,0,0,LINE1-M02,2026-06-04T01:34:00,OP-101,MAT-8815
1017,L01017,L,300.4,311.4,1289,32.9,83,0,0,0,0,0,0,LINE2-M02,2026-06-04T01:39:00,OP-105,MAT-8813
1018,L01018,L,297.8,306.8,1538,50.2,85,0,0,0,0,0,0,LINE1-M01,2026-06-04T01:44:00,OP-105,MAT-8813
1019,L01019,L,298.5,308.9,1399,31.4,87,0,0,0,0,0,0,LINE2-M01,2026-06-04T01:47:00,OP-102,MAT-8812
1020,H01020,H,299.9,309.8,1905,22.4,92,0,0,0,0,0,0,LINE2-M02,2026-06-04T01:50:00,OP-101,MAT-8813
1021,M01021,M,300.8,310.4,1604,53.2,95,0,0,0,0,0,0,LINE2-M02,2026-06-04T01:54:00,OP-102,MAT-8803
1022,L01022,L,299.4,308.6,1748,32.0,97,0,0,0,0,0,0,LINE3-M01,2026-06-04T01:56:00,OP-100,MAT-8810
1023,L01023,L,298.0,307.7,1674,46.3,99,0,0,0,0,0,0,LINE2-M02,2026-06-04T02:00:00,OP-101,MAT-8813
1024,L01024,L,302.0,312.7,1697,30.7,101,0,0,0,0,0,0,LINE1-M02,2026-06-04T02:04:00,OP-111,MAT-8807
1025,L01025,L,304.8,314.0,1511,35.4,103,0,0,0,0,0,0,LINE3-M01,2026-06-04T02:10:00,OP-103,MAT-8818
1026,L01026,L,297.9,306.1,1476,52.4,105,0,0,0,0,0,0,LINE2-M01,2026-06-04T02:12:00,OP-102,MAT-8813
1027,L01027,L,302.9,312.6,1559,54.2,107,0,0,0,0,0,0,LINE3-M02,2026-06-04T02:17:00,OP-111,MAT-8807
1028,L01028,L,301.1,311.4,1759,58.6,109,1,0,0,1,0,0,LINE2-M01,2026-06-04T02:19:00,OP-104,MAT-8811
1029,L01029,L,301.9,313.0,1282,51.5,111,0,0,0,0,0,0,LINE1-M02,2026-06-04T02:21:00,OP-103,MAT-8809
1030,L01030,L,299.2,309.4,1708,43.0,113,0,0,0,0,0,0,LINE2-M02,2026-06-04T02:25:00,OP-105,MAT-8809
1031,M01031,M,299.7,311.2,1313,63.5,116,0,0,0,0,0,0,LINE2-M02,2026-06-04T02:28:00,OP-111,MAT-8811
1032,L01032,L,301.9,310.2,2003,32.9,118,0,0,0,0,0,0,LINE3-M02,2026-06-04T02:31:00,OP-101,MAT-8803
1033,L01033,L,302.8,312.9,1921,23.1,120,0,0,0,0,0,0,LINE1-M02,2026-06-04T02:34:00,OP-101,MAT-8802
1034,H01034,H,300.8,311.3,1300,35.6,125,0,0,0,0,0,0,LINE3-M01,2026-06-04T02:37:00,OP-100,MAT-8804
1035,H01035,H,299.1,310.9,1496,34.3,130,0,0,0,0,0,0,LINE2-M02,2026-06-04T02:43:00,OP-107,MAT-8803
1036,M01036,M,298.1,307.9,1441,43.0,133,0,0,0,0,0,0,LINE1-M01,2026-06-04T02:49:00,OP-109,MAT-8808
1037,L01037,L,297.7,307.0,2042,25.3,135,0,0,0,0,0,0,LINE3-M02,2026-06-04T02:52:00,OP-107,MAT-8817
1038,L01038,L,301.3,311.2,1719,32.7,137,0,0,0,0,0,0,LINE3-M02,2026-06-04T02:57:00,OP-106,MAT-8819
1039,L01039,L,303.1,312.5,1762,43.0,139,0,0,0,0,0,0,LINE3-M01,2026-06-04T03:03:00,OP-108,MAT-8814
1040,M01040,M,301.5,311.6,1495,44.6,142,0,0,0,0,0,0,LINE2-M02,2026-06-04T03:06:00,OP-108,MAT-8803
1041,L01041,L,302.2,313.5,1547,50.6,144,0,0,0,0,0,0,LINE2-M01,2026-06-04T03:09:00,OP-104,MAT-8801
1042,L01042,L,301.2,310.9,1712,32.8,146,0,0,0,0,0,0,LINE3-M02,2026-06-04T03:13:00,OP-105,MAT-8802
1043,H01043,H,297.5,307.9,1724,37.8,151,0,0,0,0,0,0,LINE2-M01,2026-06-04T03:17:00,OP-110,MAT-8800
1044,L01044,L,295.9,305.7,1308,52.6,153,0,0,0,0,0,0,LINE3-M01,2026-06-04T03:19:00,OP-111,MAT-8812
1045,M01045,M,301.8,310.4,1524,31.7,156,0,0,0,0,0,0,LINE1-M02,2026-06-04T03:24:00,OP-104,MAT-8806
1046,L01046,L,301.4,310.9,1598,34.1,158,0,0,0,0,0,0,LINE1-M02,2026-06-04T03:29:00,OP-105,MAT-8804
1047,H01047,H,303.0,312.0,1352,34.8,163,0,0,0,0,0,0,LINE1-M02,2026-06-04T03:32:00,OP-111,MAT-8805
1048,L01048,L,299.6,310.6,1710,37.4,165,0,0,0,0,0,0,LINE3-M01,2026-06-04T03:37:00,OP-101,MAT-8804
1049,L01049,L,301.0,310.8,1168,34.4,167,0,0,0,0,0,0,LINE1-M01,2026-06-04T03:42:00,OP-111,MAT-8800
1050,L01050,L,300.0,311.9,1633,57.1,169,1,0,0,1,0,0,LINE3-M01,2026-06-04T03:44:00,OP-102,MAT-8807
1051,L01051,L,297.0,305.7,1168,39.4,171,0,0,0,0,0,0,LINE3-M02,2026-06-04T03:50:00,OP-111,MAT-8802
1052,M01052,M,297.8,308.4,1613,27.1,174,0,0,0,0,0,0,LINE2-M02,2026-06-04T03:53:00,OP-107,MAT-8804
1053,L01053,L,299.1,308.5,1508,47.3,176,0,0,0,0,0,0,LINE1-M01,2026-06-04T03:55:00,OP-101,MAT-8817
1054,L01054,L,298.6,309.0,1478,28.0,178,0,0,0,0,0,0,LINE1-M01,2026-06-04T03:57:00,OP-103,MAT-8813
1055,L01055,L,298.6,308.7,1435,27.8,180,0,0,0,0,0,0,LINE3-M01,2026-06-04T04:02:00,OP-107,MAT-8805
1056,L01056,L,299.3,310.8,1473,46.8,182,0,0,0,0,0,0,LINE3-M02,2026-06-04T04:04:00,OP-101,MAT-8811
1057,L01057,L,295.9,306.9,2456,35.3,184,1,0,0,1,0,0,LINE2-M01,2026-06-04T04:10:00,OP-110,MAT-8813
1058,H01058,H,299.1,309.5,1425,28.4,189,0,0,0,0,0,0,LINE3-M02,2026-06-04T04:15:00,OP-104,MAT-8802
1059,L01059,L,300.5,309.5,1168,43.9,191,0,0,0,0,0,0,LINE2-M01,2026-06-04T04:18:00,OP-106,MAT-8814
1060,L01060,L,299.7,308.7,1672,36.4,193,0,0,0,0,0,0,LINE1-M01,2026-06-04T04:22:00,OP-105,MAT-8804
1061,L01061,L,302.0,313.2,1602,35.6,195,0,0,0,0,0,0,LINE3-M02,2026-06-04T04:27:00,OP-109,MAT-8810
1062,L01062,L,299.4,309.5,2142,30.0,197,0,0,0,0,0,0,LINE3-M02,2026-06-04T04:32:00,OP-108,MAT-8817
1063,L01063,L,297.5,309.3,1430,46.6,199,0,0,0,0,0,0,LINE3-M02,2026-06-04T04:38:00,OP-108,MAT-8818
1064,L01064,L,300.0,308.5,1516,39.3,201,0,0,0,0,0,0,LINE2-M02,2026-06-04T04:40:00,OP-102,MAT-8803
1065,L01065,L,297.6,309.0,1979,45.0,203,1,0,0,1,0,0,LINE2-M02,2026-06-04T04:43:00,OP-102,MAT-8817
1066,L01066,L,300.6,311.4,1603,28.9,205,0,0,0,0,0,0,LINE3-M02,2026-06-04T04:45:00,OP-105,MAT-8801
1067,H01067,H,299.3,310.1,1957,39.2,210,1,1,0,0,0,0,LINE1-M01,2026-06-04T04:48:00,OP-105,MAT-8804
1068,H01068,H,295.9,304.2,1324,42.4,215,1,0,1,0,0,0,LINE3-M02,2026-06-04T04:51:00,OP-107,MAT-8813
1069,M01069,M,299.6,309.7,1524,45.3,218,0,0,0,0,0,0,LINE1-M01,2026-06-04T04:57:00,OP-100,MAT-8812
1070,L01070,L,300.5,309.5,1584,45.9,220,0,0,0,0,0,0,LINE3-M02,2026-06-04T05:01:00,OP-111,MAT-8807
1071,L01071,L,300.2,309.8,1175,34.4,222,1,1,0,0,0,0,LINE1-M01,2026-06-04T05:06:00,OP-106,MAT-8819
1072,L01072,L,301.1,309.1,1300,48.4,224,1,1,1,0,0,0,LINE2-M02,2026-06-04T05:11:00,OP-106,MAT-8805
1073,H01073,H,303.3,313.1,1660,43.5,229,1,1,0,0,0,0,LINE2-M01,2026-06-04T05:17:00,OP-103,MAT-8809
1074,L01074,L,299.0,308.0,1846,56.1,231,1,1,0,1,1,0,LINE1-M01,2026-06-04T05:23:00,OP-103,MAT-8808
1075,L01075,L,304.3,313.8,1710,49.9,233,1,1,0,0,1,0,LINE1-M02,2026-06-04T05:27:00,OP-100,MAT-8811
1076,H01076,H,304.3,312.0,1850,46.2,238,1,1,0,0,0,0,LINE2-M02,2026-06-04T05:29:00,OP-111,MAT-8816
1077,M01077,M,295.9,304.7,1637,54.4,0,1,0,0,1,0,0,LINE2-M01,2026-06-04T05:31:00,OP-102,MAT-8814
1078,M01078,M,299.1,308.1,1480,22.8,3,0,0,0,0,0,0,LINE3-M02,2026-06-04T05:37:00,OP-107,MAT-8804
1079,L01079,L,300.9,310.9,1380,24.0,5,1,0,0,1,0,0,LINE3-M02,2026-06-04T05:39:00,OP-103,MAT-8806
1080,H01080,H,298.6,309.1,1584,32.4,10,0,0,0,0,0,0,LINE2-M01,2026-06-04T05:42:00,OP-107,MAT-8803
1081,H01081,H,300.0,310.6,1571,46.5,15,0,0,0,0,0,0,LINE3-M02,2026-06-04T05:46:00,OP-105,MAT-8802
1082,H01082,H,299.5,310.6,1168,45.8,20,0,0,0,0,0,0,LINE2-M02,2026-06-04T05:51:00,OP-110,MAT-8804
1083,L01083,L,300.7,312.2,1317,45.9,22,0,0,0,0,0,0,LINE2-M02,2026-06-04T05:55:00,OP-109,MAT-8804
1084,M01084,M,299.7,310.5,1168,51.3,25,0,0,0,0,0,0,LINE1-M02,2026-06-04T05:59:00,OP-108,MAT-8814
1085,L01085,L,299.4,309.1,1434,41.9,27,0,0,0,0,0,0,LINE3-M01,2026-06-04T06:01:00,OP-111,MAT-8817
1086,L01086,L,298.9,307.8,1648,50.9,29,0,0,0,0,0,0,LINE2-M01,2026-06-04T06:07:00,OP-103,MAT-8812
1087,L01087,L,298.0,309.8,2030,26.4,31,0,0,0,0,0,0,LINE2-M01,2026-06-04T06:13:00,OP-101,MAT-8805
1088,L01088,L,298.4,307.5,1496,48.0,33,0,0,0,0,0,0,LINE2-M02,2026-06-04T06:16:00,OP-101,MAT-8810
1089,H01089,H,300.8,309.9,1729,37.0,38,0,0,0,0,0,0,LINE1-M02,2026-06-04T06:21:00,OP-107,MAT-8801
1090,M01090,M,300.4,312.0,1530,41.1,41,0,0,0,0,0,0,LINE3-M01,2026-06-04T06:25:00,OP-109,MAT-8812
1091,M01091,M,298.6,307.7,1377,38.8,44,0,0,0,0,0,0,LINE1-M01,2026-06-04T06:30:00,OP-103,MAT-8800
1092,M01092,M,303.0,313.1,1403,29.9,47,0,0,0,0,0,0,LINE2-M02,2026-06-04T06:32:00,OP-101,MAT-8809
1093,H01093,H,300.3,310.6,1444,42.2,52,0,0,0,0,0,0,LINE1-M01,2026-06-04T06:36:00,OP-101,MAT-8813
1094,H01094,H,299.2,309.9,1319,23.1,57,1,0,0,1,0,0,LINE2-M02,2026-06-04T06:41:00,OP-108,MAT-8805
1095,L01095,L,297.8,306.8,1398,42.6,59,0,0,0,0,0,0,LINE3-M01,2026-06-04T06:47:00,OP-105,MAT-8810
1096,H01096,H,302.3,312.1,1338,15.4,64,1,0,0,1,0,0,LINE1-M02,2026-06-04T06:51:00,OP-104,MAT-8816
1097,L01097,L,297.7,307.4,1862,13.2,66,1,0,0,1,0,0,LINE3-M01,2026-06-04T06:54:00,OP-106,MAT-8817
1098,L01098,L,300.7,310.8,1301,33.5,68,0,0,0,0,0,0,LINE1-M02,2026-06-04T06:58:00,OP-104,MAT-8816
1099,M01099,M,298.3,307.9,1593,49.3,71,0,0,0,0,0,0,LINE2-M02,2026-06-04T07:03:00,OP-108,MAT-8813
1100,H01100,H,296.6,307.6,1552,44.9,76,0,0,0,0,0,0,LINE2-M02,2026-06-04T07:08:00,OP-102,MAT-8817
1101,L01101,L,297.9,309.7,1792,28.8,78,0,0,0,0,0,0,LINE3-M02,2026-06-04T07:13:00,OP-111,MAT-8819
1102,L01102,L,301.6,310.4,1380,40.1,80,0,0,0,0,0,0,LINE3-M02,2026-06-04T07:15:00,OP-101,MAT-8815
1103,L01103,L,301.6,311.7,1171,51.8,82,0,0,0,0,0,0,LINE1-M02,2026-06-04T07:21:00,OP-106,MAT-8806
1104,L01104,L,299.1,308.6,1366,29.1,84,0,0,0,0,0,0,LINE1-M02,2026-06-04T07:26:00,OP-107,MAT-8813
1105,L01105,L,301.8,311.0,1283,45.4,86,0,0,0,0,0,0,LINE2-M02,2026-06-04T07:30:00,OP-104,MAT-8813
1106,L01106,L,301.3,311.9,1168,46.5,88,0,0,0,0,0,0,LINE1-M02,2026-06-04T07:32:00,OP-108,MAT-8819
1107,L01107,L,300.5,310.9,1796,62.4,90,1,0,0,1,0,0,LINE3-M02,2026-06-04T07:35:00,OP-103,MAT-8819
1108,L01108,L,303.3,313.3,1464,41.0,92,0,0,0,0,0,0,LINE2-M01,2026-06-04T07:40:00,OP-106,MAT-8807
1109,M01109,M,301.5,310.2,1401,50.7,95,0,0,0,0,0,0,LINE2-M02,2026-06-04T07:46:00,OP-108,MAT-8805
1110,M01110,M,299.6,310.4,1391,42.6,98,0,0,0,0,0,0,LINE1-M01,2026-06-04T07:52:00,OP-109,MAT-8817
1111,L01111,L,302.4,312.4,1469,37.6,100,0,0,0,0,0,0,LINE3-M02,2026-06-04T07:57:00,OP-102,MAT-8807
1112,L01112,L,297.7,305.2,1632,36.3,102,0,0,0,0,0,0,LINE2-M01,2026-06-04T08:02:00,OP-104,MAT-8802
1113,L01113,L,301.1,311.7,1905,27.7,104,0,0,0,0,0,0,LINE1-M02,2026-06-04T08:04:00,OP-109,MAT-8803
1114,L01114,L,302.6,310.4,1517,69.7,106,1,0,0,1,0,0,LINE2-M02,2026-06-04T08:06:00,OP-103,MAT-8812
1115,M01115,M,298.8,308.2,1227,37.6,109,0,0,0,0,0,0,LINE2-M02,2026-06-04T08:11:00,OP-110,MAT-8814
1116,L01116,L,301.9,311.8,1661,37.5,111,0,0,0,0,0,0,LINE3-M01,2026-06-04T08:17:00,OP-101,MAT-8810
1117,L01117,L,300.0,309.5,1917,55.0,113,1,0,0,1,0,0,LINE3-M02,2026-06-04T08:20:00,OP-101,MAT-8806
1118,L01118,L,305.9,316.7,1940,36.4,115,0,0,0,0,0,0,LINE1-M02,2026-06-04T08:23:00,OP-102,MAT-8807
1119,L01119,L,300.8,309.6,1790,20.0,117,0,0,0,0,0,0,LINE1-M01,2026-06-04T08:28:00,OP-105,MAT-8817
1120,L01120,L,301.1,313.5,1168,19.3,119,1,0,0,1,0,0,LINE1-M02,2026-06-04T08:33:00,OP-102,MAT-8806
1121,L01121,L,300.1,308.4,1528,56.7,121,1,0,0,1,0,0,LINE2-M02,2026-06-04T08:38:00,OP-106,MAT-8819
1122,M01122,M,301.6,312.1,1559,44.2,124,0,0,0,0,0,0,LINE2-M01,2026-06-04T08:40:00,OP-100,MAT-8816
1123,M01123,M,300.0,311.0,1589,31.2,127,0,0,0,0,0,0,LINE2-M02,2026-06-04T08:46:00,OP-100,MAT-8803
1124,H01124,H,300.8,311.9,1310,48.0,132,0,0,0,0,0,0,LINE1-M01,2026-06-04T08:49:00,OP-110,MAT-8811
1125,L01125,L,298.3,309.1,1168,33.8,134,0,0,0,0,0,0,LINE3-M02,2026-06-04T08:51:00,OP-103,MAT-8814
1126,L01126,L,299.6,308.6,1396,35.8,136,0,0,0,0,0,0,LINE2-M01,2026-06-04T08:56:00,OP-108,MAT-8806
1127,L01127,L,302.0,315.5,1401,45.3,138,0,0,0,0,0,0,LINE3-M02,2026-06-04T08:58:00,OP-110,MAT-8813
1128,H01128,H,297.6,307.0,1854,30.3,143,0,0,0,0,0,0,LINE2-M01,2026-06-04T09:03:00,OP-104,MAT-8813
1129,L01129,L,300.6,312.6,1584,45.3,145,0,0,0,0,0,0,LINE1-M01,2026-06-04T09:08:00,OP-104,MAT-8800
1130,M01130,M,298.9,308.9,2233,37.3,148,0,0,0,0,0,0,LINE1-M01,2026-06-04T09:13:00,OP-105,MAT-8800
1131,L01131,L,298.6,309.8,1653,25.9,150,0,0,0,0,0,0,LINE2-M02,2026-06-04T09:17:00,OP-105,MAT-8812
1132,L01132,L,299.8,309.7,1441,32.6,152,0,0,0,0,0,0,LINE2-M02,2026-06-04T09:22:00,OP-107,MAT-8803
1133,L01133,L,299.0,310.7,1227,39.4,154,0,0,0,0,0,0,LINE1-M01,2026-06-04T09:24:00,OP-105,MAT-8813
1134,L01134,L,299.9,311.5,1432,36.4,156,0,0,0,0,0,0,LINE3-M01,2026-06-04T09:28:00,OP-111,MAT-8801
1135,H01135,H,302.9,312.4,1410,27.7,161,0,0,0,0,0,0,LINE1-M02,2026-06-04T09:32:00,OP-105,MAT-8819
1136,M01136,M,299.0,308.7,1385,51.8,164,0,0,0,0,0,0,LINE1-M01,2026-06-04T09:37:00,OP-105,MAT-8804
1137,L01137,L,302.0,310.7,1208,26.3,166,1,0,0,1,0,0,LINE3-M01,2026-06-04T09:42:00,OP-108,MAT-8816
1138,M01138,M,297.5,308.6,1680,32.1,169,0,0,0,0,0,0,LINE2-M02,2026-06-04T09:44:00,OP-111,MAT-8802
1139,M01139,M,299.1,309.7,2031,37.0,172,0,0,0,0,0,0,LINE3-M01,2026-06-04T09:47:00,OP-101,MAT-8815
1140,M01140,M,300.1,309.4,1332,41.2,175,0,0,0,0,0,0,LINE1-M02,2026-06-04T09:52:00,OP-101,MAT-8810
1141,L01141,L,303.8,315.0,1923,36.9,177,0,0,0,0,0,0,LINE2-M02,2026-06-04T09:56:00,OP-110,MAT-8804
1142,H01142,H,301.6,312.1,1412,26.7,182,0,0,0,0,0,0,LINE2-M01,2026-06-04T10:01:00,OP-106,MAT-8806
1143,H01143,H,300.8,310.0,1168,27.8,187,1,0,0,1,0,0,LINE3-M01,2026-06-04T10:07:00,OP-102,MAT-8814
1144,H01144,H,300.2,311.0,1488,33.3,192,0,0,0,0,0,0,LINE2-M02,2026-06-04T10:13:00,OP-104,MAT-8803
1145,L01145,L,299.4,309.4,1702,30.0,194,0,0,0,0,0,0,LINE2-M02,2026-06-04T10:19:00,OP-100,MAT-8814
1146,M01146,M,298.2,307.7,1703,16.4,197,1,0,0,1,0,0,LINE1-M02,2026-06-04T10:24:00,OP-103,MAT-8812
1147,M01147,M,300.9,311.2,2041,8.4,200,1,0,0,1,0,0,LINE1-M01,2026-06-04T10:26:00,OP-100,MAT-8801
1148,L01148,L,300.2,310.3,1416,62.4,202,1,0,0,1,1,0,LINE1-M01,2026-06-04T10:31:00,OP-111,MAT-8808
1149,L01149,L,297.3,306.8,1616,29.2,204,0,0,0,0,0,0,LINE1-M02,2026-06-04T10:33:00,OP-111,MAT-8809
1150,M01150,M,300.4,310.0,1812,30.6,207,0,0,0,0,0,0,LINE2-M01,2026-06-04T10:37:00,OP-100,MAT-8815
1151,H01151,H,299.6,310.0,1168,47.2,212,0,0,0,0,0,0,LINE1-M01,2026-06-04T10:39:00,OP-109,MAT-8811
1152,M01152,M,298.6,307.1,1644,32.4,215,1,1,0,0,0,0,LINE1-M01,2026-06-04T10:41:00,OP-109,MAT-8809
1153,M01153,M,300.7,311.8,1308,48.3,218,0,0,0,0,0,0,LINE2-M02,2026-06-04T10:46:00,OP-108,MAT-8808
1154,M01154,M,300.3,311.7,1426,27.7,221,0,0,0,0,0,0,LINE3-M02,2026-06-04T10:50:00,OP-108,MAT-8819
1155,M01155,M,299.2,309.0,1924,15.8,224,1,1,0,1,0,0,LINE1-M02,2026-06-04T10:52:00,OP-103,MAT-8804
1156,L01156,L,301.7,310.9,1449,55.6,226,1,1,0,0,1,0,LINE1-M02,2026-06-04T10:54:00,OP-110,MAT-8803
1157,L01157,L,297.0,307.5,1282,30.7,228,1,1,0,0,0,0,LINE2-M02,2026-06-04T10:58:00,OP-109,MAT-8813
1158,H01158,H,298.9,310.1,1455,41.2,233,1,1,0,0,0,0,LINE3-M02,2026-06-04T11:03:00,OP-104,MAT-8803
1159,L01159,L,297.1,308.3,1622,21.9,235,1,1,0,0,0,0,LINE3-M01,2026-06-04T11:09:00,OP-104,MAT-8815
1160,H01160,H,304.1,313.6,1619,52.4,240,1,1,0,0,0,0,LINE2-M01,2026-06-04T11:14:00,OP-106,MAT-8811
1161,L01161,L,299.9,311.0,1464,21.0,0,1,0,0,1,0,0,LINE1-M01,2026-06-04T11:18:00,OP-106,MAT-8818
1162,L01162,L,298.1,307.3,1551,40.1,2,0,0,0,0,0,0,LINE1-M02,2026-06-04T11:23:00,OP-104,MAT-8819
1163,L01163,L,300.9,311.6,1463,36.5,4,0,0,0,0,0,0,LINE1-M01,2026-06-04T11:29:00,OP-104,MAT-8804
1164,L01164,L,303.6,312.7,2424,14.5,6,0,0,0,0,0,0,LINE3-M02,2026-06-04T11:35:00,OP-108,MAT-8805
1165,M01165,M,300.4,311.7,1450,38.6,9,0,0,0,0,0,0,LINE2-M02,2026-06-04T11:41:00,OP-108,MAT-8811
1166,L01166,L,300.3,310.6,1442,23.6,11,0,0,0,0,0,0,LINE1-M01,2026-06-04T11:46:00,OP-106,MAT-8802
1167,M01167,M,300.2,307.7,1168,40.3,14,1,0,1,0,0,0,LINE2-M01,2026-06-04T11:52:00,OP-109,MAT-8817
1168,H01168,H,300.2,308.5,1696,30.9,19,0,0,0,0,0,0,LINE2-M01,2026-06-04T11:58:00,OP-101,MAT-8801
1169,M01169,M,301.6,312.5,1537,28.7,22,0,0,0,0,0,0,LINE2-M02,2026-06-04T12:00:00,OP-111,MAT-8810
1170,M01170,M,303.3,312.9,1727,41.7,25,0,0,0,0,0,0,LINE3-M01,2026-06-04T12:02:00,OP-108,MAT-8804
1171,M01171,M,298.5,308.4,1866,35.9,28,0,0,0,0,0,0,LINE2-M02,2026-06-04T12:05:00,OP-111,MAT-8800
1172,L01172,L,303.1,313.2,1168,43.5,30,0,0,0,0,0,0,LINE3-M01,2026-06-04T12:08:00,OP-108,MAT-8803
1173,L01173,L,298.5,308.1,1355,47.5,32,0,0,0,0,0,0,LINE2-M01,2026-06-04T12:13:00,OP-101,MAT-8809
1174,M01174,M,298.8,309.5,1616,34.7,35,0,0,0,0,0,0,LINE2-M02,2026-06-04T12:19:00,OP-110,MAT-8819
1175,H01175,H,299.8,310.8,1425,43.6,40,0,0,0,0,0,0,LINE1-M01,2026-06-04T12:22:00,OP-107,MAT-8815
1176,M01176,M,303.4,314.2,1915,40.2,43,0,0,0,0,0,0,LINE3-M02,2026-06-04T12:26:00,OP-106,MAT-8812
1177,M01177,M,304.0,314.6,1736,17.9,46,1,0,0,1,0,0,LINE2-M01,2026-06-04T12:30:00,OP-109,MAT-8812
1178,M01178,M,297.8,309.7,1431,40.7,49,0,0,0,0,0,0,LINE1-M02,2026-06-04T12:34:00,OP-111,MAT-8814
1179,M01179,M,297.8,307.8,1168,42.5,52,0,0,0,0,0,0,LINE1-M02,2026-06-04T12:40:00,OP-111,MAT-8816
1180,L01180,L,297.8,307.0,1455,41.7,54,0,0,0,0,0,0,LINE2-M02,2026-06-04T12:46:00,OP-111,MAT-8804
1181,L01181,L,299.5,309.8,1255,32.0,56,0,0,0,0,0,0,LINE3-M02,2026-06-04T12:48:00,OP-106,MAT-8815
1182,L01182,L,301.2,312.5,1542,62.0,58,1,0,0,1,0,0,LINE2-M01,2026-06-04T12:54:00,OP-111,MAT-8810
1183,L01183,L,296.2,304.7,1628,31.6,60,0,0,0,0,0,0,LINE1-M01,2026-06-04T12:57:00,OP-110,MAT-8803
1184,H01184,H,298.5,307.4,2170,20.7,65,0,0,0,0,0,0,LINE1-M01,2026-06-04T13:00:00,OP-111,MAT-8812
1185,H01185,H,300.5,310.1,1463,42.5,70,0,0,0,0,0,0,LINE3-M01,2026-06-04T13:02:00,OP-107,MAT-8811
1186,H01186,H,294.9,305.2,1757,29.5,75,0,0,0,0,0,0,LINE3-M02,2026-06-04T13:04:00,OP-106,MAT-8804
1187,M01187,M,299.7,309.0,1830,38.1,78,0,0,0,0,0,0,LINE3-M02,2026-06-04T13:09:00,OP-103,MAT-8806
1188,M01188,M,295.3,306.0,1410,35.1,81,0,0,0,0,0,0,LINE3-M01,2026-06-04T13:11:00,OP-110,MAT-8803
1189,L01189,L,299.5,310.4,1323,58.6,83,0,0,0,0,0,0,LINE3-M01,2026-06-04T13:16:00,OP-105,MAT-8805
1190,L01190,L,300.8,309.8,1374,37.4,85,0,0,0,0,0,0,LINE3-M02,2026-06-04T13:21:00,OP-105,MAT-8819
1191,M01191,M,302.2,313.2,1693,38.3,88,0,0,0,0,0,0,LINE1-M01,2026-06-04T13:26:00,OP-102,MAT-8816
1192,L01192,L,302.5,312.6,1777,30.7,90,0,0,0,0,0,0,LINE2-M01,2026-06-04T13:32:00,OP-103,MAT-8809
1193,M01193,M,297.7,306.9,1628,33.0,93,0,0,0,0,0,0,LINE2-M01,2026-06-04T13:35:00,OP-108,MAT-8818
1194,M01194,M,296.2,305.5,1573,32.8,96,0,0,0,0,0,0,LINE3-M01,2026-06-04T13:40:00,OP-108,MAT-8803
1195,L01195,L,299.1,308.3,1519,20.4,98,1,0,0,1,0,0,LINE1-M02,2026-06-04T13:42:00,OP-106,MAT-8808
1196,H01196,H,300.1,310.2,1378,50.8,103,0,0,0,0,0,0,LINE2-M01,2026-06-04T13:45:00,OP-109,MAT-8819
1197,L01197,L,300.9,311.6,1834,41.4,105,0,0,0,0,0,0,LINE1-M02,2026-06-04T13:51:00,OP-102,MAT-8808
1198,M01198,M,299.9,310.4,1420,61.5,108,1,0,0,1,0,0,LINE2-M02,2026-06-04T13:55:00,OP-104,MAT-8807
1199,H01199,H,299.9,308.2,1483,52.2,113,0,0,0,0,0,0,LINE2-M01,2026-06-04T14:01:00,OP-106,MAT-8812
1200,M01200,M,302.1,312.1,1168,36.0,116,0,0,0,0,0,0,LINE1-M02,2026-06-04T14:06:00,OP-105,MAT-8806
1201,M01201,M,301.7,309.6,1761,25.2,119,0,0,0,0,0,0,LINE1-M01,2026-06-04T14:12:00,OP-106,MAT-8817
1202,M01202,M,300.6,310.6,1482,39.4,122,0,0,0,0,0,0,LINE1-M01,2026-06-04T14:15:00,OP-100,MAT-8804
1203,L01203,L,302.1,311.5,1632,46.6,124,0,0,0,0,0,0,LINE2-M01,2026-06-04T14:18:00,OP-109,MAT-8812
1204,L01204,L,302.8,312.0,1628,26.9,126,0,0,0,0,0,0,LINE1-M02,2026-06-04T14:24:00,OP-111,MAT-8811
1205,M01205,M,302.4,312.5,1627,48.0,129,0,0,0,0,0,0,LINE2-M01,2026-06-04T14:30:00,OP-108,MAT-8808
1206,M01206,M,301.3,310.8,1528,29.4,132,0,0,0,0,0,0,LINE3-M02,2026-06-04T14:35:00,OP-104,MAT-8802
1207,L01207,L,300.9,311.7,1880,37.7,134,0,0,0,0,0,0,LINE3-M01,2026-06-04T14:39:00,OP-101,MAT-8811
1208,L01208,L,298.8,309.5,1272,62.7,136,0,0,0,0,0,0,LINE1-M01,2026-06-04T14:44:00,OP-107,MAT-8801
1209,L01209,L,301.6,310.5,1699,36.0,138,0,0,0,0,0,0,LINE1-M02,2026-06-04T14:46:00,OP-109,MAT-8812
1210,L01210,L,299.0,309.1,1471,42.3,140,0,0,0,0,0,0,LINE1-M02,2026-06-04T14:49:00,OP-102,MAT-8813
1211,M01211,M,301.6,310.7,1570,37.0,143,0,0,0,0,0,0,LINE1-M02,2026-06-04T14:53:00,OP-104,MAT-8818
1212,L01212,L,300.8,310.4,1376,39.8,145,0,0,0,0,0,0,LINE2-M01,2026-06-04T14:58:00,OP-101,MAT-8817
1213,L01213,L,302.3,313.1,1381,31.1,147,0,0,0,0,0,0,LINE2-M02,2026-06-04T15:04:00,OP-109,MAT-8818
1214,M01214,M,300.4,310.2,1168,56.8,150,0,0,0,0,0,0,LINE1-M01,2026-06-04T15:07:00,OP-104,MAT-8808
1215,M01215,M,301.6,311.1,2006,33.4,153,0,0,0,0,0,0,LINE2-M01,2026-06-04T15:13:00,OP-109,MAT-8808
1216,L01216,L,301.0,309.4,1452,45.5,155,0,0,0,0,0,0,LINE1-M01,2026-06-04T15:19:00,OP-104,MAT-8818
1217,L01217,L,299.5,309.1,1314,18.2,157,1,0,0,1,0,0,LINE2-M01,2026-06-04T15:21:00,OP-107,MAT-8801
1218,L01218,L,300.8,310.3,1453,46.4,159,0,0,0,0,0,0,LINE3-M02,2026-06-04T15:27:00,OP-101,MAT-8814
1219,H01219,H,298.6,307.2,1565,47.9,164,0,0,0,0,0,0,LINE1-M01,2026-06-04T15:32:00,OP-110,MAT-8805
1220,M01220,M,296.0,304.1,1427,37.7,167,0,0,0,0,0,0,LINE1-M02,2026-06-04T15:34:00,OP-109,MAT-8810
1221,H01221,H,295.5,305.7,1902,33.3,172,0,0,0,0,0,0,LINE2-M01,2026-06-04T15:38:00,OP-110,MAT-8811
1222,L01222,L,303.5,314.6,1365,39.3,174,0,0,0,0,0,0,LINE3-M02,2026-06-04T15:40:00,OP-101,MAT-8816
1223,L01223,L,301.7,310.2,1628,16.2,176,1,0,0,1,0,0,LINE1-M02,2026-06-04T15:45:00,OP-104,MAT-8804
1224,H01224,H,303.7,315.3,1822,30.5,181,0,0,0,0,0,0,LINE3-M01,2026-06-04T15:49:00,OP-102,MAT-8811
1225,M01225,M,299.6,310.3,1329,40.6,184,0,0,0,0,0,0,LINE3-M01,2026-06-04T15:51:00,OP-105,MAT-8816
1226,M01226,M,299.1,308.3,1459,46.3,187,0,0,0,0,0,0,LINE3-M01,2026-06-04T15:56:00,OP-110,MAT-8804
1227,M01227,M,295.2,305.9,1518,24.0,190,0,0,0,0,0,0,LINE3-M02,2026-06-04T15:59:00,OP-108,MAT-8803
1228,L01228,L,298.9,306.7,2037,27.4,192,0,0,0,0,0,0,LINE2-M02,2026-06-04T16:05:00,OP-104,MAT-8806
1229,L01229,L,299.5,310.6,1813,28.6,194,0,0,0,0,0,0,LINE1-M02,2026-06-04T16:09:00,OP-105,MAT-8803
1230,L01230,L,301.9,311.2,1280,23.8,196,1,0,0,1,0,0,LINE2-M01,2026-06-04T16:11:00,OP-105,MAT-8815
1231,L01231,L,302.8,314.1,1672,39.1,198,0,0,0,0,0,0,LINE2-M01,2026-06-04T16:14:00,OP-109,MAT-8808
1232,H01232,H,297.0,307.5,1849,46.9,203,1,0,0,1,0,0,LINE1-M02,2026-06-04T16:20:00,OP-110,MAT-8806
1233,L01233,L,299.3,310.5,1596,34.0,205,1,1,0,0,0,0,LINE1-M02,2026-06-04T16:23:00,OP-100,MAT-8805
1234,L01234,L,296.6,305.6,1305,40.3,207,1,1,0,0,0,0,LINE3-M01,2026-06-04T16:28:00,OP-111,MAT-8809
1235,M01235,M,297.8,307.8,1355,56.0,210,0,0,0,0,0,0,LINE3-M02,2026-06-04T16:30:00,OP-107,MAT-8813
1236,H01236,H,303.0,313.1,1340,25.7,215,0,0,0,0,0,0,LINE3-M01,2026-06-04T16:35:00,OP-111,MAT-8805
1237,H01237,H,297.1,307.1,1729,48.7,220,0,0,0,0,0,0,LINE3-M02,2026-06-04T16:37:00,OP-110,MAT-8814
1238,L01238,L,297.9,308.9,1168,36.9,222,1,1,0,0,0,0,LINE1-M01,2026-06-04T16:41:00,OP-104,MAT-8815
1239,L01239,L,301.9,310.2,1168,39.0,224,1,1,1,0,0,0,LINE2-M02,2026-06-04T16:45:00,OP-102,MAT-8804
1240,H01240,H,301.7,311.1,1539,47.2,229,1,1,0,0,0,0,LINE2-M01,2026-06-04T16:51:00,OP-105,MAT-8809
1241,M01241,M,298.4,308.0,1979,25.4,232,1,1,0,0,0,0,LINE1-M01,2026-06-04T16:57:00,OP-110,MAT-8808
1242,L01242,L,302.2,315.3,1420,46.8,234,1,1,0,0,0,0,LINE1-M01,2026-06-04T17:03:00,OP-107,MAT-8800
1243,H01243,H,301.1,310.0,1753,51.0,239,1,1,0,1,0,0,LINE1-M01,2026-06-04T17:07:00,OP-107,MAT-8813
1244,M01244,M,303.2,311.4,1890,18.2,0,0,0,0,0,0,0,LINE3-M01,2026-06-04T17:09:00,OP-111,MAT-8802
1245,L01245,L,299.3,308.2,1709,39.4,2,0,0,0,0,0,0,LINE3-M01,2026-06-04T17:15:00,OP-111,MAT-8810
1246,L01246,L,302.4,311.5,1168,32.5,4,0,0,0,0,0,0,LINE1-M01,2026-06-04T17:19:00,OP-110,MAT-8800
1247,H01247,H,299.9,310.4,1693,35.1,9,0,0,0,0,0,0,LINE2-M02,2026-06-04T17:22:00,OP-102,MAT-8815
1248,H01248,H,298.0,308.1,1213,37.9,14,0,0,0,0,0,0,LINE3-M01,2026-06-04T17:24:00,OP-100,MAT-8813
1249,M01249,M,298.9,310.0,1168,35.8,17,0,0,0,0,0,0,LINE2-M02,2026-06-04T17:26:00,OP-109,MAT-8812
1250,L01250,L,298.0,309.9,1510,28.2,19,0,0,0,0,0,0,LINE2-M01,2026-06-04T17:29:00,OP-104,MAT-8815
1251,L01251,L,301.1,310.3,1607,54.6,21,1,0,0,1,0,0,LINE2-M01,2026-06-04T17:34:00,OP-103,MAT-8803
1252,L01252,L,301.3,309.3,1306,43.7,23,1,0,1,0,0,0,LINE3-M01,2026-06-04T17:38:00,OP-105,MAT-8812
1253,L01253,L,301.4,312.2,1724,47.2,25,0,0,0,0,0,0,LINE2-M02,2026-06-04T17:40:00,OP-108,MAT-8806
1254,L01254,L,299.2,310.7,1706,9.8,27,1,0,0,1,0,0,LINE2-M02,2026-06-04T17:44:00,OP-107,MAT-8813
1255,M01255,M,299.6,310.1,1581,29.6,30,0,0,0,0,0,0,LINE2-M01,2026-06-04T17:49:00,OP-109,MAT-8805
1256,H01256,H,299.5,309.4,1279,35.7,35,0,0,0,0,0,0,LINE3-M02,2026-06-04T17:55:00,OP-102,MAT-8819
1257,L01257,L,299.5,309.8,1790,44.4,37,0,0,0,0,0,0,LINE3-M02,2026-06-04T17:57:00,OP-105,MAT-8817
1258,L01258,L,298.9,309.7,1550,29.8,39,0,0,0,0,0,0,LINE1-M02,2026-06-04T18:00:00,OP-111,MAT-8807
1259,M01259,M,296.9,308.2,1809,28.9,42,0,0,0,0,0,0,LINE3-M01,2026-06-04T18:03:00,OP-100,MAT-8801
1260,L01260,L,302.5,313.8,1519,38.4,44,0,0,0,0,0,0,LINE1-M01,2026-06-04T18:08:00,OP-104,MAT-8809
1261,L01261,L,305.4,315.9,1527,45.9,46,0,0,0,0,0,0,LINE3-M01,2026-06-04T18:12:00,OP-106,MAT-8812
1262,L01262,L,296.2,305.9,1168,36.3,48,0,0,0,0,0,0,LINE1-M02,2026-06-04T18:14:00,OP-100,MAT-8800
1263,H01263,H,298.0,308.1,1358,48.2,53,0,0,0,0,0,0,LINE1-M02,2026-06-04T18:19:00,OP-105,MAT-8813
1264,H01264,H,296.4,306.4,1649,47.6,58,0,0,0,0,0,0,LINE2-M02,2026-06-04T18:21:00,OP-106,MAT-8809
1265,L01265,L,302.9,312.9,2065,18.2,60,0,0,0,0,0,0,LINE2-M01,2026-06-04T18:26:00,OP-106,MAT-8800
1266,L01266,L,301.7,310.7,1653,40.7,62,0,0,0,0,0,0,LINE2-M01,2026-06-04T18:28:00,OP-109,MAT-8800
1267,H01267,H,301.6,310.7,1621,42.0,67,0,0,0,0,0,0,LINE3-M02,2026-06-04T18:30:00,OP-105,MAT-8804
1268,H01268,H,302.1,312.8,2041,37.7,72,0,0,0,0,0,0,LINE3-M01,2026-06-04T18:35:00,OP-101,MAT-8804
1269,L01269,L,300.2,309.4,1269,37.3,74,0,0,0,0,0,0,LINE1-M01,2026-06-04T18:41:00,OP-107,MAT-8808
1270,M01270,M,301.7,313.0,1438,39.8,77,0,0,0,0,0,0,LINE3-M02,2026-06-04T18:45:00,OP-100,MAT-8808
1271,L01271,L,296.6,306.7,1521,26.6,79,0,0,0,0,0,0,LINE3-M01,2026-06-04T18:49:00,OP-105,MAT-8814
1272,L01272,L,301.5,312.4,1795,40.5,81,0,0,0,0,0,0,LINE1-M02,2026-06-04T18:51:00,OP-111,MAT-8802
1273,H01273,H,300.3,309.9,1443,42.0,86,0,0,0,0,0,0,LINE1-M01,2026-06-04T18:53:00,OP-107,MAT-8803
1274,L01274,L,301.3,312.1,1209,46.1,88,0,0,0,0,0,0,LINE2-M01,2026-06-04T18:59:00,OP-111,MAT-8817
1275,L01275,L,298.0,307.6,1994,37.2,90,0,0,0,0,0,0,LINE3-M02,2026-06-04T19:03:00,OP-108,MAT-8810
1276,H01276,H,302.3,314.2,1491,39.8,95,0,0,0,0,0,0,LINE3-M01,2026-06-04T19:07:00,OP-109,MAT-8811
1277,M01277,M,301.4,311.3,1206,38.7,98,0,0,0,0,0,0,LINE3-M01,2026-06-04T19:11:00,OP-102,MAT-8816
1278,L01278,L,299.2,309.2,1937,40.1,100,0,0,0,0,0,0,LINE1-M02,2026-06-04T19:13:00,OP-111,MAT-8806
1279,L01279,L,299.6,309.3,1477,30.4,102,0,0,0,0,0,0,LINE3-M02,2026-06-04T19:15:00,OP-109,MAT-8805
1280,H01280,H,297.9,308.5,1358,39.0,107,0,0,0,0,0,0,LINE1-M02,2026-06-04T19:17:00,OP-104,MAT-8813
1281,L01281,L,304.1,314.2,1275,35.4,109,0,0,0,0,0,0,LINE3-M01,2026-06-04T19:21:00,OP-101,MAT-8818
1282,L01282,L,301.7,312.3,1713,45.4,111,0,0,0,0,0,0,LINE1-M01,2026-06-04T19:27:00,OP-108,MAT-8818
1283,L01283,L,303.4,313.9,1518,35.2,113,0,0,0,0,0,0,LINE3-M02,2026-06-04T19:31:00,OP-103,MAT-8805
1284,M01284,M,301.3,311.8,1331,35.0,116,0,0,0,0,0,0,LINE1-M01,2026-06-04T19:37:00,OP-102,MAT-8815
1285,M01285,M,302.3,310.6,1523,37.1,119,0,0,0,0,0,0,LINE2-M02,2026-06-04T19:43:00,OP-110,MAT-8815
1286,L01286,L,304.1,313.9,1348,38.9,121,0,0,0,0,0,0,LINE2-M02,2026-06-04T19:48:00,OP-111,MAT-8815
1287,L01287,L,299.6,309.8,1589,45.0,123,0,0,0,0,0,0,LINE1-M01,2026-06-04T19:54:00,OP-110,MAT-8808
1288,M01288,M,300.8,310.6,1179,41.0,126,0,0,0,0,0,0,LINE3-M01,2026-06-04T19:58:00,OP-108,MAT-8813
1289,M01289,M,299.6,310.1,1514,39.9,129,0,0,0,0,0,0,LINE3-M02,2026-06-04T20:02:00,OP-103,MAT-8819
1290,L01290,L,300.2,310.6,1450,40.7,131,0,0,0,0,0,0,LINE1-M01,2026-06-04T20:06:00,OP-103,MAT-8814
1291,H01291,H,300.6,311.4,1583,46.8,136,0,0,0,0,0,0,LINE2-M02,2026-06-04T20:08:00,OP-108,MAT-8800
1292,L01292,L,301.0,311.4,1519,39.9,138,0,0,0,0,0,0,LINE1-M02,2026-06-04T20:13:00,OP-104,MAT-8801
1293,M01293,M,301.2,312.5,1402,54.4,141,0,0,0,0,0,0,LINE3-M02,2026-06-04T20:19:00,OP-107,MAT-8805
1294,M01294,M,299.2,308.3,1556,34.9,144,0,0,0,0,0,0,LINE1-M02,2026-06-04T20:21:00,OP-100,MAT-8819
1295,L01295,L,300.2,309.7,1362,36.9,146,0,0,0,0,0,0,LINE2-M01,2026-06-04T20:23:00,OP-100,MAT-8814
1296,H01296,H,300.9,311.2,1309,37.8,151,0,0,0,0,0,0,LINE1-M01,2026-06-04T20:27:00,OP-105,MAT-8810
1297,L01297,L,302.7,314.8,1545,61.2,153,1,0,0,1,0,0,LINE1-M02,2026-06-04T20:33:00,OP-106,MAT-8801
1298,M01298,M,297.3,308.4,1286,20.0,156,1,0,0,1,0,0,LINE2-M01,2026-06-04T20:35:00,OP-111,MAT-8816
1299,M01299,M,298.1,308.9,1512,40.4,159,0,0,0,0,0,0,LINE1-M02,2026-06-04T20:39:00,OP-107,MAT-8818
1300,L01300,L,301.1,309.1,1749,52.4,161,1,0,0,1,0,0,LINE1-M01,2026-06-04T20:41:00,OP-102,MAT-8810
1301,M01301,M,298.2,308.2,1341,43.5,164,0,0,0,0,0,0,LINE3-M01,2026-06-04T20:43:00,OP-104,MAT-8806
1302,H01302,H,302.2,313.6,1632,36.8,169,0,0,0,0,0,0,LINE1-M02,2026-06-04T20:47:00,OP-106,MAT-8807
1303,M01303,M,298.6,310.8,1572,31.1,172,0,0,0,0,0,0,LINE3-M02,2026-06-04T20:51:00,OP-104,MAT-8802
1304,L01304,L,300.9,310.7,1584,48.7,174,0,0,0,0,0,0,LINE2-M01,2026-06-04T20:57:00,OP-100,MAT-8818
1305,M01305,M,302.3,312.4,1613,36.6,177,0,0,0,0,0,0,LINE2-M02,2026-06-04T21:02:00,OP-103,MAT-8810
1306,L01306,L,306.2,315.4,1168,29.2,179,0,0,0,0,0,0,LINE1-M02,2026-06-04T21:08:00,OP-103,MAT-8814
1307,H01307,H,304.2,315.2,1168,37.0,184,0,0,0,0,0,0,LINE2-M01,2026-06-04T21:11:00,OP-107,MAT-8818
1308,M01308,M,297.6,305.5,1493,50.7,187,0,0,0,0,0,0,LINE2-M01,2026-06-04T21:13:00,OP-110,MAT-8811
1309,M01309,M,298.6,308.0,1944,25.4,190,0,0,0,0,0,0,LINE1-M02,2026-06-04T21:15:00,OP-104,MAT-8805
1310,L01310,L,296.7,307.0,1247,49.4,192,0,0,0,0,0,0,LINE2-M02,2026-06-04T21:21:00,OP-111,MAT-8812
1311,H01311,H,299.6,309.4,1325,50.9,197,0,0,0,0,0,0,LINE2-M02,2026-06-04T21:25:00,OP-104,MAT-8801
1312,L01312,L,303.3,313.0,1645,29.2,199,0,0,0,0,0,0,LINE2-M02,2026-06-04T21:30:00,OP-109,MAT-8812
1313,L01313,L,298.2,307.7,1492,33.8,201,0,0,0,0,0,0,LINE3-M01,2026-06-04T21:36:00,OP-109,MAT-8804
1314,L01314,L,302.4,312.4,1870,40.1,203,0,0,0,0,0,0,LINE2-M01,2026-06-04T21:38:00,OP-105,MAT-8814
1315,M01315,M,297.0,308.0,1290,42.6,206,0,0,0,0,0,0,LINE2-M02,2026-06-04T21:41:00,OP-101,MAT-8805
1316,L01316,L,299.1,311.3,1670,54.8,208,1,0,0,1,1,0,LINE3-M02,2026-06-04T21:44:00,OP-100,MAT-8815
1317,L01317,L,299.8,310.9,1529,53.1,210,1,1,0,0,1,0,LINE3-M01,2026-06-04T21:49:00,OP-101,MAT-8812
1318,L01318,L,297.3,306.5,1168,43.4,212,0,0,0,0,0,0,LINE2-M01,2026-06-04T21:55:00,OP-105,MAT-8815
1319,H01319,H,300.9,310.4,1168,51.1,217,1,1,0,0,0,0,LINE2-M02,2026-06-04T21:58:00,OP-105,MAT-8816
1320,M01320,M,300.8,310.5,1278,35.9,220,1,1,0,0,0,0,LINE1-M01,2026-06-04T22:01:00,OP-104,MAT-8813
1321,M01321,M,299.9,309.3,1344,32.6,223,0,0,0,0,0,0,LINE2-M02,2026-06-04T22:03:00,OP-102,MAT-8805
1322,M01322,M,301.4,312.3,1284,41.7,226,1,1,0,0,0,0,LINE2-M01,2026-06-04T22:05:00,OP-110,MAT-8812
1323,L01323,L,296.1,304.6,1742,36.1,228,1,1,0,0,0,0,LINE2-M01,2026-06-04T22:10:00,OP-104,MAT-8813
1324,M01324,M,299.1,309.3,1547,42.9,231,1,1,0,0,0,0,LINE3-M02,2026-06-04T22:14:00,OP-101,MAT-8805
1325,H01325,H,299.3,310.2,1680,29.1,236,1,1,0,0,0,0,LINE1-M02,2026-06-04T22:18:00,OP-106,MAT-8801
1326,M01326,M,296.6,305.9,1685,37.0,239,1,1,0,0,0,0,LINE2-M02,2026-06-04T22:23:00,OP-100,MAT-8817
1327,M01327,M,300.5,309.2,1436,25.7,0,0,0,0,0,0,0,LINE2-M01,2026-06-04T22:25:00,OP-108,MAT-8812
1328,M01328,M,301.6,310.1,1210,30.4,3,1,0,1,0,0,0,LINE3-M02,2026-06-04T22:28:00,OP-106,MAT-8808
1329,L01329,L,296.4,305.4,1455,42.4,5,0,0,0,0,0,0,LINE2-M02,2026-06-04T22:30:00,OP-100,MAT-8804
1330,H01330,H,299.3,309.8,1585,36.8,10,0,0,0,0,0,0,LINE3-M01,2026-06-04T22:35:00,OP-105,MAT-8809
1331,M01331,M,298.5,308.4,1408,53.4,13,0,0,0,0,0,0,LINE2-M01,2026-06-04T22:37:00,OP-103,MAT-8818
1332,M01332,M,298.8,308.9,1437,53.6,16,0,0,0,0,0,0,LINE3-M01,2026-06-04T22:40:00,OP-105,MAT-8818
1333,H01333,H,302.5,310.8,1168,55.4,21,1,0,1,0,0,0,LINE2-M01,2026-06-04T22:43:00,OP-109,MAT-8812
1334,L01334,L,303.5,314.7,1779,46.9,23,0,0,0,0,0,0,LINE2-M02,2026-06-04T22:47:00,OP-109,MAT-8810
1335,H01335,H,299.4,309.1,2217,40.2,28,1,0,0,1,0,0,LINE3-M02,2026-06-04T22:49:00,OP-111,MAT-8819
1336,L01336,L,297.1,305.2,1244,50.6,30,1,0,1,0,0,0,LINE2-M02,2026-06-04T22:53:00,OP-107,MAT-8804
1337,L01337,L,301.2,309.6,1201,45.8,32,1,0,1,0,0,0,LINE1-M01,2026-06-04T22:58:00,OP-110,MAT-8815
1338,L01338,L,298.2,307.6,1168,52.4,34,0,0,0,0,0,0,LINE2-M02,2026-06-04T23:02:00,OP-100,MAT-8804
1339,M01339,M,299.6,308.3,1168,52.3,37,0,0,0,0,0,0,LINE1-M02,2026-06-04T23:07:00,OP-108,MAT-8815
1340,L01340,L,301.3,311.8,1196,33.5,39,0,0,0,0,0,0,LINE1-M02,2026-06-04T23:09:00,OP-103,MAT-8806
1341,M01341,M,301.8,311.7,1168,33.7,42,0,0,0,0,0,0,LINE3-M02,2026-06-04T23:14:00,OP-105,MAT-8806
1342,L01342,L,297.0,308.2,1354,34.2,44,0,0,0,0,0,0,LINE3-M02,2026-06-04T23:16:00,OP-108,MAT-8817
1343,M01343,M,300.4,310.4,1449,53.8,47,0,0,0,0,0,0,LINE2-M02,2026-06-04T23:21:00,OP-102,MAT-8805
1344,M01344,M,299.5,308.3,1664,38.4,50,0,0,0,0,0,0,LINE3-M01,2026-06-04T23:26:00,OP-110,MAT-8803
1345,L01345,L,297.8,305.9,1791,32.2,52,0,0,0,0,0,0,LINE3-M01,2026-06-04T23:29:00,OP-109,MAT-8807
1346,M01346,M,301.0,311.9,1497,25.6,55,0,0,0,0,0,0,LINE3-M02,2026-06-04T23:35:00,OP-100,MAT-8810
1347,L01347,L,295.6,305.4,1613,28.4,57,0,0,0,0,0,0,LINE2-M01,2026-06-04T23:37:00,OP-111,MAT-8819
1348,L01348,L,298.3,308.5,1539,43.9,59,0,0,0,0,0,0,LINE2-M02,2026-06-04T23:40:00,OP-111,MAT-8807
1349,L01349,L,300.6,309.6,1459,27.7,61,0,0,0,0,0,0,LINE2-M01,2026-06-04T23:43:00,OP-100,MAT-8806
1350,M01350,M,298.7,309.3,1351,33.8,64,0,0,0,0,0,0,LINE1-M02,2026-06-04T23:46:00,OP-108,MAT-8803
1351,L01351,L,301.6,308.7,1168,52.1,66,1,0,1,0,0,0,LINE2-M01,2026-06-04T23:49:00,OP-100,MAT-8801
1352,M01352,M,298.7,309.8,1757,19.1,69,0,0,0,0,0,0,LINE1-M01,2026-06-04T23:55:00,OP-107,MAT-8815
1353,M01353,M,303.9,314.3,1637,49.2,72,0,0,0,0,0,0,LINE2-M02,2026-06-04T23:57:00,OP-111,MAT-8816
1354,H01354,H,303.5,313.1,1728,40.5,77,0,0,0,0,0,0,LINE2-M01,2026-06-05T00:00:00,OP-111,MAT-8805
1355,M01355,M,296.3,305.5,1354,32.6,80,0,0,0,0,0,0,LINE1-M02,2026-06-05T00:05:00,OP-101,MAT-8810
1356,H01356,H,297.8,306.6,1698,53.5,85,1,0,0,1,0,0,LINE2-M02,2026-06-05T00:09:00,OP-111,MAT-8814
1357,L01357,L,302.9,311.0,1851,42.3,87,0,0,0,0,0,0,LINE2-M01,2026-06-05T00:15:00,OP-103,MAT-8811
1358,M01358,M,300.1,309.8,1717,38.3,90,0,0,0,0,0,0,LINE3-M02,2026-06-05T00:18:00,OP-107,MAT-8814
1359,L01359,L,300.3,311.0,1727,42.1,92,0,0,0,0,0,0,LINE2-M02,2026-06-05T00:24:00,OP-104,MAT-8807
1360,L01360,L,299.2,307.5,1859,41.1,94,0,0,0,0,0,0,LINE2-M02,2026-06-05T00:26:00,OP-111,MAT-8816
1361,L01361,L,300.0,310.3,1797,63.0,96,1,0,0,1,0,0,LINE3-M01,2026-06-05T00:30:00,OP-109,MAT-8816
1362,L01362,L,299.9,311.0,1933,50.2,98,1,0,0,1,0,0,LINE2-M01,2026-06-05T00:35:00,OP-110,MAT-8802
1363,M01363,M,304.4,315.4,1464,31.4,101,0,0,0,0,0,0,LINE2-M02,2026-06-05T00:39:00,OP-109,MAT-8800
1364,H01364,H,297.5,306.3,1265,49.4,106,0,0,0,0,0,0,LINE2-M01,2026-06-05T00:41:00,OP-105,MAT-8816
1365,M01365,M,300.2,311.3,1291,45.8,109,0,0,0,0,0,0,LINE1-M01,2026-06-05T00:47:00,OP-107,MAT-8818
1366,H01366,H,297.4,306.9,1549,39.6,114,0,0,0,0,0,0,LINE1-M02,2026-06-05T00:50:00,OP-102,MAT-8801
1367,H01367,H,300.2,310.5,1585,51.7,119,0,0,0,0,0,0,LINE1-M02,2026-06-05T00:52:00,OP-100,MAT-8806
1368,M01368,M,297.2,308.9,2036,24.1,122,0,0,0,0,0,0,LINE3-M01,2026-06-05T00:54:00,OP-105,MAT-8802
1369,L01369,L,301.6,312.4,1532,23.6,124,0,0,0,0,0,0,LINE3-M01,2026-06-05T00:56:00,OP-109,MAT-8815
1370,L01370,L,296.3,306.6,1168,62.1,126,0,0,0,0,0,0,LINE3-M02,2026-06-05T00:58:00,OP-110,MAT-8806
1371,M01371,M,300.5,311.7,1702,36.7,129,0,0,0,0,0,0,LINE2-M02,2026-06-05T01:00:00,OP-109,MAT-8808
1372,L01372,L,301.5,312.0,1757,47.2,131,0,0,0,0,0,0,LINE3-M02,2026-06-05T01:04:00,OP-104,MAT-8817
1373,M01373,M,301.6,310.6,1397,34.7,134,0,0,0,0,0,0,LINE1-M01,2026-06-05T01:09:00,OP-107,MAT-8800
1374,M01374,M,303.5,313.0,1685,39.4,137,0,0,0,0,0,0,LINE1-M02,2026-06-05T01:12:00,OP-110,MAT-8809
1375,H01375,H,301.7,310.8,1169,37.3,142,0,0,0,0,0,0,LINE1-M01,2026-06-05T01:18:00,OP-101,MAT-8807
1376,H01376,H,301.3,310.7,1553,38.6,147,0,0,0,0,0,0,LINE1-M02,2026-06-05T01:23:00,OP-109,MAT-8806
1377,M01377,M,304.1,314.6,1390,30.9,150,0,0,0,0,0,0,LINE1-M01,2026-06-05T01:28:00,OP-109,MAT-8805
1378,L01378,L,299.5,309.9,1589,37.8,152,0,0,0,0,0,0,LINE3-M02,2026-06-05T01:33:00,OP-103,MAT-8808
1379,L01379,L,297.8,308.5,1510,40.2,154,0,0,0,0,0,0,LINE2-M02,2026-06-05T01:37:00,OP-111,MAT-8810
1380,L01380,L,300.4,312.1,1699,42.0,156,0,0,0,0,0,0,LINE2-M01,2026-06-05T01:39:00,OP-106,MAT-8811
1381,M01381,M,296.8,308.1,1614,32.3,159,0,0,0,0,0,0,LINE1-M02,2026-06-05T01:42:00,OP-104,MAT-8811
1382,L01382,L,303.1,311.6,1755,31.8,161,0,0,0,0,0,0,LINE3-M01,2026-06-05T01:48:00,OP-103,MAT-8819
1383,H01383,H,299.4,309.4,2011,22.7,166,0,0,0,0,0,0,LINE2-M02,2026-06-05T01:51:00,OP-111,MAT-8818
1384,L01384,L,300.0,308.2,1424,49.1,168,0,0,0,0,0,0,LINE3-M02,2026-06-05T01:56:00,OP-103,MAT-8808
1385,M01385,M,299.5,307.3,1509,64.3,171,1,0,0,1,0,0,LINE2-M02,2026-06-05T02:00:00,OP-107,MAT-8809
1386,H01386,H,301.8,310.6,1431,44.7,176,0,0,0,0,0,0,LINE3-M02,2026-06-05T02:03:00,OP-109,MAT-8806
1387,H01387,H,301.7,311.7,1807,47.2,181,0,0,0,0,0,0,LINE3-M02,2026-06-05T02:07:00,OP-111,MAT-8800
1388,L01388,L,294.4,304.8,1774,29.1,183,0,0,0,0,0,0,LINE2-M02,2026-06-05T02:11:00,OP-111,MAT-8806
1389,L01389,L,296.5,305.4,1488,42.2,185,0,0,0,0,0,0,LINE3-M02,2026-06-05T02:14:00,OP-104,MAT-8819
1390,M01390,M,300.2,310.8,1350,43.1,188,0,0,0,0,0,0,LINE1-M01,2026-06-05T02:19:00,OP-108,MAT-8811
1391,M01391,M,303.4,314.5,1434,43.7,191,0,0,0,0,0,0,LINE3-M02,2026-06-05T02:23:00,OP-104,MAT-8818
1392,H01392,H,298.0,308.4,1760,47.6,196,0,0,0,0,0,0,LINE1-M01,2026-06-05T02:29:00,OP-108,MAT-8802
1393,L01393,L,300.1,312.0,1538,51.5,198,0,0,0,0,0,0,LINE3-M02,2026-06-05T02:31:00,OP-104,MAT-8814
1394,L01394,L,300.1,310.6,1168,55.7,200,1,0,0,0,1,0,LINE1-M01,2026-06-05T02:35:00,OP-110,MAT-8818
1395,L01395,L,299.2,309.9,2072,37.5,202,1,1,0,0,0,0,LINE2-M01,2026-06-05T02:41:00,OP-109,MAT-8812
1396,L01396,L,296.5,306.1,1718,34.5,204,0,0,0,0,0,0,LINE3-M01,2026-06-05T02:46:00,OP-109,MAT-8811
1397,M01397,M,299.7,310.1,1672,28.8,207,1,1,0,0,0,0,LINE1-M01,2026-06-05T02:49:00,OP-108,MAT-8819
1398,L01398,L,302.0,312.4,1763,35.7,209,0,0,0,0,0,0,LINE1-M02,2026-06-05T02:52:00,OP-102,MAT-8813
1399,L01399,L,299.5,310.1,2199,13.0,211,1,1,0,1,0,0,LINE1-M02,2026-06-05T02:54:00,OP-101,MAT-8812
1400,L01400,L,295.8,307.0,1580,25.9,213,1,1,0,0,0,0,LINE1-M01,2026-06-05T02:59:00,OP-106,MAT-8818
1401,H01401,H,302.5,310.9,1257,38.8,218,1,0,1,0,0,0,LINE1-M02,2026-06-05T03:02:00,OP-111,MAT-8819
1402,M01402,M,299.9,311.4,1278,36.8,221,1,1,0,0,0,0,LINE3-M01,2026-06-05T03:06:00,OP-107,MAT-8800
1403,L01403,L,300.4,310.2,1600,29.4,223,0,0,0,0,0,0,LINE2-M02,2026-06-05T03:08:00,OP-103,MAT-8802
1404,L01404,L,300.0,309.7,1263,39.9,225,0,0,0,0,0,0,LINE1-M01,2026-06-05T03:12:00,OP-103,MAT-8805
1405,M01405,M,297.5,307.0,1422,55.3,228,1,1,0,0,1,0,LINE1-M01,2026-06-05T03:17:00,OP-109,MAT-8806
1406,H01406,H,299.7,309.7,1306,30.2,233,1,1,0,0,0,0,LINE1-M01,2026-06-05T03:21:00,OP-100,MAT-8815
1407,M01407,M,301.0,310.4,2001,28.3,236,1,1,0,0,0,0,LINE2-M01,2026-06-05T03:23:00,OP-107,MAT-8801
1408,L01408,L,300.9,311.2,1478,46.9,238,1,1,0,0,1,0,LINE1-M02,2026-06-05T03:25:00,OP-103,MAT-8802
1409,M01409,M,299.1,307.9,1963,44.7,0,1,0,0,1,0,0,LINE3-M01,2026-06-05T03:31:00,OP-104,MAT-8815
1410,L01410,L,297.9,308.7,1617,54.5,2,1,0,0,1,0,0,LINE3-M01,2026-06-05T03:36:00,OP-102,MAT-8807
1411,L01411,L,300.8,311.6,1704,54.1,4,1,0,0,1,0,0,LINE3-M01,2026-06-05T03:40:00,OP-103,MAT-8807
1412,H01412,H,301.6,312.4,1621,39.5,9,0,0,0,0,0,0,LINE2-M02,2026-06-05T03:44:00,OP-110,MAT-8804
1413,L01413,L,296.6,307.4,1168,45.9,11,0,0,0,0,0,0,LINE3-M01,2026-06-05T03:49:00,OP-103,MAT-8805
1414,L01414,L,301.0,310.7,1168,19.2,13,1,0,0,1,0,0,LINE2-M02,2026-06-05T03:52:00,OP-100,MAT-8818
1415,H01415,H,301.1,311.0,1489,49.1,18,0,0,0,0,0,0,LINE2-M02,2026-06-05T03:55:00,OP-108,MAT-8814
1416,H01416,H,298.2,308.1,1480,58.9,23,1,0,0,1,0,0,LINE2-M01,2026-06-05T03:59:00,OP-104,MAT-8810
1417,M01417,M,297.1,307.7,1835,44.0,26,0,0,0,0,0,0,LINE2-M01,2026-06-05T04:03:00,OP-108,MAT-8804
1418,H01418,H,296.2,305.8,1829,36.8,31,0,0,0,0,0,0,LINE3-M02,2026-06-05T04:09:00,OP-102,MAT-8811
1419,L01419,L,300.7,309.8,1688,21.7,33,0,0,0,0,0,0,LINE1-M02,2026-06-05T04:15:00,OP-108,MAT-8806
1420,L01420,L,299.4,308.9,1684,28.8,35,0,0,0,0,0,0,LINE3-M01,2026-06-05T04:19:00,OP-109,MAT-8816
1421,L01421,L,299.7,309.3,2175,43.7,37,1,0,0,1,0,0,LINE1-M02,2026-06-05T04:25:00,OP-102,MAT-8803
1422,H01422,H,302.8,312.5,1491,37.1,42,0,0,0,0,0,0,LINE2-M01,2026-06-05T04:31:00,OP-104,MAT-8801
1423,H01423,H,303.0,311.5,1496,55.2,47,0,0,0,0,0,0,LINE2-M02,2026-06-05T04:36:00,OP-102,MAT-8809
1424,L01424,L,301.5,312.6,1715,47.3,49,0,0,0,0,0,0,LINE3-M01,2026-06-05T04:39:00,OP-100,MAT-8813
1425,L01425,L,302.3,311.2,1168,50.4,51,0,0,0,0,0,0,LINE2-M01,2026-06-05T04:42:00,OP-110,MAT-8813
1426,L01426,L,299.7,309.3,1887,25.0,53,0,0,0,0,0,0,LINE2-M01,2026-06-05T04:45:00,OP-106,MAT-8803
1427,M01427,M,297.6,308.2,1468,35.7,56,0,0,0,0,0,0,LINE2-M01,2026-06-05T04:49:00,OP-110,MAT-8803
1428,H01428,H,301.3,311.2,1374,45.3,61,0,0,0,0,0,0,LINE1-M02,2026-06-05T04:54:00,OP-104,MAT-8803
1429,L01429,L,301.6,312.1,1329,19.7,63,1,0,0,1,0,0,LINE2-M01,2026-06-05T04:58:00,OP-106,MAT-8808
1430,M01430,M,298.1,306.0,2087,23.1,66,0,0,0,0,0,0,LINE3-M01,2026-06-05T05:01:00,OP-101,MAT-8819
1431,M01431,M,299.3,311.3,1513,36.1,69,0,0,0,0,0,0,LINE3-M02,2026-06-05T05:06:00,OP-106,MAT-8801
1432,L01432,L,299.1,310.7,1339,27.8,71,0,0,0,0,0,0,LINE2-M02,2026-06-05T05:10:00,OP-106,MAT-8808
1433,L01433,L,302.5,313.7,1338,29.8,73,0,0,0,0,0,0,LINE3-M02,2026-06-05T05:13:00,OP-103,MAT-8818
1434,L01434,L,302.0,310.2,1168,60.9,75,1,0,1,0,0,0,LINE3-M02,2026-06-05T05:18:00,OP-109,MAT-8816
1435,M01435,M,300.2,310.9,1543,40.3,78,0,0,0,0,0,0,LINE1-M01,2026-06-05T05:20:00,OP-105,MAT-8818
1436,L01436,L,301.1,309.9,1569,51.0,80,0,0,0,0,0,0,LINE3-M02,2026-06-05T05:24:00,OP-107,MAT-8818
1437,L01437,L,297.5,308.4,1791,53.8,82,1,0,0,1,0,0,LINE3-M01,2026-06-05T05:29:00,OP-103,MAT-8818
1438,M01438,M,300.6,309.3,1950,43.4,85,0,0,0,0,0,0,LINE2-M02,2026-06-05T05:33:00,OP-105,MAT-8807
1439,L01439,L,303.0,311.4,1517,42.2,87,0,0,0,0,0,0,LINE1-M01,2026-06-05T05:37:00,OP-108,MAT-8817
1440,L01440,L,299.0,309.8,1636,37.7,89,0,0,0,0,0,0,LINE2-M01,2026-06-05T05:40:00,OP-105,MAT-8811
1441,L01441,L,300.4,310.5,1168,24.5,91,1,0,0,1,0,0,LINE2-M01,2026-06-05T05:44:00,OP-111,MAT-8802
1442,M01442,M,296.9,306.1,1677,43.3,94,0,0,0,0,0,0,LINE2-M02,2026-06-05T05:49:00,OP-107,MAT-8811
1443,M01443,M,302.1,312.2,1168,39.6,97,0,0,0,0,0,0,LINE2-M02,2026-06-05T05:55:00,OP-108,MAT-8817
1444,M01444,M,302.6,311.4,1311,30.7,100,0,0,0,0,0,0,LINE3-M02,2026-06-05T05:57:00,OP-104,MAT-8804
1445,L01445,L,300.4,311.6,1610,42.1,102,0,0,0,0,0,0,LINE3-M02,2026-06-05T05:59:00,OP-109,MAT-8818
1446,H01446,H,296.1,307.1,1460,52.0,107,0,0,0,0,0,0,LINE3-M01,2026-06-05T06:02:00,OP-110,MAT-8808
1447,L01447,L,297.8,309.8,1566,42.5,109,0,0,0,0,0,0,LINE1-M02,2026-06-05T06:05:00,OP-110,MAT-8806
1448,M01448,M,300.2,311.2,1644,46.6,112,0,0,0,0,0,0,LINE2-M02,2026-06-05T06:11:00,OP-106,MAT-8817
1449,L01449,L,297.9,306.9,1748,42.0,114,0,0,0,0,0,0,LINE3-M02,2026-06-05T06:17:00,OP-110,MAT-8818
1450,L01450,L,301.3,311.6,1543,45.7,116,0,0,0,0,0,0,LINE2-M02,2026-06-05T06:21:00,OP-105,MAT-8807
1451,L01451,L,303.5,313.0,1182,50.8,118,0,0,0,0,0,0,LINE3-M01,2026-06-05T06:25:00,OP-108,MAT-8818
1452,H01452,H,298.3,307.2,1422,49.5,123,0,0,0,0,0,0,LINE3-M02,2026-06-05T06:30:00,OP-101,MAT-8819
1453,L01453,L,300.4,309.0,1425,33.1,125,0,0,0,0,0,0,LINE1-M02,2026-06-05T06:36:00,OP-104,MAT-8818
1454,M01454,M,299.4,309.3,1442,38.6,128,0,0,0,0,0,0,LINE1-M01,2026-06-05T06:38:00,OP-108,MAT-8814
1455,L01455,L,301.0,310.8,1667,57.1,130,1,0,0,1,0,0,LINE1-M02,2026-06-05T06:41:00,OP-101,MAT-8808
1456,M01456,M,298.0,308.4,1608,46.6,133,0,0,0,0,0,0,LINE1-M02,2026-06-05T06:46:00,OP-104,MAT-8817
1457,M01457,M,300.5,309.3,1176,37.1,136,0,0,0,0,0,0,LINE1-M02,2026-06-05T06:51:00,OP-100,MAT-8819
1458,H01458,H,300.1,311.3,1372,47.4,141,0,0,0,0,0,0,LINE3-M01,2026-06-05T06:53:00,OP-108,MAT-8813
1459,H01459,H,299.5,309.2,1168,52.8,146,0,0,0,0,0,0,LINE1-M01,2026-06-05T06:56:00,OP-110,MAT-8815
1460,L01460,L,300.6,310.2,1620,35.5,148,0,0,0,0,0,0,LINE2-M02,2026-06-05T07:01:00,OP-111,MAT-8815
1461,L01461,L,301.6,310.7,1546,39.1,150,0,0,0,0,0,0,LINE3-M02,2026-06-05T07:04:00,OP-104,MAT-8815
1462,L01462,L,298.6,308.7,1344,39.3,152,0,0,0,0,0,0,LINE2-M02,2026-06-05T07:06:00,OP-101,MAT-8816
1463,M01463,M,296.9,306.7,1385,27.5,155,0,0,0,0,0,0,LINE3-M02,2026-06-05T07:08:00,OP-101,MAT-8805
1464,L01464,L,298.3,309.6,2132,18.5,157,0,0,0,0,0,0,LINE2-M01,2026-06-05T07:13:00,OP-109,MAT-8818
1465,L01465,L,302.3,313.9,1230,50.2,159,0,0,0,0,0,0,LINE2-M01,2026-06-05T07:19:00,OP-108,MAT-8806
1466,L01466,L,302.0,311.9,1431,44.9,161,0,0,0,0,0,0,LINE3-M01,2026-06-05T07:23:00,OP-107,MAT-8805
1467,H01467,H,297.4,307.8,1574,66.3,166,1,0,0,1,0,0,LINE3-M01,2026-06-05T07:25:00,OP-104,MAT-8809
1468,L01468,L,301.1,312.1,1505,34.1,168,0,0,0,0,0,0,LINE1-M02,2026-06-05T07:31:00,OP-107,MAT-8817
1469,M01469,M,303.7,314.0,1663,39.9,171,0,0,0,0,0,0,LINE2-M01,2026-06-05T07:33:00,OP-105,MAT-8804
1470,M01470,M,297.9,309.4,1168,36.8,174,0,0,0,0,0,0,LINE2-M01,2026-06-05T07:35:00,OP-107,MAT-8818
1471,L01471,L,300.1,311.4,1885,36.8,176,0,0,0,0,0,0,LINE3-M02,2026-06-05T07:41:00,OP-108,MAT-8806
1472,L01472,L,299.3,308.6,1701,42.4,178,0,0,0,0,0,0,LINE2-M02,2026-06-05T07:46:00,OP-106,MAT-8802
1473,H01473,H,299.4,309.3,1488,42.5,183,0,0,0,0,0,0,LINE2-M02,2026-06-05T07:52:00,OP-107,MAT-8809
1474,M01474,M,303.8,312.9,1481,33.8,186,0,0,0,0,0,0,LINE3-M01,2026-06-05T07:56:00,OP-110,MAT-8810
1475,H01475,H,299.6,309.5,1471,51.7,191,0,0,0,0,0,0,LINE2-M01,2026-06-05T07:59:00,OP-110,MAT-8813
1476,M01476,M,301.6,310.3,1462,51.2,194,0,0,0,0,0,0,LINE1-M01,2026-06-05T08:01:00,OP-107,MAT-8805
1477,H01477,H,303.5,312.9,1429,28.6,199,0,0,0,0,0,0,LINE3-M01,2026-06-05T08:04:00,OP-100,MAT-8812
1478,M01478,M,299.6,308.6,1468,38.9,202,0,0,0,0,0,0,LINE3-M02,2026-06-05T08:07:00,OP-102,MAT-8812
1479,L01479,L,297.9,306.2,1361,57.2,204,1,0,1,0,1,0,LINE3-M01,2026-06-05T08:10:00,OP-109,MAT-8808
1480,M01480,M,299.2,308.3,1529,45.1,207,0,0,0,0,0,0,LINE2-M02,2026-06-05T08:12:00,OP-106,MAT-8808
1481,H01481,H,301.4,311.1,1312,54.3,212,1,1,0,0,0,0,LINE1-M02,2026-06-05T08:17:00,OP-102,MAT-8807
1482,H01482,H,301.8,308.0,1326,47.4,217,1,0,1,0,0,0,LINE1-M02,2026-06-05T08:21:00,OP-110,MAT-8812
1483,L01483,L,300.9,310.2,1516,48.2,219,0,0,0,0,0,0,LINE1-M02,2026-06-05T08:24:00,OP-103,MAT-8804
1484,H01484,H,298.2,309.6,1339,33.3,224,1,1,0,0,0,0,LINE1-M02,2026-06-05T08:27:00,OP-102,MAT-8802
1485,H01485,H,299.4,308.4,2056,37.3,229,1,1,0,0,0,0,LINE1-M02,2026-06-05T08:30:00,OP-100,MAT-8818
1486,L01486,L,299.9,309.1,1384,25.5,231,1,1,0,0,0,0,LINE3-M01,2026-06-05T08:33:00,OP-106,MAT-8812
1487,H01487,H,301.1,310.3,1539,49.6,236,1,1,0,0,0,0,LINE2-M01,2026-06-05T08:35:00,OP-103,MAT-8819
1488,L01488,L,296.0,305.9,1168,30.2,238,1,1,0,0,0,0,LINE3-M01,2026-06-05T08:40:00,OP-109,MAT-8805
1489,H01489,H,298.1,308.1,1206,51.7,0,0,0,0,0,0,0,LINE1-M02,2026-06-05T08:46:00,OP-109,MAT-8803
1490,L01490,L,296.5,307.2,2020,3.8,2,1,0,0,1,0,0,LINE3-M02,2026-06-05T08:48:00,OP-109,MAT-8812
1491,M01491,M,298.1,309.9,1400,60.7,5,0,0,0,0,0,0,LINE2-M02,2026-06-05T08:52:00,OP-107,MAT-8804
1492,L01492,L,301.2,311.9,1385,36.3,7,0,0,0,0,0,0,LINE2-M02,2026-06-05T08:55:00,OP-102,MAT-8811
1493,M01493,M,302.2,311.8,1473,34.9,10,0,0,0,0,0,0,LINE3-M01,2026-06-05T09:00:00,OP-106,MAT-8804
1494,L01494,L,300.5,310.7,1545,51.4,12,0,0,0,0,0,0,LINE2-M02,2026-06-05T09:05:00,OP-107,MAT-8812
1495,L01495,L,300.3,309.2,1357,39.8,14,0,0,0,0,0,0,LINE1-M01,2026-06-05T09:11:00,OP-103,MAT-8806
1496,M01496,M,296.5,306.2,1294,24.7,17,1,0,0,1,0,0,LINE2-M02,2026-06-05T09:17:00,OP-108,MAT-8813
1497,M01497,M,299.3,310.0,1937,21.3,20,0,0,0,0,0,0,LINE2-M01,2026-06-05T09:23:00,OP-103,MAT-8806
1498,H01498,H,300.2,310.1,1735,38.2,25,0,0,0,0,0,0,LINE2-M01,2026-06-05T09:29:00,OP-107,MAT-8800
1499,L01499,L,297.8,306.1,1408,22.3,27,1,0,0,1,0,0,LINE1-M02,2026-06-05T09:35:00,OP-109,MAT-8806
1500,L01500,L,302.7,312.5,1743,15.7,29,1,0,0,1,0,0,LINE3-M01,2026-06-05T09:41:00,OP-110,MAT-8803
1501,M01501,M,301.9,310.0,1598,48.2,32,0,0,0,0,0,0,LINE1-M01,2026-06-05T09:45:00,OP-103,MAT-8809
1502,H01502,H,297.1,305.3,1168,53.5,37,1,0,1,0,0,0,LINE2-M02,2026-06-05T09:50:00,OP-111,MAT-8805
1503,M01503,M,298.6,308.5,1453,52.4,40,0,0,0,0,0,0,LINE3-M02,2026-06-05T09:52:00,OP-102,MAT-8817
1504,L01504,L,301.4,311.0,1183,67.2,42,0,0,0,0,0,0,LINE1-M01,2026-06-05T09:55:00,OP-107,MAT-8803
1505,L01505,L,300.8,309.8,1767,21.1,44,0,0,0,0,0,0,LINE1-M02,2026-06-05T09:58:00,OP-107,MAT-8818
1506,M01506,M,295.9,307.0,1787,24.9,47,0,0,0,0,0,0,LINE2-M02,2026-06-05T10:04:00,OP-101,MAT-8811
1507,L01507,L,298.5,308.1,1497,51.3,49,0,0,0,0,0,0,LINE1-M01,2026-06-05T10:07:00,OP-110,MAT-8810
1508,H01508,H,301.0,310.5,1168,47.0,54,0,0,0,0,0,0,LINE2-M01,2026-06-05T10:13:00,OP-109,MAT-8818
1509,L01509,L,299.5,307.6,2068,31.1,56,0,0,0,0,0,0,LINE2-M01,2026-06-05T10:19:00,OP-107,MAT-8810
1510,H01510,H,299.9,310.7,2016,50.1,61,1,0,0,1,0,0,LINE2-M02,2026-06-05T10:24:00,OP-100,MAT-8808
1511,L01511,L,299.1,308.8,1869,38.1,63,0,0,0,0,0,0,LINE2-M02,2026-06-05T10:26:00,OP-103,MAT-8815
1512,M01512,M,298.8,308.6,1493,46.9,66,0,0,0,0,0,0,LINE2-M02,2026-06-05T10:31:00,OP-108,MAT-8813
1513,M01513,M,299.2,307.6,1454,47.8,69,0,0,0,0,0,0,LINE3-M01,2026-06-05T10:35:00,OP-107,MAT-8809
1514,H01514,H,302.9,313.0,1390,30.0,74,0,0,0,0,0,0,LINE3-M01,2026-06-05T10:39:00,OP-100,MAT-8804
1515,M01515,M,302.0,312.9,1531,43.5,77,0,0,0,0,0,0,LINE1-M01,2026-06-05T10:45:00,OP-101,MAT-8800
1516,M01516,M,299.2,307.7,1569,48.6,80,0,0,0,0,0,0,LINE1-M02,2026-06-05T10:47:00,OP-110,MAT-8810
1517,L01517,L,299.3,309.7,1430,39.9,82,0,0,0,0,0,0,LINE1-M01,2026-06-05T10:49:00,OP-111,MAT-8802
1518,L01518,L,301.8,310.6,1406,49.8,84,0,0,0,0,0,0,LINE2-M02,2026-06-05T10:51:00,OP-110,MAT-8816
1519,L01519,L,299.1,308.7,1561,23.4,86,0,0,0,0,0,0,LINE3-M01,2026-06-05T10:57:00,OP-107,MAT-8809
1520,M01520,M,298.3,308.4,2037,20.3,89,0,0,0,0,0,0,LINE1-M01,2026-06-05T10:59:00,OP-103,MAT-8808
1521,H01521,H,298.1,306.8,1550,33.9,94,0,0,0,0,0,0,LINE3-M01,2026-06-05T11:01:00,OP-103,MAT-8805
1522,H01522,H,301.0,311.7,1576,48.6,99,0,0,0,0,0,0,LINE2-M02,2026-06-05T11:07:00,OP-108,MAT-8809
1523,L01523,L,300.1,309.9,1611,46.6,101,0,0,0,0,0,0,LINE1-M02,2026-06-05T11:13:00,OP-104,MAT-8805
1524,M01524,M,301.0,308.8,1458,53.7,104,0,0,0,0,0,0,LINE3-M02,2026-06-05T11:15:00,OP-101,MAT-8814
1525,M01525,M,300.6,310.8,1635,37.2,107,0,0,0,0,0,0,LINE3-M01,2026-06-05T11:19:00,OP-109,MAT-8808
1526,L01526,L,295.1,303.1,1431,36.3,109,0,0,0,0,0,0,LINE2-M02,2026-06-05T11:24:00,OP-105,MAT-8817
1527,L01527,L,298.8,309.1,1441,30.2,111,0,0,0,0,0,0,LINE2-M02,2026-06-05T11:29:00,OP-105,MAT-8812
1528,M01528,M,298.5,306.5,1677,22.7,114,0,0,0,0,0,0,LINE2-M01,2026-06-05T11:34:00,OP-102,MAT-8810
1529,M01529,M,303.4,312.7,1680,45.6,117,0,0,0,0,0,0,LINE2-M01,2026-06-05T11:36:00,OP-102,MAT-8818
1530,L01530,L,302.2,311.9,1866,40.5,119,0,0,0,0,0,0,LINE2-M01,2026-06-05T11:40:00,OP-100,MAT-8815
1531,H01531,H,301.3,310.8,1373,47.4,124,0,0,0,0,0,0,LINE1-M01,2026-06-05T11:44:00,OP-107,MAT-8819
1532,L01532,L,299.3,311.0,1644,34.6,126,0,0,0,0,0,0,LINE2-M01,2026-06-05T11:46:00,OP-101,MAT-8810
1533,M01533,M,298.4,308.5,1574,28.3,129,0,0,0,0,0,0,LINE1-M02,2026-06-05T11:51:00,OP-107,MAT-8800
1534,M01534,M,301.3,311.6,1426,44.9,132,0,0,0,0,0,0,LINE2-M01,2026-06-05T11:57:00,OP-109,MAT-8804
1535,H01535,H,297.6,306.7,1961,40.2,137,0,0,0,0,0,0,LINE2-M02,2026-06-05T12:00:00,OP-101,MAT-8800
1536,L01536,L,299.1,310.0,1306,36.4,139,0,0,0,0,0,0,LINE2-M02,2026-06-05T12:03:00,OP-104,MAT-8817
1537,H01537,H,299.1,309.9,1622,25.3,144,0,0,0,0,0,0,LINE2-M01,2026-06-05T12:06:00,OP-111,MAT-8818
1538,L01538,L,298.0,310.1,1610,27.9,146,0,0,0,0,0,0,LINE1-M02,2026-06-05T12:11:00,OP-108,MAT-8803
1539,M01539,M,300.2,310.1,1500,39.0,149,0,0,0,0,0,0,LINE2-M02,2026-06-05T12:16:00,OP-101,MAT-8814
1540,M01540,M,296.2,307.6,1573,38.7,152,0,0,0,0,0,0,LINE2-M01,2026-06-05T12:19:00,OP-107,MAT-8807
1541,M01541,M,300.8,310.6,1607,26.0,155,0,0,0,0,0,0,LINE3-M01,2026-06-05T12:24:00,OP-104,MAT-8810
1542,M01542,M,302.9,313.0,1417,46.9,158,0,0,0,0,0,0,LINE3-M01,2026-06-05T12:27:00,OP-104,MAT-8801
1543,M01543,M,302.9,311.0,1365,40.1,161,1,0,1,0,0,0,LINE2-M01,2026-06-05T12:32:00,OP-104,MAT-8808
1544,M01544,M,301.9,311.2,1248,48.7,164,0,0,0,0,0,0,LINE1-M02,2026-06-05T12:37:00,OP-110,MAT-8812
1545,L01545,L,299.7,310.9,1905,39.4,166,0,0,0,0,0,0,LINE2-M02,2026-06-05T12:41:00,OP-103,MAT-8819
1546,M01546,M,299.2,308.9,1714,60.4,169,1,0,0,1,0,0,LINE1-M01,2026-06-05T12:43:00,OP-105,MAT-8817
1547,M01547,M,299.5,310.8,1558,29.3,172,0,0,0,0,0,0,LINE1-M02,2026-06-05T12:48:00,OP-109,MAT-8801
1548,L01548,L,299.6,309.3,1168,42.1,174,0,0,0,0,0,0,LINE1-M01,2026-06-05T12:54:00,OP-107,MAT-8802
1549,H01549,H,299.2,307.2,1213,39.6,179,1,0,1,0,0,0,LINE1-M02,2026-06-05T12:57:00,OP-105,MAT-8810
1550,M01550,M,298.6,310.5,1377,41.4,182,0,0,0,0,0,0,LINE3-M01,2026-06-05T13:00:00,OP-103,MAT-8814
1551,L01551,L,301.7,310.3,2036,47.5,184,1,0,0,1,0,0,LINE1-M01,2026-06-05T13:03:00,OP-100,MAT-8807
1552,M01552,M,302.3,311.5,1216,51.3,187,0,0,0,0,0,0,LINE2-M02,2026-06-05T13:07:00,OP-110,MAT-8812
1553,M01553,M,298.0,309.7,1405,50.4,190,0,0,0,0,0,0,LINE3-M01,2026-06-05T13:12:00,OP-100,MAT-8806
1554,H01554,H,300.9,310.8,2078,39.1,195,0,0,0,0,0,0,LINE3-M01,2026-06-05T13:16:00,OP-109,MAT-8811
1555,L01555,L,302.8,312.7,1669,46.1,197,0,0,0,0,0,0,LINE1-M02,2026-06-05T13:22:00,OP-104,MAT-8817
1556,H01556,H,299.1,308.2,1168,43.7,202,0,0,0,0,0,0,LINE2-M02,2026-06-05T13:28:00,OP-103,MAT-8810
1557,M01557,M,304.6,313.9,1523,30.4,205,0,0,0,0,0,0,LINE3-M02,2026-06-05T13:33:00,OP-103,MAT-8805
1558,H01558,H,300.9,312.1,1649,30.0,210,0,0,0,0,0,0,LINE1-M02,2026-06-05T13:36:00,OP-111,MAT-8806
1559,L01559,L,304.3,313.9,1369,35.4,212,1,1,0,0,0,0,LINE3-M02,2026-06-05T13:39:00,OP-103,MAT-8816
1560,L01560,L,298.8,309.4,1495,19.8,214,1,0,0,1,0,0,LINE2-M02,2026-06-05T13:43:00,OP-109,MAT-8805
1561,L01561,L,301.6,313.7,1314,29.6,216,1,1,0,0,0,0,LINE1-M01,2026-06-05T13:49:00,OP-100,MAT-8819
1562,L01562,L,298.9,308.6,1898,30.8,218,1,1,0,0,0,0,LINE1-M01,2026-06-05T13:52:00,OP-105,MAT-8806
1563,M01563,M,300.2,309.7,1492,39.7,221,0,0,0,0,0,0,LINE1-M02,2026-06-05T13:54:00,OP-102,MAT-8808
1564,M01564,M,297.5,309.5,1662,43.5,224,1,1,0,0,0,0,LINE1-M01,2026-06-05T13:57:00,OP-107,MAT-8805
1565,L01565,L,300.3,310.9,1588,20.6,226,1,1,0,1,0,0,LINE3-M02,2026-06-05T13:59:00,OP-101,MAT-8804
1566,H01566,H,300.0,310.5,1593,29.0,231,1,1,0,0,0,0,LINE1-M01,2026-06-05T14:02:00,OP-110,MAT-8802
1567,H01567,H,296.3,307.3,1714,24.8,236,1,1,0,0,0,0,LINE3-M02,2026-06-05T14:05:00,OP-100,MAT-8801
1568,H01568,H,297.8,307.8,1168,48.4,0,0,0,0,0,0,0,LINE2-M01,2026-06-05T14:09:00,OP-109,MAT-8811
1569,L01569,L,303.0,312.9,1168,40.8,2,0,0,0,0,0,0,LINE3-M01,2026-06-05T14:13:00,OP-105,MAT-8811
1570,H01570,H,297.5,306.8,1330,31.7,7,0,0,0,0,0,0,LINE2-M01,2026-06-05T14:17:00,OP-110,MAT-8815
1571,H01571,H,300.6,310.8,1677,45.4,12,0,0,0,0,0,0,LINE1-M02,2026-06-05T14:21:00,OP-105,MAT-8814
1572,L01572,L,297.8,309.0,1437,41.4,14,0,0,0,0,0,0,LINE2-M01,2026-06-05T14:23:00,OP-109,MAT-8810
1573,H01573,H,302.9,312.4,1544,36.9,19,0,0,0,0,0,0,LINE1-M01,2026-06-05T14:29:00,OP-111,MAT-8812
1574,L01574,L,301.2,312.4,1168,45.2,21,0,0,0,0,0,0,LINE1-M01,2026-06-05T14:35:00,OP-109,MAT-8800
1575,M01575,M,297.9,306.3,1335,56.2,24,1,0,1,0,0,0,LINE3-M02,2026-06-05T14:38:00,OP-107,MAT-8803
1576,L01576,L,301.7,313.0,1781,42.5,26,0,0,0,0,0,0,LINE2-M02,2026-06-05T14:44:00,OP-111,MAT-8803
1577,L01577,L,296.2,304.7,1168,45.6,28,1,0,1,0,0,0,LINE3-M01,2026-06-05T14:47:00,OP-108,MAT-8803
1578,L01578,L,301.1,311.0,1413,30.6,30,0,0,0,0,0,0,LINE3-M01,2026-06-05T14:50:00,OP-103,MAT-8800
1579,M01579,M,299.5,309.9,1728,38.2,33,0,0,0,0,0,0,LINE1-M02,2026-06-05T14:52:00,OP-107,MAT-8803
1580,L01580,L,300.2,310.3,1454,50.3,35,0,0,0,0,0,0,LINE2-M02,2026-06-05T14:58:00,OP-106,MAT-8811
1581,L01581,L,299.9,310.3,1267,45.7,37,0,0,0,0,0,0,LINE3-M01,2026-06-05T15:04:00,OP-110,MAT-8815
1582,M01582,M,302.0,313.3,1588,30.0,40,0,0,0,0,0,0,LINE2-M01,2026-06-05T15:09:00,OP-106,MAT-8818
1583,M01583,M,299.1,309.5,1168,54.2,43,0,0,0,0,0,0,LINE2-M01,2026-06-05T15:11:00,OP-107,MAT-8802
1584,H01584,H,300.4,309.8,1431,42.7,48,0,0,0,0,0,0,LINE2-M02,2026-06-05T15:13:00,OP-111,MAT-8810
1585,M01585,M,301.2,310.6,1547,43.7,51,0,0,0,0,0,0,LINE3-M02,2026-06-05T15:19:00,OP-103,MAT-8819
1586,L01586,L,298.4,307.2,1676,30.4,53,0,0,0,0,0,0,LINE3-M02,2026-06-05T15:21:00,OP-101,MAT-8816
1587,L01587,L,301.5,311.0,1390,35.4,55,0,0,0,0,0,0,LINE3-M01,2026-06-05T15:27:00,OP-104,MAT-8818
1588,L01588,L,300.8,311.6,1360,43.3,57,0,0,0,0,0,0,LINE1-M01,2026-06-05T15:31:00,OP-104,MAT-8819
1589,L01589,L,301.3,310.5,1691,37.9,59,0,0,0,0,0,0,LINE1-M02,2026-06-05T15:33:00,OP-107,MAT-8807
1590,H01590,H,300.7,310.1,1531,30.2,64,0,0,0,0,0,0,LINE2-M01,2026-06-05T15:36:00,OP-104,MAT-8805
1591,L01591,L,296.9,307.1,1502,56.7,66,0,0,0,0,0,0,LINE3-M02,2026-06-05T15:39:00,OP-111,MAT-8803
1592,M01592,M,299.0,308.5,1465,47.6,69,0,0,0,0,0,0,LINE3-M01,2026-06-05T15:45:00,OP-107,MAT-8815
1593,M01593,M,299.5,309.9,1706,42.1,72,0,0,0,0,0,0,LINE3-M01,2026-06-05T15:49:00,OP-106,MAT-8815
1594,M01594,M,300.4,310.9,1658,22.6,75,0,0,0,0,0,0,LINE1-M02,2026-06-05T15:51:00,OP-110,MAT-8811
1595,M01595,M,301.6,310.3,1493,49.8,78,0,0,0,0,0,0,LINE1-M01,2026-06-05T15:54:00,OP-102,MAT-8802
1596,L01596,L,300.4,310.4,1380,32.0,80,0,0,0,0,0,0,LINE2-M02,2026-06-05T16:00:00,OP-107,MAT-8802
1597,H01597,H,299.1,308.8,1505,37.8,85,0,0,0,0,0,0,LINE1-M02,2026-06-05T16:03:00,OP-102,MAT-8812
1598,L01598,L,302.9,312.7,2033,23.9,87,0,0,0,0,0,0,LINE3-M02,2026-06-05T16:09:00,OP-109,MAT-8816
1599,L01599,L,299.6,308.1,1168,36.6,89,1,0,1,0,0,0,LINE2-M01,2026-06-05T16:12:00,OP-103,MAT-8815
1600,M01600,M,299.3,310.7,1168,53.4,92,0,0,0,0,0,0,LINE3-M01,2026-06-05T16:15:00,OP-101,MAT-8815
1601,M01601,M,302.0,313.2,1221,30.0,95,0,0,0,0,0,0,LINE3-M02,2026-06-05T16:20:00,OP-103,MAT-8808
1602,L01602,L,298.7,308.6,1591,37.1,97,0,0,0,0,0,0,LINE1-M01,2026-06-05T16:25:00,OP-110,MAT-8811
1603,L01603,L,300.2,310.1,1220,29.2,99,0,0,0,0,0,0,LINE2-M02,2026-06-05T16:28:00,OP-110,MAT-8805
1604,M01604,M,300.4,308.4,1394,43.6,102,0,0,0,0,0,0,LINE3-M01,2026-06-05T16:33:00,OP-106,MAT-8802
1605,H01605,H,301.1,313.2,1583,44.1,107,0,0,0,0,0,0,LINE2-M02,2026-06-05T16:35:00,OP-106,MAT-8808
1606,L01606,L,302.5,313.5,1370,38.9,109,0,0,0,0,0,0,LINE3-M02,2026-06-05T16:41:00,OP-104,MAT-8815
1607,L01607,L,302.9,313.0,1469,15.3,111,1,0,0,1,0,0,LINE3-M01,2026-06-05T16:47:00,OP-107,MAT-8810
1608,H01608,H,299.1,307.0,1350,46.4,116,1,0,1,0,0,0,LINE2-M02,2026-06-05T16:51:00,OP-109,MAT-8816
1609,L01609,L,297.6,308.0,1692,27.5,118,0,0,0,0,0,0,LINE2-M02,2026-06-05T16:54:00,OP-104,MAT-8808
1610,L01610,L,297.5,307.1,1745,39.3,120,0,0,0,0,0,0,LINE3-M02,2026-06-05T16:57:00,OP-103,MAT-8811
1611,L01611,L,301.3,311.2,1197,34.2,122,0,0,0,0,0,0,LINE1-M01,2026-06-05T17:03:00,OP-111,MAT-8809
1612,L01612,L,299.2,309.2,1354,57.0,124,0,0,0,0,0,0,LINE1-M02,2026-06-05T17:07:00,OP-105,MAT-8807
1613,M01613,M,301.3,313.6,1677,52.7,127,1,0,0,1,0,0,LINE2-M01,2026-06-05T17:13:00,OP-104,MAT-8819
1614,L01614,L,303.5,312.6,1759,49.1,129,1,0,0,1,0,0,LINE2-M02,2026-06-05T17:16:00,OP-107,MAT-8817
1615,M01615,M,299.9,309.9,1502,30.3,132,0,0,0,0,0,0,LINE1-M02,2026-06-05T17:22:00,OP-106,MAT-8812
1616,L01616,L,298.3,308.5,1739,34.4,134,0,0,0,0,0,0,LINE1-M01,2026-06-05T17:24:00,OP-104,MAT-8803
1617,L01617,L,301.3,310.6,1579,40.6,136,0,0,0,0,0,0,LINE1-M01,2026-06-05T17:29:00,OP-110,MAT-8818
1618,L01618,L,300.5,309.8,1200,42.0,138,0,0,0,0,0,0,LINE2-M02,2026-06-05T17:33:00,OP-103,MAT-8807
1619,M01619,M,296.6,307.0,1168,22.2,141,1,0,0,1,0,0,LINE2-M01,2026-06-05T17:39:00,OP-102,MAT-8800
1620,M01620,M,301.3,311.4,1389,45.1,144,0,0,0,0,0,0,LINE3-M01,2026-06-05T17:45:00,OP-102,MAT-8802
1621,L01621,L,300.9,310.6,1456,42.7,146,0,0,0,0,0,0,LINE1-M01,2026-06-05T17:50:00,OP-103,MAT-8813
1622,H01622,H,301.7,313.0,1873,41.9,151,0,0,0,0,0,0,LINE2-M01,2026-06-05T17:53:00,OP-100,MAT-8807
1623,L01623,L,301.4,311.2,1856,42.2,153,0,0,0,0,0,0,LINE1-M01,2026-06-05T17:58:00,OP-101,MAT-8802
1624,M01624,M,299.0,308.7,1261,38.2,156,0,0,0,0,0,0,LINE3-M02,2026-06-05T18:03:00,OP-100,MAT-8817
1625,L01625,L,298.8,310.3,1717,45.8,158,0,0,0,0,0,0,LINE2-M02,2026-06-05T18:09:00,OP-100,MAT-8815
1626,L01626,L,298.9,309.2,1668,34.4,160,0,0,0,0,0,0,LINE1-M01,2026-06-05T18:13:00,OP-109,MAT-8812
1627,L01627,L,299.3,307.5,1168,34.9,162,1,0,1,0,0,0,LINE2-M01,2026-06-05T18:18:00,OP-111,MAT-8809
1628,L01628,L,303.1,312.4,1405,51.0,164,0,0,0,0,0,0,LINE3-M01,2026-06-05T18:23:00,OP-106,MAT-8818
1629,L01629,L,301.0,311.6,1271,38.8,166,0,0,0,0,0,0,LINE2-M01,2026-06-05T18:28:00,OP-106,MAT-8808
1630,M01630,M,302.0,311.7,1896,45.9,169,1,0,0,1,0,0,LINE1-M01,2026-06-05T18:33:00,OP-103,MAT-8818
1631,L01631,L,301.8,312.7,1190,37.8,171,0,0,0,0,0,0,LINE1-M01,2026-06-05T18:36:00,OP-101,MAT-8819
1632,H01632,H,302.8,313.5,1771,28.6,176,0,0,0,0,0,0,LINE1-M02,2026-06-05T18:41:00,OP-102,MAT-8813
1633,M01633,M,301.2,312.0,1338,44.8,179,0,0,0,0,0,0,LINE3-M01,2026-06-05T18:44:00,OP-103,MAT-8802
1634,L01634,L,298.9,309.2,1599,33.1,181,0,0,0,0,0,0,LINE2-M02,2026-06-05T18:47:00,OP-106,MAT-8805
1635,M01635,M,296.0,305.5,1496,36.9,184,0,0,0,0,0,0,LINE1-M01,2026-06-05T18:49:00,OP-104,MAT-8805
1636,L01636,L,300.1,309.4,1508,43.9,186,0,0,0,0,0,0,LINE1-M01,2026-06-05T18:52:00,OP-103,MAT-8800
1637,M01637,M,300.5,311.7,1215,35.3,189,0,0,0,0,0,0,LINE3-M01,2026-06-05T18:54:00,OP-106,MAT-8804
1638,M01638,M,303.2,313.7,1579,43.0,192,0,0,0,0,0,0,LINE2-M02,2026-06-05T19:00:00,OP-107,MAT-8807
1639,L01639,L,300.4,310.0,1244,30.9,194,0,0,0,0,0,0,LINE1-M01,2026-06-05T19:06:00,OP-106,MAT-8804
1640,H01640,H,301.3,312.1,1832,48.1,199,1,0,0,1,0,0,LINE3-M02,2026-06-05T19:11:00,OP-108,MAT-8814
1641,L01641,L,300.7,309.7,1902,23.7,201,0,0,0,0,0,0,LINE1-M02,2026-06-05T19:16:00,OP-102,MAT-8801
1642,H01642,H,298.3,307.2,1476,36.5,206,0,0,0,0,0,0,LINE3-M02,2026-06-05T19:18:00,OP-106,MAT-8812
1643,L01643,L,298.8,306.5,1168,39.5,208,1,0,1,0,0,0,LINE1-M02,2026-06-05T19:20:00,OP-110,MAT-8804
1644,L01644,L,300.6,309.7,1399,31.8,210,0,0,0,0,0,0,LINE1-M01,2026-06-05T19:23:00,OP-103,MAT-8814
1645,L01645,L,297.2,306.3,1530,34.3,212,0,0,0,0,0,0,LINE2-M01,2026-06-05T19:26:00,OP-106,MAT-8801
1646,L01646,L,298.3,309.2,1281,27.6,214,0,0,0,0,0,0,LINE2-M01,2026-06-05T19:30:00,OP-105,MAT-8814
1647,L01647,L,299.4,309.5,1815,41.8,216,1,1,0,0,0,0,LINE2-M02,2026-06-05T19:34:00,OP-100,MAT-8815
1648,L01648,L,301.3,312.7,1455,31.9,218,1,1,0,0,0,0,LINE2-M01,2026-06-05T19:40:00,OP-100,MAT-8816
1649,M01649,M,299.8,310.3,1240,42.5,221,0,0,0,0,0,0,LINE2-M02,2026-06-05T19:46:00,OP-105,MAT-8801
1650,L01650,L,298.3,307.9,1633,52.0,223,1,0,0,0,1,0,LINE3-M01,2026-06-05T19:51:00,OP-110,MAT-8817
1651,L01651,L,296.6,305.9,1946,38.8,225,0,0,0,0,0,0,LINE1-M01,2026-06-05T19:55:00,OP-103,MAT-8802
1652,L01652,L,296.8,306.9,1256,56.6,227,1,0,0,0,1,0,LINE1-M01,2026-06-05T19:59:00,OP-103,MAT-8813
1653,L01653,L,296.9,307.0,1654,36.4,229,0,0,0,0,0,0,LINE1-M01,2026-06-05T20:01:00,OP-100,MAT-8808
1654,L01654,L,296.5,307.0,1606,31.0,231,1,1,0,0,0,0,LINE3-M02,2026-06-05T20:04:00,OP-101,MAT-8802
1655,M01655,M,301.1,308.6,1292,53.2,234,1,1,1,0,1,0,LINE3-M02,2026-06-05T20:10:00,OP-110,MAT-8810
1656,L01656,L,300.2,309.5,2130,48.1,236,1,1,0,1,1,0,LINE1-M01,2026-06-05T20:13:00,OP-106,MAT-8815
1657,L01657,L,301.5,312.1,1381,70.1,238,1,1,0,1,1,0,LINE2-M02,2026-06-05T20:19:00,OP-101,MAT-8804
1658,L01658,L,298.8,309.2,1546,30.5,240,1,1,0,0,0,0,LINE3-M02,2026-06-05T20:25:00,OP-106,MAT-8812
1659,L01659,L,300.0,309.0,1703,57.2,0,1,0,0,1,0,0,LINE2-M02,2026-06-05T20:27:00,OP-106,MAT-8804
1660,L01660,L,296.6,307.2,1853,31.9,2,0,0,0,0,0,0,LINE2-M01,2026-06-05T20:32:00,OP-106,MAT-8813
1661,L01661,L,298.9,309.0,1842,37.5,4,0,0,0,0,0,0,LINE3-M02,2026-06-05T20:35:00,OP-109,MAT-8812
1662,H01662,H,301.3,309.9,1376,40.8,9,1,0,1,0,0,0,LINE3-M02,2026-06-05T20:38:00,OP-107,MAT-8802
1663,L01663,L,300.3,311.6,1794,24.9,11,0,0,0,0,0,0,LINE1-M01,2026-06-05T20:44:00,OP-102,MAT-8809
1664,M01664,M,300.1,309.4,1560,45.2,14,0,0,0,0,0,0,LINE3-M01,2026-06-05T20:46:00,OP-103,MAT-8805
1665,M01665,M,298.2,307.1,1180,44.0,17,0,0,0,0,0,0,LINE3-M01,2026-06-05T20:50:00,OP-109,MAT-8809
1666,M01666,M,298.9,307.0,2233,50.7,20,1,0,0,1,0,0,LINE1-M02,2026-06-05T20:56:00,OP-109,MAT-8807
1667,L01667,L,299.0,309.5,1609,33.9,22,0,0,0,0,0,0,LINE2-M02,2026-06-05T21:02:00,OP-110,MAT-8812
1668,H01668,H,300.7,309.8,1341,46.3,27,0,0,0,0,0,0,LINE3-M02,2026-06-05T21:06:00,OP-103,MAT-8807
1669,L01669,L,298.4,309.0,1508,40.2,29,0,0,0,0,0,0,LINE1-M01,2026-06-05T21:12:00,OP-101,MAT-8814
1670,L01670,L,301.5,311.2,1189,35.3,31,0,0,0,0,0,0,LINE3-M01,2026-06-05T21:16:00,OP-111,MAT-8815
1671,M01671,M,301.2,311.0,1586,43.3,34,0,0,0,0,0,0,LINE3-M02,2026-06-05T21:22:00,OP-111,MAT-8806
1672,M01672,M,302.6,313.1,1514,45.1,37,0,0,0,0,0,0,LINE1-M01,2026-06-05T21:26:00,OP-100,MAT-8808
1673,H01673,H,300.5,309.2,1763,45.6,42,0,0,0,0,0,0,LINE3-M02,2026-06-05T21:31:00,OP-107,MAT-8804
1674,L01674,L,298.1,307.3,2069,38.1,44,0,0,0,0,0,0,LINE3-M01,2026-06-05T21:37:00,OP-100,MAT-8805
1675,M01675,M,299.8,309.8,1412,33.2,47,0,0,0,0,0,0,LINE1-M01,2026-06-05T21:40:00,OP-103,MAT-8816
1676,L01676,L,297.9,306.7,1615,30.8,49,0,0,0,0,0,0,LINE2-M01,2026-06-05T21:43:00,OP-100,MAT-8811
1677,M01677,M,299.5,310.7,1609,40.5,52,0,0,0,0,0,0,LINE3-M01,2026-06-05T21:48:00,OP-103,MAT-8804
1678,H01678,H,300.8,310.4,1322,32.1,57,0,0,0,0,0,0,LINE3-M02,2026-06-05T21:52:00,OP-108,MAT-8818
1679,L01679,L,300.2,309.7,1404,48.9,59,0,0,0,0,0,0,LINE2-M02,2026-06-05T21:54:00,OP-108,MAT-8814
1680,L01680,L,301.5,310.8,1569,31.9,61,0,0,0,0,0,0,LINE2-M02,2026-06-05T21:56:00,OP-107,MAT-8819
1681,L01681,L,299.5,309.8,1238,42.7,63,0,0,0,0,0,0,LINE2-M02,2026-06-05T22:01:00,OP-110,MAT-8801
1682,L01682,L,297.8,308.6,1341,36.0,65,0,0,0,0,0,0,LINE3-M01,2026-06-05T22:03:00,OP-100,MAT-8807
1683,M01683,M,300.4,310.3,1364,57.3,68,0,0,0,0,0,0,LINE2-M02,2026-06-05T22:05:00,OP-100,MAT-8816
1684,H01684,H,300.6,310.9,1566,34.2,73,0,0,0,0,0,0,LINE3-M01,2026-06-05T22:10:00,OP-108,MAT-8817
1685,L01685,L,297.1,306.9,1261,35.5,75,0,0,0,0,0,0,LINE3-M02,2026-06-05T22:15:00,OP-102,MAT-8817
1686,M01686,M,298.7,308.4,1891,35.3,78,0,0,0,0,0,0,LINE2-M01,2026-06-05T22:18:00,OP-101,MAT-8804
1687,M01687,M,299.3,309.4,1472,32.9,81,0,0,0,0,0,0,LINE2-M01,2026-06-05T22:21:00,OP-111,MAT-8805
1688,L01688,L,299.4,310.4,1782,18.6,83,1,0,0,1,0,0,LINE3-M01,2026-06-05T22:27:00,OP-101,MAT-8804
1689,H01689,H,298.5,308.3,1583,33.7,88,0,0,0,0,0,0,LINE2-M02,2026-06-05T22:29:00,OP-101,MAT-8816
1690,L01690,L,301.1,311.3,1341,50.4,90,0,0,0,0,0,0,LINE1-M02,2026-06-05T22:33:00,OP-101,MAT-8811
1691,L01691,L,300.2,309.1,1791,60.5,92,1,0,0,1,0,0,LINE3-M01,2026-06-05T22:35:00,OP-101,MAT-8805
1692,M01692,M,302.8,314.8,1513,44.7,95,0,0,0,0,0,0,LINE2-M02,2026-06-05T22:39:00,OP-101,MAT-8816
1693,L01693,L,301.8,312.6,1182,35.8,97,0,0,0,0,0,0,LINE3-M01,2026-06-05T22:45:00,OP-111,MAT-8807
1694,L01694,L,302.1,312.3,1485,45.5,99,0,0,0,0,0,0,LINE1-M01,2026-06-05T22:49:00,OP-100,MAT-8814
1695,H01695,H,299.2,310.2,1532,32.2,104,0,0,0,0,0,0,LINE3-M02,2026-06-05T22:53:00,OP-106,MAT-8800
1696,L01696,L,298.5,309.8,1168,44.5,106,0,0,0,0,0,0,LINE3-M01,2026-06-05T22:59:00,OP-109,MAT-8804
1697,M01697,M,300.4,311.1,1449,42.4,109,0,0,0,0,0,0,LINE1-M01,2026-06-05T23:03:00,OP-110,MAT-8810
1698,L01698,L,300.8,311.8,1457,32.1,111,0,0,0,0,0,0,LINE1-M02,2026-06-05T23:05:00,OP-110,MAT-8804
1699,M01699,M,299.2,310.2,1767,37.4,114,0,0,0,0,0,0,LINE1-M02,2026-06-05T23:10:00,OP-101,MAT-8815
1700,L01700,L,297.0,306.2,1219,46.6,116,0,0,0,0,0,0,LINE2-M01,2026-06-05T23:14:00,OP-111,MAT-8802
1701,L01701,L,302.5,312.2,1653,48.2,118,0,0,0,0,0,0,LINE1-M01,2026-06-05T23:18:00,OP-104,MAT-8810
1702,M01702,M,299.3,308.7,1168,43.5,121,0,0,0,0,0,0,LINE1-M01,2026-06-05T23:20:00,OP-104,MAT-8809
1703,L01703,L,298.6,307.8,1460,33.2,123,0,0,0,0,0,0,LINE3-M02,2026-06-05T23:26:00,OP-108,MAT-8809
1704,L01704,L,297.4,307.0,1702,29.7,125,0,0,0,0,0,0,LINE1-M02,2026-06-05T23:31:00,OP-104,MAT-8801
1705,L01705,L,299.6,309.8,1360,36.0,127,0,0,0,0,0,0,LINE2-M01,2026-06-05T23:33:00,OP-107,MAT-8811
1706,H01706,H,300.3,311.0,1307,31.0,132,0,0,0,0,0,0,LINE1-M01,2026-06-05T23:39:00,OP-105,MAT-8805
1707,L01707,L,301.1,311.2,1313,51.1,134,0,0,0,0,0,0,LINE2-M01,2026-06-05T23:41:00,OP-111,MAT-8804
1708,L01708,L,298.9,309.1,1505,42.5,136,0,0,0,0,0,0,LINE2-M01,2026-06-05T23:44:00,OP-110,MAT-8816
1709,L01709,L,300.1,309.2,1510,25.2,138,0,0,0,0,0,0,LINE3-M01,2026-06-05T23:49:00,OP-100,MAT-8813
1710,L01710,L,298.2,308.8,1385,40.6,140,0,0,0,0,0,0,LINE2-M01,2026-06-05T23:53:00,OP-106,MAT-8818
1711,L01711,L,301.0,309.9,1321,41.4,142,0,0,0,0,0,0,LINE3-M02,2026-06-05T23:55:00,OP-104,MAT-8819
1712,L01712,L,301.8,312.9,1748,26.1,144,0,0,0,0,0,0,LINE3-M01,2026-06-05T23:59:00,OP-109,MAT-8805
1713,M01713,M,300.0,309.3,1356,29.1,147,0,0,0,0,0,0,LINE1-M01,2026-06-06T00:01:00,OP-111,MAT-8801
1714,M01714,M,299.4,309.5,1632,43.9,150,0,0,0,0,0,0,LINE3-M01,2026-06-06T00:03:00,OP-110,MAT-8806
1715,L01715,L,302.2,311.0,1168,61.3,152,0,0,0,0,0,0,LINE2-M01,2026-06-06T00:06:00,OP-102,MAT-8803
1716,L01716,L,302.8,311.6,1542,38.8,154,0,0,0,0,0,0,LINE2-M01,2026-06-06T00:10:00,OP-110,MAT-8804
1717,L01717,L,297.9,307.0,1196,29.8,156,0,0,0,0,0,0,LINE2-M02,2026-06-06T00:13:00,OP-104,MAT-8813
1718,H01718,H,302.5,313.3,1700,62.1,161,1,0,0,1,0,0,LINE3-M02,2026-06-06T00:15:00,OP-108,MAT-8809
1719,L01719,L,301.8,312.0,1475,43.1,163,0,0,0,0,0,0,LINE3-M01,2026-06-06T00:20:00,OP-109,MAT-8814
1720,M01720,M,298.8,309.0,1168,41.7,166,0,0,0,0,0,0,LINE2-M02,2026-06-06T00:24:00,OP-104,MAT-8805
1721,L01721,L,297.8,308.2,1543,34.9,168,0,0,0,0,0,0,LINE3-M02,2026-06-06T00:27:00,OP-106,MAT-8807
1722,H01722,H,300.8,312.5,1375,53.9,173,0,0,0,0,0,0,LINE3-M02,2026-06-06T00:31:00,OP-111,MAT-8803
1723,H01723,H,297.6,309.0,1168,40.5,178,0,0,0,0,0,0,LINE1-M01,2026-06-06T00:36:00,OP-109,MAT-8803
1724,M01724,M,299.4,310.2,1531,44.4,181,0,0,0,0,0,0,LINE3-M01,2026-06-06T00:42:00,OP-110,MAT-8815
1725,L01725,L,299.8,310.6,1533,44.7,183,0,0,0,0,0,0,LINE2-M02,2026-06-06T00:48:00,OP-100,MAT-8815
1726,M01726,M,301.9,310.9,1916,30.9,186,0,0,0,0,0,0,LINE2-M02,2026-06-06T00:53:00,OP-109,MAT-8806
1727,L01727,L,298.6,308.3,1412,44.1,188,0,0,0,0,0,0,LINE2-M01,2026-06-06T00:59:00,OP-106,MAT-8815
1728,L01728,L,299.6,307.2,1651,31.2,190,0,0,0,0,0,0,LINE2-M02,2026-06-06T01:03:00,OP-103,MAT-8817
1729,M01729,M,300.4,310.7,1404,38.1,193,0,0,0,0,0,0,LINE1-M01,2026-06-06T01:05:00,OP-103,MAT-8813
1730,L01730,L,301.1,312.2,2157,33.5,195,0,0,0,0,0,0,LINE1-M02,2026-06-06T01:07:00,OP-111,MAT-8804
1731,L01731,L,299.0,307.9,1628,51.2,197,0,0,0,0,0,0,LINE1-M02,2026-06-06T01:11:00,OP-101,MAT-8808
1732,L01732,L,299.8,309.5,1168,62.0,199,1,0,0,0,1,0,LINE3-M01,2026-06-06T01:14:00,OP-101,MAT-8808
1733,L01733,L,298.6,310.4,1987,43.8,201,1,0,0,1,0,0,LINE3-M01,2026-06-06T01:17:00,OP-107,MAT-8806
1734,M01734,M,299.5,309.2,1368,33.0,204,0,0,0,0,0,0,LINE3-M02,2026-06-06T01:22:00,OP-105,MAT-8814
1735,H01735,H,299.0,308.3,1800,33.1,209,0,0,0,0,0,0,LINE1-M02,2026-06-06T01:28:00,OP-103,MAT-8805
1736,M01736,M,298.0,308.8,1409,40.8,212,1,1,0,0,0,0,LINE1-M01,2026-06-06T01:31:00,OP-104,MAT-8814
1737,M01737,M,298.8,309.9,1450,66.3,215,1,1,0,1,1,0,LINE3-M02,2026-06-06T01:35:00,OP-102,MAT-8802
1738,L01738,L,297.9,307.9,1335,45.6,217,0,0,0,0,0,0,LINE1-M01,2026-06-06T01:37:00,OP-101,MAT-8804
1739,H01739,H,300.8,309.0,1581,24.4,222,0,0,0,0,0,0,LINE3-M02,2026-06-06T01:41:00,OP-107,MAT-8805
1740,L01740,L,299.4,310.4,1278,34.7,224,1,1,0,0,0,0,LINE1-M02,2026-06-06T01:46:00,OP-104,MAT-8810
1741,L01741,L,299.5,309.8,1379,58.5,226,1,1,0,0,1,0,LINE2-M02,2026-06-06T01:50:00,OP-101,MAT-8818
1742,L01742,L,300.7,310.1,1551,42.6,228,1,1,0,0,0,0,LINE2-M01,2026-06-06T01:55:00,OP-100,MAT-8816
1743,M01743,M,300.1,309.2,1501,34.4,231,0,0,0,0,0,0,LINE3-M01,2026-06-06T02:01:00,OP-105,MAT-8816
1744,L01744,L,298.5,307.7,1473,46.4,233,1,1,0,0,0,0,LINE1-M02,2026-06-06T02:04:00,OP-107,MAT-8806
1745,M01745,M,303.0,313.2,1512,20.1,236,1,1,0,1,0,0,LINE3-M01,2026-06-06T02:09:00,OP-111,MAT-8810
1746,H01746,H,302.9,312.5,1774,40.2,0,0,0,0,0,0,0,LINE3-M01,2026-06-06T02:11:00,OP-101,MAT-8810
1747,L01747,L,299.1,307.6,1168,31.6,2,1,0,1,0,0,0,LINE3-M01,2026-06-06T02:13:00,OP-107,MAT-8803
1748,L01748,L,301.9,313.8,1579,31.5,4,0,0,0,0,0,0,LINE2-M02,2026-06-06T02:17:00,OP-110,MAT-8803
1749,M01749,M,299.2,307.7,1232,43.6,7,1,0,1,0,0,0,LINE3-M01,2026-06-06T02:19:00,OP-109,MAT-8818
1750,M01750,M,297.3,306.6,1615,50.0,10,0,0,0,0,0,0,LINE3-M01,2026-06-06T02:25:00,OP-105,MAT-8812
1751,L01751,L,298.8,308.8,1195,41.2,12,0,0,0,0,0,0,LINE1-M01,2026-06-06T02:31:00,OP-110,MAT-8808
1752,H01752,H,304.6,315.9,1176,51.6,17,0,0,0,0,0,0,LINE2-M01,2026-06-06T02:37:00,OP-106,MAT-8812
1753,M01753,M,304.4,314.0,1945,44.5,20,1,0,0,1,0,0,LINE1-M02,2026-06-06T02:43:00,OP-105,MAT-8801
1754,L01754,L,300.1,310.1,1993,20.0,22,0,0,0,0,0,0,LINE2-M01,2026-06-06T02:45:00,OP-103,MAT-8813
1755,L01755,L,297.5,307.0,1647,24.6,24,0,0,0,0,0,0,LINE3-M01,2026-06-06T02:47:00,OP-102,MAT-8802
1756,M01756,M,296.7,307.0,1506,37.9,27,0,0,0,0,0,0,LINE2-M01,2026-06-06T02:52:00,OP-108,MAT-8816
1757,L01757,L,299.5,309.0,1608,43.6,29,0,0,0,0,0,0,LINE3-M02,2026-06-06T02:55:00,OP-107,MAT-8807
1758,L01758,L,299.9,310.9,1374,42.2,31,0,0,0,0,0,0,LINE2-M02,2026-06-06T02:57:00,OP-103,MAT-8804
1759,M01759,M,300.6,309.3,1535,54.3,34,0,0,0,0,0,0,LINE3-M02,2026-06-06T03:00:00,OP-106,MAT-8809
1760,H01760,H,298.0,310.6,1751,37.8,39,0,0,0,0,0,0,LINE2-M02,2026-06-06T03:03:00,OP-103,MAT-8803
1761,L01761,L,300.2,310.4,1357,58.2,41,0,0,0,0,0,0,LINE2-M02,2026-06-06T03:05:00,OP-110,MAT-8812
1762,L01762,L,301.5,311.5,1252,30.8,43,0,0,0,0,0,0,LINE1-M02,2026-06-06T03:07:00,OP-103,MAT-8811
1763,M01763,M,298.7,309.7,1683,30.0,46,0,0,0,0,0,0,LINE3-M01,2026-06-06T03:09:00,OP-107,MAT-8812
1764,L01764,L,300.1,308.8,1240,37.9,48,0,0,0,0,0,0,LINE3-M01,2026-06-06T03:15:00,OP-103,MAT-8803
1765,L01765,L,297.4,306.3,1348,47.1,50,0,0,0,0,0,0,LINE2-M01,2026-06-06T03:19:00,OP-107,MAT-8819
1766,L01766,L,300.8,309.9,1444,55.0,52,0,0,0,0,0,0,LINE2-M01,2026-06-06T03:21:00,OP-103,MAT-8806
1767,L01767,L,302.3,313.2,1273,33.4,54,0,0,0,0,0,0,LINE2-M02,2026-06-06T03:27:00,OP-111,MAT-8803
1768,L01768,L,300.0,309.1,1602,45.5,56,0,0,0,0,0,0,LINE1-M02,2026-06-06T03:29:00,OP-108,MAT-8814
1769,H01769,H,299.9,311.4,1412,32.8,61,0,0,0,0,0,0,LINE1-M01,2026-06-06T03:35:00,OP-107,MAT-8806
1770,L01770,L,301.9,312.0,1168,34.7,63,0,0,0,0,0,0,LINE1-M01,2026-06-06T03:40:00,OP-101,MAT-8819
1771,L01771,L,302.8,313.1,1168,33.7,65,0,0,0,0,0,0,LINE2-M02,2026-06-06T03:42:00,OP-108,MAT-8816
1772,M01772,M,300.6,309.7,1611,31.0,68,0,0,0,0,0,0,LINE3-M01,2026-06-06T03:44:00,OP-105,MAT-8813
1773,H01773,H,299.9,310.4,1468,42.9,73,0,0,0,0,0,0,LINE1-M02,2026-06-06T03:46:00,OP-105,MAT-8815
1774,L01774,L,296.5,306.7,1465,49.2,75,0,0,0,0,0,0,LINE1-M02,2026-06-06T03:52:00,OP-100,MAT-8819
1775,M01775,M,298.3,307.4,1749,36.4,78,0,0,0,0,0,0,LINE1-M02,2026-06-06T03:54:00,OP-109,MAT-8802
1776,L01776,L,301.0,311.2,1267,43.1,80,0,0,0,0,0,0,LINE3-M02,2026-06-06T03:56:00,OP-103,MAT-8807
1777,L01777,L,298.0,307.7,1835,23.7,82,0,0,0,0,0,0,LINE2-M01,2026-06-06T03:59:00,OP-102,MAT-8805
1778,M01778,M,299.4,309.3,1715,43.6,85,0,0,0,0,0,0,LINE2-M02,2026-06-06T04:04:00,OP-105,MAT-8813
1779,M01779,M,300.5,310.5,1420,35.3,88,0,0,0,0,0,0,LINE1-M02,2026-06-06T04:08:00,OP-111,MAT-8801
1780,L01780,L,305.7,317.0,1579,46.6,90,0,0,0,0,0,0,LINE2-M02,2026-06-06T04:13:00,OP-106,MAT-8801
1781,H01781,H,301.8,313.0,1375,48.9,95,0,0,0,0,0,0,LINE1-M01,2026-06-06T04:15:00,OP-100,MAT-8816
1782,L01782,L,301.4,314.1,1568,60.7,97,1,0,0,1,0,0,LINE2-M01,2026-06-06T04:17:00,OP-110,MAT-8814
1783,L01783,L,300.7,310.8,1168,30.0,99,0,0,0,0,0,0,LINE2-M01,2026-06-06T04:21:00,OP-106,MAT-8816
1784,M01784,M,298.5,309.0,1505,39.4,102,0,0,0,0,0,0,LINE2-M01,2026-06-06T04:26:00,OP-109,MAT-8806
1785,M01785,M,299.0,309.8,1513,47.3,105,0,0,0,0,0,0,LINE1-M02,2026-06-06T04:28:00,OP-108,MAT-8800
1786,L01786,L,298.5,307.0,1786,39.4,107,0,0,0,0,0,0,LINE2-M01,2026-06-06T04:31:00,OP-106,MAT-8801
1787,L01787,L,299.2,309.7,1614,41.0,109,0,0,0,0,0,0,LINE1-M02,2026-06-06T04:33:00,OP-107,MAT-8800
1788,M01788,M,297.8,306.3,1425,33.2,112,0,0,0,0,0,0,LINE3-M01,2026-06-06T04:39:00,OP-104,MAT-8809
1789,M01789,M,296.5,307.6,1469,42.3,115,0,0,0,0,0,0,LINE3-M01,2026-06-06T04:43:00,OP-106,MAT-8819
1790,M01790,M,300.9,310.7,1368,48.8,118,0,0,0,0,0,0,LINE2-M02,2026-06-06T04:49:00,OP-108,MAT-8819
1791,L01791,L,300.4,310.3,1452,32.6,120,0,0,0,0,0,0,LINE1-M02,2026-06-06T04:54:00,OP-102,MAT-8817
1792,H01792,H,299.0,309.3,1693,32.2,125,0,0,0,0,0,0,LINE2-M01,2026-06-06T04:57:00,OP-104,MAT-8800
1793,L01793,L,303.4,312.3,1168,34.1,127,0,0,0,0,0,0,LINE1-M01,2026-06-06T05:00:00,OP-101,MAT-8805
1794,H01794,H,297.3,309.4,1774,26.0,132,0,0,0,0,0,0,LINE3-M01,2026-06-06T05:05:00,OP-106,MAT-8819
1795,M01795,M,300.4,309.0,1467,42.7,135,0,0,0,0,0,0,LINE2-M02,2026-06-06T05:07:00,OP-100,MAT-8814
1796,L01796,L,299.1,309.2,1244,44.3,137,0,0,0,0,0,0,LINE3-M01,2026-06-06T05:10:00,OP-105,MAT-8819
1797,L01797,L,298.7,308.3,1255,45.7,139,0,0,0,0,0,0,LINE1-M02,2026-06-06T05:16:00,OP-100,MAT-8811
1798,L01798,L,300.1,309.7,1370,31.8,141,0,0,0,0,0,0,LINE3-M02,2026-06-06T05:22:00,OP-105,MAT-8800
1799,L01799,L,299.6,311.8,1627,22.3,143,0,0,0,0,0,0,LINE3-M01,2026-06-06T05:26:00,OP-106,MAT-8808
1800,H01800,H,300.2,310.4,1264,54.5,148,0,0,0,0,0,0,LINE3-M01,2026-06-06T05:31:00,OP-103,MAT-8800
1801,H01801,H,300.6,310.3,1247,28.9,153,0,0,0,0,0,0,LINE1-M02,2026-06-06T05:34:00,OP-109,MAT-8810
1802,L01802,L,297.5,307.6,2017,27.9,155,0,0,0,0,0,0,LINE1-M01,2026-06-06T05:40:00,OP-109,MAT-8809
1803,H01803,H,299.4,309.9,1993,40.1,160,0,0,0,0,0,0,LINE2-M01,2026-06-06T05:43:00,OP-100,MAT-8800
1804,L01804,L,299.9,309.6,1830,16.2,162,1,0,0,1,0,0,LINE1-M01,2026-06-06T05:45:00,OP-106,MAT-8816
1805,L01805,L,297.6,309.2,1675,55.9,164,1,0,0,1,0,0,LINE2-M01,2026-06-06T05:47:00,OP-109,MAT-8808
1806,L01806,L,298.1,308.5,1534,41.6,166,0,0,0,0,0,0,LINE3-M01,2026-06-06T05:50:00,OP-109,MAT-8814
1807,L01807,L,301.0,311.3,1515,41.5,168,0,0,0,0,0,0,LINE2-M01,2026-06-06T05:54:00,OP-107,MAT-8814
1808,M01808,M,301.3,310.9,1370,51.5,171,0,0,0,0,0,0,LINE1-M02,2026-06-06T05:59:00,OP-106,MAT-8804
1809,L01809,L,297.4,307.7,1508,34.4,173,0,0,0,0,0,0,LINE3-M02,2026-06-06T06:04:00,OP-106,MAT-8801
1810,M01810,M,296.2,306.7,1408,30.0,176,0,0,0,0,0,0,LINE1-M02,2026-06-06T06:08:00,OP-108,MAT-8817
1811,H01811,H,301.3,311.6,1729,47.2,181,0,0,0,0,0,0,LINE1-M01,2026-06-06T06:11:00,OP-105,MAT-8811
1812,L01812,L,301.8,310.4,1291,32.4,183,1,0,1,0,0,0,LINE3-M01,2026-06-06T06:16:00,OP-107,MAT-8800
1813,M01813,M,298.1,306.9,1373,39.2,186,0,0,0,0,0,0,LINE1-M01,2026-06-06T06:21:00,OP-106,MAT-8807
1814,L01814,L,299.7,308.6,1408,41.2,188,0,0,0,0,0,0,LINE3-M02,2026-06-06T06:27:00,OP-106,MAT-8803
1815,M01815,M,300.6,309.8,1337,21.8,191,1,0,0,1,0,0,LINE2-M02,2026-06-06T06:31:00,OP-109,MAT-8801
1816,L01816,L,299.1,308.4,1523,56.4,193,0,0,0,0,0,0,LINE2-M02,2026-06-06T06:36:00,OP-100,MAT-8807
1817,M01817,M,302.8,314.0,1168,38.3,196,0,0,0,0,0,0,LINE3-M01,2026-06-06T06:41:00,OP-102,MAT-8814
1818,L01818,L,299.2,308.9,1168,53.6,198,0,0,0,0,0,0,LINE1-M01,2026-06-06T06:43:00,OP-107,MAT-8818
1819,M01819,M,299.3,309.5,1168,38.2,201,0,0,0,0,0,0,LINE2-M01,2026-06-06T06:49:00,OP-109,MAT-8817
1820,L01820,L,299.1,308.7,1727,39.0,203,0,0,0,0,0,0,LINE2-M01,2026-06-06T06:55:00,OP-106,MAT-8807
1821,L01821,L,301.5,311.1,1500,20.5,205,1,0,0,1,0,0,LINE3-M02,2026-06-06T07:01:00,OP-106,MAT-8800
1822,H01822,H,300.0,308.9,1856,33.7,210,0,0,0,0,0,0,LINE2-M02,2026-06-06T07:03:00,OP-111,MAT-8801
1823,L01823,L,301.6,312.5,1170,67.6,212,1,0,0,0,1,0,LINE1-M01,2026-06-06T07:09:00,OP-105,MAT-8800
1824,L01824,L,297.4,306.6,1372,25.7,214,1,1,0,0,0,0,LINE1-M02,2026-06-06T07:12:00,OP-110,MAT-8811
1825,H01825,H,301.3,310.9,1398,38.1,219,1,1,0,0,0,0,LINE1-M01,2026-06-06T07:18:00,OP-108,MAT-8805
1826,H01826,H,295.6,306.8,1601,42.6,224,0,0,0,0,0,0,LINE3-M02,2026-06-06T07:24:00,OP-103,MAT-8813
1827,L01827,L,300.6,310.0,1394,39.4,226,1,1,0,0,0,0,LINE1-M01,2026-06-06T07:26:00,OP-100,MAT-8810
1828,L01828,L,297.1,306.9,1433,38.3,228,1,1,0,0,0,0,LINE3-M02,2026-06-06T07:30:00,OP-110,MAT-8804
1829,L01829,L,299.9,311.1,1618,43.4,230,0,0,0,0,0,0,LINE2-M02,2026-06-06T07:34:00,OP-110,MAT-8817
1830,M01830,M,301.6,311.1,1387,50.1,233,0,0,0,0,0,0,LINE1-M02,2026-06-06T07:39:00,OP-102,MAT-8807
1831,L01831,L,299.4,310.0,1168,42.7,235,1,1,0,0,0,0,LINE1-M02,2026-06-06T07:42:00,OP-104,MAT-8812
1832,M01832,M,306.3,316.8,1168,50.9,238,1,0,0,0,1,0,LINE2-M02,2026-06-06T07:48:00,OP-108,MAT-8804
1833,M01833,M,298.8,310.8,1168,44.7,0,0,0,0,0,0,0,LINE3-M01,2026-06-06T07:54:00,OP-107,MAT-8801
1834,M01834,M,298.7,307.4,1467,25.0,3,0,0,0,0,0,0,LINE3-M01,2026-06-06T07:57:00,OP-105,MAT-8801
1835,M01835,M,300.9,309.9,2090,31.9,6,0,0,0,0,0,0,LINE2-M02,2026-06-06T08:02:00,OP-110,MAT-8814
1836,M01836,M,300.7,311.4,1609,52.0,9,0,0,0,0,0,0,LINE1-M02,2026-06-06T08:08:00,OP-105,MAT-8808
1837,M01837,M,298.7,309.1,1694,36.5,12,0,0,0,0,0,0,LINE1-M01,2026-06-06T08:13:00,OP-105,MAT-8819
1838,H01838,H,301.8,310.1,1918,41.5,17,0,0,0,0,0,0,LINE3-M02,2026-06-06T08:19:00,OP-106,MAT-8807
1839,L01839,L,300.4,310.4,1376,19.2,19,1,0,0,1,0,0,LINE2-M02,2026-06-06T08:21:00,OP-102,MAT-8808
1840,H01840,H,302.0,313.2,1841,43.6,24,0,0,0,0,0,0,LINE2-M01,2026-06-06T08:25:00,OP-109,MAT-8805
1841,L01841,L,299.7,308.6,1491,27.0,26,0,0,0,0,0,0,LINE3-M02,2026-06-06T08:29:00,OP-101,MAT-8807
1842,L01842,L,297.1,309.2,1770,49.4,28,1,0,0,1,0,0,LINE3-M02,2026-06-06T08:31:00,OP-108,MAT-8808
1843,L01843,L,300.8,311.5,1569,55.5,30,1,0,0,1,0,0,LINE1-M01,2026-06-06T08:35:00,OP-103,MAT-8809
1844,M01844,M,299.0,306.0,1643,28.3,33,0,0,0,0,0,0,LINE3-M02,2026-06-06T08:40:00,OP-102,MAT-8801
1845,L01845,L,300.7,311.0,1468,51.3,35,0,0,0,0,0,0,LINE1-M01,2026-06-06T08:44:00,OP-105,MAT-8806
1846,M01846,M,300.6,311.9,1534,40.2,38,0,0,0,0,0,0,LINE2-M01,2026-06-06T08:48:00,OP-101,MAT-8806
1847,L01847,L,298.6,308.5,1473,54.9,40,0,0,0,0,0,0,LINE3-M01,2026-06-06T08:53:00,OP-103,MAT-8813
1848,L01848,L,300.5,310.0,1718,31.8,42,0,0,0,0,0,0,LINE1-M01,2026-06-06T08:57:00,OP-104,MAT-8802
1849,L01849,L,303.1,314.5,1746,52.3,44,1,0,0,1,0,0,LINE1-M02,2026-06-06T09:03:00,OP-108,MAT-8801
1850,L01850,L,299.9,308.1,1396,45.6,46,0,0,0,0,0,0,LINE3-M02,2026-06-06T09:09:00,OP-106,MAT-8805
1851,L01851,L,298.3,308.4,1511,46.4,48,0,0,0,0,0,0,LINE2-M01,2026-06-06T09:14:00,OP-105,MAT-8818
1852,L01852,L,302.5,312.1,1615,43.9,50,0,0,0,0,0,0,LINE2-M01,2026-06-06T09:18:00,OP-102,MAT-8815
1853,L01853,L,301.8,311.6,2136,32.5,52,0,0,0,0,0,0,LINE3-M02,2026-06-06T09:22:00,OP-111,MAT-8818
1854,M01854,M,297.9,308.4,1541,51.0,55,0,0,0,0,0,0,LINE2-M01,2026-06-06T09:28:00,OP-108,MAT-8804
1855,L01855,L,301.7,312.5,1617,36.3,57,0,0,0,0,0,0,LINE2-M01,2026-06-06T09:33:00,OP-102,MAT-8800
1856,M01856,M,299.3,309.4,1625,68.2,60,1,0,0,1,0,0,LINE3-M01,2026-06-06T09:36:00,OP-101,MAT-8807
1857,H01857,H,298.3,307.6,1528,31.7,65,0,0,0,0,0,0,LINE1-M01,2026-06-06T09:38:00,OP-105,MAT-8810
1858,M01858,M,298.9,309.2,1497,34.2,68,0,0,0,0,0,0,LINE3-M01,2026-06-06T09:44:00,OP-110,MAT-8803
1859,L01859,L,300.4,310.0,1876,31.3,70,0,0,0,0,0,0,LINE2-M02,2026-06-06T09:49:00,OP-102,MAT-8815
1860,M01860,M,298.4,309.6,1477,29.0,73,0,0,0,0,0,0,LINE3-M02,2026-06-06T09:53:00,OP-102,MAT-8800
1861,L01861,L,300.4,311.0,1649,35.4,75,0,0,0,0,0,0,LINE2-M02,2026-06-06T09:56:00,OP-103,MAT-8802
1862,L01862,L,298.1,309.2,1345,18.6,77,1,0,0,1,0,0,LINE3-M01,2026-06-06T09:58:00,OP-103,MAT-8802
1863,L01863,L,299.6,310.9,1676,38.8,79,0,0,0,0,0,0,LINE1-M02,2026-06-06T10:00:00,OP-111,MAT-8800
1864,M01864,M,302.3,314.1,1671,26.3,82,0,0,0,0,0,0,LINE3-M02,2026-06-06T10:03:00,OP-105,MAT-8800
1865,L01865,L,297.5,307.9,1447,24.0,84,0,0,0,0,0,0,LINE3-M02,2026-06-06T10:05:00,OP-102,MAT-8805
1866,M01866,M,298.6,309.1,1811,38.8,87,0,0,0,0,0,0,LINE3-M02,2026-06-06T10:09:00,OP-107,MAT-8804
1867,H01867,H,298.8,307.3,2208,32.9,92,0,0,0,0,0,0,LINE3-M01,2026-06-06T10:12:00,OP-108,MAT-8814
1868,L01868,L,300.9,311.5,1182,53.6,94,0,0,0,0,0,0,LINE1-M01,2026-06-06T10:17:00,OP-111,MAT-8814
1869,H01869,H,300.5,310.9,1465,36.8,99,0,0,0,0,0,0,LINE1-M02,2026-06-06T10:20:00,OP-111,MAT-8806
1870,M01870,M,298.4,306.5,1440,38.1,102,0,0,0,0,0,0,LINE2-M01,2026-06-06T10:22:00,OP-102,MAT-8804
1871,L01871,L,298.8,308.8,1234,31.1,104,0,0,0,0,0,0,LINE1-M01,2026-06-06T10:27:00,OP-111,MAT-8813
1872,L01872,L,302.2,312.0,1557,41.0,106,0,0,0,0,0,0,LINE3-M01,2026-06-06T10:30:00,OP-103,MAT-8805
1873,L01873,L,299.3,309.1,1751,30.3,108,0,0,0,0,0,0,LINE3-M01,2026-06-06T10:36:00,OP-105,MAT-8817
1874,L01874,L,300.2,310.7,1335,41.4,110,0,0,0,0,0,0,LINE3-M02,2026-06-06T10:41:00,OP-103,MAT-8805
1875,M01875,M,302.0,312.1,1594,25.3,113,0,0,0,0,0,0,LINE2-M02,2026-06-06T10:45:00,OP-109,MAT-8803
1876,L01876,L,303.4,314.2,1537,28.5,115,0,0,0,0,0,0,LINE2-M01,2026-06-06T10:51:00,OP-102,MAT-8818
1877,L01877,L,301.8,310.5,1335,47.0,117,0,0,0,0,0,0,LINE2-M02,2026-06-06T10:57:00,OP-111,MAT-8803
1878,M01878,M,301.1,310.7,1204,34.4,120,0,0,0,0,0,0,LINE3-M01,2026-06-06T11:03:00,OP-102,MAT-8804
1879,M01879,M,301.3,312.7,1303,52.7,123,0,0,0,0,0,0,LINE2-M01,2026-06-06T11:07:00,OP-108,MAT-8806
1880,M01880,M,296.7,306.0,1466,37.4,126,0,0,0,0,0,0,LINE3-M02,2026-06-06T11:12:00,OP-108,MAT-8816
1881,M01881,M,297.9,308.6,1304,52.5,129,0,0,0,0,0,0,LINE3-M02,2026-06-06T11:16:00,OP-102,MAT-8807
1882,L01882,L,299.1,308.6,1572,37.0,131,0,0,0,0,0,0,LINE1-M01,2026-06-06T11:18:00,OP-104,MAT-8809
1883,M01883,M,301.1,310.4,1703,35.8,134,0,0,0,0,0,0,LINE2-M01,2026-06-06T11:24:00,OP-107,MAT-8802
1884,M01884,M,301.1,309.3,1605,43.4,137,0,0,0,0,0,0,LINE1-M01,2026-06-06T11:30:00,OP-102,MAT-8818
1885,H01885,H,302.2,311.8,1440,35.2,142,0,0,0,0,0,0,LINE3-M01,2026-06-06T11:34:00,OP-101,MAT-8809
1886,M01886,M,298.1,307.1,1477,27.8,145,0,0,0,0,0,0,LINE1-M01,2026-06-06T11:37:00,OP-100,MAT-8818
1887,M01887,M,300.0,310.9,1337,66.5,148,1,0,0,1,0,0,LINE1-M01,2026-06-06T11:42:00,OP-102,MAT-8812
1888,M01888,M,300.3,311.8,1334,40.3,151,0,0,0,0,0,0,LINE3-M01,2026-06-06T11:47:00,OP-100,MAT-8803
1889,L01889,L,298.4,308.6,1211,34.8,153,0,0,0,0,0,0,LINE2-M01,2026-06-06T11:52:00,OP-102,MAT-8805
1890,M01890,M,304.8,316.3,1270,44.2,156,0,0,0,0,0,0,LINE3-M02,2026-06-06T11:56:00,OP-103,MAT-8806
1891,L01891,L,301.6,311.3,1784,41.6,158,0,0,0,0,0,0,LINE2-M02,2026-06-06T11:59:00,OP-105,MAT-8806
1892,H01892,H,296.8,308.5,1658,38.5,163,0,0,0,0,0,0,LINE3-M01,2026-06-06T12:03:00,OP-102,MAT-8809
1893,M01893,M,304.9,315.3,1779,39.6,166,0,0,0,0,0,0,LINE3-M01,2026-06-06T12:08:00,OP-105,MAT-8800
1894,L01894,L,300.0,310.4,1859,41.5,168,0,0,0,0,0,0,LINE2-M01,2026-06-06T12:12:00,OP-100,MAT-8818
1895,H01895,H,299.8,310.9,1929,37.1,173,0,0,0,0,0,0,LINE1-M01,2026-06-06T12:17:00,OP-103,MAT-8818
1896,M01896,M,300.3,310.4,1278,57.1,176,0,0,0,0,0,0,LINE1-M01,2026-06-06T12:19:00,OP-107,MAT-8803
1897,M01897,M,300.5,312.2,1168,35.8,179,0,0,0,0,0,0,LINE3-M02,2026-06-06T12:23:00,OP-106,MAT-8809
1898,L01898,L,297.0,307.2,1616,42.3,181,0,0,0,0,0,0,LINE1-M01,2026-06-06T12:26:00,OP-107,MAT-8801
1899,H01899,H,296.5,307.0,1714,48.0,186,0,0,0,0,0,0,LINE2-M02,2026-06-06T12:32:00,OP-100,MAT-8805
1900,L01900,L,299.4,309.9,1383,48.0,188,0,0,0,0,0,0,LINE2-M02,2026-06-06T12:34:00,OP-109,MAT-8800
1901,L01901,L,297.8,306.8,1368,38.2,190,0,0,0,0,0,0,LINE2-M02,2026-06-06T12:36:00,OP-104,MAT-8805
1902,H01902,H,300.8,310.6,1835,31.6,195,0,0,0,0,0,0,LINE1-M01,2026-06-06T12:40:00,OP-100,MAT-8803
1903,M01903,M,296.1,304.5,1584,44.7,198,0,0,0,0,0,0,LINE3-M02,2026-06-06T12:45:00,OP-105,MAT-8813
1904,M01904,M,297.5,308.2,1776,28.6,201,0,0,0,0,0,0,LINE2-M02,2026-06-06T12:49:00,OP-106,MAT-8805
1905,H01905,H,296.7,308.2,1646,46.3,206,1,1,0,0,0,0,LINE2-M02,2026-06-06T12:53:00,OP-100,MAT-8803
1906,M01906,M,297.7,308.3,1678,36.2,209,1,1,0,0,0,0,LINE3-M02,2026-06-06T12:55:00,OP-108,MAT-8807
1907,L01907,L,302.2,313.1,1482,37.5,211,0,0,0,0,0,0,LINE3-M01,2026-06-06T12:57:00,OP-108,MAT-8803
1908,M01908,M,300.0,309.6,1253,38.8,214,1,1,0,0,0,0,LINE2-M01,2026-06-06T12:59:00,OP-107,MAT-8802
1909,L01909,L,300.4,310.9,1286,28.3,216,0,0,0,0,0,0,LINE1-M02,2026-06-06T13:01:00,OP-105,MAT-8816
1910,L01910,L,298.2,307.5,1609,22.1,218,0,0,0,0,0,0,LINE3-M01,2026-06-06T13:03:00,OP-100,MAT-8800
1911,M01911,M,297.5,307.6,1503,38.8,221,0,0,0,0,0,0,LINE2-M02,2026-06-06T13:07:00,OP-111,MAT-8813
1912,L01912,L,301.1,310.0,1168,46.2,223,0,0,0,0,0,0,LINE2-M01,2026-06-06T13:09:00,OP-110,MAT-8806
1913,L01913,L,303.3,313.6,1168,57.9,225,1,1,0,0,1,0,LINE2-M02,2026-06-06T13:14:00,OP-106,MAT-8813
1914,L01914,L,304.1,314.2,1737,56.4,227,1,1,0,1,1,0,LINE1-M02,2026-06-06T13:16:00,OP-106,MAT-8813
1915,L01915,L,299.9,310.6,1549,29.2,229,1,1,0,0,0,0,LINE2-M02,2026-06-06T13:18:00,OP-110,MAT-8814
1916,L01916,L,300.4,311.0,1355,54.9,231,1,1,0,0,1,0,LINE1-M02,2026-06-06T13:24:00,OP-109,MAT-8800
1917,L01917,L,298.2,307.8,1168,21.4,233,1,0,0,1,0,0,LINE3-M01,2026-06-06T13:30:00,OP-109,MAT-8809
1918,L01918,L,298.4,310.2,1245,50.2,235,1,1,0,0,1,0,LINE1-M02,2026-06-06T13:32:00,OP-109,MAT-8814
1919,L01919,L,303.2,313.2,1566,34.0,237,1,1,0,0,0,0,LINE1-M01,2026-06-06T13:34:00,OP-107,MAT-8809
1920,H01920,H,301.0,310.7,1668,47.8,0,0,0,0,0,0,0,LINE1-M02,2026-06-06T13:37:00,OP-109,MAT-8818
1921,M01921,M,297.2,307.4,1653,47.5,3,0,0,0,0,0,0,LINE1-M02,2026-06-06T13:41:00,OP-110,MAT-8804
1922,M01922,M,306.0,316.7,1290,44.9,6,0,0,0,0,0,0,LINE1-M01,2026-06-06T13:47:00,OP-101,MAT-8813
1923,M01923,M,297.0,307.5,1702,32.8,9,0,0,0,0,0,0,LINE1-M01,2026-06-06T13:51:00,OP-103,MAT-8811
1924,L01924,L,299.1,310.4,1853,33.3,11,0,0,0,0,0,0,LINE2-M01,2026-06-06T13:57:00,OP-101,MAT-8802
1925,M01925,M,297.1,307.1,1498,43.5,14,0,0,0,0,0,0,LINE2-M01,2026-06-06T14:03:00,OP-101,MAT-8817
1926,M01926,M,300.9,312.0,1734,43.9,17,0,0,0,0,0,0,LINE2-M02,2026-06-06T14:05:00,OP-108,MAT-8816
1927,L01927,L,299.4,309.6,1532,46.7,19,0,0,0,0,0,0,LINE1-M01,2026-06-06T14:10:00,OP-100,MAT-8800
1928,L01928,L,299.6,310.4,1827,46.5,21,0,0,0,0,0,0,LINE1-M01,2026-06-06T14:12:00,OP-106,MAT-8818
1929,H01929,H,298.9,306.6,1488,50.4,26,0,0,0,0,0,0,LINE1-M02,2026-06-06T14:14:00,OP-110,MAT-8818
1930,M01930,M,299.1,309.3,1844,33.3,29,0,0,0,0,0,0,LINE1-M02,2026-06-06T14:20:00,OP-111,MAT-8812
1931,H01931,H,299.9,309.9,1488,50.0,34,0,0,0,0,0,0,LINE2-M01,2026-06-06T14:22:00,OP-109,MAT-8811
1932,L01932,L,302.2,310.4,1611,33.6,36,0,0,0,0,0,0,LINE2-M01,2026-06-06T14:28:00,OP-105,MAT-8813
1933,M01933,M,299.3,309.4,1527,47.4,39,0,0,0,0,0,0,LINE2-M01,2026-06-06T14:33:00,OP-105,MAT-8812
1934,H01934,H,302.1,312.3,1667,38.2,44,0,0,0,0,0,0,LINE1-M02,2026-06-06T14:38:00,OP-110,MAT-8801
1935,H01935,H,300.5,309.5,1257,35.2,49,0,0,0,0,0,0,LINE2-M02,2026-06-06T14:44:00,OP-108,MAT-8807
1936,M01936,M,297.7,307.7,1589,40.7,52,0,0,0,0,0,0,LINE2-M01,2026-06-06T14:50:00,OP-101,MAT-8814
1937,L01937,L,300.5,309.2,1554,32.4,54,0,0,0,0,0,0,LINE2-M01,2026-06-06T14:53:00,OP-110,MAT-8813
1938,L01938,L,299.9,309.1,1168,40.4,56,0,0,0,0,0,0,LINE1-M02,2026-06-06T14:59:00,OP-108,MAT-8812
1939,M01939,M,302.8,314.8,1546,34.2,59,0,0,0,0,0,0,LINE1-M02,2026-06-06T15:04:00,OP-106,MAT-8815
1940,L01940,L,300.9,311.0,1664,29.5,61,0,0,0,0,0,0,LINE1-M02,2026-06-06T15:10:00,OP-100,MAT-8819
1941,H01941,H,299.2,309.5,1670,32.9,66,0,0,0,0,0,0,LINE3-M01,2026-06-06T15:12:00,OP-105,MAT-8819
1942,L01942,L,297.9,308.6,1173,40.6,68,0,0,0,0,0,0,LINE1-M01,2026-06-06T15:17:00,OP-103,MAT-8815
1943,H01943,H,300.0,308.5,1218,50.3,73,1,0,1,0,0,0,LINE2-M02,2026-06-06T15:19:00,OP-108,MAT-8816
1944,M01944,M,302.3,311.4,1321,37.8,76,0,0,0,0,0,0,LINE2-M01,2026-06-06T15:23:00,OP-104,MAT-8803
1945,L01945,L,300.7,309.4,1455,45.1,78,0,0,0,0,0,0,LINE3-M02,2026-06-06T15:26:00,OP-104,MAT-8800
1946,H01946,H,299.6,309.2,1582,54.4,83,1,0,0,1,0,0,LINE3-M01,2026-06-06T15:31:00,OP-108,MAT-8804
1947,M01947,M,299.4,309.4,1194,60.5,86,0,0,0,0,0,0,LINE3-M01,2026-06-06T15:36:00,OP-101,MAT-8808
1948,M01948,M,296.2,306.8,1431,46.3,89,0,0,0,0,0,0,LINE1-M02,2026-06-06T15:38:00,OP-109,MAT-8805
1949,H01949,H,300.4,309.0,1518,62.2,94,1,0,0,1,0,0,LINE3-M01,2026-06-06T15:44:00,OP-111,MAT-8818
1950,L01950,L,300.4,309.1,1708,34.6,96,0,0,0,0,0,0,LINE2-M02,2026-06-06T15:48:00,OP-105,MAT-8801
1951,M01951,M,299.0,307.5,1339,31.8,99,1,0,1,0,0,0,LINE1-M02,2026-06-06T15:51:00,OP-105,MAT-8807
1952,M01952,M,295.7,306.7,1524,49.0,102,0,0,0,0,0,0,LINE3-M02,2026-06-06T15:54:00,OP-103,MAT-8813
1953,H01953,H,299.3,308.9,1332,49.2,107,0,0,0,0,0,0,LINE3-M02,2026-06-06T15:56:00,OP-105,MAT-8811
1954,L01954,L,301.7,309.9,1947,20.7,109,0,0,0,0,0,0,LINE3-M02,2026-06-06T16:02:00,OP-102,MAT-8809
1955,M01955,M,301.0,310.5,1883,48.6,112,1,0,0,1,0,0,LINE2-M02,2026-06-06T16:07:00,OP-111,MAT-8817
1956,H01956,H,298.2,307.7,1538,37.0,117,0,0,0,0,0,0,LINE2-M02,2026-06-06T16:09:00,OP-106,MAT-8811
1957,L01957,L,296.8,308.1,1463,53.9,119,0,0,0,0,0,0,LINE2-M02,2026-06-06T16:15:00,OP-105,MAT-8807
1958,L01958,L,297.8,307.3,1417,25.5,121,0,0,0,0,0,0,LINE1-M02,2026-06-06T16:18:00,OP-104,MAT-8812
1959,L01959,L,303.3,313.6,1264,45.2,123,0,0,0,0,0,0,LINE2-M02,2026-06-06T16:23:00,OP-100,MAT-8803
1960,L01960,L,297.6,309.2,1682,27.9,125,0,0,0,0,0,0,LINE1-M02,2026-06-06T16:25:00,OP-102,MAT-8805
1961,M01961,M,296.9,306.8,1729,26.3,128,0,0,0,0,0,0,LINE2-M02,2026-06-06T16:30:00,OP-111,MAT-8815
1962,L01962,L,296.2,305.4,1586,19.2,130,1,0,0,1,0,0,LINE1-M01,2026-06-06T16:35:00,OP-101,MAT-8805
1963,L01963,L,301.5,310.7,1823,41.6,132,0,0,0,0,0,0,LINE3-M02,2026-06-06T16:41:00,OP-100,MAT-8800
1964,L01964,L,300.1,309.7,1240,33.1,134,0,0,0,0,0,0,LINE2-M02,2026-06-06T16:46:00,OP-108,MAT-8804
1965,H01965,H,303.4,314.1,1750,38.9,139,0,0,0,0,0,0,LINE2-M01,2026-06-06T16:50:00,OP-104,MAT-8814
1966,L01966,L,297.3,306.1,1467,39.7,141,0,0,0,0,0,0,LINE3-M02,2026-06-06T16:53:00,OP-101,MAT-8804
1967,M01967,M,299.3,310.4,1263,45.4,144,0,0,0,0,0,0,LINE3-M02,2026-06-06T16:56:00,OP-105,MAT-8807
1968,L01968,L,298.3,308.7,1168,44.3,146,0,0,0,0,0,0,LINE1-M02,2026-06-06T17:02:00,OP-108,MAT-8811
1969,L01969,L,299.7,310.8,1625,27.3,148,0,0,0,0,0,0,LINE2-M01,2026-06-06T17:05:00,OP-101,MAT-8817
1970,H01970,H,297.6,309.3,1671,37.3,153,0,0,0,0,0,0,LINE1-M01,2026-06-06T17:09:00,OP-110,MAT-8813
1971,H01971,H,297.6,308.3,1355,24.7,158,0,0,0,0,0,0,LINE3-M01,2026-06-06T17:13:00,OP-103,MAT-8802
1972,M01972,M,298.3,307.9,1168,47.0,161,0,0,0,0,0,0,LINE2-M02,2026-06-06T17:18:00,OP-110,MAT-8819
1973,H01973,H,303.9,314.2,1168,46.3,166,0,0,0,0,0,0,LINE1-M02,2026-06-06T17:21:00,OP-110,MAT-8805
1974,M01974,M,299.3,307.8,1482,43.2,169,0,0,0,0,0,0,LINE2-M01,2026-06-06T17:27:00,OP-101,MAT-8815
1975,M01975,M,302.0,312.1,1677,27.5,172,0,0,0,0,0,0,LINE3-M02,2026-06-06T17:29:00,OP-103,MAT-8801
1976,L01976,L,298.0,307.7,1706,32.4,174,0,0,0,0,0,0,LINE1-M02,2026-06-06T17:35:00,OP-111,MAT-8817
1977,M01977,M,300.2,310.9,1611,40.8,177,0,0,0,0,0,0,LINE1-M02,2026-06-06T17:39:00,OP-100,MAT-8801
1978,L01978,L,296.8,305.5,1618,39.6,179,0,0,0,0,0,0,LINE2-M02,2026-06-06T17:44:00,OP-108,MAT-8809
1979,H01979,H,300.1,308.9,1261,64.7,184,0,0,0,0,0,0,LINE2-M02,2026-06-06T17:47:00,OP-104,MAT-8811
1980,H01980,H,305.5,315.2,1251,36.2,189,0,0,0,0,0,0,LINE2-M01,2026-06-06T17:53:00,OP-107,MAT-8819
1981,M01981,M,300.8,310.4,1168,33.6,192,0,0,0,0,0,0,LINE3-M02,2026-06-06T17:55:00,OP-103,MAT-8819
1982,H01982,H,302.6,311.0,1351,42.4,197,1,0,1,0,0,0,LINE3-M02,2026-06-06T17:59:00,OP-109,MAT-8818
1983,L01983,L,300.7,312.4,1228,47.0,199,0,0,0,0,0,0,LINE2-M01,2026-06-06T18:03:00,OP-107,MAT-8803
1984,L01984,L,300.9,308.9,1494,48.3,201,0,0,0,0,0,0,LINE1-M01,2026-06-06T18:06:00,OP-111,MAT-8819
1985,M01985,M,296.6,305.2,1327,54.0,204,1,0,1,0,0,0,LINE1-M01,2026-06-06T18:10:00,OP-108,MAT-8807
1986,H01986,H,301.9,312.1,1829,24.4,209,0,0,0,0,0,0,LINE2-M01,2026-06-06T18:16:00,OP-106,MAT-8805
1987,L01987,L,298.8,307.9,1558,41.7,211,1,1,0,0,0,0,LINE3-M01,2026-06-06T18:18:00,OP-102,MAT-8804
1988,M01988,M,301.7,311.1,1427,49.4,214,0,0,0,0,0,0,LINE3-M02,2026-06-06T18:20:00,OP-107,MAT-8813
1989,M01989,M,300.6,310.2,1740,56.5,217,1,1,0,1,1,0,LINE3-M02,2026-06-06T18:26:00,OP-111,MAT-8812
1990,M01990,M,297.2,307.0,1299,37.6,220,1,1,0,0,0,0,LINE3-M01,2026-06-06T18:28:00,OP-108,MAT-8809
1991,M01991,M,296.6,305.9,1540,51.4,223,1,1,0,0,0,0,LINE2-M01,2026-06-06T18:32:00,OP-103,MAT-8810
1992,L01992,L,299.3,308.2,1540,35.8,225,1,1,0,0,0,0,LINE1-M01,2026-06-06T18:34:00,OP-107,MAT-8812
1993,H01993,H,300.1,311.0,1894,30.7,230,1,1,0,0,0,0,LINE2-M01,2026-06-06T18:36:00,OP-111,MAT-8801
1994,L01994,L,301.8,312.7,1978,29.3,232,1,1,0,0,0,0,LINE2-M02,2026-06-06T18:41:00,OP-101,MAT-8802
1995,M01995,M,301.3,312.1,1371,47.1,235,0,0,0,0,0,0,LINE2-M02,2026-06-06T18:47:00,OP-100,MAT-8816
1996,H01996,H,300.0,310.4,1344,40.4,240,1,1,0,0,0,0,LINE2-M01,2026-06-06T18:52:00,OP-104,MAT-8817
1997,M01997,M,302.0,313.3,1466,33.9,0,0,0,0,0,0,0,LINE1-M01,2026-06-06T18:57:00,OP-108,MAT-8813
1998,M01998,M,299.0,311.1,1622,40.5,3,0,0,0,0,0,0,LINE3-M02,2026-06-06T19:02:00,OP-109,MAT-8802
1999,L01999,L,301.3,310.6,1289,53.3,5,0,0,0,0,0,0,LINE2-M01,2026-06-06T19:06:00,OP-109,MAT-8814
2000,M02000,M,301.7,313.6,1168,61.6,8,0,0,0,0,0,0,LINE1-M02,2026-06-06T19:08:00,OP-111,MAT-8811
2001,L02001,L,302.3,312.1,1560,47.8,10,0,0,0,0,0,0,LINE2-M01,2026-06-06T19:11:00,OP-104,MAT-8802
2002,M02002,M,302.3,310.8,1168,42.4,13,1,0,1,0,0,0,LINE2-M01,2026-06-06T19:17:00,OP-101,MAT-8814
2003,M02003,M,299.3,309.2,1375,42.4,16,0,0,0,0,0,0,LINE3-M01,2026-06-06T19:19:00,OP-107,MAT-8809
2004,H02004,H,301.0,310.0,1168,29.2,21,0,0,0,0,0,0,LINE1-M02,2026-06-06T19:25:00,OP-101,MAT-8819
2005,H02005,H,299.0,309.5,1629,31.7,26,0,0,0,0,0,0,LINE1-M02,2026-06-06T19:28:00,OP-105,MAT-8816
2006,L02006,L,299.0,310.1,1194,40.8,28,0,0,0,0,0,0,LINE3-M02,2026-06-06T19:32:00,OP-104,MAT-8804
2007,L02007,L,301.8,312.4,1462,40.8,30,0,0,0,0,0,0,LINE1-M02,2026-06-06T19:37:00,OP-106,MAT-8816
2008,H02008,H,297.0,305.3,1408,62.1,35,1,0,0,1,0,0,LINE2-M01,2026-06-06T19:41:00,OP-111,MAT-8818
2009,M02009,M,299.5,310.1,1630,45.7,38,0,0,0,0,0,0,LINE1-M02,2026-06-06T19:45:00,OP-102,MAT-8806
2010,L02010,L,301.9,314.1,1368,49.7,40,0,0,0,0,0,0,LINE1-M02,2026-06-06T19:51:00,OP-111,MAT-8808
2011,L02011,L,302.4,312.5,1603,53.9,42,1,0,0,1,0,0,LINE1-M01,2026-06-06T19:57:00,OP-111,MAT-8808
2012,L02012,L,299.9,310.6,1929,35.9,44,0,0,0,0,0,0,LINE1-M01,2026-06-06T20:02:00,OP-105,MAT-8817
2013,L02013,L,298.6,309.9,1402,55.8,46,0,0,0,0,0,0,LINE1-M02,2026-06-06T20:08:00,OP-101,MAT-8802
2014,H02014,H,302.3,312.4,1632,30.8,51,0,0,0,0,0,0,LINE1-M02,2026-06-06T20:12:00,OP-100,MAT-8818
2015,L02015,L,301.5,312.2,1368,47.9,53,0,0,0,0,0,0,LINE3-M02,2026-06-06T20:17:00,OP-110,MAT-8800
2016,M02016,M,299.7,310.1,1422,27.5,56,0,0,0,0,0,0,LINE3-M02,2026-06-06T20:19:00,OP-108,MAT-8810
2017,L02017,L,301.2,312.4,1586,33.9,58,0,0,0,0,0,0,LINE2-M02,2026-06-06T20:25:00,OP-109,MAT-8817
2018,M02018,M,302.0,311.9,1373,54.3,61,0,0,0,0,0,0,LINE2-M02,2026-06-06T20:31:00,OP-107,MAT-8803
2019,L02019,L,299.5,309.2,1709,53.7,63,1,0,0,1,0,0,LINE1-M02,2026-06-06T20:37:00,OP-103,MAT-8809
2020,M02020,M,299.5,310.2,1450,37.0,66,0,0,0,0,0,0,LINE1-M02,2026-06-06T20:39:00,OP-108,MAT-8819
2021,H02021,H,300.6,310.0,1246,27.6,71,0,0,0,0,0,0,LINE1-M02,2026-06-06T20:43:00,OP-107,MAT-8808
2022,L02022,L,298.8,309.9,1669,35.2,73,0,0,0,0,0,0,LINE2-M01,2026-06-06T20:46:00,OP-106,MAT-8808
2023,L02023,L,299.2,309.6,1268,29.7,75,0,0,0,0,0,0,LINE3-M01,2026-06-06T20:52:00,OP-111,MAT-8808
2024,L02024,L,302.5,314.0,1355,45.5,77,0,0,0,0,0,0,LINE2-M01,2026-06-06T20:55:00,OP-106,MAT-8809
2025,L02025,L,300.5,310.2,1573,43.6,79,0,0,0,0,0,0,LINE2-M02,2026-06-06T20:57:00,OP-104,MAT-8801
2026,L02026,L,301.4,311.7,1962,46.4,81,1,0,0,1,0,0,LINE2-M01,2026-06-06T21:01:00,OP-103,MAT-8818
2027,L02027,L,300.7,312.1,1544,35.6,83,0,0,0,0,0,0,LINE2-M02,2026-06-06T21:03:00,OP-111,MAT-8800
2028,M02028,M,299.2,308.8,1485,51.4,86,0,0,0,0,0,0,LINE2-M02,2026-06-06T21:05:00,OP-101,MAT-8819
2029,H02029,H,301.8,311.9,1634,38.9,91,0,0,0,0,0,0,LINE3-M02,2026-06-06T21:10:00,OP-100,MAT-8805
2030,L02030,L,304.6,313.8,1168,32.5,93,0,0,0,0,0,0,LINE2-M02,2026-06-06T21:13:00,OP-111,MAT-8802
2031,M02031,M,299.6,308.4,1573,29.2,96,0,0,0,0,0,0,LINE2-M02,2026-06-06T21:16:00,OP-109,MAT-8811
2032,L02032,L,300.9,310.7,1296,21.1,98,1,0,0,1,0,0,LINE1-M02,2026-06-06T21:18:00,OP-101,MAT-8810
2033,L02033,L,299.3,310.1,1486,39.5,100,0,0,0,0,0,0,LINE2-M01,2026-06-06T21:24:00,OP-107,MAT-8809
2034,H02034,H,298.4,306.6,1256,55.5,105,1,0,1,0,0,0,LINE1-M02,2026-06-06T21:27:00,OP-109,MAT-8817
2035,M02035,M,298.1,307.5,1291,48.2,108,0,0,0,0,0,0,LINE1-M01,2026-06-06T21:29:00,OP-106,MAT-8809
2036,L02036,L,299.1,308.1,1818,51.1,110,1,0,0,1,0,0,LINE3-M01,2026-06-06T21:32:00,OP-100,MAT-8808
2037,L02037,L,301.4,311.7,1374,33.7,112,0,0,0,0,0,0,LINE3-M02,2026-06-06T21:34:00,OP-110,MAT-8819
2038,L02038,L,297.3,308.0,1415,40.3,114,0,0,0,0,0,0,LINE3-M01,2026-06-06T21:40:00,OP-108,MAT-8811
2039,H02039,H,296.9,306.3,1653,41.7,119,0,0,0,0,0,0,LINE2-M01,2026-06-06T21:46:00,OP-100,MAT-8811
2040,L02040,L,298.6,307.0,1168,47.1,121,1,0,1,0,0,0,LINE3-M01,2026-06-06T21:52:00,OP-110,MAT-8800
2041,L02041,L,299.2,309.1,1632,35.7,123,0,0,0,0,0,0,LINE3-M02,2026-06-06T21:57:00,OP-107,MAT-8808
2042,L02042,L,299.8,310.1,1907,42.4,125,0,0,0,0,0,0,LINE2-M01,2026-06-06T22:03:00,OP-111,MAT-8806
2043,L02043,L,297.9,308.2,1566,22.9,127,0,0,0,0,0,0,LINE1-M01,2026-06-06T22:07:00,OP-100,MAT-8812
2044,H02044,H,299.5,309.3,1168,36.1,132,0,0,0,0,0,0,LINE2-M01,2026-06-06T22:11:00,OP-103,MAT-8805
2045,M02045,M,305.9,314.7,1461,33.5,135,0,0,0,0,0,0,LINE2-M02,2026-06-06T22:16:00,OP-102,MAT-8812
2046,L02046,L,299.4,307.9,1394,49.6,137,0,0,0,0,0,0,LINE1-M01,2026-06-06T22:22:00,OP-110,MAT-8818
2047,M02047,M,300.0,310.8,1695,42.9,140,0,0,0,0,0,0,LINE1-M01,2026-06-06T22:24:00,OP-111,MAT-8801
2048,L02048,L,302.1,312.4,1168,35.6,142,0,0,0,0,0,0,LINE2-M01,2026-06-06T22:26:00,OP-100,MAT-8817
2049,M02049,M,302.3,311.5,1895,43.7,145,0,0,0,0,0,0,LINE1-M01,2026-06-06T22:29:00,OP-106,MAT-8812
2050,H02050,H,302.0,314.0,1559,44.1,150,0,0,0,0,0,0,LINE3-M02,2026-06-06T22:33:00,OP-107,MAT-8810
2051,L02051,L,299.0,309.0,1396,40.4,152,0,0,0,0,0,0,LINE1-M01,2026-06-06T22:39:00,OP-102,MAT-8818
2052,H02052,H,303.2,314.2,1347,23.1,157,1,0,0,1,0,0,LINE1-M02,2026-06-06T22:42:00,OP-110,MAT-8805
2053,M02053,M,303.9,313.8,1365,31.4,160,0,0,0,0,0,0,LINE2-M01,2026-06-06T22:47:00,OP-111,MAT-8819
2054,M02054,M,298.0,308.5,1352,32.9,163,0,0,0,0,0,0,LINE1-M01,2026-06-06T22:51:00,OP-111,MAT-8817
2055,H02055,H,303.0,312.5,1168,51.5,168,0,0,0,0,0,0,LINE3-M01,2026-06-06T22:53:00,OP-101,MAT-8811
2056,L02056,L,297.6,307.8,1590,28.5,170,0,0,0,0,0,0,LINE3-M02,2026-06-06T22:55:00,OP-109,MAT-8803
2057,M02057,M,300.3,311.9,1639,45.4,173,0,0,0,0,0,0,LINE2-M02,2026-06-06T23:01:00,OP-108,MAT-8817
2058,L02058,L,302.2,311.7,1746,34.1,175,0,0,0,0,0,0,LINE3-M02,2026-06-06T23:06:00,OP-102,MAT-8803
2059,L02059,L,299.0,309.2,1471,38.4,177,0,0,0,0,0,0,LINE1-M02,2026-06-06T23:10:00,OP-108,MAT-8819
2060,M02060,M,299.4,310.2,1759,45.5,180,0,0,0,0,0,0,LINE3-M02,2026-06-06T23:13:00,OP-102,MAT-8816
2061,L02061,L,296.8,307.2,1563,44.4,182,0,0,0,0,0,0,LINE3-M01,2026-06-06T23:15:00,OP-102,MAT-8815
2062,M02062,M,301.0,311.1,1599,41.3,185,0,0,0,0,0,0,LINE3-M01,2026-06-06T23:19:00,OP-110,MAT-8807
2063,H02063,H,300.0,310.4,1468,16.6,190,1,0,0,1,0,0,LINE2-M02,2026-06-06T23:23:00,OP-104,MAT-8806
2064,L02064,L,297.6,307.9,1499,58.7,192,1,0,0,1,1,0,LINE3-M01,2026-06-06T23:29:00,OP-111,MAT-8800
2065,L02065,L,297.2,306.7,1425,45.7,194,0,0,0,0,0,0,LINE1-M01,2026-06-06T23:32:00,OP-102,MAT-8814
2066,H02066,H,299.7,309.9,1544,57.6,199,1,0,0,1,0,0,LINE1-M02,2026-06-06T23:34:00,OP-111,MAT-8806
2067,L02067,L,300.3,310.4,1513,25.4,201,0,0,0,0,0,0,LINE2-M01,2026-06-06T23:38:00,OP-100,MAT-8801
2068,L02068,L,301.0,310.9,1168,32.4,203,0,0,0,0,0,0,LINE2-M02,2026-06-06T23:43:00,OP-105,MAT-8812
2069,L02069,L,300.4,310.1,1638,52.5,205,1,0,0,1,0,0,LINE3-M01,2026-06-06T23:45:00,OP-110,MAT-8805
2070,L02070,L,300.4,310.8,1427,29.8,207,0,0,0,0,0,0,LINE2-M01,2026-06-06T23:49:00,OP-102,MAT-8818
2071,L02071,L,300.4,309.0,1820,52.5,209,1,0,0,1,0,0,LINE3-M02,2026-06-06T23:52:00,OP-101,MAT-8819
2072,M02072,M,299.1,307.7,1429,54.6,212,0,0,0,0,0,0,LINE1-M01,2026-06-06T23:57:00,OP-105,MAT-8812
2073,H02073,H,301.2,309.5,1907,20.2,217,0,0,0,0,0,0,LINE2-M01,2026-06-07T00:02:00,OP-106,MAT-8807
2074,L02074,L,300.7,311.4,1492,36.4,219,0,0,0,0,0,0,LINE2-M02,2026-06-07T00:07:00,OP-100,MAT-8809
2075,M02075,M,298.8,308.9,1767,44.1,222,1,1,0,0,0,0,LINE2-M02,2026-06-07T00:09:00,OP-106,MAT-8806
2076,M02076,M,299.2,308.2,1730,40.5,225,1,1,0,0,0,0,LINE2-M01,2026-06-07T00:15:00,OP-107,MAT-8806
2077,H02077,H,302.0,310.9,1509,39.3,230,1,1,0,0,0,0,LINE2-M01,2026-06-07T00:18:00,OP-106,MAT-8804
2078,L02078,L,300.2,309.7,1339,30.6,232,0,0,0,0,0,0,LINE3-M01,2026-06-07T00:24:00,OP-108,MAT-8815
2079,H02079,H,297.2,306.1,1168,42.9,237,1,1,0,0,0,0,LINE1-M01,2026-06-07T00:29:00,OP-111,MAT-8809
2080,L02080,L,300.2,310.6,1617,34.0,239,1,1,0,0,0,0,LINE3-M02,2026-06-07T00:32:00,OP-107,MAT-8805
2081,H02081,H,303.4,313.1,1891,37.1,0,0,0,0,0,0,0,LINE1-M01,2026-06-07T00:35:00,OP-111,MAT-8811
2082,M02082,M,299.9,310.0,1549,37.1,3,0,0,0,0,0,0,LINE2-M02,2026-06-07T00:39:00,OP-111,MAT-8812
2083,L02083,L,298.3,308.1,1288,58.8,5,0,0,0,0,0,0,LINE3-M02,2026-06-07T00:44:00,OP-111,MAT-8810
2084,M02084,M,297.1,308.9,1589,19.3,8,1,0,0,1,0,0,LINE2-M02,2026-06-07T00:49:00,OP-106,MAT-8819
2085,L02085,L,300.5,310.7,1755,43.4,10,0,0,0,0,0,0,LINE2-M02,2026-06-07T00:52:00,OP-105,MAT-8800
2086,M02086,M,300.3,311.3,1491,42.3,13,0,0,0,0,0,0,LINE2-M01,2026-06-07T00:58:00,OP-105,MAT-8805
2087,L02087,L,301.0,309.9,1168,36.7,15,0,0,0,0,0,0,LINE2-M02,2026-06-07T01:04:00,OP-104,MAT-8814
2088,L02088,L,301.6,310.4,1359,52.3,17,0,0,0,0,0,0,LINE1-M01,2026-06-07T01:08:00,OP-105,MAT-8818
2089,L02089,L,302.4,311.0,1288,48.9,19,0,0,0,0,0,0,LINE1-M02,2026-06-07T01:12:00,OP-110,MAT-8817
2090,L02090,L,300.8,311.1,1428,49.2,21,0,0,0,0,0,0,LINE1-M02,2026-06-07T01:17:00,OP-105,MAT-8809
2091,M02091,M,303.3,312.8,1766,23.3,24,0,0,0,0,0,0,LINE3-M02,2026-06-07T01:20:00,OP-103,MAT-8803
2092,L02092,L,302.5,311.9,1441,38.9,26,0,0,0,0,0,0,LINE3-M02,2026-06-07T01:25:00,OP-102,MAT-8804
2093,L02093,L,302.6,313.3,1577,45.4,28,0,0,0,0,0,0,LINE2-M02,2026-06-07T01:31:00,OP-102,MAT-8806
2094,H02094,H,298.7,310.0,1191,59.7,33,0,0,0,0,0,0,LINE2-M02,2026-06-07T01:34:00,OP-104,MAT-8808
2095,M02095,M,297.9,308.1,1305,39.3,36,0,0,0,0,0,0,LINE3-M01,2026-06-07T01:37:00,OP-111,MAT-8816
2096,L02096,L,301.1,310.9,1168,36.4,38,0,0,0,0,0,0,LINE2-M02,2026-06-07T01:40:00,OP-107,MAT-8804
2097,L02097,L,301.3,310.9,1531,39.5,40,0,0,0,0,0,0,LINE2-M01,2026-06-07T01:43:00,OP-101,MAT-8808
2098,H02098,H,297.6,307.2,1600,37.7,45,0,0,0,0,0,0,LINE1-M02,2026-06-07T01:47:00,OP-108,MAT-8802
2099,L02099,L,299.9,308.7,1642,39.3,47,0,0,0,0,0,0,LINE1-M01,2026-06-07T01:49:00,OP-102,MAT-8815
2100,L02100,L,300.1,309.0,1464,57.0,49,0,0,0,0,0,0,LINE3-M01,2026-06-07T01:54:00,OP-101,MAT-8813
2101,L02101,L,301.9,310.4,1772,25.8,51,0,0,0,0,0,0,LINE1-M02,2026-06-07T01:56:00,OP-108,MAT-8802
2102,L02102,L,299.6,310.4,1861,28.4,53,0,0,0,0,0,0,LINE2-M02,2026-06-07T01:59:00,OP-105,MAT-8804
2103,L02103,L,298.6,308.0,1716,38.2,55,0,0,0,0,0,0,LINE3-M01,2026-06-07T02:05:00,OP-109,MAT-8815
2104,L02104,L,296.8,308.2,1843,38.1,57,0,0,0,0,0,0,LINE3-M01,2026-06-07T02:09:00,OP-103,MAT-8804
2105,M02105,M,302.6,311.4,1336,33.1,60,0,0,0,0,0,0,LINE3-M01,2026-06-07T02:12:00,OP-108,MAT-8819
2106,H02106,H,302.4,312.5,1937,32.0,65,0,0,0,0,0,0,LINE2-M01,2026-06-07T02:15:00,OP-102,MAT-8807
2107,L02107,L,302.1,310.8,1742,48.5,67,0,0,0,0,0,0,LINE2-M01,2026-06-07T02:20:00,OP-100,MAT-8817
2108,L02108,L,300.0,309.2,1703,46.4,69,0,0,0,0,0,0,LINE3-M01,2026-06-07T02:22:00,OP-103,MAT-8812
2109,H02109,H,302.2,311.9,1320,49.6,74,0,0,0,0,0,0,LINE2-M01,2026-06-07T02:24:00,OP-108,MAT-8817
2110,M02110,M,296.5,307.8,1743,33.9,77,0,0,0,0,0,0,LINE3-M02,2026-06-07T02:29:00,OP-111,MAT-8808
2111,L02111,L,298.2,309.0,1809,18.5,79,0,0,0,0,0,0,LINE2-M02,2026-06-07T02:33:00,OP-102,MAT-8804
2112,L02112,L,301.9,312.1,1815,37.2,81,0,0,0,0,0,0,LINE1-M01,2026-06-07T02:36:00,OP-111,MAT-8816
2113,L02113,L,296.1,305.0,1626,39.9,83,0,0,0,0,0,0,LINE2-M01,2026-06-07T02:39:00,OP-111,MAT-8805
2114,L02114,L,300.4,309.7,1467,42.9,85,0,0,0,0,0,0,LINE3-M02,2026-06-07T02:42:00,OP-103,MAT-8811
2115,L02115,L,298.4,308.1,1693,35.0,87,0,0,0,0,0,0,LINE1-M01,2026-06-07T02:47:00,OP-110,MAT-8803
2116,H02116,H,298.6,308.5,1476,49.2,92,0,0,0,0,0,0,LINE1-M01,2026-06-07T02:51:00,OP-100,MAT-8815
2117,L02117,L,304.1,313.1,1746,37.8,94,0,0,0,0,0,0,LINE3-M02,2026-06-07T02:53:00,OP-102,MAT-8800
2118,M02118,M,299.4,307.8,1348,32.0,97,1,0,1,0,0,0,LINE3-M02,2026-06-07T02:55:00,OP-110,MAT-8812
2119,L02119,L,298.6,308.9,1390,51.2,99,0,0,0,0,0,0,LINE1-M02,2026-06-07T03:00:00,OP-105,MAT-8808
2120,M02120,M,295.2,304.6,1370,22.2,102,1,0,0,1,0,0,LINE2-M01,2026-06-07T03:02:00,OP-106,MAT-8808
2121,M02121,M,300.5,310.5,1423,33.8,105,0,0,0,0,0,0,LINE3-M01,2026-06-07T03:08:00,OP-109,MAT-8812
2122,L02122,L,300.8,310.0,1645,42.9,107,0,0,0,0,0,0,LINE2-M01,2026-06-07T03:13:00,OP-100,MAT-8815
2123,M02123,M,300.9,312.1,1530,56.5,110,1,0,0,1,0,0,LINE3-M01,2026-06-07T03:16:00,OP-101,MAT-8819
2124,H02124,H,299.8,309.3,1261,37.6,115,0,0,0,0,0,0,LINE3-M02,2026-06-07T03:19:00,OP-109,MAT-8812
2125,H02125,H,300.0,309.4,1605,57.7,120,1,0,0,1,0,0,LINE3-M02,2026-06-07T03:25:00,OP-103,MAT-8802
2126,L02126,L,295.1,303.8,1524,50.0,122,0,0,0,0,0,0,LINE3-M02,2026-06-07T03:30:00,OP-110,MAT-8800
2127,H02127,H,298.4,310.3,1168,44.2,127,0,0,0,0,0,0,LINE3-M02,2026-06-07T03:36:00,OP-110,MAT-8817
2128,M02128,M,299.5,309.4,1487,25.6,130,0,0,0,0,0,0,LINE3-M02,2026-06-07T03:42:00,OP-103,MAT-8803
2129,M02129,M,295.7,306.0,1216,43.8,133,0,0,0,0,0,0,LINE1-M02,2026-06-07T03:45:00,OP-102,MAT-8807
2130,L02130,L,300.7,309.3,1624,51.0,135,0,0,0,0,0,0,LINE1-M02,2026-06-07T03:49:00,OP-107,MAT-8812
2131,H02131,H,301.7,311.5,1931,30.5,140,0,0,0,0,0,0,LINE2-M01,2026-06-07T03:53:00,OP-111,MAT-8801
2132,H02132,H,299.1,307.3,1382,28.4,145,0,0,0,0,0,0,LINE2-M02,2026-06-07T03:57:00,OP-107,MAT-8812
2133,L02133,L,302.6,312.7,1330,35.3,147,0,0,0,0,0,0,LINE2-M01,2026-06-07T03:59:00,OP-106,MAT-8811
2134,H02134,H,299.8,308.5,2065,52.4,152,1,0,0,1,0,0,LINE1-M02,2026-06-07T04:01:00,OP-103,MAT-8811
2135,L02135,L,299.9,309.6,2120,40.0,154,0,0,0,0,0,0,LINE3-M01,2026-06-07T04:06:00,OP-107,MAT-8814
2136,M02136,M,300.8,311.9,1629,55.6,157,1,0,0,1,0,0,LINE3-M02,2026-06-07T04:09:00,OP-103,MAT-8810
2137,M02137,M,302.0,310.2,1698,52.5,160,1,0,0,1,0,0,LINE1-M01,2026-06-07T04:11:00,OP-107,MAT-8813
2138,M02138,M,300.8,310.4,1347,41.6,163,0,0,0,0,0,0,LINE3-M02,2026-06-07T04:17:00,OP-109,MAT-8812
2139,L02139,L,298.4,307.4,1869,59.8,165,1,0,0,1,0,0,LINE2-M02,2026-06-07T04:21:00,OP-104,MAT-8807
2140,L02140,L,298.6,307.4,1483,36.5,167,0,0,0,0,0,0,LINE3-M01,2026-06-07T04:27:00,OP-109,MAT-8807
2141,M02141,M,303.2,313.7,1536,43.1,170,0,0,0,0,0,0,LINE2-M02,2026-06-07T04:31:00,OP-100,MAT-8816
2142,M02142,M,301.1,312.2,1573,37.3,173,0,0,0,0,0,0,LINE2-M01,2026-06-07T04:37:00,OP-109,MAT-8815
2143,L02143,L,299.0,307.2,1200,27.6,175,1,0,1,1,0,0,LINE3-M02,2026-06-07T04:43:00,OP-101,MAT-8807
2144,L02144,L,299.8,311.2,1418,55.0,177,0,0,0,0,0,0,LINE1-M02,2026-06-07T04:46:00,OP-100,MAT-8815
2145,L02145,L,301.5,310.2,1961,36.6,179,0,0,0,0,0,0,LINE3-M02,2026-06-07T04:50:00,OP-105,MAT-8810
2146,L02146,L,299.5,310.7,1637,41.5,181,0,0,0,0,0,0,LINE1-M01,2026-06-07T04:52:00,OP-100,MAT-8809
2147,L02147,L,304.0,313.7,1308,60.7,183,1,0,0,0,1,0,LINE1-M01,2026-06-07T04:54:00,OP-109,MAT-8801
2148,L02148,L,301.6,312.8,1168,34.4,185,0,0,0,0,0,0,LINE2-M02,2026-06-07T04:59:00,OP-105,MAT-8816
2149,M02149,M,301.6,310.8,1847,39.2,188,0,0,0,0,0,0,LINE1-M02,2026-06-07T05:04:00,OP-101,MAT-8818
2150,L02150,L,300.9,310.8,1168,30.3,190,0,0,0,0,0,0,LINE2-M01,2026-06-07T05:10:00,OP-104,MAT-8810
2151,L02151,L,305.3,315.1,1563,23.8,192,0,0,0,0,0,0,LINE3-M02,2026-06-07T05:16:00,OP-100,MAT-8806
2152,M02152,M,299.0,309.2,1337,40.2,195,0,0,0,0,0,0,LINE1-M01,2026-06-07T05:19:00,OP-103,MAT-8809
2153,L02153,L,300.2,311.1,1742,43.4,197,0,0,0,0,0,0,LINE1-M02,2026-06-07T05:21:00,OP-103,MAT-8814
2154,M02154,M,299.1,310.1,1654,26.0,200,0,0,0,0,0,0,LINE3-M01,2026-06-07T05:26:00,OP-100,MAT-8817
2155,M02155,M,299.5,310.3,1385,41.3,203,0,0,0,0,0,0,LINE2-M01,2026-06-07T05:30:00,OP-102,MAT-8802
2156,M02156,M,298.6,310.2,1539,37.8,206,1,1,0,0,0,0,LINE1-M02,2026-06-07T05:33:00,OP-103,MAT-8810
2157,L02157,L,299.1,309.2,1491,30.5,208,0,0,0,0,0,0,LINE3-M02,2026-06-07T05:36:00,OP-106,MAT-8812
2158,H02158,H,300.9,311.2,1701,24.9,213,1,1,0,0,0,0,LINE1-M01,2026-06-07T05:39:00,OP-102,MAT-8816
2159,H02159,H,301.1,311.8,1803,48.3,218,1,1,0,1,0,0,LINE1-M01,2026-06-07T05:41:00,OP-100,MAT-8807
2160,M02160,M,299.8,310.0,1750,33.6,221,1,1,0,0,0,0,LINE2-M01,2026-06-07T05:46:00,OP-107,MAT-8813
2161,M02161,M,299.1,307.4,1326,32.3,224,1,1,1,0,0,0,LINE2-M02,2026-06-07T05:49:00,OP-103,MAT-8801
2162,M02162,M,298.5,308.6,1403,24.4,227,1,1,0,0,0,0,LINE1-M01,2026-06-07T05:52:00,OP-103,MAT-8808
2163,M02163,M,299.7,308.8,1791,29.4,230,1,1,0,0,0,0,LINE3-M01,2026-06-07T05:57:00,OP-102,MAT-8804
2164,M02164,M,298.4,309.3,1713,25.4,233,1,1,0,0,0,0,LINE2-M01,2026-06-07T06:03:00,OP-107,MAT-8815
2165,M02165,M,299.5,309.5,1518,48.4,236,1,1,0,0,0,0,LINE2-M02,2026-06-07T06:05:00,OP-110,MAT-8817
2166,M02166,M,299.4,309.7,1689,20.5,239,1,1,0,0,0,0,LINE1-M01,2026-06-07T06:11:00,OP-102,MAT-8810
2167,H02167,H,298.9,308.7,1522,43.4,0,0,0,0,0,0,0,LINE3-M02,2026-06-07T06:15:00,OP-108,MAT-8804
2168,M02168,M,300.6,311.0,1578,27.2,3,0,0,0,0,0,0,LINE1-M01,2026-06-07T06:17:00,OP-102,MAT-8802
2169,M02169,M,298.9,310.5,1422,39.7,6,0,0,0,0,0,0,LINE1-M01,2026-06-07T06:23:00,OP-111,MAT-8811
2170,L02170,L,302.0,311.1,1168,38.5,8,0,0,0,0,0,0,LINE2-M01,2026-06-07T06:25:00,OP-107,MAT-8809
2171,L02171,L,300.1,311.2,1284,19.2,10,1,0,0,1,0,0,LINE1-M02,2026-06-07T06:29:00,OP-111,MAT-8811
2172,H02172,H,300.9,311.0,1854,42.8,15,0,0,0,0,0,0,LINE1-M02,2026-06-07T06:32:00,OP-106,MAT-8808
2173,H02173,H,300.0,310.4,1422,35.8,20,0,0,0,0,0,0,LINE2-M01,2026-06-07T06:36:00,OP-102,MAT-8803
2174,L02174,L,301.4,313.1,1317,38.7,22,0,0,0,0,0,0,LINE3-M02,2026-06-07T06:40:00,OP-103,MAT-8806
2175,M02175,M,301.6,310.8,1168,40.2,25,0,0,0,0,0,0,LINE2-M02,2026-06-07T06:44:00,OP-107,MAT-8800
2176,M02176,M,298.9,308.9,1506,53.0,28,0,0,0,0,0,0,LINE2-M01,2026-06-07T06:50:00,OP-104,MAT-8814
2177,M02177,M,298.8,310.0,1386,31.1,31,0,0,0,0,0,0,LINE3-M02,2026-06-07T06:55:00,OP-101,MAT-8819
2178,L02178,L,300.9,311.9,1492,43.2,33,0,0,0,0,0,0,LINE3-M01,2026-06-07T07:01:00,OP-106,MAT-8813
2179,H02179,H,301.4,311.7,1799,36.4,38,0,0,0,0,0,0,LINE2-M01,2026-06-07T07:05:00,OP-104,MAT-8805
2180,M02180,M,298.9,309.8,1345,54.1,41,0,0,0,0,0,0,LINE2-M01,2026-06-07T07:08:00,OP-100,MAT-8813
2181,L02181,L,298.8,308.5,1811,46.6,43,0,0,0,0,0,0,LINE1-M01,2026-06-07T07:14:00,OP-110,MAT-8811
2182,M02182,M,298.9,307.9,1384,32.0,46,0,0,0,0,0,0,LINE1-M02,2026-06-07T07:16:00,OP-106,MAT-8806
2183,M02183,M,300.4,308.4,1168,35.9,49,1,0,1,0,0,0,LINE2-M01,2026-06-07T07:22:00,OP-106,MAT-8807
2184,L02184,L,303.5,313.8,1489,48.7,51,0,0,0,0,0,0,LINE2-M02,2026-06-07T07:24:00,OP-101,MAT-8810
2185,L02185,L,299.1,309.3,1879,55.1,53,1,0,0,1,0,0,LINE1-M01,2026-06-07T07:28:00,OP-103,MAT-8803
2186,M02186,M,299.0,311.9,1599,21.1,56,0,0,0,0,0,0,LINE3-M01,2026-06-07T07:30:00,OP-102,MAT-8804
2187,M02187,M,301.4,311.7,1799,59.5,59,1,0,0,1,0,0,LINE3-M01,2026-06-07T07:34:00,OP-111,MAT-8811
2188,L02188,L,300.8,311.2,1375,54.2,61,0,0,0,0,0,0,LINE1-M01,2026-06-07T07:36:00,OP-108,MAT-8810
2189,M02189,M,299.8,310.6,1213,45.1,64,0,0,0,0,0,0,LINE1-M01,2026-06-07T07:40:00,OP-100,MAT-8812
2190,M02190,M,302.6,312.7,1359,35.0,67,0,0,0,0,0,0,LINE3-M02,2026-06-07T07:45:00,OP-103,MAT-8810
2191,H02191,H,298.3,309.1,1451,39.6,72,0,0,0,0,0,0,LINE2-M02,2026-06-07T07:50:00,OP-111,MAT-8809
2192,L02192,L,298.0,307.1,1574,61.5,74,1,0,0,1,0,0,LINE1-M01,2026-06-07T07:53:00,OP-111,MAT-8813
2193,H02193,H,301.4,312.8,1549,38.0,79,0,0,0,0,0,0,LINE3-M02,2026-06-07T07:56:00,OP-108,MAT-8806
2194,L02194,L,299.0,308.2,1501,47.2,81,0,0,0,0,0,0,LINE3-M01,2026-06-07T08:02:00,OP-101,MAT-8815
2195,L02195,L,297.8,308.0,1168,25.5,83,1,0,0,1,0,0,LINE3-M02,2026-06-07T08:08:00,OP-109,MAT-8816
2196,L02196,L,297.5,307.0,1651,42.3,85,0,0,0,0,0,0,LINE2-M02,2026-06-07T08:11:00,OP-106,MAT-8800
2197,H02197,H,301.9,313.0,1789,42.7,90,0,0,0,0,0,0,LINE3-M01,2026-06-07T08:14:00,OP-108,MAT-8810
2198,L02198,L,297.9,306.8,2104,41.0,92,1,0,0,1,0,0,LINE3-M01,2026-06-07T08:18:00,OP-105,MAT-8805
2199,M02199,M,302.0,311.5,1798,46.6,95,0,0,0,0,0,0,LINE2-M01,2026-06-07T08:21:00,OP-110,MAT-8818
2200,L02200,L,297.9,308.3,1374,28.6,97,0,0,0,0,0,0,LINE1-M02,2026-06-07T08:26:00,OP-106,MAT-8807
2201,L02201,L,297.0,306.6,1192,35.4,99,0,0,0,0,0,0,LINE3-M02,2026-06-07T08:32:00,OP-110,MAT-8806
2202,L02202,L,301.2,310.2,1168,46.8,101,0,0,0,0,0,0,LINE2-M01,2026-06-07T08:38:00,OP-110,MAT-8817
2203,L02203,L,298.9,308.4,1284,55.0,103,0,0,0,0,0,0,LINE2-M01,2026-06-07T08:44:00,OP-100,MAT-8802
2204,L02204,L,296.8,306.1,1509,42.9,105,0,0,0,0,0,0,LINE3-M01,2026-06-07T08:47:00,OP-101,MAT-8817
2205,L02205,L,300.1,309.2,1168,56.2,107,0,0,0,0,0,0,LINE3-M01,2026-06-07T08:52:00,OP-108,MAT-8815
2206,L02206,L,298.0,307.7,1424,51.1,109,0,0,0,0,0,0,LINE2-M02,2026-06-07T08:54:00,OP-107,MAT-8812
2207,L02207,L,301.6,311.7,1568,40.2,111,0,0,0,0,0,0,LINE3-M01,2026-06-07T08:58:00,OP-100,MAT-8817
2208,H02208,H,301.7,311.9,1617,35.0,116,0,0,0,0,0,0,LINE3-M01,2026-06-07T09:00:00,OP-107,MAT-8819
2209,M02209,M,301.4,312.6,1327,27.8,119,0,0,0,0,0,0,LINE2-M02,2026-06-07T09:02:00,OP-109,MAT-8817
2210,M02210,M,298.7,308.2,1317,28.4,122,0,0,0,0,0,0,LINE3-M01,2026-06-07T09:05:00,OP-111,MAT-8804
2211,L02211,L,301.2,311.7,1168,61.5,124,0,0,0,0,0,0,LINE2-M01,2026-06-07T09:11:00,OP-109,MAT-8811
2212,M02212,M,298.8,308.2,1168,57.9,127,0,0,0,0,0,0,LINE3-M01,2026-06-07T09:15:00,OP-105,MAT-8810
2213,L02213,L,298.7,310.1,2042,17.8,129,0,0,0,0,0,0,LINE2-M02,2026-06-07T09:17:00,OP-102,MAT-8818
2214,L02214,L,302.3,312.6,1168,54.8,131,0,0,0,0,0,0,LINE2-M02,2026-06-07T09:23:00,OP-109,MAT-8809
2215,M02215,M,298.9,309.2,1399,27.8,134,0,0,0,0,0,0,LINE3-M01,2026-06-07T09:25:00,OP-108,MAT-8819
2216,L02216,L,299.8,308.1,1168,28.8,136,1,0,1,0,0,0,LINE3-M02,2026-06-07T09:29:00,OP-106,MAT-8808
2217,L02217,L,298.8,309.5,1500,49.9,138,0,0,0,0,0,0,LINE2-M01,2026-06-07T09:34:00,OP-104,MAT-8814
2218,L02218,L,299.5,309.7,1428,18.0,140,1,0,0,1,0,0,LINE3-M01,2026-06-07T09:40:00,OP-106,MAT-8809
2219,H02219,H,301.3,309.7,1723,43.0,145,0,0,0,0,0,0,LINE1-M02,2026-06-07T09:45:00,OP-102,MAT-8803
2220,M02220,M,304.6,315.8,1541,31.7,148,0,0,0,0,0,0,LINE2-M02,2026-06-07T09:50:00,OP-108,MAT-8819
2221,L02221,L,299.3,309.4,1891,37.1,150,0,0,0,0,0,0,LINE2-M01,2026-06-07T09:54:00,OP-103,MAT-8800
2222,L02222,L,299.7,307.5,1168,31.7,152,1,0,1,0,0,0,LINE2-M02,2026-06-07T09:56:00,OP-104,MAT-8817
2223,H02223,H,301.8,312.9,1456,48.4,157,0,0,0,0,0,0,LINE2-M01,2026-06-07T10:00:00,OP-100,MAT-8804
2224,L02224,L,303.8,312.0,1820,36.4,159,0,0,0,0,0,0,LINE1-M02,2026-06-07T10:03:00,OP-111,MAT-8812
2225,M02225,M,299.0,308.3,1295,34.3,162,0,0,0,0,0,0,LINE3-M01,2026-06-07T10:07:00,OP-100,MAT-8811
2226,M02226,M,296.0,305.8,1359,27.8,165,0,0,0,0,0,0,LINE2-M02,2026-06-07T10:10:00,OP-106,MAT-8814
2227,M02227,M,301.6,311.0,1477,18.0,168,1,0,0,1,0,0,LINE3-M01,2026-06-07T10:12:00,OP-108,MAT-8815
2228,L02228,L,300.2,309.6,1488,34.2,170,0,0,0,0,0,0,LINE3-M01,2026-06-07T10:16:00,OP-100,MAT-8807
2229,L02229,L,298.6,309.3,1544,43.5,172,0,0,0,0,0,0,LINE3-M01,2026-06-07T10:19:00,OP-106,MAT-8815
2230,L02230,L,297.7,307.7,1701,36.8,174,0,0,0,0,0,0,LINE2-M01,2026-06-07T10:24:00,OP-104,MAT-8801
2231,M02231,M,301.5,312.2,1168,52.7,177,0,0,0,0,0,0,LINE3-M02,2026-06-07T10:28:00,OP-107,MAT-8804
2232,L02232,L,301.2,313.5,1205,26.9,179,1,0,0,1,0,0,LINE1-M01,2026-06-07T10:31:00,OP-105,MAT-8807
2233,M02233,M,301.6,309.3,1642,40.9,182,0,0,0,0,0,0,LINE2-M02,2026-06-07T10:35:00,OP-104,MAT-8817
2234,H02234,H,298.2,309.3,1168,42.8,187,0,0,0,0,0,0,LINE2-M02,2026-06-07T10:41:00,OP-102,MAT-8803
2235,L02235,L,299.2,309.3,1631,30.5,189,0,0,0,0,0,0,LINE1-M02,2026-06-07T10:43:00,OP-105,MAT-8811
2236,M02236,M,300.0,310.6,1711,43.6,192,0,0,0,0,0,0,LINE1-M01,2026-06-07T10:49:00,OP-111,MAT-8807
2237,L02237,L,296.0,306.1,1484,39.6,194,0,0,0,0,0,0,LINE3-M02,2026-06-07T10:51:00,OP-103,MAT-8804
2238,L02238,L,300.4,311.8,1409,63.1,196,1,0,0,1,1,0,LINE3-M01,2026-06-07T10:55:00,OP-109,MAT-8811
2239,L02239,L,297.3,309.2,1788,31.7,198,0,0,0,0,0,0,LINE1-M02,2026-06-07T10:59:00,OP-101,MAT-8812
2240,H02240,H,297.8,307.9,1490,30.1,203,1,1,0,0,0,0,LINE2-M01,2026-06-07T11:01:00,OP-100,MAT-8810
2241,M02241,M,300.6,311.2,1580,20.9,206,1,0,0,1,0,0,LINE2-M02,2026-06-07T11:06:00,OP-107,MAT-8807
2242,L02242,L,302.4,311.9,1585,50.9,208,0,0,0,0,0,0,LINE1-M02,2026-06-07T11:11:00,OP-109,MAT-8809
2243,L02243,L,300.8,310.6,1623,31.9,210,0,0,0,0,0,0,LINE1-M01,2026-06-07T11:17:00,OP-105,MAT-8807
2244,M02244,M,298.2,308.2,1336,48.8,213,1,1,0,0,0,0,LINE1-M02,2026-06-07T11:23:00,OP-101,MAT-8802
2245,M02245,M,301.5,311.6,2044,26.2,216,0,0,0,0,0,0,LINE2-M01,2026-06-07T11:29:00,OP-108,MAT-8802
2246,L02246,L,302.0,312.7,1406,32.6,218,1,1,0,0,0,0,LINE2-M02,2026-06-07T11:31:00,OP-102,MAT-8810
2247,M02247,M,298.6,306.2,1546,17.3,221,1,0,0,1,0,0,LINE2-M01,2026-06-07T11:34:00,OP-101,MAT-8816
2248,L02248,L,304.8,314.6,1279,27.2,223,1,1,0,0,0,0,LINE1-M02,2026-06-07T11:39:00,OP-107,MAT-8812
2249,M02249,M,299.7,310.0,1380,36.8,226,1,1,0,0,0,0,LINE1-M02,2026-06-07T11:44:00,OP-106,MAT-8813
2250,M02250,M,297.6,307.7,1879,47.0,229,1,0,0,1,0,0,LINE1-M02,2026-06-07T11:46:00,OP-107,MAT-8807
2251,M02251,M,299.8,308.8,1316,59.0,232,1,1,0,0,1,0,LINE3-M01,2026-06-07T11:48:00,OP-108,MAT-8819
2252,M02252,M,301.9,312.2,1638,34.7,235,1,1,0,0,0,0,LINE3-M02,2026-06-07T11:54:00,OP-109,MAT-8819
2253,M02253,M,299.8,309.7,1574,45.1,238,1,1,0,0,0,0,LINE2-M01,2026-06-07T12:00:00,OP-108,MAT-8803
2254,L02254,L,298.6,309.4,1381,57.7,240,1,1,0,0,1,0,LINE3-M01,2026-06-07T12:04:00,OP-110,MAT-8819
2255,L02255,L,302.6,311.9,1605,30.5,0,0,0,0,0,0,0,LINE1-M02,2026-06-07T12:08:00,OP-103,MAT-8813
2256,L02256,L,301.0,309.7,1684,45.8,2,0,0,0,0,0,0,LINE1-M01,2026-06-07T12:14:00,OP-102,MAT-8806
2257,H02257,H,294.2,303.0,1713,58.5,7,1,0,0,1,0,0,LINE3-M01,2026-06-07T12:19:00,OP-101,MAT-8818
2258,L02258,L,296.8,307.8,1278,42.1,9,0,0,0,0,0,0,LINE1-M01,2026-06-07T12:21:00,OP-101,MAT-8814
2259,L02259,L,302.6,312.6,1567,21.6,11,0,0,0,0,0,0,LINE2-M01,2026-06-07T12:26:00,OP-103,MAT-8811
2260,L02260,L,302.0,311.0,1538,34.0,13,0,0,0,0,0,0,LINE1-M02,2026-06-07T12:32:00,OP-111,MAT-8800
2261,L02261,L,300.0,310.9,1568,39.0,15,0,0,0,0,0,0,LINE1-M01,2026-06-07T12:34:00,OP-109,MAT-8802
2262,H02262,H,302.1,312.2,1590,33.4,20,0,0,0,0,0,0,LINE2-M02,2026-06-07T12:40:00,OP-102,MAT-8810
2263,M02263,M,298.7,309.0,2060,53.8,23,1,0,0,1,0,0,LINE3-M02,2026-06-07T12:42:00,OP-108,MAT-8803
2264,L02264,L,299.9,310.5,1257,29.2,25,0,0,0,0,0,0,LINE1-M02,2026-06-07T12:47:00,OP-101,MAT-8810
2265,H02265,H,300.4,310.2,1705,45.7,30,0,0,0,0,0,0,LINE1-M01,2026-06-07T12:52:00,OP-111,MAT-8811
2266,L02266,L,300.4,310.6,1734,42.1,32,0,0,0,0,0,0,LINE1-M01,2026-06-07T12:56:00,OP-111,MAT-8800
2267,M02267,M,299.5,308.6,1430,54.8,35,0,0,0,0,0,0,LINE1-M02,2026-06-07T13:01:00,OP-110,MAT-8809
2268,M02268,M,297.5,307.9,1662,33.8,38,0,0,0,0,0,0,LINE2-M01,2026-06-07T13:06:00,OP-109,MAT-8815
2269,L02269,L,297.4,306.2,1633,24.9,40,0,0,0,0,0,0,LINE2-M02,2026-06-07T13:08:00,OP-103,MAT-8812
2270,M02270,M,297.9,307.7,1553,18.3,43,1,0,0,1,0,0,LINE2-M02,2026-06-07T13:11:00,OP-102,MAT-8814
2271,M02271,M,305.0,314.5,1525,26.5,46,0,0,0,0,0,0,LINE2-M01,2026-06-07T13:13:00,OP-104,MAT-8805
2272,M02272,M,301.1,312.8,1599,51.1,49,0,0,0,0,0,0,LINE1-M01,2026-06-07T13:18:00,OP-101,MAT-8819
2273,M02273,M,299.2,310.2,1459,36.6,52,0,0,0,0,0,0,LINE3-M02,2026-06-07T13:22:00,OP-106,MAT-8808
2274,H02274,H,299.1,309.9,1339,22.2,57,1,0,0,1,0,0,LINE3-M01,2026-06-07T13:28:00,OP-102,MAT-8815
2275,L02275,L,300.9,309.9,1479,51.0,59,0,0,0,0,0,0,LINE3-M02,2026-06-07T13:32:00,OP-107,MAT-8803
2276,M02276,M,301.3,311.3,1374,38.2,62,0,0,0,0,0,0,LINE1-M02,2026-06-07T13:35:00,OP-109,MAT-8801
2277,L02277,L,302.6,311.8,2044,27.8,64,0,0,0,0,0,0,LINE3-M01,2026-06-07T13:41:00,OP-109,MAT-8805
2278,M02278,M,301.1,311.9,1413,43.6,67,0,0,0,0,0,0,LINE3-M02,2026-06-07T13:47:00,OP-104,MAT-8810
2279,H02279,H,295.3,304.6,1573,41.9,72,0,0,0,0,0,0,LINE3-M02,2026-06-07T13:51:00,OP-102,MAT-8815
2280,M02280,M,299.6,309.9,1275,43.9,75,0,0,0,0,0,0,LINE3-M01,2026-06-07T13:56:00,OP-101,MAT-8812
2281,L02281,L,299.9,310.5,1522,30.4,77,0,0,0,0,0,0,LINE1-M01,2026-06-07T14:00:00,OP-108,MAT-8815
2282,H02282,H,299.9,310.3,1879,30.2,82,0,0,0,0,0,0,LINE1-M01,2026-06-07T14:06:00,OP-103,MAT-8812
2283,H02283,H,301.5,310.4,1286,40.0,87,0,0,0,0,0,0,LINE1-M01,2026-06-07T14:08:00,OP-109,MAT-8800
2284,H02284,H,299.7,310.2,1778,30.7,92,0,0,0,0,0,0,LINE3-M02,2026-06-07T14:14:00,OP-100,MAT-8805
2285,L02285,L,297.0,306.6,1457,34.1,94,0,0,0,0,0,0,LINE1-M02,2026-06-07T14:17:00,OP-101,MAT-8805
2286,M02286,M,302.6,310.7,1630,52.7,97,0,0,0,0,0,0,LINE2-M02,2026-06-07T14:21:00,OP-102,MAT-8800
2287,M02287,M,298.2,308.1,1570,40.2,100,0,0,0,0,0,0,LINE3-M02,2026-06-07T14:26:00,OP-101,MAT-8818
2288,L02288,L,300.3,310.8,1622,29.7,102,0,0,0,0,0,0,LINE3-M01,2026-06-07T14:32:00,OP-100,MAT-8819
2289,L02289,L,294.9,305.3,1669,54.7,104,1,0,0,1,0,0,LINE1-M02,2026-06-07T14:35:00,OP-108,MAT-8814
2290,L02290,L,301.4,312.1,1472,37.7,106,0,0,0,0,0,0,LINE1-M01,2026-06-07T14:40:00,OP-102,MAT-8811
2291,M02291,M,302.7,311.7,1447,46.1,109,0,0,0,0,0,0,LINE2-M01,2026-06-07T14:43:00,OP-104,MAT-8806
2292,H02292,H,303.2,311.9,1588,48.3,114,0,0,0,0,0,0,LINE1-M01,2026-06-07T14:45:00,OP-104,MAT-8812
2293,H02293,H,300.0,309.6,1779,44.5,119,0,0,0,0,0,0,LINE1-M01,2026-06-07T14:50:00,OP-108,MAT-8812
2294,L02294,L,298.0,307.2,1334,58.9,121,0,0,0,0,0,0,LINE1-M01,2026-06-07T14:53:00,OP-109,MAT-8810
2295,H02295,H,303.9,314.6,1644,33.0,126,0,0,0,0,0,0,LINE3-M02,2026-06-07T14:55:00,OP-103,MAT-8813
2296,L02296,L,297.8,307.8,1427,52.2,128,0,0,0,0,0,0,LINE2-M01,2026-06-07T15:01:00,OP-100,MAT-8803
2297,H02297,H,301.2,312.3,1595,38.9,133,0,0,0,0,0,0,LINE1-M02,2026-06-07T15:03:00,OP-103,MAT-8819
2298,M02298,M,300.9,311.2,1619,45.3,136,0,0,0,0,0,0,LINE1-M01,2026-06-07T15:08:00,OP-101,MAT-8803
2299,L02299,L,300.4,312.0,1341,35.2,138,0,0,0,0,0,0,LINE2-M01,2026-06-07T15:14:00,OP-110,MAT-8812
2300,L02300,L,298.2,307.5,1656,32.3,140,0,0,0,0,0,0,LINE2-M02,2026-06-07T15:18:00,OP-111,MAT-8813
2301,H02301,H,297.2,305.3,1341,43.1,145,1,0,1,0,0,0,LINE2-M01,2026-06-07T15:20:00,OP-107,MAT-8808
2302,L02302,L,302.2,313.0,1526,33.6,147,0,0,0,0,0,0,LINE1-M02,2026-06-07T15:23:00,OP-102,MAT-8802
2303,M02303,M,294.5,303.3,1541,47.4,150,0,0,0,0,0,0,LINE2-M01,2026-06-07T15:29:00,OP-102,MAT-8800
2304,M02304,M,302.8,311.9,1530,50.4,153,0,0,0,0,0,0,LINE1-M02,2026-06-07T15:34:00,OP-109,MAT-8800
2305,M02305,M,301.8,312.4,1191,59.5,156,0,0,0,0,0,0,LINE1-M01,2026-06-07T15:38:00,OP-102,MAT-8815
2306,H02306,H,300.3,310.2,1292,37.9,161,0,0,0,0,0,0,LINE1-M01,2026-06-07T15:44:00,OP-104,MAT-8811
2307,M02307,M,298.4,309.1,1479,50.8,164,0,0,0,0,0,0,LINE1-M01,2026-06-07T15:47:00,OP-109,MAT-8803
2308,H02308,H,298.8,308.5,1216,33.0,169,0,0,0,0,0,0,LINE1-M02,2026-06-07T15:49:00,OP-108,MAT-8812
2309,H02309,H,303.0,312.7,1707,46.3,174,0,0,0,0,0,0,LINE2-M02,2026-06-07T15:53:00,OP-108,MAT-8813
2310,L02310,L,303.3,311.7,1375,35.6,176,1,0,1,0,0,0,LINE3-M02,2026-06-07T15:55:00,OP-104,MAT-8814
2311,M02311,M,302.0,312.1,1607,38.3,179,0,0,0,0,0,0,LINE3-M01,2026-06-07T15:57:00,OP-107,MAT-8809
2312,L02312,L,300.8,310.6,1479,66.7,181,1,0,0,1,1,0,LINE1-M02,2026-06-07T15:59:00,OP-109,MAT-8816
2313,M02313,M,299.6,310.5,1195,21.5,184,1,0,0,1,0,0,LINE3-M02,2026-06-07T16:03:00,OP-108,MAT-8813
2314,L02314,L,300.4,310.8,1560,46.2,186,0,0,0,0,0,0,LINE2-M01,2026-06-07T16:07:00,OP-102,MAT-8800
2315,H02315,H,296.8,308.2,1564,35.5,191,0,0,0,0,0,0,LINE3-M01,2026-06-07T16:12:00,OP-100,MAT-8811
2316,L02316,L,301.6,311.4,1731,31.3,193,0,0,0,0,0,0,LINE1-M01,2026-06-07T16:14:00,OP-108,MAT-8816
2317,H02317,H,297.9,308.1,1688,17.9,198,1,0,0,1,0,0,LINE2-M01,2026-06-07T16:19:00,OP-109,MAT-8803
2318,L02318,L,299.8,307.8,1632,29.8,200,0,0,0,0,0,0,LINE1-M02,2026-06-07T16:23:00,OP-100,MAT-8800
2319,L02319,L,298.3,308.6,1350,23.9,202,1,0,0,1,0,0,LINE1-M01,2026-06-07T16:26:00,OP-110,MAT-8815
2320,L02320,L,302.7,312.5,1523,36.1,204,0,0,0,0,0,0,LINE2-M01,2026-06-07T16:28:00,OP-108,MAT-8810
2321,H02321,H,296.8,308.1,1705,28.9,209,0,0,0,0,0,0,LINE2-M02,2026-06-07T16:34:00,OP-104,MAT-8812
2322,H02322,H,302.7,313.1,1274,49.7,214,0,0,0,0,0,0,LINE3-M02,2026-06-07T16:40:00,OP-110,MAT-8807
2323,M02323,M,300.7,310.5,1422,29.9,217,1,1,0,0,0,0,LINE2-M01,2026-06-07T16:43:00,OP-101,MAT-8816
2324,M02324,M,303.6,313.9,1468,36.2,220,1,1,0,0,0,0,LINE1-M02,2026-06-07T16:49:00,OP-102,MAT-8800
2325,L02325,L,299.0,308.1,1629,33.6,222,0,0,0,0,0,0,LINE2-M02,2026-06-07T16:52:00,OP-106,MAT-8800
2326,M02326,M,303.1,312.6,1311,55.4,225,1,0,0,0,1,0,LINE2-M02,2026-06-07T16:56:00,OP-106,MAT-8813
2327,L02327,L,302.1,311.0,1585,43.6,227,0,0,0,0,0,0,LINE1-M01,2026-06-07T17:02:00,OP-102,MAT-8807
2328,L02328,L,299.7,309.1,1497,41.2,229,0,0,0,0,0,0,LINE1-M02,2026-06-07T17:04:00,OP-102,MAT-8801
2329,M02329,M,302.9,311.8,1418,33.0,232,0,0,0,0,0,0,LINE1-M02,2026-06-07T17:08:00,OP-103,MAT-8811
2330,M02330,M,297.8,307.6,1650,28.9,235,1,1,0,0,0,0,LINE2-M02,2026-06-07T17:11:00,OP-100,MAT-8800
2331,L02331,L,303.3,313.8,1716,40.8,237,1,1,0,0,0,0,LINE1-M01,2026-06-07T17:15:00,OP-110,MAT-8813
2332,M02332,M,298.8,308.3,1727,27.2,240,1,1,0,0,0,0,LINE1-M01,2026-06-07T17:20:00,OP-100,MAT-8814
2333,L02333,L,303.5,313.4,1614,45.8,0,0,0,0,0,0,0,LINE1-M01,2026-06-07T17:26:00,OP-107,MAT-8802
2334,M02334,M,297.8,308.7,1345,49.7,3,0,0,0,0,0,0,LINE1-M02,2026-06-07T17:29:00,OP-101,MAT-8811
2335,L02335,L,301.9,310.6,1504,30.9,5,0,0,0,0,0,0,LINE3-M02,2026-06-07T17:35:00,OP-100,MAT-8815
2336,L02336,L,298.9,309.7,1699,42.5,7,0,0,0,0,0,0,LINE2-M02,2026-06-07T17:39:00,OP-111,MAT-8801
2337,M02337,M,298.4,306.7,1337,39.0,10,1,0,1,0,0,0,LINE1-M02,2026-06-07T17:44:00,OP-106,MAT-8800
2338,M02338,M,299.8,309.9,1662,25.7,13,0,0,0,0,0,0,LINE1-M02,2026-06-07T17:49:00,OP-103,MAT-8811
2339,M02339,M,298.2,308.6,1168,41.4,16,0,0,0,0,0,0,LINE1-M01,2026-06-07T17:55:00,OP-105,MAT-8803
2340,L02340,L,298.6,308.6,1566,35.8,18,0,0,0,0,0,0,LINE1-M02,2026-06-07T18:00:00,OP-106,MAT-8812
2341,L02341,L,299.8,310.6,1168,20.7,20,1,0,0,1,0,0,LINE2-M01,2026-06-07T18:03:00,OP-109,MAT-8814
2342,M02342,M,302.7,312.9,1168,47.3,23,0,0,0,0,0,0,LINE1-M01,2026-06-07T18:08:00,OP-109,MAT-8801
2343,M02343,M,303.6,313.6,1168,40.9,26,0,0,0,0,0,0,LINE3-M02,2026-06-07T18:10:00,OP-108,MAT-8818
2344,L02344,L,299.6,308.7,2074,49.4,28,1,0,0,1,0,0,LINE2-M01,2026-06-07T18:14:00,OP-104,MAT-8801
2345,L02345,L,301.5,310.4,1225,49.8,30,0,0,0,0,0,0,LINE2-M02,2026-06-07T18:16:00,OP-104,MAT-8819
2346,H02346,H,299.6,309.5,1788,24.8,35,0,0,0,0,0,0,LINE2-M02,2026-06-07T18:18:00,OP-104,MAT-8802
2347,L02347,L,296.0,304.8,1538,27.0,37,0,0,0,0,0,0,LINE3-M01,2026-06-07T18:21:00,OP-108,MAT-8804
2348,M02348,M,298.9,310.0,1591,49.8,40,0,0,0,0,0,0,LINE1-M02,2026-06-07T18:25:00,OP-110,MAT-8818
2349,H02349,H,300.3,309.7,1543,28.0,45,0,0,0,0,0,0,LINE3-M02,2026-06-07T18:27:00,OP-109,MAT-8813
2350,L02350,L,299.9,312.0,1522,47.5,47,0,0,0,0,0,0,LINE2-M01,2026-06-07T18:29:00,OP-101,MAT-8801
2351,H02351,H,297.7,306.5,1688,48.5,52,0,0,0,0,0,0,LINE3-M02,2026-06-07T18:32:00,OP-101,MAT-8805
2352,L02352,L,296.2,305.9,1521,57.2,54,1,0,0,1,0,0,LINE3-M02,2026-06-07T18:36:00,OP-100,MAT-8807
2353,H02353,H,295.5,306.1,1497,56.0,59,0,0,0,0,0,0,LINE1-M01,2026-06-07T18:39:00,OP-111,MAT-8806
2354,L02354,L,301.0,310.8,1889,40.4,61,0,0,0,0,0,0,LINE1-M01,2026-06-07T18:45:00,OP-101,MAT-8808
2355,M02355,M,297.0,305.7,1571,53.0,64,0,0,0,0,0,0,LINE1-M01,2026-06-07T18:50:00,OP-101,MAT-8815
2356,H02356,H,303.9,314.7,1209,27.7,69,0,0,0,0,0,0,LINE1-M01,2026-06-07T18:55:00,OP-110,MAT-8812
2357,L02357,L,299.8,309.9,1750,46.4,71,0,0,0,0,0,0,LINE1-M02,2026-06-07T19:01:00,OP-101,MAT-8818
2358,M02358,M,301.8,312.1,1482,37.8,74,0,0,0,0,0,0,LINE2-M01,2026-06-07T19:05:00,OP-110,MAT-8803
2359,L02359,L,298.1,307.8,1949,20.3,76,0,0,0,0,0,0,LINE1-M01,2026-06-07T19:11:00,OP-100,MAT-8815
2360,L02360,L,298.7,309.3,1634,41.4,78,0,0,0,0,0,0,LINE3-M01,2026-06-07T19:17:00,OP-107,MAT-8804
2361,L02361,L,297.3,307.0,1351,39.4,80,0,0,0,0,0,0,LINE2-M01,2026-06-07T19:19:00,OP-106,MAT-8800
2362,M02362,M,299.5,309.6,1454,42.4,83,0,0,0,0,0,0,LINE1-M01,2026-06-07T19:22:00,OP-110,MAT-8819
2363,L02363,L,300.5,310.2,1265,45.0,85,0,0,0,0,0,0,LINE3-M01,2026-06-07T19:24:00,OP-107,MAT-8810
2364,H02364,H,300.8,310.3,1475,47.1,90,0,0,0,0,0,0,LINE1-M01,2026-06-07T19:26:00,OP-104,MAT-8817
2365,H02365,H,303.3,315.2,1569,24.8,95,0,0,0,0,0,0,LINE2-M01,2026-06-07T19:30:00,OP-100,MAT-8805
2366,M02366,M,298.8,309.7,1330,49.8,98,0,0,0,0,0,0,LINE1-M02,2026-06-07T19:33:00,OP-102,MAT-8805
2367,H02367,H,297.9,309.4,1351,56.5,103,0,0,0,0,0,0,LINE3-M02,2026-06-07T19:39:00,OP-108,MAT-8811
2368,L02368,L,297.7,308.4,2022,35.8,105,0,0,0,0,0,0,LINE3-M02,2026-06-07T19:44:00,OP-101,MAT-8813
2369,H02369,H,302.9,312.1,1168,37.2,110,0,0,0,0,0,0,LINE3-M01,2026-06-07T19:48:00,OP-101,MAT-8810
2370,H02370,H,304.6,313.6,1545,43.6,115,0,0,0,0,0,0,LINE2-M01,2026-06-07T19:51:00,OP-100,MAT-8815
2371,L02371,L,304.1,314.3,1168,37.5,117,0,0,0,0,0,0,LINE2-M01,2026-06-07T19:57:00,OP-104,MAT-8806
2372,H02372,H,298.1,307.0,1554,42.7,122,0,0,0,0,0,0,LINE3-M02,2026-06-07T20:01:00,OP-108,MAT-8802
2373,L02373,L,299.2,311.2,1703,36.4,124,0,0,0,0,0,0,LINE3-M01,2026-06-07T20:06:00,OP-100,MAT-8810
2374,L02374,L,299.2,309.4,1625,36.5,126,0,0,0,0,0,0,LINE2-M02,2026-06-07T20:11:00,OP-111,MAT-8817
2375,M02375,M,300.9,311.1,1479,52.3,129,0,0,0,0,0,0,LINE3-M02,2026-06-07T20:14:00,OP-103,MAT-8809
2376,M02376,M,300.8,311.2,1330,24.5,132,1,0,0,1,0,0,LINE2-M02,2026-06-07T20:16:00,OP-106,MAT-8808
2377,L02377,L,300.8,310.1,1510,31.6,134,0,0,0,0,0,0,LINE1-M02,2026-06-07T20:21:00,OP-105,MAT-8803
2378,M02378,M,301.9,313.2,1583,47.3,137,0,0,0,0,0,0,LINE2-M01,2026-06-07T20:26:00,OP-102,MAT-8807
2379,M02379,M,301.2,310.4,1799,45.6,140,0,0,0,0,0,0,LINE2-M02,2026-06-07T20:30:00,OP-102,MAT-8812
2380,H02380,H,302.1,311.2,1168,48.0,145,0,0,0,0,0,0,LINE1-M02,2026-06-07T20:33:00,OP-100,MAT-8804
2381,L02381,L,297.9,308.9,1733,18.3,147,1,0,0,1,0,0,LINE2-M02,2026-06-07T20:37:00,OP-107,MAT-8814
2382,L02382,L,299.5,309.5,1536,22.2,149,0,0,0,0,0,0,LINE1-M02,2026-06-07T20:42:00,OP-106,MAT-8808
2383,L02383,L,297.0,308.7,1614,52.7,151,0,0,0,0,0,0,LINE1-M01,2026-06-07T20:44:00,OP-107,MAT-8810
2384,H02384,H,296.2,306.6,1395,41.7,156,0,0,0,0,0,0,LINE2-M01,2026-06-07T20:49:00,OP-104,MAT-8816
2385,H02385,H,298.9,309.2,1543,41.9,161,0,0,0,0,0,0,LINE3-M01,2026-06-07T20:52:00,OP-105,MAT-8808
2386,L02386,L,297.6,306.5,1493,48.5,163,0,0,0,0,0,0,LINE1-M02,2026-06-07T20:57:00,OP-100,MAT-8814
2387,H02387,H,300.7,311.1,1267,39.5,168,0,0,0,0,0,0,LINE3-M01,2026-06-07T21:02:00,OP-102,MAT-8815
2388,L02388,L,297.5,306.9,1606,42.6,170,0,0,0,0,0,0,LINE3-M02,2026-06-07T21:05:00,OP-107,MAT-8813
2389,H02389,H,301.4,312.1,1662,42.6,175,0,0,0,0,0,0,LINE3-M02,2026-06-07T21:10:00,OP-109,MAT-8801
2390,L02390,L,302.4,312.5,1378,41.3,177,0,0,0,0,0,0,LINE3-M02,2026-06-07T21:16:00,OP-109,MAT-8807
2391,M02391,M,302.3,312.2,1362,26.1,180,0,0,0,0,0,0,LINE2-M01,2026-06-07T21:19:00,OP-105,MAT-8800
2392,L02392,L,300.9,311.6,1647,36.4,182,0,0,0,0,0,0,LINE3-M02,2026-06-07T21:22:00,OP-111,MAT-8802
2393,L02393,L,300.6,310.0,1223,30.8,184,0,0,0,0,0,0,LINE2-M01,2026-06-07T21:24:00,OP-110,MAT-8810
2394,L02394,L,300.8,311.4,1168,45.9,186,0,0,0,0,0,0,LINE2-M02,2026-06-07T21:29:00,OP-105,MAT-8808
2395,H02395,H,302.4,311.4,1444,35.5,191,0,0,0,0,0,0,LINE1-M02,2026-06-07T21:31:00,OP-102,MAT-8805
2396,H02396,H,300.8,310.7,1168,33.0,196,0,0,0,0,0,0,LINE3-M01,2026-06-07T21:36:00,OP-102,MAT-8801
2397,H02397,H,299.7,309.5,1838,37.4,201,0,0,0,0,0,0,LINE1-M02,2026-06-07T21:38:00,OP-105,MAT-8815
2398,L02398,L,298.2,309.4,1815,43.7,203,0,0,0,0,0,0,LINE1-M02,2026-06-07T21:41:00,OP-102,MAT-8819
2399,L02399,L,301.0,310.3,1420,34.4,205,0,0,0,0,0,0,LINE3-M01,2026-06-07T21:46:00,OP-100,MAT-8811
2400,L02400,L,300.1,311.3,1301,44.9,207,0,0,0,0,0,0,LINE1-M01,2026-06-07T21:48:00,OP-102,MAT-8800
2401,L02401,L,299.2,307.7,1633,35.6,209,0,0,0,0,0,0,LINE1-M01,2026-06-07T21:54:00,OP-104,MAT-8805
2402,M02402,M,302.2,311.6,1299,54.2,212,1,1,0,0,0,0,LINE1-M01,2026-06-07T22:00:00,OP-107,MAT-8814
2403,L02403,L,301.0,311.3,1286,45.7,214,0,0,0,0,0,0,LINE3-M01,2026-06-07T22:04:00,OP-100,MAT-8809
2404,L02404,L,301.8,311.5,1530,30.9,216,1,1,0,0,0,0,LINE2-M02,2026-06-07T22:07:00,OP-106,MAT-8818
2405,M02405,M,300.0,310.4,1425,52.8,219,0,0,0,0,0,0,LINE3-M01,2026-06-07T22:10:00,OP-108,MAT-8807
2406,H02406,H,302.8,313.6,1348,35.6,224,0,0,0,0,0,0,LINE1-M01,2026-06-07T22:14:00,OP-105,MAT-8819
2407,H02407,H,299.7,309.6,1309,41.4,229,1,1,0,0,0,0,LINE1-M01,2026-06-07T22:20:00,OP-102,MAT-8814
2408,H02408,H,293.8,304.1,1722,28.1,234,1,1,0,0,0,0,LINE2-M01,2026-06-07T22:23:00,OP-104,MAT-8818
2409,H02409,H,301.6,311.9,1168,45.5,239,1,1,0,0,0,0,LINE1-M02,2026-06-07T22:28:00,OP-105,MAT-8806
2410,L02410,L,299.1,308.5,1194,31.2,0,0,0,0,0,0,0,LINE3-M02,2026-06-07T22:34:00,OP-104,MAT-8800
2411,M02411,M,300.1,310.1,1168,33.5,3,0,0,0,0,0,0,LINE1-M01,2026-06-07T22:36:00,OP-108,MAT-8800
2412,M02412,M,299.0,309.0,1449,39.5,6,0,0,0,0,0,0,LINE1-M01,2026-06-07T22:38:00,OP-101,MAT-8811
2413,L02413,L,301.4,310.7,1524,31.1,8,0,0,0,0,0,0,LINE3-M01,2026-06-07T22:42:00,OP-109,MAT-8807
2414,L02414,L,299.9,311.5,1792,32.7,10,0,0,0,0,0,0,LINE1-M01,2026-06-07T22:45:00,OP-102,MAT-8807
2415,L02415,L,303.5,312.3,1710,33.6,12,0,0,0,0,0,0,LINE2-M01,2026-06-07T22:49:00,OP-101,MAT-8819
2416,L02416,L,299.4,308.9,1435,39.1,14,0,0,0,0,0,0,LINE1-M02,2026-06-07T22:51:00,OP-109,MAT-8816
2417,M02417,M,302.1,310.9,1527,58.4,17,1,0,0,1,0,0,LINE1-M01,2026-06-07T22:57:00,OP-103,MAT-8805
2418,L02418,L,299.9,311.4,1322,48.6,19,0,0,0,0,0,0,LINE2-M01,2026-06-07T22:59:00,OP-101,MAT-8804
2419,M02419,M,299.8,311.7,1729,33.0,22,0,0,0,0,0,0,LINE2-M02,2026-06-07T23:01:00,OP-109,MAT-8812
2420,L02420,L,300.3,311.2,1552,55.3,24,0,0,0,0,0,0,LINE1-M01,2026-06-07T23:03:00,OP-103,MAT-8815
2421,M02421,M,299.0,309.0,1305,59.2,27,0,0,0,0,0,0,LINE2-M01,2026-06-07T23:07:00,OP-101,MAT-8800
2422,L02422,L,302.0,311.3,1543,43.2,29,0,0,0,0,0,0,LINE3-M01,2026-06-07T23:09:00,OP-107,MAT-8810
2423,L02423,L,298.7,309.0,1883,35.7,31,0,0,0,0,0,0,LINE2-M01,2026-06-07T23:14:00,OP-111,MAT-8807
2424,L02424,L,302.7,314.0,1418,34.4,33,0,0,0,0,0,0,LINE2-M02,2026-06-07T23:19:00,OP-105,MAT-8804
2425,H02425,H,297.8,308.7,1473,49.1,38,0,0,0,0,0,0,LINE3-M01,2026-06-07T23:22:00,OP-109,MAT-8813
2426,H02426,H,301.8,311.4,1755,45.6,43,0,0,0,0,0,0,LINE3-M01,2026-06-07T23:28:00,OP-110,MAT-8817
2427,L02427,L,297.1,309.9,1168,42.8,45,0,0,0,0,0,0,LINE3-M01,2026-06-07T23:31:00,OP-101,MAT-8811
2428,L02428,L,298.4,307.5,1500,48.6,47,0,0,0,0,0,0,LINE1-M01,2026-06-07T23:35:00,OP-101,MAT-8818
2429,H02429,H,299.7,309.8,1690,26.9,52,0,0,0,0,0,0,LINE2-M02,2026-06-07T23:41:00,OP-109,MAT-8814
2430,L02430,L,298.3,308.3,1644,48.3,54,0,0,0,0,0,0,LINE3-M02,2026-06-07T23:45:00,OP-102,MAT-8804
2431,L02431,L,302.5,312.0,1238,37.2,56,0,0,0,0,0,0,LINE3-M01,2026-06-07T23:49:00,OP-109,MAT-8805
2432,H02432,H,297.8,306.6,1596,28.2,61,0,0,0,0,0,0,LINE2-M02,2026-06-07T23:54:00,OP-109,MAT-8806
2433,L02433,L,299.1,307.6,1560,48.5,63,0,0,0,0,0,0,LINE2-M02,2026-06-08T00:00:00,OP-101,MAT-8811
2434,H02434,H,300.0,309.7,1423,41.8,68,0,0,0,0,0,0,LINE3-M02,2026-06-08T00:06:00,OP-106,MAT-8808
2435,M02435,M,299.6,310.2,1443,23.8,71,0,0,0,0,0,0,LINE3-M01,2026-06-08T00:10:00,OP-111,MAT-8817
2436,L02436,L,301.4,310.9,1597,39.7,73,0,0,0,0,0,0,LINE1-M02,2026-06-08T00:15:00,OP-102,MAT-8800
2437,L02437,L,298.3,307.9,1578,46.3,75,0,0,0,0,0,0,LINE2-M02,2026-06-08T00:18:00,OP-103,MAT-8810
2438,M02438,M,298.4,307.7,1519,61.4,78,1,0,0,1,0,0,LINE1-M01,2026-06-08T00:21:00,OP-105,MAT-8800
2439,L02439,L,299.3,308.0,1168,36.0,80,0,0,0,0,0,0,LINE2-M01,2026-06-08T00:25:00,OP-108,MAT-8813
2440,L02440,L,301.0,310.9,1910,32.0,82,0,0,0,0,0,0,LINE1-M01,2026-06-08T00:27:00,OP-102,MAT-8807
2441,M02441,M,301.1,310.6,1419,47.2,85,0,0,0,0,0,0,LINE1-M02,2026-06-08T00:29:00,OP-106,MAT-8805
2442,H02442,H,298.7,308.2,1343,31.4,90,0,0,0,0,0,0,LINE1-M02,2026-06-08T00:33:00,OP-106,MAT-8806
2443,M02443,M,298.2,308.4,1676,40.8,93,0,0,0,0,0,0,LINE3-M01,2026-06-08T00:35:00,OP-109,MAT-8802
2444,H02444,H,295.6,305.6,1885,41.2,98,0,0,0,0,0,0,LINE1-M01,2026-06-08T00:39:00,OP-102,MAT-8805
2445,M02445,M,295.2,305.2,1168,50.0,101,0,0,0,0,0,0,LINE2-M01,2026-06-08T00:42:00,OP-111,MAT-8801
2446,M02446,M,300.0,311.7,1222,47.3,104,0,0,0,0,0,0,LINE3-M01,2026-06-08T00:47:00,OP-105,MAT-8812
2447,H02447,H,301.4,311.6,1601,38.8,109,0,0,0,0,0,0,LINE2-M02,2026-06-08T00:49:00,OP-102,MAT-8812
2448,M02448,M,299.7,310.5,1537,46.7,112,0,0,0,0,0,0,LINE1-M02,2026-06-08T00:51:00,OP-103,MAT-8814
2449,L02449,L,301.2,313.1,1736,35.5,114,0,0,0,0,0,0,LINE3-M01,2026-06-08T00:56:00,OP-103,MAT-8803
2450,M02450,M,303.1,313.9,1703,27.8,117,0,0,0,0,0,0,LINE1-M02,2026-06-08T00:58:00,OP-104,MAT-8802
2451,H02451,H,298.2,307.2,1547,37.0,122,0,0,0,0,0,0,LINE2-M02,2026-06-08T01:03:00,OP-104,MAT-8803
2452,L02452,L,297.3,307.8,1349,37.3,124,0,0,0,0,0,0,LINE3-M02,2026-06-08T01:08:00,OP-107,MAT-8813
2453,L02453,L,300.9,311.2,1322,25.8,126,0,0,0,0,0,0,LINE2-M01,2026-06-08T01:14:00,OP-109,MAT-8801
2454,L02454,L,298.9,310.8,1384,20.5,128,1,0,0,1,0,0,LINE1-M02,2026-06-08T01:18:00,OP-100,MAT-8802
2455,H02455,H,300.6,311.9,1532,29.7,133,0,0,0,0,0,0,LINE3-M01,2026-06-08T01:22:00,OP-107,MAT-8809
2456,M02456,M,300.9,311.9,1168,52.8,136,0,0,0,0,0,0,LINE2-M02,2026-06-08T01:25:00,OP-106,MAT-8810
2457,M02457,M,301.7,311.3,1484,34.6,139,0,0,0,0,0,0,LINE1-M01,2026-06-08T01:31:00,OP-105,MAT-8809
2458,M02458,M,300.1,309.4,1475,43.9,142,0,0,0,0,0,0,LINE2-M01,2026-06-08T01:34:00,OP-104,MAT-8814
2459,L02459,L,297.8,307.8,1492,49.0,144,0,0,0,0,0,0,LINE3-M01,2026-06-08T01:36:00,OP-100,MAT-8819
2460,L02460,L,299.8,309.4,1606,45.1,146,0,0,0,0,0,0,LINE2-M02,2026-06-08T01:40:00,OP-102,MAT-8802
2461,M02461,M,297.4,307.4,1547,53.1,149,0,0,0,0,0,0,LINE1-M01,2026-06-08T01:46:00,OP-109,MAT-8807
2462,H02462,H,299.4,310.4,1716,45.5,154,0,0,0,0,0,0,LINE2-M02,2026-06-08T01:50:00,OP-111,MAT-8803
2463,L02463,L,304.4,315.0,1398,45.9,156,0,0,0,0,0,0,LINE2-M01,2026-06-08T01:54:00,OP-107,MAT-8801
2464,L02464,L,300.9,310.2,1687,36.8,158,0,0,0,0,0,0,LINE2-M02,2026-06-08T01:58:00,OP-106,MAT-8814
2465,L02465,L,299.5,308.5,1673,50.9,160,0,0,0,0,0,0,LINE1-M02,2026-06-08T02:04:00,OP-110,MAT-8809
2466,H02466,H,298.1,307.3,1696,50.3,165,0,0,0,0,0,0,LINE1-M01,2026-06-08T02:10:00,OP-102,MAT-8814
2467,M02467,M,299.8,309.3,1572,38.6,168,0,0,0,0,0,0,LINE3-M02,2026-06-08T02:12:00,OP-105,MAT-8801
2468,M02468,M,298.2,306.4,1168,49.9,171,1,0,1,0,0,0,LINE1-M02,2026-06-08T02:16:00,OP-106,MAT-8813
2469,H02469,H,305.4,315.3,1636,34.2,176,0,0,0,0,0,0,LINE1-M01,2026-06-08T02:22:00,OP-100,MAT-8812
2470,L02470,L,301.6,310.2,1729,33.7,178,0,0,0,0,0,0,LINE2-M01,2026-06-08T02:27:00,OP-108,MAT-8804
2471,H02471,H,302.4,312.8,1168,45.1,183,0,0,0,0,0,0,LINE3-M02,2026-06-08T02:32:00,OP-101,MAT-8819
2472,M02472,M,300.4,311.5,1415,31.1,186,0,0,0,0,0,0,LINE2-M01,2026-06-08T02:37:00,OP-108,MAT-8810
2473,H02473,H,300.1,309.8,1491,36.0,191,0,0,0,0,0,0,LINE3-M02,2026-06-08T02:40:00,OP-103,MAT-8809
2474,M02474,M,298.2,309.0,1667,38.8,194,0,0,0,0,0,0,LINE2-M02,2026-06-08T02:46:00,OP-100,MAT-8810
2475,M02475,M,302.4,312.3,2032,41.2,197,0,0,0,0,0,0,LINE3-M01,2026-06-08T02:50:00,OP-102,MAT-8803
2476,L02476,L,300.3,309.1,1311,34.5,199,0,0,0,0,0,0,LINE3-M02,2026-06-08T02:52:00,OP-110,MAT-8814
2477,L02477,L,299.7,309.0,1824,40.7,201,0,0,0,0,0,0,LINE2-M01,2026-06-08T02:54:00,OP-109,MAT-8800
2478,H02478,H,301.3,309.6,1188,36.6,206,1,0,1,0,0,0,LINE3-M01,2026-06-08T03:00:00,OP-110,MAT-8818
2479,L02479,L,302.4,311.5,1585,57.7,208,1,0,0,1,1,0,LINE2-M01,2026-06-08T03:03:00,OP-107,MAT-8800
2480,L02480,L,300.6,312.0,1572,41.5,210,0,0,0,0,0,0,LINE1-M01,2026-06-08T03:05:00,OP-101,MAT-8807
2481,L02481,L,300.4,310.6,1641,29.3,212,0,0,0,0,0,0,LINE1-M02,2026-06-08T03:07:00,OP-105,MAT-8818
2482,L02482,L,300.5,309.8,1699,18.6,214,1,0,0,1,0,0,LINE1-M01,2026-06-08T03:13:00,OP-109,MAT-8810
2483,M02483,M,298.5,309.4,1611,31.4,217,1,1,0,0,0,0,LINE3-M02,2026-06-08T03:16:00,OP-110,MAT-8807
2484,L02484,L,306.4,315.5,1604,43.2,219,1,1,0,0,0,0,LINE1-M02,2026-06-08T03:22:00,OP-107,MAT-8816
2485,L02485,L,300.9,311.1,1434,34.5,221,1,1,0,0,0,0,LINE3-M01,2026-06-08T03:28:00,OP-101,MAT-8812
2486,L02486,L,299.8,309.9,1459,28.5,223,0,0,0,0,0,0,LINE1-M02,2026-06-08T03:30:00,OP-100,MAT-8803
2487,L02487,L,298.6,307.9,1872,35.8,225,1,1,0,0,0,0,LINE1-M02,2026-06-08T03:34:00,OP-100,MAT-8806
2488,L02488,L,301.2,312.2,1449,36.8,227,0,0,0,0,0,0,LINE2-M01,2026-06-08T03:37:00,OP-108,MAT-8805
2489,L02489,L,299.5,308.8,1579,48.8,229,1,1,0,0,1,0,LINE2-M02,2026-06-08T03:41:00,OP-100,MAT-8800
2490,M02490,M,299.3,309.9,1372,25.9,232,1,1,0,0,0,0,LINE1-M01,2026-06-08T03:45:00,OP-106,MAT-8817
2491,L02491,L,299.0,308.8,1541,35.6,234,1,1,0,0,0,0,LINE2-M02,2026-06-08T03:48:00,OP-106,MAT-8804
2492,H02492,H,299.4,309.1,1629,27.7,239,1,1,0,0,0,0,LINE3-M01,2026-06-08T03:50:00,OP-106,MAT-8806
2493,H02493,H,298.3,306.6,1602,36.4,0,0,0,0,0,0,0,LINE3-M02,2026-06-08T03:54:00,OP-100,MAT-8802
2494,M02494,M,297.0,305.9,1168,38.6,3,0,0,0,0,0,0,LINE2-M01,2026-06-08T03:57:00,OP-110,MAT-8811
2495,M02495,M,296.6,307.0,1826,48.9,6,1,0,0,1,0,0,LINE1-M02,2026-06-08T04:00:00,OP-105,MAT-8807
2496,H02496,H,299.3,309.2,1506,29.7,11,0,0,0,0,0,0,LINE2-M02,2026-06-08T04:06:00,OP-100,MAT-8804
2497,M02497,M,296.9,307.7,1513,47.7,14,0,0,0,0,0,0,LINE1-M02,2026-06-08T04:10:00,OP-105,MAT-8807
2498,L02498,L,298.9,309.2,1395,39.1,16,0,0,0,0,0,0,LINE2-M02,2026-06-08T04:15:00,OP-110,MAT-8800
2499,L02499,L,300.9,309.7,1816,35.5,18,0,0,0,0,0,0,LINE3-M01,2026-06-08T04:21:00,OP-101,MAT-8811
2500,L02500,L,301.3,311.7,1543,40.9,20,0,0,0,0,0,0,LINE3-M02,2026-06-08T04:25:00,OP-106,MAT-8804
2501,L02501,L,298.4,309.6,1511,36.7,22,0,0,0,0,0,0,LINE2-M02,2026-06-08T04:30:00,OP-104,MAT-8818
2502,L02502,L,298.7,308.3,1948,35.4,24,0,0,0,0,0,0,LINE3-M01,2026-06-08T04:35:00,OP-102,MAT-8801
2503,L02503,L,303.0,312.8,1565,26.1,26,0,0,0,0,0,0,LINE3-M01,2026-06-08T04:40:00,OP-100,MAT-8812
2504,L02504,L,299.7,309.4,1255,49.5,28,0,0,0,0,0,0,LINE3-M02,2026-06-08T04:46:00,OP-102,MAT-8806
2505,H02505,H,303.1,313.5,1453,45.1,33,0,0,0,0,0,0,LINE3-M01,2026-06-08T04:52:00,OP-109,MAT-8819
2506,M02506,M,301.5,311.0,1168,45.1,36,0,0,0,0,0,0,LINE2-M02,2026-06-08T04:57:00,OP-111,MAT-8815
2507,L02507,L,300.1,309.4,1591,36.5,38,0,0,0,0,0,0,LINE2-M01,2026-06-08T04:59:00,OP-103,MAT-8808
2508,L02508,L,299.4,308.9,1762,38.9,40,0,0,0,0,0,0,LINE3-M01,2026-06-08T05:03:00,OP-101,MAT-8810
2509,L02509,L,296.9,307.7,1678,44.4,42,0,0,0,0,0,0,LINE1-M01,2026-06-08T05:09:00,OP-102,MAT-8812
2510,H02510,H,300.2,308.3,1177,64.5,47,1,0,1,0,0,0,LINE3-M02,2026-06-08T05:11:00,OP-106,MAT-8804
2511,M02511,M,298.2,308.0,1458,49.2,50,0,0,0,0,0,0,LINE3-M01,2026-06-08T05:15:00,OP-103,MAT-8809
2512,L02512,L,299.2,310.0,1439,37.4,52,0,0,0,0,0,0,LINE1-M02,2026-06-08T05:19:00,OP-102,MAT-8801
2513,M02513,M,300.6,311.8,1360,33.3,55,0,0,0,0,0,0,LINE2-M01,2026-06-08T05:24:00,OP-111,MAT-8804
2514,H02514,H,296.9,308.2,1682,53.0,60,1,0,0,1,0,0,LINE1-M01,2026-06-08T05:27:00,OP-103,MAT-8810
2515,L02515,L,302.8,311.2,1501,62.7,62,1,0,0,1,0,0,LINE3-M02,2026-06-08T05:31:00,OP-102,MAT-8818
2516,L02516,L,301.2,310.1,1472,33.0,64,0,0,0,0,0,0,LINE1-M01,2026-06-08T05:37:00,OP-101,MAT-8815
2517,M02517,M,299.3,309.3,1572,25.1,67,0,0,0,0,0,0,LINE2-M01,2026-06-08T05:42:00,OP-108,MAT-8813
2518,H02518,H,299.9,309.7,1595,50.4,72,0,0,0,0,0,0,LINE1-M02,2026-06-08T05:46:00,OP-103,MAT-8809
2519,L02519,L,299.8,309.3,1325,48.0,74,0,0,0,0,0,0,LINE3-M01,2026-06-08T05:48:00,OP-107,MAT-8819
2520,M02520,M,298.8,308.4,1168,49.6,77,0,0,0,0,0,0,LINE2-M01,2026-06-08T05:53:00,OP-110,MAT-8805
2521,H02521,H,296.2,304.9,1433,39.9,82,0,0,0,0,0,0,LINE1-M01,2026-06-08T05:58:00,OP-100,MAT-8804
2522,M02522,M,298.3,306.1,1168,19.7,85,1,0,1,1,0,0,LINE3-M01,2026-06-08T06:00:00,OP-108,MAT-8815
2523,M02523,M,299.9,308.1,1502,35.4,88,0,0,0,0,0,0,LINE2-M02,2026-06-08T06:04:00,OP-108,MAT-8819
2524,L02524,L,299.6,308.0,1561,47.9,90,0,0,0,0,0,0,LINE2-M01,2026-06-08T06:10:00,OP-103,MAT-8810
2525,L02525,L,300.0,307.5,1856,40.0,92,0,0,0,0,0,0,LINE2-M02,2026-06-08T06:15:00,OP-101,MAT-8819
2526,L02526,L,298.5,308.3,1866,38.0,94,0,0,0,0,0,0,LINE2-M01,2026-06-08T06:21:00,OP-107,MAT-8807
2527,H02527,H,300.7,310.8,1624,39.5,99,0,0,0,0,0,0,LINE2-M01,2026-06-08T06:25:00,OP-104,MAT-8801
2528,L02528,L,297.1,306.0,1168,34.0,101,0,0,0,0,0,0,LINE2-M02,2026-06-08T06:27:00,OP-108,MAT-8802
2529,L02529,L,297.8,306.3,1325,39.2,103,1,0,1,0,0,0,LINE2-M02,2026-06-08T06:33:00,OP-103,MAT-8819
2530,L02530,L,302.5,312.2,1602,36.7,105,0,0,0,0,0,0,LINE3-M01,2026-06-08T06:35:00,OP-100,MAT-8809
2531,M02531,M,302.1,310.6,1523,32.1,108,0,0,0,0,0,0,LINE1-M01,2026-06-08T06:37:00,OP-102,MAT-8802
2532,M02532,M,300.5,309.2,1556,42.4,111,0,0,0,0,0,0,LINE3-M01,2026-06-08T06:40:00,OP-103,MAT-8816
2533,L02533,L,298.1,311.9,1392,34.7,113,0,0,0,0,0,0,LINE3-M01,2026-06-08T06:44:00,OP-110,MAT-8814
2534,L02534,L,297.6,308.1,1537,56.5,115,1,0,0,1,0,0,LINE3-M02,2026-06-08T06:50:00,OP-101,MAT-8812
2535,M02535,M,300.1,309.9,1337,40.9,118,0,0,0,0,0,0,LINE1-M01,2026-06-08T06:55:00,OP-100,MAT-8806
2536,L02536,L,301.6,310.5,1285,28.6,120,0,0,0,0,0,0,LINE3-M01,2026-06-08T07:01:00,OP-106,MAT-8815
2537,L02537,L,300.0,310.7,1626,35.2,122,0,0,0,0,0,0,LINE3-M01,2026-06-08T07:03:00,OP-100,MAT-8803
2538,L02538,L,296.9,307.1,1234,49.3,124,0,0,0,0,0,0,LINE1-M01,2026-06-08T07:07:00,OP-101,MAT-8806
2539,L02539,L,300.1,308.9,1440,36.9,126,0,0,0,0,0,0,LINE2-M02,2026-06-08T07:13:00,OP-108,MAT-8801
2540,L02540,L,303.0,312.9,1342,34.5,128,0,0,0,0,0,0,LINE1-M02,2026-06-08T07:15:00,OP-100,MAT-8809
2541,L02541,L,297.2,306.6,1494,32.7,130,0,0,0,0,0,0,LINE2-M01,2026-06-08T07:17:00,OP-109,MAT-8815
2542,L02542,L,303.7,315.1,1168,44.9,132,0,0,0,0,0,0,LINE2-M02,2026-06-08T07:21:00,OP-111,MAT-8801
2543,L02543,L,298.3,309.7,1964,42.4,134,0,0,0,0,0,0,LINE1-M02,2026-06-08T07:24:00,OP-101,MAT-8809
2544,L02544,L,300.7,311.7,1412,35.0,136,0,0,0,0,0,0,LINE3-M02,2026-06-08T07:27:00,OP-106,MAT-8815
2545,L02545,L,298.5,308.5,1374,46.4,138,0,0,0,0,0,0,LINE2-M02,2026-06-08T07:30:00,OP-100,MAT-8811
2546,H02546,H,297.8,306.9,1442,41.7,143,0,0,0,0,0,0,LINE2-M01,2026-06-08T07:36:00,OP-102,MAT-8811
2547,L02547,L,298.3,309.2,1733,40.3,145,0,0,0,0,0,0,LINE3-M02,2026-06-08T07:41:00,OP-100,MAT-8810
2548,M02548,M,300.9,310.2,1376,30.4,148,0,0,0,0,0,0,LINE1-M02,2026-06-08T07:46:00,OP-100,MAT-8804
2549,M02549,M,298.1,308.2,1350,55.1,151,0,0,0,0,0,0,LINE1-M01,2026-06-08T07:50:00,OP-100,MAT-8806
2550,L02550,L,294.3,304.7,1462,36.2,153,0,0,0,0,0,0,LINE3-M01,2026-06-08T07:53:00,OP-102,MAT-8811
2551,M02551,M,299.7,309.8,1558,40.7,156,0,0,0,0,0,0,LINE2-M02,2026-06-08T07:56:00,OP-109,MAT-8814
2552,H02552,H,301.7,311.1,1603,45.6,161,0,0,0,0,0,0,LINE2-M01,2026-06-08T07:59:00,OP-100,MAT-8819
2553,L02553,L,300.3,309.5,1892,12.8,163,1,0,0,1,0,0,LINE2-M02,2026-06-08T08:03:00,OP-110,MAT-8810
2554,M02554,M,299.6,308.5,1364,45.2,166,0,0,0,0,0,0,LINE3-M02,2026-06-08T08:09:00,OP-111,MAT-8809
2555,H02555,H,300.9,311.2,1395,14.3,171,1,0,0,1,0,0,LINE1-M02,2026-06-08T08:15:00,OP-105,MAT-8811
2556,L02556,L,296.6,307.0,1168,32.6,173,0,0,0,0,0,0,LINE1-M02,2026-06-08T08:18:00,OP-102,MAT-8803
2557,H02557,H,301.0,311.4,1552,31.0,178,0,0,0,0,0,0,LINE1-M01,2026-06-08T08:23:00,OP-106,MAT-8803
2558,M02558,M,302.0,311.2,1898,45.8,181,1,0,0,1,0,0,LINE1-M02,2026-06-08T08:28:00,OP-107,MAT-8804
2559,H02559,H,303.0,313.4,1496,31.2,186,0,0,0,0,0,0,LINE2-M01,2026-06-08T08:34:00,OP-101,MAT-8811
2560,L02560,L,300.0,310.4,1528,44.8,188,0,0,0,0,0,0,LINE2-M02,2026-06-08T08:36:00,OP-101,MAT-8810
2561,L02561,L,300.7,310.1,1358,26.7,190,0,0,0,0,0,0,LINE1-M01,2026-06-08T08:40:00,OP-104,MAT-8809
2562,L02562,L,301.2,310.6,1530,45.4,192,0,0,0,0,0,0,LINE2-M01,2026-06-08T08:46:00,OP-111,MAT-8812
2563,L02563,L,297.6,306.4,1726,26.2,194,0,0,0,0,0,0,LINE3-M02,2026-06-08T08:50:00,OP-109,MAT-8801
2564,L02564,L,301.4,310.2,1168,43.6,196,0,0,0,0,0,0,LINE3-M02,2026-06-08T08:52:00,OP-106,MAT-8809
2565,L02565,L,300.7,312.0,1581,36.8,198,0,0,0,0,0,0,LINE3-M01,2026-06-08T08:54:00,OP-103,MAT-8810
2566,L02566,L,302.4,312.4,1215,33.5,200,0,0,0,0,0,0,LINE3-M01,2026-06-08T08:59:00,OP-105,MAT-8814
2567,H02567,H,296.4,308.1,1543,35.6,205,0,0,0,0,0,0,LINE2-M01,2026-06-08T09:04:00,OP-108,MAT-8808
2568,L02568,L,299.2,309.4,1410,37.3,207,0,0,0,0,0,0,LINE1-M01,2026-06-08T09:07:00,OP-109,MAT-8811
2569,L02569,L,297.8,309.6,1408,58.8,209,1,0,0,0,1,0,LINE3-M02,2026-06-08T09:10:00,OP-103,MAT-8804
2570,L02570,L,298.8,308.1,1326,51.0,211,0,0,0,0,0,0,LINE1-M02,2026-06-08T09:13:00,OP-107,MAT-8812
2571,L02571,L,297.1,307.2,1417,33.1,213,0,0,0,0,0,0,LINE2-M01,2026-06-08T09:18:00,OP-109,MAT-8805
2572,H02572,H,299.1,309.2,1168,45.9,218,1,1,0,0,0,0,LINE1-M01,2026-06-08T09:20:00,OP-110,MAT-8805
2573,H02573,H,299.7,309.4,1888,22.5,223,1,1,0,0,0,0,LINE3-M02,2026-06-08T09:23:00,OP-104,MAT-8804
2574,M02574,M,298.6,308.2,1526,29.9,226,1,1,0,0,0,0,LINE3-M02,2026-06-08T09:25:00,OP-105,MAT-8810
2575,L02575,L,300.4,310.5,1462,45.5,228,1,1,0,0,0,0,LINE2-M01,2026-06-08T09:29:00,OP-103,MAT-8817
2576,M02576,M,301.2,311.4,1393,30.4,231,1,1,0,0,0,0,LINE1-M02,2026-06-08T09:32:00,OP-110,MAT-8804
2577,L02577,L,301.1,310.5,1514,33.9,233,1,1,0,0,0,0,LINE2-M02,2026-06-08T09:34:00,OP-104,MAT-8815
2578,H02578,H,300.4,309.7,1215,39.7,238,1,1,0,0,0,0,LINE2-M02,2026-06-08T09:36:00,OP-102,MAT-8819
2579,L02579,L,301.3,310.0,1298,35.6,240,1,1,0,0,0,0,LINE3-M01,2026-06-08T09:40:00,OP-102,MAT-8815
2580,M02580,M,301.8,310.5,1554,15.6,0,1,0,0,1,0,0,LINE2-M02,2026-06-08T09:43:00,OP-106,MAT-8804
2581,L02581,L,299.3,308.3,1671,41.2,2,0,0,0,0,0,0,LINE3-M02,2026-06-08T09:46:00,OP-103,MAT-8816
2582,H02582,H,300.6,308.7,1546,36.8,7,0,0,0,0,0,0,LINE2-M01,2026-06-08T09:50:00,OP-104,MAT-8818
2583,M02583,M,302.8,314.0,1883,32.0,10,0,0,0,0,0,0,LINE1-M01,2026-06-08T09:53:00,OP-109,MAT-8818
2584,L02584,L,304.6,316.8,1585,47.0,12,0,0,0,0,0,0,LINE1-M02,2026-06-08T09:59:00,OP-109,MAT-8816
2585,M02585,M,301.9,313.6,1421,34.3,15,0,0,0,0,0,0,LINE1-M02,2026-06-08T10:03:00,OP-109,MAT-8806
2586,L02586,L,302.8,312.4,1485,34.4,17,0,0,0,0,0,0,LINE1-M01,2026-06-08T10:06:00,OP-111,MAT-8807
2587,H02587,H,301.1,310.7,1782,42.2,22,0,0,0,0,0,0,LINE3-M01,2026-06-08T10:09:00,OP-110,MAT-8803
2588,M02588,M,300.9,310.5,1377,29.2,25,0,0,0,0,0,0,LINE1-M01,2026-06-08T10:13:00,OP-111,MAT-8802
2589,H02589,H,298.5,309.4,1310,31.6,30,0,0,0,0,0,0,LINE1-M01,2026-06-08T10:16:00,OP-109,MAT-8816
2590,M02590,M,297.7,307.4,1389,22.5,33,1,0,0,1,0,0,LINE2-M02,2026-06-08T10:19:00,OP-111,MAT-8814
2591,H02591,H,302.3,311.9,1332,22.2,38,1,0,0,1,0,0,LINE2-M02,2026-06-08T10:22:00,OP-100,MAT-8810
2592,M02592,M,302.8,311.2,1390,57.2,41,0,0,0,0,0,0,LINE3-M02,2026-06-08T10:26:00,OP-106,MAT-8809
2593,L02593,L,300.5,309.6,1421,19.3,43,1,0,0,1,0,0,LINE2-M01,2026-06-08T10:30:00,OP-110,MAT-8810
2594,M02594,M,299.5,308.3,1558,31.8,46,0,0,0,0,0,0,LINE1-M01,2026-06-08T10:36:00,OP-109,MAT-8814
2595,L02595,L,300.5,311.2,1496,33.1,48,0,0,0,0,0,0,LINE1-M01,2026-06-08T10:42:00,OP-106,MAT-8802
2596,L02596,L,301.0,311.9,1214,55.2,50,0,0,0,0,0,0,LINE2-M02,2026-06-08T10:46:00,OP-110,MAT-8816
2597,L02597,L,300.7,312.5,1234,50.2,52,0,0,0,0,0,0,LINE2-M02,2026-06-08T10:52:00,OP-105,MAT-8811
2598,H02598,H,299.3,311.6,1315,43.8,57,0,0,0,0,0,0,LINE2-M02,2026-06-08T10:57:00,OP-100,MAT-8800
2599,L02599,L,298.3,307.3,1690,43.2,59,0,0,0,0,0,0,LINE3-M01,2026-06-08T11:02:00,OP-104,MAT-8801
2600,M02600,M,298.3,306.9,1286,59.8,62,1,0,1,0,0,0,LINE1-M01,2026-06-08T11:04:00,OP-104,MAT-8809
2601,L02601,L,298.7,308.3,1548,54.1,64,0,0,0,0,0,0,LINE1-M02,2026-06-08T11:07:00,OP-108,MAT-8813
2602,H02602,H,301.7,312.9,1340,41.2,69,0,0,0,0,0,0,LINE1-M01,2026-06-08T11:12:00,OP-107,MAT-8800
2603,L02603,L,300.9,311.0,1367,40.1,71,0,0,0,0,0,0,LINE1-M01,2026-06-08T11:16:00,OP-108,MAT-8813
2604,M02604,M,299.4,309.1,1413,45.9,74,0,0,0,0,0,0,LINE3-M01,2026-06-08T11:18:00,OP-100,MAT-8819
2605,L02605,L,299.4,310.6,1271,29.9,76,0,0,0,0,0,0,LINE3-M02,2026-06-08T11:20:00,OP-110,MAT-8802
2606,H02606,H,299.8,310.0,1324,37.8,81,0,0,0,0,0,0,LINE2-M01,2026-06-08T11:26:00,OP-104,MAT-8810
2607,L02607,L,299.4,310.8,1721,18.0,83,1,0,0,1,0,0,LINE2-M01,2026-06-08T11:32:00,OP-104,MAT-8810
2608,L02608,L,298.5,308.2,1346,30.6,85,0,0,0,0,0,0,LINE1-M02,2026-06-08T11:38:00,OP-107,MAT-8807
2609,L02609,L,301.3,310.9,1494,34.9,87,0,0,0,0,0,0,LINE1-M01,2026-06-08T11:44:00,OP-110,MAT-8813
2610,L02610,L,299.8,311.4,1227,48.9,89,0,0,0,0,0,0,LINE1-M01,2026-06-08T11:46:00,OP-105,MAT-8816
2611,L02611,L,301.6,311.5,1799,43.9,91,0,0,0,0,0,0,LINE1-M02,2026-06-08T11:52:00,OP-103,MAT-8809
2612,M02612,M,301.6,310.7,1896,31.1,94,0,0,0,0,0,0,LINE2-M02,2026-06-08T11:57:00,OP-108,MAT-8813
2613,H02613,H,299.4,310.1,1731,34.3,99,0,0,0,0,0,0,LINE1-M02,2026-06-08T12:01:00,OP-111,MAT-8808
2614,M02614,M,295.7,307.0,1698,42.2,102,0,0,0,0,0,0,LINE3-M02,2026-06-08T12:04:00,OP-110,MAT-8816
2615,H02615,H,298.3,305.9,1633,49.8,107,0,0,0,0,0,0,LINE2-M01,2026-06-08T12:10:00,OP-103,MAT-8807
2616,L02616,L,301.9,310.4,1168,43.3,109,1,0,1,0,0,0,LINE3-M02,2026-06-08T12:14:00,OP-111,MAT-8819
2617,L02617,L,298.8,309.1,1513,28.1,111,0,0,0,0,0,0,LINE1-M01,2026-06-08T12:19:00,OP-106,MAT-8812
2618,H02618,H,299.6,311.1,1724,34.7,116,0,0,0,0,0,0,LINE2-M01,2026-06-08T12:21:00,OP-108,MAT-8802
2619,L02619,L,298.9,308.7,1715,35.2,118,0,0,0,0,0,0,LINE2-M02,2026-06-08T12:26:00,OP-109,MAT-8809
2620,L02620,L,301.2,310.7,1581,57.3,120,1,0,0,1,0,0,LINE1-M01,2026-06-08T12:31:00,OP-102,MAT-8814
2621,L02621,L,299.9,311.1,1413,49.8,122,0,0,0,0,0,0,LINE1-M02,2026-06-08T12:34:00,OP-110,MAT-8818
2622,M02622,M,300.5,310.8,1417,43.9,125,0,0,0,0,0,0,LINE2-M02,2026-06-08T12:39:00,OP-111,MAT-8817
2623,M02623,M,298.9,307.2,1168,42.5,128,1,0,1,0,0,0,LINE2-M02,2026-06-08T12:43:00,OP-109,MAT-8810
2624,L02624,L,301.7,312.0,1168,61.9,130,0,0,0,0,0,0,LINE1-M01,2026-06-08T12:49:00,OP-107,MAT-8806
2625,M02625,M,296.6,305.8,1168,42.4,133,0,0,0,0,0,0,LINE3-M01,2026-06-08T12:54:00,OP-108,MAT-8818
2626,M02626,M,299.6,309.8,1902,39.3,136,0,0,0,0,0,0,LINE1-M02,2026-06-08T12:59:00,OP-108,MAT-8806
2627,L02627,L,301.0,309.5,1239,38.4,138,1,0,1,0,0,0,LINE1-M01,2026-06-08T13:05:00,OP-100,MAT-8815
2628,L02628,L,302.9,313.8,1168,48.8,140,0,0,0,0,0,0,LINE3-M02,2026-06-08T13:07:00,OP-111,MAT-8802
2629,L02629,L,302.8,313.3,1645,66.4,142,1,0,0,1,0,0,LINE3-M02,2026-06-08T13:13:00,OP-110,MAT-8803
2630,L02630,L,301.2,310.4,1248,56.1,144,0,0,0,0,0,0,LINE3-M01,2026-06-08T13:18:00,OP-101,MAT-8801
2631,M02631,M,302.6,314.5,1258,54.7,147,0,0,0,0,0,0,LINE3-M01,2026-06-08T13:24:00,OP-106,MAT-8817
2632,M02632,M,300.3,309.7,1772,64.5,150,1,0,0,1,0,0,LINE3-M02,2026-06-08T13:30:00,OP-110,MAT-8809
2633,M02633,M,303.6,313.6,1447,46.6,153,0,0,0,0,0,0,LINE2-M02,2026-06-08T13:34:00,OP-108,MAT-8807
2634,M02634,M,298.8,309.3,1642,37.7,156,0,0,0,0,0,0,LINE2-M01,2026-06-08T13:39:00,OP-111,MAT-8803
2635,L02635,L,298.8,309.1,1375,28.9,158,0,0,0,0,0,0,LINE2-M02,2026-06-08T13:41:00,OP-105,MAT-8801
2636,L02636,L,299.9,310.0,1682,40.6,160,0,0,0,0,0,0,LINE3-M02,2026-06-08T13:43:00,OP-109,MAT-8819
2637,M02637,M,300.9,311.9,1687,15.7,163,1,0,0,1,0,0,LINE2-M02,2026-06-08T13:45:00,OP-108,MAT-8817
2638,L02638,L,296.4,307.1,1559,25.0,165,0,0,0,0,0,0,LINE1-M02,2026-06-08T13:48:00,OP-100,MAT-8806
2639,H02639,H,303.2,314.1,1476,39.4,170,0,0,0,0,0,0,LINE3-M01,2026-06-08T13:53:00,OP-111,MAT-8801
2640,H02640,H,302.6,311.7,1382,31.8,175,0,0,0,0,0,0,LINE3-M01,2026-06-08T13:58:00,OP-102,MAT-8807
2641,L02641,L,300.7,310.6,1856,33.5,177,0,0,0,0,0,0,LINE2-M02,2026-06-08T14:02:00,OP-104,MAT-8813
2642,L02642,L,302.9,312.4,1837,28.4,179,0,0,0,0,0,0,LINE2-M02,2026-06-08T14:05:00,OP-104,MAT-8800
2643,M02643,M,297.5,307.0,1688,44.5,182,0,0,0,0,0,0,LINE1-M02,2026-06-08T14:10:00,OP-108,MAT-8806
2644,M02644,M,299.5,309.3,1634,35.8,185,0,0,0,0,0,0,LINE3-M01,2026-06-08T14:13:00,OP-110,MAT-8814
2645,H02645,H,304.4,313.7,1258,39.9,190,0,0,0,0,0,0,LINE3-M01,2026-06-08T14:16:00,OP-102,MAT-8818
2646,L02646,L,302.5,314.2,1426,38.6,192,0,0,0,0,0,0,LINE3-M01,2026-06-08T14:20:00,OP-103,MAT-8807
2647,L02647,L,298.7,307.2,1937,22.9,194,0,0,0,0,0,0,LINE1-M02,2026-06-08T14:24:00,OP-110,MAT-8808
2648,M02648,M,300.8,311.8,1168,33.6,197,0,0,0,0,0,0,LINE1-M02,2026-06-08T14:29:00,OP-104,MAT-8812
2649,H02649,H,297.1,306.3,1520,42.8,202,0,0,0,0,0,0,LINE3-M02,2026-06-08T14:33:00,OP-108,MAT-8809
2650,L02650,L,298.0,308.3,1522,39.1,204,1,1,0,0,0,0,LINE1-M02,2026-06-08T14:39:00,OP-101,MAT-8814
2651,M02651,M,299.2,307.6,1352,41.6,207,1,1,1,0,0,0,LINE3-M01,2026-06-08T14:45:00,OP-110,MAT-8809
2652,M02652,M,297.8,309.9,2062,52.5,210,1,0,0,1,0,0,LINE2-M01,2026-06-08T14:51:00,OP-111,MAT-8815
2653,M02653,M,294.9,303.5,1509,19.5,213,1,1,0,1,0,0,LINE2-M01,2026-06-08T14:56:00,OP-103,MAT-8800
2654,L02654,L,301.9,313.2,1821,43.1,215,1,1,0,0,0,0,LINE2-M01,2026-06-08T15:02:00,OP-101,MAT-8817
2655,H02655,H,296.5,307.0,1548,56.6,220,1,0,0,1,0,0,LINE1-M01,2026-06-08T15:07:00,OP-102,MAT-8810
2656,L02656,L,298.1,307.1,1566,48.5,222,0,0,0,0,0,0,LINE3-M01,2026-06-08T15:10:00,OP-104,MAT-8819
2657,L02657,L,300.9,312.0,1962,27.9,224,1,1,0,0,0,0,LINE2-M01,2026-06-08T15:15:00,OP-106,MAT-8815
2658,M02658,M,296.7,307.4,1601,47.5,227,1,1,0,0,0,0,LINE3-M02,2026-06-08T15:18:00,OP-104,MAT-8812
2659,L02659,L,303.0,313.0,1554,36.4,229,1,1,0,0,0,0,LINE2-M02,2026-06-08T15:23:00,OP-105,MAT-8813
2660,M02660,M,301.1,310.1,1416,40.4,232,0,0,0,0,0,0,LINE1-M02,2026-06-08T15:28:00,OP-103,MAT-8802
2661,M02661,M,302.0,312.1,1304,43.1,235,1,1,0,0,0,0,LINE3-M02,2026-06-08T15:33:00,OP-105,MAT-8818
2662,M02662,M,299.8,309.7,1708,34.3,238,1,1,0,0,0,0,LINE3-M01,2026-06-08T15:37:00,OP-100,MAT-8806
2663,L02663,L,304.8,315.0,1618,23.0,240,1,1,0,0,0,0,LINE2-M02,2026-06-08T15:41:00,OP-108,MAT-8812
2664,M02664,M,297.4,306.2,1711,42.8,0,0,0,0,0,0,0,LINE1-M01,2026-06-08T15:44:00,OP-104,MAT-8811
2665,M02665,M,299.0,309.1,1523,46.7,3,0,0,0,0,0,0,LINE2-M01,2026-06-08T15:49:00,OP-102,MAT-8811
2666,H02666,H,300.8,310.2,1527,42.9,8,0,0,0,0,0,0,LINE3-M02,2026-06-08T15:55:00,OP-109,MAT-8810
2667,H02667,H,299.6,310.3,1168,56.0,13,0,0,0,0,0,0,LINE3-M02,2026-06-08T15:57:00,OP-104,MAT-8807
2668,L02668,L,302.7,313.8,1260,32.4,15,0,0,0,0,0,0,LINE1-M02,2026-06-08T16:00:00,OP-108,MAT-8801
2669,H02669,H,304.3,314.4,1339,42.4,20,0,0,0,0,0,0,LINE1-M02,2026-06-08T16:03:00,OP-103,MAT-8818
2670,H02670,H,298.5,309.8,1749,26.8,25,0,0,0,0,0,0,LINE2-M02,2026-06-08T16:08:00,OP-102,MAT-8803
2671,M02671,M,300.0,311.6,1453,49.7,28,0,0,0,0,0,0,LINE1-M02,2026-06-08T16:10:00,OP-110,MAT-8816
2672,L02672,L,299.3,309.2,1615,44.7,30,0,0,0,0,0,0,LINE2-M01,2026-06-08T16:12:00,OP-102,MAT-8813
2673,H02673,H,300.3,309.1,1862,41.4,35,0,0,0,0,0,0,LINE2-M02,2026-06-08T16:14:00,OP-102,MAT-8806
2674,M02674,M,303.1,312.0,1331,28.2,38,0,0,0,0,0,0,LINE3-M02,2026-06-08T16:17:00,OP-105,MAT-8810
2675,L02675,L,304.9,314.8,1406,50.4,40,0,0,0,0,0,0,LINE3-M01,2026-06-08T16:21:00,OP-101,MAT-8809
2676,L02676,L,299.8,308.8,1290,25.5,42,1,0,0,1,0,0,LINE1-M02,2026-06-08T16:25:00,OP-105,MAT-8818
2677,L02677,L,302.4,314.2,1960,44.9,44,1,0,0,1,0,0,LINE1-M01,2026-06-08T16:31:00,OP-102,MAT-8804
2678,L02678,L,300.2,310.7,1512,43.7,46,0,0,0,0,0,0,LINE1-M02,2026-06-08T16:34:00,OP-106,MAT-8804
2679,L02679,L,298.6,307.7,1636,51.1,48,0,0,0,0,0,0,LINE1-M01,2026-06-08T16:36:00,OP-103,MAT-8808
2680,M02680,M,299.4,308.3,1423,35.1,51,0,0,0,0,0,0,LINE3-M01,2026-06-08T16:39:00,OP-105,MAT-8805
2681,H02681,H,301.6,311.6,1599,29.8,56,0,0,0,0,0,0,LINE1-M02,2026-06-08T16:42:00,OP-105,MAT-8813
2682,L02682,L,298.3,310.1,1553,32.6,58,0,0,0,0,0,0,LINE2-M02,2026-06-08T16:47:00,OP-109,MAT-8814
2683,L02683,L,300.8,310.3,1564,52.3,60,0,0,0,0,0,0,LINE2-M01,2026-06-08T16:52:00,OP-104,MAT-8805
2684,M02684,M,300.7,312.9,1168,46.4,63,0,0,0,0,0,0,LINE2-M02,2026-06-08T16:57:00,OP-110,MAT-8807
2685,H02685,H,299.1,307.2,1626,35.2,68,0,0,0,0,0,0,LINE3-M02,2026-06-08T17:00:00,OP-103,MAT-8811
2686,L02686,L,302.1,310.5,1277,45.8,70,1,0,1,0,0,0,LINE2-M02,2026-06-08T17:05:00,OP-105,MAT-8818
2687,L02687,L,301.9,310.4,1223,45.9,72,1,0,1,0,0,0,LINE3-M02,2026-06-08T17:07:00,OP-106,MAT-8809
2688,L02688,L,302.1,311.7,1237,35.9,74,0,0,0,0,0,0,LINE2-M02,2026-06-08T17:11:00,OP-106,MAT-8813
2689,L02689,L,300.1,308.7,1526,32.6,76,0,0,0,0,0,0,LINE1-M02,2026-06-08T17:16:00,OP-111,MAT-8807
2690,H02690,H,297.2,306.0,1473,31.0,81,0,0,0,0,0,0,LINE2-M01,2026-06-08T17:21:00,OP-104,MAT-8803
2691,M02691,M,300.1,310.7,1416,49.5,84,0,0,0,0,0,0,LINE1-M01,2026-06-08T17:26:00,OP-105,MAT-8808
2692,H02692,H,298.5,310.1,1703,52.8,89,1,0,0,1,0,0,LINE3-M02,2026-06-08T17:32:00,OP-103,MAT-8818
2693,L02693,L,301.5,310.3,1320,34.6,91,0,0,0,0,0,0,LINE3-M01,2026-06-08T17:35:00,OP-106,MAT-8803
2694,H02694,H,297.1,307.7,1233,45.3,96,0,0,0,0,0,0,LINE2-M01,2026-06-08T17:37:00,OP-111,MAT-8814
2695,L02695,L,302.5,313.7,1402,35.2,98,0,0,0,0,0,0,LINE1-M02,2026-06-08T17:42:00,OP-100,MAT-8815
2696,M02696,M,301.2,312.6,1751,29.8,101,0,0,0,0,0,0,LINE3-M02,2026-06-08T17:46:00,OP-107,MAT-8817
2697,L02697,L,303.5,311.8,1582,60.2,103,1,0,0,1,0,0,LINE1-M01,2026-06-08T17:52:00,OP-102,MAT-8803
2698,M02698,M,298.9,308.1,1248,45.2,106,0,0,0,0,0,0,LINE2-M02,2026-06-08T17:55:00,OP-102,MAT-8818
2699,L02699,L,302.9,313.0,1507,42.7,108,0,0,0,0,0,0,LINE1-M01,2026-06-08T18:00:00,OP-109,MAT-8803
2700,L02700,L,299.2,308.0,1231,30.2,110,0,0,0,0,0,0,LINE3-M02,2026-06-08T18:06:00,OP-100,MAT-8806
2701,H02701,H,297.8,308.2,1818,51.1,115,1,0,0,1,0,0,LINE3-M01,2026-06-08T18:08:00,OP-102,MAT-8813
2702,L02702,L,295.8,305.8,1526,41.0,117,0,0,0,0,0,0,LINE1-M01,2026-06-08T18:14:00,OP-105,MAT-8807
2703,L02703,L,304.9,316.3,1444,37.6,119,0,0,0,0,0,0,LINE2-M01,2026-06-08T18:17:00,OP-101,MAT-8812
2704,L02704,L,299.9,308.7,1376,37.0,121,0,0,0,0,0,0,LINE1-M01,2026-06-08T18:19:00,OP-103,MAT-8808
2705,M02705,M,299.9,309.9,1300,39.7,124,0,0,0,0,0,0,LINE3-M01,2026-06-08T18:24:00,OP-110,MAT-8808
2706,M02706,M,300.3,312.2,1384,47.7,127,0,0,0,0,0,0,LINE3-M02,2026-06-08T18:30:00,OP-101,MAT-8801
2707,M02707,M,299.6,310.0,1508,17.9,130,1,0,0,1,0,0,LINE2-M01,2026-06-08T18:32:00,OP-101,MAT-8812
2708,L02708,L,300.4,309.3,1442,36.0,132,0,0,0,0,0,0,LINE2-M01,2026-06-08T18:34:00,OP-100,MAT-8804
2709,H02709,H,297.2,307.6,1410,35.2,137,0,0,0,0,0,0,LINE2-M01,2026-06-08T18:36:00,OP-111,MAT-8802
2710,H02710,H,300.1,309.2,1257,28.0,142,0,0,0,0,0,0,LINE2-M02,2026-06-08T18:39:00,OP-104,MAT-8817
2711,L02711,L,302.1,311.3,1471,48.9,144,0,0,0,0,0,0,LINE1-M02,2026-06-08T18:42:00,OP-100,MAT-8815
2712,M02712,M,299.6,309.4,1253,52.9,147,0,0,0,0,0,0,LINE1-M01,2026-06-08T18:48:00,OP-108,MAT-8812
2713,M02713,M,301.3,312.2,1599,29.3,150,0,0,0,0,0,0,LINE2-M01,2026-06-08T18:50:00,OP-103,MAT-8804
2714,L02714,L,301.0,311.5,1390,56.0,152,0,0,0,0,0,0,LINE1-M02,2026-06-08T18:52:00,OP-107,MAT-8800
2715,H02715,H,299.2,308.8,1538,29.0,157,0,0,0,0,0,0,LINE2-M01,2026-06-08T18:54:00,OP-101,MAT-8804
2716,H02716,H,301.1,310.4,1456,44.1,162,0,0,0,0,0,0,LINE3-M01,2026-06-08T18:59:00,OP-109,MAT-8806
2717,H02717,H,299.5,310.5,1305,44.1,167,0,0,0,0,0,0,LINE2-M01,2026-06-08T19:03:00,OP-109,MAT-8802
2718,L02718,L,302.1,313.2,1220,43.3,169,0,0,0,0,0,0,LINE2-M01,2026-06-08T19:08:00,OP-110,MAT-8812
2719,L02719,L,304.4,315.5,1377,34.8,171,0,0,0,0,0,0,LINE1-M02,2026-06-08T19:11:00,OP-104,MAT-8801
2720,L02720,L,302.6,313.1,1689,45.4,173,0,0,0,0,0,0,LINE1-M02,2026-06-08T19:15:00,OP-109,MAT-8813
2721,L02721,L,297.8,306.6,1642,33.6,175,0,0,0,0,0,0,LINE2-M01,2026-06-08T19:19:00,OP-105,MAT-8805
2722,M02722,M,298.0,309.0,1434,30.7,178,0,0,0,0,0,0,LINE2-M02,2026-06-08T19:23:00,OP-111,MAT-8802
2723,M02723,M,300.1,310.0,1775,39.3,181,0,0,0,0,0,0,LINE3-M02,2026-06-08T19:29:00,OP-106,MAT-8812
2724,H02724,H,301.9,312.6,1400,47.2,186,0,0,0,0,0,0,LINE1-M01,2026-06-08T19:32:00,OP-105,MAT-8803
2725,L02725,L,297.9,306.5,1596,39.6,188,0,0,0,0,0,0,LINE2-M02,2026-06-08T19:37:00,OP-103,MAT-8811
2726,M02726,M,300.2,310.7,1312,34.2,191,0,0,0,0,0,0,LINE2-M01,2026-06-08T19:40:00,OP-107,MAT-8804
2727,M02727,M,300.1,309.4,1556,28.0,194,0,0,0,0,0,0,LINE1-M02,2026-06-08T19:44:00,OP-106,MAT-8800
2728,L02728,L,300.6,311.2,1808,39.2,196,0,0,0,0,0,0,LINE1-M01,2026-06-08T19:48:00,OP-100,MAT-8812
2729,H02729,H,298.6,307.8,1558,32.8,201,1,1,0,0,0,0,LINE1-M02,2026-06-08T19:52:00,OP-101,MAT-8800
2730,H02730,H,300.1,310.0,1168,44.7,206,1,1,0,0,0,0,LINE2-M01,2026-06-08T19:54:00,OP-108,MAT-8804
2731,M02731,M,297.6,308.6,1547,40.7,209,0,0,0,0,0,0,LINE1-M01,2026-06-08T19:57:00,OP-108,MAT-8804
2732,L02732,L,299.8,310.6,1496,48.2,211,0,0,0,0,0,0,LINE2-M02,2026-06-08T20:01:00,OP-102,MAT-8816
2733,L02733,L,299.4,309.6,1799,58.6,213,1,0,0,1,1,0,LINE1-M02,2026-06-08T20:03:00,OP-101,MAT-8801
2734,L02734,L,298.3,308.2,1168,40.9,215,0,0,0,0,0,0,LINE2-M01,2026-06-08T20:06:00,OP-105,MAT-8806
2735,H02735,H,300.8,309.8,1577,57.1,220,1,1,0,1,0,0,LINE3-M01,2026-06-08T20:09:00,OP-100,MAT-8813
2736,M02736,M,300.2,310.8,1383,33.3,223,0,0,0,0,0,0,LINE3-M01,2026-06-08T20:14:00,OP-100,MAT-8804
2737,M02737,M,302.9,313.1,1461,26.0,226,1,1,0,0,0,0,LINE3-M02,2026-06-08T20:16:00,OP-111,MAT-8810
2738,H02738,H,300.7,310.4,1761,41.0,231,0,0,0,0,0,0,LINE2-M02,2026-06-08T20:20:00,OP-107,MAT-8809
2739,L02739,L,300.7,309.0,1552,49.4,233,1,1,0,0,1,0,LINE3-M01,2026-06-08T20:26:00,OP-100,MAT-8812
2740,M02740,M,300.3,310.5,1572,16.4,236,1,1,0,1,0,0,LINE3-M01,2026-06-08T20:31:00,OP-110,MAT-8804
2741,M02741,M,300.7,309.8,1707,46.3,239,1,1,0,0,0,0,LINE3-M01,2026-06-08T20:36:00,OP-105,MAT-8810
2742,L02742,L,299.1,309.7,1694,35.5,0,0,0,0,0,0,0,LINE2-M01,2026-06-08T20:42:00,OP-109,MAT-8800
2743,L02743,L,300.6,310.7,1379,70.8,2,1,0,0,1,0,0,LINE2-M01,2026-06-08T20:46:00,OP-108,MAT-8819
2744,M02744,M,300.4,309.3,1693,40.3,5,0,0,0,0,0,0,LINE1-M02,2026-06-08T20:49:00,OP-104,MAT-8811
2745,L02745,L,299.0,309.3,1683,45.3,7,0,0,0,0,0,0,LINE2-M01,2026-06-08T20:54:00,OP-103,MAT-8813
2746,M02746,M,299.2,307.7,1199,36.6,10,1,0,1,0,0,0,LINE2-M01,2026-06-08T20:57:00,OP-110,MAT-8800
2747,L02747,L,299.0,309.7,1523,46.8,12,0,0,0,0,0,0,LINE2-M02,2026-06-08T21:01:00,OP-107,MAT-8805
2748,M02748,M,298.8,307.8,1725,41.0,15,0,0,0,0,0,0,LINE1-M01,2026-06-08T21:04:00,OP-104,MAT-8805
2749,L02749,L,300.4,309.5,1433,33.1,17,0,0,0,0,0,0,LINE2-M01,2026-06-08T21:06:00,OP-104,MAT-8803
2750,M02750,M,300.6,310.9,1168,69.9,20,0,0,0,0,0,0,LINE2-M02,2026-06-08T21:08:00,OP-105,MAT-8814
2751,H02751,H,298.9,309.0,1791,36.2,25,0,0,0,0,0,0,LINE2-M02,2026-06-08T21:11:00,OP-100,MAT-8805
2752,M02752,M,300.6,310.9,1713,40.0,28,0,0,0,0,0,0,LINE1-M01,2026-06-08T21:14:00,OP-109,MAT-8810
2753,M02753,M,301.3,313.2,2038,16.4,31,0,0,0,0,0,0,LINE2-M01,2026-06-08T21:16:00,OP-108,MAT-8812
2754,H02754,H,300.7,310.5,1417,35.3,36,0,0,0,0,0,0,LINE2-M02,2026-06-08T21:22:00,OP-102,MAT-8819
2755,L02755,L,298.1,307.9,1606,29.2,38,0,0,0,0,0,0,LINE3-M01,2026-06-08T21:25:00,OP-102,MAT-8800
2756,M02756,M,298.3,307.3,1389,43.9,41,0,0,0,0,0,0,LINE1-M02,2026-06-08T21:28:00,OP-110,MAT-8807
2757,H02757,H,298.7,311.1,2480,14.7,46,0,0,0,0,0,0,LINE1-M02,2026-06-08T21:33:00,OP-103,MAT-8804
2758,L02758,L,299.7,310.9,1346,45.6,48,0,0,0,0,0,0,LINE3-M01,2026-06-08T21:36:00,OP-108,MAT-8801
2759,L02759,L,298.8,308.9,1817,58.8,50,1,0,0,1,0,0,LINE1-M01,2026-06-08T21:39:00,OP-106,MAT-8803
2760,H02760,H,295.5,306.8,1741,41.2,55,0,0,0,0,0,0,LINE2-M01,2026-06-08T21:45:00,OP-109,MAT-8801
2761,L02761,L,302.7,312.7,1168,26.5,57,1,0,0,1,0,0,LINE2-M01,2026-06-08T21:49:00,OP-106,MAT-8804
2762,M02762,M,298.1,307.4,1447,41.2,60,0,0,0,0,0,0,LINE3-M02,2026-06-08T21:55:00,OP-105,MAT-8819
2763,M02763,M,297.7,308.2,1435,42.1,63,0,0,0,0,0,0,LINE1-M01,2026-06-08T21:58:00,OP-104,MAT-8811
2764,H02764,H,296.9,308.8,1856,49.9,68,1,0,0,1,0,0,LINE2-M01,2026-06-08T22:03:00,OP-104,MAT-8810
2765,L02765,L,299.4,309.9,1499,44.0,70,0,0,0,0,0,0,LINE2-M01,2026-06-08T22:07:00,OP-110,MAT-8819
2766,H02766,H,298.1,306.5,1443,29.8,75,0,0,0,0,0,0,LINE2-M02,2026-06-08T22:12:00,OP-105,MAT-8801
2767,L02767,L,302.3,313.7,1530,32.1,77,0,0,0,0,0,0,LINE1-M01,2026-06-08T22:17:00,OP-100,MAT-8818
2768,L02768,L,302.1,311.4,1572,35.1,79,0,0,0,0,0,0,LINE3-M01,2026-06-08T22:22:00,OP-106,MAT-8802
2769,M02769,M,300.3,310.7,1259,29.9,82,0,0,0,0,0,0,LINE2-M02,2026-06-08T22:24:00,OP-110,MAT-8817
2770,L02770,L,301.0,311.2,1259,34.2,84,0,0,0,0,0,0,LINE1-M02,2026-06-08T22:29:00,OP-103,MAT-8804
2771,M02771,M,300.3,310.0,1569,49.8,87,0,0,0,0,0,0,LINE1-M01,2026-06-08T22:35:00,OP-102,MAT-8812
2772,M02772,M,300.9,309.8,1833,31.7,90,0,0,0,0,0,0,LINE1-M02,2026-06-08T22:40:00,OP-101,MAT-8802
2773,M02773,M,298.4,306.9,1690,38.9,93,0,0,0,0,0,0,LINE1-M01,2026-06-08T22:42:00,OP-107,MAT-8810
2774,L02774,L,298.4,308.1,1527,41.0,95,0,0,0,0,0,0,LINE1-M01,2026-06-08T22:45:00,OP-103,MAT-8804
2775,H02775,H,299.3,307.4,1567,44.1,100,0,0,0,0,0,0,LINE2-M01,2026-06-08T22:50:00,OP-102,MAT-8815
2776,L02776,L,300.9,310.9,1419,41.9,102,0,0,0,0,0,0,LINE3-M02,2026-06-08T22:53:00,OP-106,MAT-8810
2777,M02777,M,296.0,306.5,1187,36.1,105,0,0,0,0,0,0,LINE1-M01,2026-06-08T22:59:00,OP-101,MAT-8803
2778,L02778,L,298.6,309.3,1168,42.1,107,0,0,0,0,0,0,LINE1-M02,2026-06-08T23:03:00,OP-106,MAT-8809
2779,L02779,L,300.1,310.6,1168,37.9,109,0,0,0,0,0,0,LINE1-M01,2026-06-08T23:07:00,OP-107,MAT-8805
2780,M02780,M,299.3,309.2,1645,37.5,112,0,0,0,0,0,0,LINE2-M02,2026-06-08T23:10:00,OP-110,MAT-8812
2781,H02781,H,299.0,307.2,1924,31.9,117,0,0,0,0,0,0,LINE2-M02,2026-06-08T23:15:00,OP-108,MAT-8809
2782,M02782,M,302.5,311.0,1552,34.3,120,0,0,0,0,0,0,LINE2-M02,2026-06-08T23:21:00,OP-101,MAT-8800
2783,L02783,L,300.9,310.8,1497,16.2,122,1,0,0,1,0,0,LINE3-M01,2026-06-08T23:26:00,OP-109,MAT-8813
2784,L02784,L,298.1,308.7,1690,21.7,124,0,0,0,0,0,0,LINE2-M02,2026-06-08T23:29:00,OP-111,MAT-8815
2785,L02785,L,300.7,310.7,1309,42.5,126,0,0,0,0,0,0,LINE3-M02,2026-06-08T23:31:00,OP-109,MAT-8806
2786,M02786,M,297.1,306.7,1383,49.4,129,0,0,0,0,0,0,LINE3-M01,2026-06-08T23:34:00,OP-104,MAT-8813
2787,M02787,M,298.7,310.4,1292,45.2,132,0,0,0,0,0,0,LINE2-M02,2026-06-08T23:38:00,OP-108,MAT-8800
2788,L02788,L,301.8,313.5,1168,49.6,134,0,0,0,0,0,0,LINE1-M02,2026-06-08T23:43:00,OP-101,MAT-8816
2789,L02789,L,298.3,307.9,1256,30.6,136,0,0,0,0,0,0,LINE3-M01,2026-06-08T23:46:00,OP-101,MAT-8809
2790,L02790,L,303.6,313.7,1434,40.4,138,0,0,0,0,0,0,LINE1-M01,2026-06-08T23:49:00,OP-107,MAT-8804
2791,M02791,M,298.9,308.7,1168,30.9,141,0,0,0,0,0,0,LINE3-M02,2026-06-08T23:51:00,OP-107,MAT-8812
2792,L02792,L,303.5,312.7,1252,24.4,143,1,0,0,1,0,0,LINE3-M02,2026-06-08T23:54:00,OP-103,MAT-8800
2793,L02793,L,299.5,307.1,1863,34.0,145,0,0,0,0,0,0,LINE3-M02,2026-06-08T23:58:00,OP-102,MAT-8812
2794,M02794,M,299.5,309.7,1232,33.3,148,0,0,0,0,0,0,LINE2-M02,2026-06-09T00:01:00,OP-110,MAT-8818
2795,L02795,L,300.2,309.9,1762,29.3,150,0,0,0,0,0,0,LINE3-M02,2026-06-09T00:07:00,OP-107,MAT-8802
2796,M02796,M,298.4,307.8,1590,41.4,153,0,0,0,0,0,0,LINE3-M02,2026-06-09T00:11:00,OP-106,MAT-8819
2797,H02797,H,297.9,307.9,1352,39.9,158,0,0,0,0,0,0,LINE3-M01,2026-06-09T00:15:00,OP-101,MAT-8806
2798,M02798,M,299.0,310.0,1476,52.9,161,0,0,0,0,0,0,LINE1-M02,2026-06-09T00:21:00,OP-100,MAT-8800
2799,H02799,H,300.2,309.0,1731,39.4,166,0,0,0,0,0,0,LINE2-M01,2026-06-09T00:26:00,OP-108,MAT-8801
2800,L02800,L,300.4,310.3,1168,39.6,168,0,0,0,0,0,0,LINE2-M02,2026-06-09T00:28:00,OP-110,MAT-8802
2801,L02801,L,302.5,313.3,1234,44.6,170,0,0,0,0,0,0,LINE2-M02,2026-06-09T00:33:00,OP-101,MAT-8806
2802,L02802,L,298.9,308.2,1620,39.9,172,0,0,0,0,0,0,LINE3-M01,2026-06-09T00:39:00,OP-107,MAT-8809
2803,H02803,H,300.3,310.0,1647,34.5,177,0,0,0,0,0,0,LINE3-M01,2026-06-09T00:45:00,OP-101,MAT-8812
2804,M02804,M,299.7,309.8,1389,36.1,180,0,0,0,0,0,0,LINE2-M02,2026-06-09T00:50:00,OP-100,MAT-8802
2805,M02805,M,298.6,309.3,1227,42.0,183,0,0,0,0,0,0,LINE2-M01,2026-06-09T00:52:00,OP-107,MAT-8803
2806,L02806,L,297.7,307.1,1683,26.6,185,0,0,0,0,0,0,LINE3-M02,2026-06-09T00:57:00,OP-101,MAT-8802
2807,H02807,H,304.3,315.2,1588,58.5,190,1,0,0,1,0,0,LINE3-M01,2026-06-09T01:01:00,OP-110,MAT-8806
2808,M02808,M,301.9,310.8,1168,47.0,193,0,0,0,0,0,0,LINE1-M02,2026-06-09T01:07:00,OP-103,MAT-8808
2809,L02809,L,297.0,306.6,1513,44.9,195,0,0,0,0,0,0,LINE2-M01,2026-06-09T01:11:00,OP-108,MAT-8811
2810,M02810,M,298.0,308.4,1168,61.4,198,1,0,0,0,1,0,LINE3-M01,2026-06-09T01:17:00,OP-104,MAT-8805
2811,L02811,L,303.6,312.0,1324,49.2,200,1,0,1,0,0,0,LINE1-M01,2026-06-09T01:23:00,OP-110,MAT-8810
2812,L02812,L,301.2,311.3,1511,43.8,202,0,0,0,0,0,0,LINE1-M01,2026-06-09T01:26:00,OP-108,MAT-8810
2813,L02813,L,303.8,313.4,1726,45.4,204,1,1,0,0,0,0,LINE2-M01,2026-06-09T01:31:00,OP-104,MAT-8810
2814,L02814,L,301.1,311.6,1248,48.8,206,1,1,0,0,0,0,LINE2-M02,2026-06-09T01:35:00,OP-101,MAT-8807
2815,M02815,M,299.0,309.1,1869,17.1,209,1,0,0,1,0,0,LINE3-M02,2026-06-09T01:37:00,OP-103,MAT-8817
2816,M02816,M,300.9,312.4,1435,57.4,212,1,0,0,0,1,0,LINE2-M01,2026-06-09T01:43:00,OP-105,MAT-8804
2817,M02817,M,303.4,314.3,1334,59.7,215,1,1,0,0,1,0,LINE1-M01,2026-06-09T01:48:00,OP-101,MAT-8801
2818,L02818,L,300.7,310.8,1653,44.8,217,0,0,0,0,0,0,LINE2-M02,2026-06-09T01:50:00,OP-111,MAT-8814
2819,H02819,H,299.6,308.0,1594,47.2,222,0,0,0,0,0,0,LINE1-M02,2026-06-09T01:55:00,OP-101,MAT-8812
2820,L02820,L,297.8,308.1,1458,49.8,224,1,0,0,0,1,0,LINE2-M02,2026-06-09T02:00:00,OP-104,MAT-8801
2821,M02821,M,301.8,311.1,1487,31.5,227,1,1,0,0,0,0,LINE1-M02,2026-06-09T02:02:00,OP-102,MAT-8805
2822,M02822,M,299.7,309.1,1496,41.3,230,0,0,0,0,0,0,LINE1-M01,2026-06-09T02:08:00,OP-102,MAT-8802
2823,M02823,M,297.7,306.9,1302,62.6,233,1,1,0,0,1,0,LINE2-M01,2026-06-09T02:10:00,OP-105,MAT-8809
2824,H02824,H,299.8,309.9,1791,35.4,238,1,1,0,0,0,0,LINE1-M01,2026-06-09T02:14:00,OP-100,MAT-8802
2825,L02825,L,300.8,310.1,1229,35.1,240,1,1,0,0,0,0,LINE2-M01,2026-06-09T02:19:00,OP-110,MAT-8808
2826,L02826,L,301.6,313.1,1892,35.9,0,0,0,0,0,0,0,LINE2-M01,2026-06-09T02:23:00,OP-105,MAT-8815
2827,L02827,L,299.7,309.8,1168,42.8,2,0,0,0,0,0,0,LINE3-M01,2026-06-09T02:28:00,OP-104,MAT-8812
2828,H02828,H,299.3,308.4,1671,34.6,7,0,0,0,0,0,0,LINE2-M01,2026-06-09T02:33:00,OP-102,MAT-8800
2829,M02829,M,300.0,310.8,1287,36.8,10,0,0,0,0,0,0,LINE3-M02,2026-06-09T02:36:00,OP-106,MAT-8811
2830,M02830,M,299.1,309.3,1258,46.2,13,0,0,0,0,0,0,LINE2-M01,2026-06-09T02:40:00,OP-111,MAT-8815
2831,M02831,M,301.1,312.8,1981,34.9,16,0,0,0,0,0,0,LINE1-M02,2026-06-09T02:43:00,OP-110,MAT-8801
2832,L02832,L,299.4,308.5,1332,31.7,18,0,0,0,0,0,0,LINE1-M01,2026-06-09T02:47:00,OP-108,MAT-8810
2833,L02833,L,296.2,306.6,1168,42.1,20,0,0,0,0,0,0,LINE3-M01,2026-06-09T02:52:00,OP-111,MAT-8801
2834,M02834,M,297.5,307.4,1725,43.4,23,0,0,0,0,0,0,LINE2-M01,2026-06-09T02:55:00,OP-100,MAT-8802
2835,L02835,L,302.5,311.7,1705,47.4,25,0,0,0,0,0,0,LINE3-M01,2026-06-09T03:01:00,OP-101,MAT-8817
2836,L02836,L,299.4,310.8,1168,27.4,27,1,0,0,1,0,0,LINE3-M01,2026-06-09T03:05:00,OP-102,MAT-8816
2837,L02837,L,297.1,308.0,1336,43.2,29,0,0,0,0,0,0,LINE3-M01,2026-06-09T03:07:00,OP-100,MAT-8808
2838,H02838,H,303.3,313.1,1837,30.2,34,0,0,0,0,0,0,LINE2-M01,2026-06-09T03:12:00,OP-108,MAT-8800
2839,H02839,H,301.8,312.7,1210,55.0,39,0,0,0,0,0,0,LINE3-M01,2026-06-09T03:17:00,OP-105,MAT-8818
2840,H02840,H,297.1,306.6,1906,37.9,44,0,0,0,0,0,0,LINE1-M02,2026-06-09T03:22:00,OP-111,MAT-8807
2841,H02841,H,300.8,309.8,1468,45.2,49,0,0,0,0,0,0,LINE3-M01,2026-06-09T03:26:00,OP-110,MAT-8807
2842,M02842,M,296.1,306.7,1723,43.1,52,0,0,0,0,0,0,LINE2-M02,2026-06-09T03:32:00,OP-102,MAT-8803
2843,H02843,H,300.2,309.7,1295,44.9,57,0,0,0,0,0,0,LINE3-M01,2026-06-09T03:37:00,OP-107,MAT-8813
2844,L02844,L,299.1,307.3,1603,39.5,59,0,0,0,0,0,0,LINE2-M02,2026-06-09T03:42:00,OP-111,MAT-8803
2845,L02845,L,300.9,312.7,1825,42.6,61,0,0,0,0,0,0,LINE3-M01,2026-06-09T03:48:00,OP-106,MAT-8807
2846,L02846,L,298.2,309.6,1168,53.0,63,0,0,0,0,0,0,LINE1-M02,2026-06-09T03:50:00,OP-110,MAT-8805
2847,M02847,M,302.7,310.6,1881,34.9,66,0,0,0,0,0,0,LINE2-M02,2026-06-09T03:55:00,OP-107,MAT-8816
2848,M02848,M,299.9,311.3,1622,42.8,69,0,0,0,0,0,0,LINE1-M02,2026-06-09T04:00:00,OP-105,MAT-8805
2849,H02849,H,297.8,307.8,1686,48.5,74,0,0,0,0,0,0,LINE3-M01,2026-06-09T04:06:00,OP-107,MAT-8809
2850,H02850,H,297.3,306.1,1393,38.5,79,0,0,0,0,0,0,LINE1-M02,2026-06-09T04:08:00,OP-105,MAT-8819
2851,H02851,H,298.2,310.1,1222,45.3,84,0,0,0,0,0,0,LINE2-M02,2026-06-09T04:14:00,OP-104,MAT-8800
2852,L02852,L,297.0,305.0,1444,49.9,86,0,0,0,0,0,0,LINE1-M02,2026-06-09T04:20:00,OP-100,MAT-8802
2853,H02853,H,301.0,309.8,1783,57.0,91,1,0,0,1,0,0,LINE2-M02,2026-06-09T04:25:00,OP-108,MAT-8818
2854,H02854,H,301.7,311.5,1377,41.1,96,0,0,0,0,0,0,LINE1-M02,2026-06-09T04:29:00,OP-101,MAT-8803
2855,L02855,L,297.2,305.6,1769,32.6,98,0,0,0,0,0,0,LINE1-M01,2026-06-09T04:33:00,OP-111,MAT-8819
2856,L02856,L,300.5,310.2,1460,44.9,100,0,0,0,0,0,0,LINE2-M02,2026-06-09T04:39:00,OP-105,MAT-8814
2857,L02857,L,301.8,310.0,1663,50.1,102,0,0,0,0,0,0,LINE1-M01,2026-06-09T04:45:00,OP-101,MAT-8803
2858,L02858,L,296.1,305.9,1398,44.2,104,0,0,0,0,0,0,LINE3-M01,2026-06-09T04:50:00,OP-107,MAT-8808
2859,H02859,H,300.6,310.9,1168,26.8,109,1,0,0,1,0,0,LINE2-M01,2026-06-09T04:56:00,OP-102,MAT-8805
2860,H02860,H,297.5,307.0,1793,44.1,114,0,0,0,0,0,0,LINE1-M01,2026-06-09T04:59:00,OP-107,MAT-8806
2861,M02861,M,297.5,307.5,1168,41.0,117,0,0,0,0,0,0,LINE3-M02,2026-06-09T05:04:00,OP-102,MAT-8808
2862,L02862,L,299.3,308.9,1646,33.0,119,0,0,0,0,0,0,LINE1-M02,2026-06-09T05:08:00,OP-107,MAT-8802
2863,L02863,L,301.5,310.3,1339,42.3,121,0,0,0,0,0,0,LINE2-M02,2026-06-09T05:12:00,OP-104,MAT-8801
2864,M02864,M,301.9,311.9,1168,63.9,124,0,0,0,0,0,0,LINE2-M02,2026-06-09T05:16:00,OP-103,MAT-8808
2865,M02865,M,301.2,313.9,1475,42.7,127,0,0,0,0,0,0,LINE3-M02,2026-06-09T05:22:00,OP-105,MAT-8816
2866,M02866,M,299.4,311.5,1318,27.5,130,0,0,0,0,0,0,LINE3-M01,2026-06-09T05:26:00,OP-110,MAT-8811
2867,L02867,L,300.6,311.1,1646,48.3,132,0,0,0,0,0,0,LINE1-M02,2026-06-09T05:31:00,OP-106,MAT-8809
2868,L02868,L,299.6,309.8,1168,47.7,134,0,0,0,0,0,0,LINE2-M02,2026-06-09T05:36:00,OP-108,MAT-8815
2869,M02869,M,298.8,307.1,1756,34.5,137,0,0,0,0,0,0,LINE3-M02,2026-06-09T05:39:00,OP-109,MAT-8817
2870,M02870,M,300.4,309.3,1366,33.8,140,0,0,0,0,0,0,LINE3-M02,2026-06-09T05:44:00,OP-108,MAT-8801
2871,H02871,H,299.8,310.0,1987,55.8,145,1,0,0,1,0,0,LINE2-M01,2026-06-09T05:46:00,OP-109,MAT-8805
2872,H02872,H,299.9,311.1,1684,44.1,150,0,0,0,0,0,0,LINE1-M01,2026-06-09T05:50:00,OP-109,MAT-8801
2873,M02873,M,302.6,312.1,1417,38.4,153,0,0,0,0,0,0,LINE3-M02,2026-06-09T05:53:00,OP-104,MAT-8811
2874,H02874,H,298.3,307.1,1327,43.9,158,0,0,0,0,0,0,LINE1-M02,2026-06-09T05:55:00,OP-102,MAT-8810
2875,M02875,M,303.4,312.8,1493,43.3,161,0,0,0,0,0,0,LINE3-M01,2026-06-09T05:58:00,OP-104,MAT-8810
2876,L02876,L,301.4,312.2,1412,55.4,163,0,0,0,0,0,0,LINE2-M01,2026-06-09T06:01:00,OP-101,MAT-8804
2877,H02877,H,299.8,311.1,1459,48.7,168,0,0,0,0,0,0,LINE1-M02,2026-06-09T06:04:00,OP-109,MAT-8810
2878,M02878,M,301.2,310.3,1605,44.3,171,0,0,0,0,0,0,LINE1-M01,2026-06-09T06:06:00,OP-110,MAT-8811
2879,L02879,L,302.5,313.4,1929,43.8,173,0,0,0,0,0,0,LINE1-M02,2026-06-09T06:10:00,OP-104,MAT-8804
2880,L02880,L,300.5,310.5,2117,45.8,175,1,0,0,1,0,0,LINE1-M01,2026-06-09T06:14:00,OP-108,MAT-8811
2881,L02881,L,299.3,309.7,1561,38.1,177,0,0,0,0,0,0,LINE2-M02,2026-06-09T06:16:00,OP-100,MAT-8819
2882,M02882,M,301.8,311.1,1244,40.1,180,0,0,0,0,0,0,LINE3-M02,2026-06-09T06:21:00,OP-105,MAT-8811
2883,M02883,M,302.7,312.7,1367,61.1,183,0,0,0,0,0,0,LINE2-M01,2026-06-09T06:23:00,OP-107,MAT-8805
2884,H02884,H,299.9,311.1,1174,50.9,188,0,0,0,0,0,0,LINE2-M02,2026-06-09T06:28:00,OP-101,MAT-8804
2885,H02885,H,304.0,314.5,1604,27.5,193,0,0,0,0,0,0,LINE3-M01,2026-06-09T06:33:00,OP-106,MAT-8808
2886,H02886,H,300.4,310.9,1802,29.8,198,0,0,0,0,0,0,LINE1-M02,2026-06-09T06:39:00,OP-106,MAT-8805
2887,M02887,M,297.6,308.8,1329,36.6,201,0,0,0,0,0,0,LINE1-M02,2026-06-09T06:42:00,OP-103,MAT-8800
2888,M02888,M,297.4,307.6,1570,35.3,204,0,0,0,0,0,0,LINE3-M02,2026-06-09T06:47:00,OP-100,MAT-8809
2889,H02889,H,301.5,313.0,1645,31.6,209,0,0,0,0,0,0,LINE3-M01,2026-06-09T06:53:00,OP-102,MAT-8813
2890,L02890,L,299.3,309.3,1586,36.1,211,0,0,0,0,0,0,LINE2-M01,2026-06-09T06:56:00,OP-108,MAT-8817
2891,M02891,M,300.0,309.9,1631,35.6,214,1,1,0,0,0,0,LINE3-M02,2026-06-09T06:58:00,OP-110,MAT-8804
2892,M02892,M,299.3,309.2,1485,34.0,217,1,1,0,0,0,0,LINE1-M01,2026-06-09T07:04:00,OP-101,MAT-8807
2893,L02893,L,300.6,310.9,1827,20.6,219,1,1,0,0,0,0,LINE1-M01,2026-06-09T07:10:00,OP-111,MAT-8810
2894,H02894,H,301.5,310.4,1412,22.1,224,1,0,0,1,0,0,LINE3-M02,2026-06-09T07:13:00,OP-103,MAT-8813
2895,H02895,H,301.3,310.2,1578,38.4,229,1,1,0,0,0,0,LINE2-M01,2026-06-09T07:18:00,OP-110,MAT-8803
2896,L02896,L,299.2,308.2,1450,33.8,231,1,1,0,0,0,0,LINE2-M02,2026-06-09T07:21:00,OP-101,MAT-8814
2897,M02897,M,299.2,309.7,1451,43.7,234,1,1,0,0,0,0,LINE2-M01,2026-06-09T07:27:00,OP-109,MAT-8804
2898,M02898,M,300.0,311.7,1475,34.6,237,1,1,0,0,0,0,LINE3-M02,2026-06-09T07:30:00,OP-106,MAT-8815
2899,M02899,M,300.8,311.1,1425,37.1,240,1,1,0,0,0,0,LINE3-M02,2026-06-09T07:35:00,OP-105,MAT-8819
2900,L02900,L,301.9,312.5,2173,53.9,0,1,0,0,1,0,0,LINE1-M01,2026-06-09T07:37:00,OP-100,MAT-8804
2901,H02901,H,300.9,311.2,1693,36.7,5,0,0,0,0,0,0,LINE3-M02,2026-06-09T07:41:00,OP-100,MAT-8805
2902,M02902,M,302.1,310.3,1865,54.1,8,1,0,0,1,0,0,LINE1-M01,2026-06-09T07:43:00,OP-104,MAT-8800
2903,L02903,L,300.5,309.0,1408,32.2,10,0,0,0,0,0,0,LINE3-M01,2026-06-09T07:47:00,OP-108,MAT-8804
2904,L02904,L,299.1,308.3,1644,21.9,12,0,0,0,0,0,0,LINE1-M01,2026-06-09T07:49:00,OP-107,MAT-8805
2905,L02905,L,299.7,308.5,1749,29.6,14,0,0,0,0,0,0,LINE2-M02,2026-06-09T07:52:00,OP-100,MAT-8803
2906,M02906,M,301.0,310.4,1480,54.3,17,0,0,0,0,0,0,LINE3-M01,2026-06-09T07:58:00,OP-105,MAT-8807
2907,L02907,L,299.4,309.9,1168,32.8,19,0,0,0,0,0,0,LINE3-M02,2026-06-09T08:00:00,OP-108,MAT-8803
2908,L02908,L,304.5,314.6,1524,39.3,21,0,0,0,0,0,0,LINE3-M01,2026-06-09T08:06:00,OP-110,MAT-8815
2909,M02909,M,299.6,309.6,1178,39.9,24,0,0,0,0,0,0,LINE3-M02,2026-06-09T08:12:00,OP-110,MAT-8815
2910,H02910,H,303.1,313.1,1870,26.5,29,0,0,0,0,0,0,LINE1-M02,2026-06-09T08:15:00,OP-111,MAT-8803
2911,M02911,M,298.6,308.3,1431,36.6,32,0,0,0,0,0,0,LINE1-M02,2026-06-09T08:20:00,OP-108,MAT-8811
2912,M02912,M,296.3,305.6,1471,46.7,35,0,0,0,0,0,0,LINE1-M01,2026-06-09T08:24:00,OP-103,MAT-8814
2913,L02913,L,301.8,311.3,1538,48.6,37,0,0,0,0,0,0,LINE1-M02,2026-06-09T08:30:00,OP-110,MAT-8809
2914,L02914,L,300.3,310.1,1479,38.6,39,0,0,0,0,0,0,LINE3-M02,2026-06-09T08:33:00,OP-105,MAT-8810
2915,M02915,M,296.3,306.3,1679,32.1,42,0,0,0,0,0,0,LINE1-M01,2026-06-09T08:38:00,OP-107,MAT-8814
2916,L02916,L,300.3,310.9,1457,49.9,44,0,0,0,0,0,0,LINE2-M01,2026-06-09T08:41:00,OP-109,MAT-8811
2917,M02917,M,301.6,313.3,1168,47.2,47,0,0,0,0,0,0,LINE2-M01,2026-06-09T08:46:00,OP-100,MAT-8811
2918,L02918,L,302.8,315.3,1489,34.0,49,0,0,0,0,0,0,LINE2-M02,2026-06-09T08:52:00,OP-100,MAT-8805
2919,M02919,M,300.5,310.1,1292,44.5,52,0,0,0,0,0,0,LINE3-M02,2026-06-09T08:56:00,OP-101,MAT-8809
2920,L02920,L,297.6,307.7,1266,41.4,54,0,0,0,0,0,0,LINE1-M01,2026-06-09T09:01:00,OP-100,MAT-8809
2921,M02921,M,296.8,308.0,1549,51.6,57,0,0,0,0,0,0,LINE1-M01,2026-06-09T09:05:00,OP-105,MAT-8805
2922,L02922,L,298.0,307.1,1397,31.1,59,0,0,0,0,0,0,LINE3-M02,2026-06-09T09:11:00,OP-103,MAT-8813
2923,M02923,M,300.9,312.4,1282,43.0,62,0,0,0,0,0,0,LINE3-M02,2026-06-09T09:16:00,OP-109,MAT-8816
2924,M02924,M,297.5,308.1,1168,32.9,65,0,0,0,0,0,0,LINE1-M01,2026-06-09T09:19:00,OP-104,MAT-8817
2925,M02925,M,300.3,312.3,1540,52.9,68,0,0,0,0,0,0,LINE3-M01,2026-06-09T09:24:00,OP-111,MAT-8802
2926,L02926,L,300.7,311.4,1446,37.4,70,0,0,0,0,0,0,LINE1-M01,2026-06-09T09:30:00,OP-107,MAT-8801
2927,L02927,L,297.7,308.7,1545,31.8,72,0,0,0,0,0,0,LINE1-M02,2026-06-09T09:34:00,OP-111,MAT-8804
2928,L02928,L,301.0,312.4,1172,66.5,74,0,0,0,0,0,0,LINE1-M02,2026-06-09T09:40:00,OP-107,MAT-8803
2929,L02929,L,302.3,311.7,1871,28.8,76,0,0,0,0,0,0,LINE2-M01,2026-06-09T09:46:00,OP-107,MAT-8810
2930,L02930,L,298.8,308.4,1179,49.5,78,0,0,0,0,0,0,LINE3-M02,2026-06-09T09:52:00,OP-109,MAT-8815
2931,L02931,L,298.7,306.9,1517,27.0,80,0,0,0,0,0,0,LINE1-M01,2026-06-09T09:56:00,OP-101,MAT-8815
2932,L02932,L,302.2,312.4,1168,28.1,82,1,0,0,1,0,0,LINE2-M02,2026-06-09T10:00:00,OP-108,MAT-8803
2933,M02933,M,299.5,308.5,1880,19.5,85,0,0,0,0,0,0,LINE2-M01,2026-06-09T10:02:00,OP-110,MAT-8810
2934,L02934,L,298.4,307.7,1220,50.6,87,0,0,0,0,0,0,LINE1-M02,2026-06-09T10:04:00,OP-105,MAT-8811
2935,L02935,L,304.2,314.7,1208,32.6,89,0,0,0,0,0,0,LINE2-M02,2026-06-09T10:06:00,OP-109,MAT-8813
2936,H02936,H,299.4,309.2,1518,46.2,94,0,0,0,0,0,0,LINE1-M01,2026-06-09T10:12:00,OP-106,MAT-8816
2937,M02937,M,300.9,312.1,1430,27.9,97,0,0,0,0,0,0,LINE2-M01,2026-06-09T10:14:00,OP-106,MAT-8815
2938,M02938,M,300.6,310.4,1315,25.8,100,0,0,0,0,0,0,LINE1-M01,2026-06-09T10:19:00,OP-106,MAT-8803
2939,M02939,M,301.6,312.5,1265,49.7,103,0,0,0,0,0,0,LINE3-M01,2026-06-09T10:23:00,OP-100,MAT-8809
2940,L02940,L,301.0,310.8,1214,49.9,105,0,0,0,0,0,0,LINE2-M02,2026-06-09T10:29:00,OP-105,MAT-8816
2941,H02941,H,298.4,309.2,1300,42.6,110,0,0,0,0,0,0,LINE3-M01,2026-06-09T10:32:00,OP-102,MAT-8815
2942,H02942,H,302.0,311.8,1168,46.1,115,0,0,0,0,0,0,LINE2-M02,2026-06-09T10:35:00,OP-101,MAT-8814
2943,H02943,H,296.3,306.5,1591,43.6,120,0,0,0,0,0,0,LINE3-M01,2026-06-09T10:39:00,OP-110,MAT-8808
2944,L02944,L,299.4,309.1,1293,45.7,122,0,0,0,0,0,0,LINE3-M01,2026-06-09T10:41:00,OP-111,MAT-8806
2945,M02945,M,301.9,313.2,1218,33.4,125,0,0,0,0,0,0,LINE3-M02,2026-06-09T10:44:00,OP-105,MAT-8808
2946,L02946,L,297.9,306.6,1168,30.5,127,0,0,0,0,0,0,LINE1-M01,2026-06-09T10:48:00,OP-105,MAT-8812
2947,H02947,H,301.3,310.4,1704,50.5,132,1,0,0,1,0,0,LINE3-M02,2026-06-09T10:53:00,OP-108,MAT-8810
2948,H02948,H,298.5,308.1,1702,37.7,137,0,0,0,0,0,0,LINE3-M01,2026-06-09T10:57:00,OP-108,MAT-8819
2949,L02949,L,300.1,309.0,1168,48.4,139,0,0,0,0,0,0,LINE2-M01,2026-06-09T11:00:00,OP-106,MAT-8812
2950,M02950,M,299.4,310.2,1574,43.3,142,0,0,0,0,0,0,LINE2-M01,2026-06-09T11:06:00,OP-106,MAT-8814
2951,M02951,M,301.2,312.6,1745,43.1,145,0,0,0,0,0,0,LINE3-M02,2026-06-09T11:09:00,OP-100,MAT-8805
2952,L02952,L,297.5,308.1,1697,40.6,147,0,0,0,0,0,0,LINE1-M01,2026-06-09T11:13:00,OP-100,MAT-8813
2953,M02953,M,299.9,309.5,1472,42.9,150,0,0,0,0,0,0,LINE1-M01,2026-06-09T11:15:00,OP-110,MAT-8809
2954,M02954,M,295.6,305.6,1427,37.3,153,0,0,0,0,0,0,LINE1-M01,2026-06-09T11:19:00,OP-102,MAT-8808
2955,L02955,L,303.3,312.2,1659,44.1,155,0,0,0,0,0,0,LINE2-M02,2026-06-09T11:25:00,OP-106,MAT-8811
2956,M02956,M,298.7,308.6,1699,52.2,158,1,0,0,1,0,0,LINE2-M02,2026-06-09T11:27:00,OP-104,MAT-8800
2957,M02957,M,301.9,313.3,1369,53.5,161,0,0,0,0,0,0,LINE1-M02,2026-06-09T11:32:00,OP-104,MAT-8804
2958,L02958,L,303.4,313.3,1316,27.8,163,0,0,0,0,0,0,LINE1-M01,2026-06-09T11:38:00,OP-106,MAT-8802
2959,L02959,L,297.4,307.6,1408,51.9,165,0,0,0,0,0,0,LINE2-M01,2026-06-09T11:44:00,OP-111,MAT-8818
2960,M02960,M,299.9,309.1,1541,31.4,168,0,0,0,0,0,0,LINE2-M02,2026-06-09T11:47:00,OP-111,MAT-8812
2961,L02961,L,300.1,310.4,1604,53.9,170,1,0,0,1,0,0,LINE1-M02,2026-06-09T11:50:00,OP-103,MAT-8807
2962,L02962,L,299.8,311.4,1633,44.8,172,0,0,0,0,0,0,LINE3-M01,2026-06-09T11:52:00,OP-104,MAT-8804
2963,M02963,M,301.6,311.9,1566,28.6,175,0,0,0,0,0,0,LINE2-M01,2026-06-09T11:57:00,OP-108,MAT-8806
2964,L02964,L,298.6,307.6,1538,47.5,177,0,0,0,0,0,0,LINE3-M01,2026-06-09T12:03:00,OP-103,MAT-8808
2965,M02965,M,297.7,307.4,1644,42.4,180,0,0,0,0,0,0,LINE2-M02,2026-06-09T12:09:00,OP-109,MAT-8808
2966,L02966,L,298.5,308.2,1488,41.3,182,0,0,0,0,0,0,LINE1-M02,2026-06-09T12:13:00,OP-103,MAT-8817
2967,L02967,L,302.6,311.8,1399,42.7,184,0,0,0,0,0,0,LINE2-M01,2026-06-09T12:17:00,OP-107,MAT-8808
2968,L02968,L,302.5,312.8,1422,44.6,186,0,0,0,0,0,0,LINE1-M02,2026-06-09T12:21:00,OP-109,MAT-8808
2969,M02969,M,299.6,309.6,1562,58.0,189,1,0,0,1,0,0,LINE3-M02,2026-06-09T12:26:00,OP-104,MAT-8810
2970,L02970,L,298.8,308.9,1436,54.2,191,0,0,0,0,0,0,LINE1-M01,2026-06-09T12:31:00,OP-100,MAT-8801
2971,M02971,M,300.0,308.6,1411,35.7,194,0,0,0,0,0,0,LINE2-M01,2026-06-09T12:37:00,OP-104,MAT-8809
2972,H02972,H,296.3,308.0,1651,35.6,199,0,0,0,0,0,0,LINE2-M02,2026-06-09T12:42:00,OP-109,MAT-8817
2973,L02973,L,299.5,310.1,1439,49.5,201,0,0,0,0,0,0,LINE2-M01,2026-06-09T12:44:00,OP-106,MAT-8818
2974,H02974,H,299.4,310.0,1450,38.6,206,0,0,0,0,0,0,LINE1-M01,2026-06-09T12:46:00,OP-103,MAT-8816
2975,L02975,L,301.1,310.4,1300,37.0,208,0,0,0,0,0,0,LINE1-M02,2026-06-09T12:51:00,OP-106,MAT-8815
2976,M02976,M,300.2,310.7,1466,44.0,211,0,0,0,0,0,0,LINE1-M02,2026-06-09T12:55:00,OP-100,MAT-8803
2977,L02977,L,301.2,310.4,1603,62.4,213,1,0,0,1,1,0,LINE1-M02,2026-06-09T12:58:00,OP-111,MAT-8806
2978,H02978,H,298.8,308.3,2204,48.7,218,1,0,0,1,0,0,LINE1-M02,2026-06-09T13:02:00,OP-106,MAT-8813
2979,H02979,H,300.9,309.3,1996,33.8,223,0,0,0,0,0,0,LINE2-M01,2026-06-09T13:08:00,OP-107,MAT-8817
2980,L02980,L,302.1,310.5,1754,27.4,225,1,1,0,0,0,0,LINE1-M01,2026-06-09T13:12:00,OP-105,MAT-8801
2981,H02981,H,299.8,308.6,1526,41.4,230,1,1,0,0,0,0,LINE3-M01,2026-06-09T13:16:00,OP-110,MAT-8813
2982,M02982,M,298.2,308.3,1389,41.9,233,1,1,0,0,0,0,LINE2-M02,2026-06-09T13:19:00,OP-103,MAT-8800
2983,L02983,L,300.9,310.1,1278,38.9,235,1,1,0,0,0,0,LINE1-M01,2026-06-09T13:23:00,OP-100,MAT-8809
2984,L02984,L,302.7,313.0,1549,45.1,237,1,1,0,0,0,0,LINE2-M02,2026-06-09T13:29:00,OP-100,MAT-8806
2985,M02985,M,298.6,308.6,1827,39.0,240,1,1,0,0,0,0,LINE3-M02,2026-06-09T13:33:00,OP-103,MAT-8819
2986,L02986,L,298.6,308.4,1676,38.1,0,0,0,0,0,0,0,LINE3-M01,2026-06-09T13:35:00,OP-110,MAT-8804
2987,L02987,L,298.9,308.6,1168,46.5,2,0,0,0,0,0,0,LINE3-M01,2026-06-09T13:40:00,OP-107,MAT-8807
2988,L02988,L,299.9,308.8,1541,15.7,4,1,0,0,1,0,0,LINE2-M02,2026-06-09T13:45:00,OP-102,MAT-8813
2989,M02989,M,301.6,311.7,1794,40.8,7,0,0,0,0,0,0,LINE3-M02,2026-06-09T13:51:00,OP-107,MAT-8808
2990,H02990,H,299.7,310.4,1673,50.1,12,0,0,0,0,0,0,LINE3-M01,2026-06-09T13:55:00,OP-104,MAT-8816
2991,L02991,L,297.4,307.4,1700,8.6,14,1,0,0,1,0,0,LINE2-M01,2026-06-09T14:00:00,OP-103,MAT-8815
2992,L02992,L,301.4,312.8,1499,48.1,16,0,0,0,0,0,0,LINE2-M02,2026-06-09T14:05:00,OP-105,MAT-8802
2993,L02993,L,303.4,314.0,2203,29.7,18,0,0,0,0,0,0,LINE2-M02,2026-06-09T14:07:00,OP-103,MAT-8806
2994,L02994,L,297.3,307.1,1630,41.7,20,0,0,0,0,0,0,LINE3-M02,2026-06-09T14:09:00,OP-111,MAT-8801
2995,L02995,L,300.1,310.1,1878,36.8,22,0,0,0,0,0,0,LINE3-M02,2026-06-09T14:12:00,OP-111,MAT-8808
2996,L02996,L,302.4,312.8,2195,32.7,24,0,0,0,0,0,0,LINE2-M01,2026-06-09T14:17:00,OP-105,MAT-8805
2997,H02997,H,300.5,311.6,1168,47.6,29,0,0,0,0,0,0,LINE3-M01,2026-06-09T14:19:00,OP-100,MAT-8808
2998,L02998,L,296.6,306.3,1168,39.1,31,0,0,0,0,0,0,LINE1-M01,2026-06-09T14:21:00,OP-104,MAT-8818
2999,M02999,M,298.9,309.6,1889,42.9,34,0,0,0,0,0,0,LINE3-M02,2026-06-09T14:27:00,OP-105,MAT-8802
3000,L03000,L,298.7,308.3,1678,42.2,36,0,0,0,0,0,0,LINE3-M02,2026-06-09T14:30:00,OP-104,MAT-8812
3001,L03001,L,304.2,313.5,1286,52.3,38,0,0,0,0,0,0,LINE1-M02,2026-06-09T14:35:00,OP-108,MAT-8815
3002,H03002,H,300.2,308.6,1808,38.6,43,0,0,0,0,0,0,LINE3-M02,2026-06-09T14:40:00,OP-108,MAT-8804
3003,M03003,M,299.6,310.0,1426,23.5,46,0,0,0,0,0,0,LINE2-M02,2026-06-09T14:45:00,OP-100,MAT-8816
3004,M03004,M,299.1,310.8,1958,29.3,49,0,0,0,0,0,0,LINE1-M01,2026-06-09T14:48:00,OP-109,MAT-8805
3005,L03005,L,300.6,312.4,1555,53.0,51,0,0,0,0,0,0,LINE2-M01,2026-06-09T14:52:00,OP-109,MAT-8817
3006,M03006,M,302.3,312.8,1773,45.6,54,0,0,0,0,0,0,LINE1-M01,2026-06-09T14:56:00,OP-101,MAT-8817
3007,M03007,M,299.1,309.0,1250,18.8,57,1,0,0,1,0,0,LINE1-M01,2026-06-09T14:59:00,OP-104,MAT-8814
3008,L03008,L,298.3,309.8,1682,57.7,59,1,0,0,1,0,0,LINE2-M02,2026-06-09T15:02:00,OP-104,MAT-8803
3009,L03009,L,296.9,308.8,1530,25.8,61,0,0,0,0,0,0,LINE3-M01,2026-06-09T15:07:00,OP-105,MAT-8802
3010,L03010,L,302.3,310.9,1909,53.0,63,1,0,0,1,0,0,LINE2-M02,2026-06-09T15:12:00,OP-107,MAT-8815
3011,M03011,M,300.8,310.7,1355,50.5,66,0,0,0,0,0,0,LINE2-M02,2026-06-09T15:15:00,OP-103,MAT-8808
3012,L03012,L,298.6,308.4,1610,40.1,68,0,0,0,0,0,0,LINE3-M02,2026-06-09T15:18:00,OP-110,MAT-8805
3013,L03013,L,300.3,312.4,1386,26.8,70,0,0,0,0,0,0,LINE3-M01,2026-06-09T15:24:00,OP-109,MAT-8816
3014,L03014,L,302.3,311.8,1275,47.6,72,0,0,0,0,0,0,LINE3-M02,2026-06-09T15:27:00,OP-105,MAT-8811
3015,L03015,L,297.7,308.7,1540,23.6,74,0,0,0,0,0,0,LINE2-M01,2026-06-09T15:32:00,OP-103,MAT-8817
3016,M03016,M,299.1,309.8,1547,36.2,77,0,0,0,0,0,0,LINE3-M01,2026-06-09T15:38:00,OP-108,MAT-8801
3017,L03017,L,304.1,313.0,1168,33.9,79,0,0,0,0,0,0,LINE2-M01,2026-06-09T15:42:00,OP-104,MAT-8804
3018,M03018,M,295.6,306.9,1480,32.1,82,0,0,0,0,0,0,LINE3-M02,2026-06-09T15:44:00,OP-109,MAT-8814
3019,M03019,M,298.8,307.7,1168,46.3,85,0,0,0,0,0,0,LINE1-M01,2026-06-09T15:46:00,OP-108,MAT-8810
3020,M03020,M,295.6,304.7,1222,51.2,88,0,0,0,0,0,0,LINE2-M02,2026-06-09T15:48:00,OP-101,MAT-8806
3021,L03021,L,302.6,314.0,1520,30.0,90,0,0,0,0,0,0,LINE1-M01,2026-06-09T15:51:00,OP-105,MAT-8807
3022,L03022,L,300.7,310.4,1608,36.7,92,0,0,0,0,0,0,LINE2-M01,2026-06-09T15:56:00,OP-110,MAT-8803
3023,L03023,L,302.7,311.6,1827,29.9,94,0,0,0,0,0,0,LINE3-M02,2026-06-09T16:02:00,OP-110,MAT-8810
3024,H03024,H,300.2,310.7,1549,43.2,99,0,0,0,0,0,0,LINE3-M02,2026-06-09T16:05:00,OP-105,MAT-8809
3025,L03025,L,299.2,309.2,1654,38.5,101,0,0,0,0,0,0,LINE1-M01,2026-06-09T16:11:00,OP-106,MAT-8819
3026,H03026,H,301.0,310.3,1634,33.4,106,0,0,0,0,0,0,LINE3-M01,2026-06-09T16:13:00,OP-100,MAT-8813
3027,M03027,M,302.6,312.7,1268,28.6,109,0,0,0,0,0,0,LINE3-M01,2026-06-09T16:18:00,OP-100,MAT-8801
3028,L03028,L,299.7,310.7,1739,42.7,111,0,0,0,0,0,0,LINE2-M01,2026-06-09T16:20:00,OP-106,MAT-8816
3029,M03029,M,299.8,312.0,1666,48.8,114,0,0,0,0,0,0,LINE3-M02,2026-06-09T16:24:00,OP-102,MAT-8812
3030,M03030,M,301.7,313.0,1959,26.0,117,0,0,0,0,0,0,LINE1-M02,2026-06-09T16:30:00,OP-107,MAT-8818
3031,H03031,H,296.6,307.6,1283,32.7,122,0,0,0,0,0,0,LINE3-M02,2026-06-09T16:33:00,OP-107,MAT-8804
3032,L03032,L,303.0,312.3,1438,40.2,124,0,0,0,0,0,0,LINE1-M01,2026-06-09T16:36:00,OP-100,MAT-8814
3033,M03033,M,303.1,313.1,1616,42.1,127,0,0,0,0,0,0,LINE1-M02,2026-06-09T16:40:00,OP-101,MAT-8804
3034,H03034,H,297.7,307.6,1677,51.1,132,0,0,0,0,0,0,LINE2-M01,2026-06-09T16:42:00,OP-111,MAT-8804
3035,H03035,H,300.3,310.3,2565,24.8,137,0,0,0,0,0,0,LINE2-M01,2026-06-09T16:44:00,OP-102,MAT-8805
3036,L03036,L,299.3,308.9,1499,19.9,139,1,0,0,1,0,0,LINE2-M02,2026-06-09T16:49:00,OP-106,MAT-8819
3037,H03037,H,301.4,309.5,1185,40.8,144,1,0,1,0,0,0,LINE3-M02,2026-06-09T16:54:00,OP-103,MAT-8801
3038,H03038,H,297.6,309.9,1168,51.2,149,0,0,0,0,0,0,LINE3-M02,2026-06-09T17:00:00,OP-108,MAT-8816
3039,M03039,M,302.4,312.0,1168,43.4,152,0,0,0,0,0,0,LINE3-M01,2026-06-09T17:06:00,OP-101,MAT-8806
3040,H03040,H,301.4,311.2,1481,20.2,157,1,0,0,1,0,0,LINE3-M01,2026-06-09T17:09:00,OP-101,MAT-8803
3041,L03041,L,300.0,310.9,1528,39.0,159,0,0,0,0,0,0,LINE3-M01,2026-06-09T17:11:00,OP-103,MAT-8816
3042,M03042,M,299.1,310.4,1429,37.9,162,0,0,0,0,0,0,LINE3-M02,2026-06-09T17:15:00,OP-111,MAT-8807
3043,L03043,L,302.1,310.5,1843,26.2,164,0,0,0,0,0,0,LINE3-M01,2026-06-09T17:17:00,OP-104,MAT-8814
3044,M03044,M,299.0,309.3,1574,41.5,167,0,0,0,0,0,0,LINE1-M01,2026-06-09T17:22:00,OP-109,MAT-8811
3045,M03045,M,298.9,310.9,1506,27.8,170,0,0,0,0,0,0,LINE3-M02,2026-06-09T17:24:00,OP-111,MAT-8807
3046,L03046,L,298.9,307.7,1558,39.4,172,0,0,0,0,0,0,LINE2-M02,2026-06-09T17:30:00,OP-110,MAT-8816
3047,M03047,M,297.0,308.0,1268,32.8,175,0,0,0,0,0,0,LINE3-M01,2026-06-09T17:33:00,OP-105,MAT-8817
3048,L03048,L,299.2,309.5,1419,38.9,177,0,0,0,0,0,0,LINE1-M01,2026-06-09T17:39:00,OP-108,MAT-8806
3049,M03049,M,303.3,313.3,1245,31.9,180,0,0,0,0,0,0,LINE3-M02,2026-06-09T17:45:00,OP-106,MAT-8817
3050,M03050,M,298.0,307.7,1437,33.8,183,0,0,0,0,0,0,LINE3-M02,2026-06-09T17:50:00,OP-108,MAT-8800
3051,M03051,M,302.3,313.1,1290,45.2,186,0,0,0,0,0,0,LINE2-M02,2026-06-09T17:53:00,OP-111,MAT-8808
3052,M03052,M,298.2,309.0,1168,35.3,189,0,0,0,0,0,0,LINE1-M02,2026-06-09T17:55:00,OP-110,MAT-8806
3053,L03053,L,300.7,311.0,1242,31.6,191,0,0,0,0,0,0,LINE3-M01,2026-06-09T17:59:00,OP-108,MAT-8819
3054,M03054,M,296.7,307.4,2140,28.1,194,0,0,0,0,0,0,LINE3-M01,2026-06-09T18:01:00,OP-111,MAT-8809
3055,L03055,L,301.7,313.0,1607,33.6,196,0,0,0,0,0,0,LINE2-M02,2026-06-09T18:06:00,OP-101,MAT-8803
3056,M03056,M,299.2,310.3,2027,31.6,199,0,0,0,0,0,0,LINE3-M02,2026-06-09T18:10:00,OP-105,MAT-8810
3057,L03057,L,301.0,312.7,1844,28.4,201,0,0,0,0,0,0,LINE3-M02,2026-06-09T18:12:00,OP-107,MAT-8816
3058,L03058,L,301.7,310.6,1260,27.1,203,0,0,0,0,0,0,LINE3-M01,2026-06-09T18:14:00,OP-105,MAT-8816
3059,H03059,H,303.7,312.9,1265,35.3,208,0,0,0,0,0,0,LINE1-M02,2026-06-09T18:16:00,OP-109,MAT-8815
3060,H03060,H,302.2,313.4,1535,38.2,213,1,1,0,0,0,0,LINE2-M01,2026-06-09T18:22:00,OP-104,MAT-8819
3061,M03061,M,305.3,316.0,1252,33.9,216,1,1,0,0,0,0,LINE1-M01,2026-06-09T18:24:00,OP-104,MAT-8800
3062,L03062,L,307.0,316.2,1514,52.5,218,1,0,0,0,1,0,LINE3-M01,2026-06-09T18:29:00,OP-105,MAT-8816
3063,L03063,L,299.5,309.0,1558,38.7,220,1,1,0,0,0,0,LINE1-M02,2026-06-09T18:34:00,OP-103,MAT-8818
3064,L03064,L,299.6,309.2,1472,48.2,222,1,1,0,0,0,0,LINE2-M01,2026-06-09T18:37:00,OP-100,MAT-8810
3065,M03065,M,299.7,311.2,1570,19.9,225,1,1,0,1,0,0,LINE3-M01,2026-06-09T18:43:00,OP-111,MAT-8816
3066,M03066,M,301.2,312.4,1598,38.4,228,0,0,0,0,0,0,LINE1-M02,2026-06-09T18:46:00,OP-105,MAT-8806
3067,H03067,H,296.9,306.8,1701,35.9,233,1,1,0,0,0,0,LINE2-M01,2026-06-09T18:50:00,OP-101,MAT-8805
3068,M03068,M,296.1,305.4,1554,39.1,236,1,1,0,0,0,0,LINE2-M02,2026-06-09T18:54:00,OP-100,MAT-8814
3069,M03069,M,298.9,307.8,1868,22.6,239,1,1,0,0,0,0,LINE1-M01,2026-06-09T19:00:00,OP-107,MAT-8815
3070,L03070,L,299.8,310.9,1644,46.4,0,0,0,0,0,0,0,LINE1-M02,2026-06-09T19:06:00,OP-103,MAT-8803
3071,M03071,M,299.3,311.2,1449,43.8,3,0,0,0,0,0,0,LINE3-M02,2026-06-09T19:09:00,OP-110,MAT-8818
3072,M03072,M,303.4,312.8,1862,41.4,6,0,0,0,0,0,0,LINE3-M01,2026-06-09T19:13:00,OP-107,MAT-8800
3073,H03073,H,298.8,308.3,1373,49.3,11,0,0,0,0,0,0,LINE3-M02,2026-06-09T19:16:00,OP-103,MAT-8813
3074,L03074,L,302.3,311.4,1597,51.2,13,0,0,0,0,0,0,LINE3-M01,2026-06-09T19:21:00,OP-102,MAT-8800
3075,L03075,L,299.5,308.4,1842,33.1,15,0,0,0,0,0,0,LINE2-M01,2026-06-09T19:26:00,OP-104,MAT-8803
3076,M03076,M,298.6,307.9,1362,44.6,18,0,0,0,0,0,0,LINE3-M01,2026-06-09T19:28:00,OP-101,MAT-8803
3077,L03077,L,297.5,307.0,1168,48.3,20,0,0,0,0,0,0,LINE3-M02,2026-06-09T19:32:00,OP-103,MAT-8802
3078,M03078,M,300.1,311.4,1247,35.2,23,0,0,0,0,0,0,LINE2-M02,2026-06-09T19:36:00,OP-106,MAT-8808
3079,L03079,L,299.2,309.4,1468,48.6,25,0,0,0,0,0,0,LINE2-M01,2026-06-09T19:41:00,OP-106,MAT-8817
3080,L03080,L,299.9,308.1,1457,58.5,27,0,0,0,0,0,0,LINE1-M01,2026-06-09T19:45:00,OP-102,MAT-8817
3081,H03081,H,299.9,309.0,1302,35.8,32,0,0,0,0,0,0,LINE2-M02,2026-06-09T19:51:00,OP-111,MAT-8819
3082,L03082,L,300.8,309.8,1534,34.1,34,0,0,0,0,0,0,LINE2-M01,2026-06-09T19:56:00,OP-102,MAT-8816
3083,L03083,L,300.5,310.1,1503,30.2,36,0,0,0,0,0,0,LINE1-M01,2026-06-09T19:59:00,OP-111,MAT-8809
3084,M03084,M,298.3,308.7,1372,39.1,39,0,0,0,0,0,0,LINE3-M02,2026-06-09T20:04:00,OP-110,MAT-8803
3085,L03085,L,301.2,309.8,1518,41.2,41,0,0,0,0,0,0,LINE2-M01,2026-06-09T20:07:00,OP-108,MAT-8811
3086,L03086,L,296.6,307.1,1604,26.7,43,0,0,0,0,0,0,LINE2-M02,2026-06-09T20:10:00,OP-105,MAT-8812
3087,L03087,L,301.0,311.0,1548,32.4,45,0,0,0,0,0,0,LINE1-M01,2026-06-09T20:15:00,OP-101,MAT-8814
3088,L03088,L,299.0,309.5,1656,70.1,47,1,0,0,1,0,0,LINE2-M01,2026-06-09T20:17:00,OP-106,MAT-8814
3089,L03089,L,300.5,310.5,1549,38.7,49,0,0,0,0,0,0,LINE2-M01,2026-06-09T20:21:00,OP-106,MAT-8804
3090,L03090,L,299.0,309.3,1514,47.6,51,0,0,0,0,0,0,LINE3-M02,2026-06-09T20:24:00,OP-107,MAT-8812
3091,L03091,L,303.1,312.4,1446,31.4,53,0,0,0,0,0,0,LINE2-M02,2026-06-09T20:27:00,OP-111,MAT-8816
3092,M03092,M,298.9,308.5,1765,22.2,56,0,0,0,0,0,0,LINE3-M01,2026-06-09T20:30:00,OP-104,MAT-8802
3093,L03093,L,298.3,308.4,1554,41.9,58,0,0,0,0,0,0,LINE3-M01,2026-06-09T20:33:00,OP-101,MAT-8808
3094,M03094,M,302.4,312.2,1168,35.2,61,0,0,0,0,0,0,LINE2-M02,2026-06-09T20:36:00,OP-109,MAT-8807
3095,H03095,H,295.7,306.0,1321,61.9,66,0,0,0,0,0,0,LINE3-M02,2026-06-09T20:41:00,OP-107,MAT-8802
3096,L03096,L,302.0,311.1,1284,52.9,68,0,0,0,0,0,0,LINE3-M01,2026-06-09T20:43:00,OP-107,MAT-8807
3097,M03097,M,299.1,309.5,2279,27.9,71,0,0,0,0,0,0,LINE2-M01,2026-06-09T20:46:00,OP-108,MAT-8805
3098,M03098,M,301.9,313.0,1435,41.0,74,0,0,0,0,0,0,LINE3-M02,2026-06-09T20:51:00,OP-111,MAT-8802
3099,H03099,H,303.8,315.1,1634,36.8,79,0,0,0,0,0,0,LINE3-M01,2026-06-09T20:56:00,OP-101,MAT-8804
3100,L03100,L,298.8,309.8,1766,34.0,81,0,0,0,0,0,0,LINE3-M01,2026-06-09T21:00:00,OP-105,MAT-8805
3101,M03101,M,299.1,307.8,1546,34.9,84,0,0,0,0,0,0,LINE3-M01,2026-06-09T21:06:00,OP-105,MAT-8819
3102,L03102,L,300.3,310.2,1456,31.9,86,0,0,0,0,0,0,LINE3-M02,2026-06-09T21:10:00,OP-106,MAT-8811
3103,L03103,L,298.8,307.4,1994,58.5,88,1,0,0,1,0,0,LINE1-M01,2026-06-09T21:14:00,OP-108,MAT-8803
3104,H03104,H,296.9,306.3,1495,25.8,93,0,0,0,0,0,0,LINE3-M01,2026-06-09T21:17:00,OP-110,MAT-8810
3105,H03105,H,300.3,309.4,1299,23.1,98,1,0,0,1,0,0,LINE1-M01,2026-06-09T21:23:00,OP-107,MAT-8813
3106,M03106,M,300.4,311.8,1722,35.2,101,0,0,0,0,0,0,LINE2-M01,2026-06-09T21:27:00,OP-102,MAT-8800
3107,L03107,L,299.6,308.5,1379,57.2,103,0,0,0,0,0,0,LINE2-M01,2026-06-09T21:31:00,OP-101,MAT-8803
3108,H03108,H,299.7,309.7,1205,15.4,108,1,0,0,1,0,0,LINE1-M01,2026-06-09T21:33:00,OP-108,MAT-8815
3109,L03109,L,302.7,312.3,1360,30.2,110,0,0,0,0,0,0,LINE2-M01,2026-06-09T21:38:00,OP-108,MAT-8807
3110,L03110,L,297.1,308.2,1168,68.8,112,0,0,0,0,0,0,LINE2-M02,2026-06-09T21:43:00,OP-111,MAT-8802
3111,M03111,M,297.0,307.2,1714,29.2,115,0,0,0,0,0,0,LINE2-M02,2026-06-09T21:45:00,OP-108,MAT-8801
3112,L03112,L,302.6,311.0,1499,42.5,117,0,0,0,0,0,0,LINE1-M01,2026-06-09T21:47:00,OP-106,MAT-8809
3113,M03113,M,301.2,313.2,1280,39.5,120,0,0,0,0,0,0,LINE1-M01,2026-06-09T21:51:00,OP-106,MAT-8801
3114,L03114,L,301.6,309.9,1427,43.0,122,0,0,0,0,0,0,LINE2-M02,2026-06-09T21:53:00,OP-109,MAT-8801
3115,M03115,M,299.4,307.9,2049,49.3,125,1,0,0,1,0,0,LINE2-M01,2026-06-09T21:56:00,OP-105,MAT-8803
3116,L03116,L,301.3,312.1,1168,56.2,127,0,0,0,0,0,0,LINE1-M01,2026-06-09T22:02:00,OP-106,MAT-8817
3117,L03117,L,299.1,309.5,1464,48.7,129,0,0,0,0,0,0,LINE1-M01,2026-06-09T22:06:00,OP-105,MAT-8807
3118,L03118,L,302.3,311.5,1635,48.8,131,0,0,0,0,0,0,LINE2-M01,2026-06-09T22:09:00,OP-106,MAT-8800
3119,L03119,L,302.3,312.6,1229,40.9,133,0,0,0,0,0,0,LINE3-M02,2026-06-09T22:11:00,OP-105,MAT-8808
3120,L03120,L,301.1,311.9,1479,45.8,135,0,0,0,0,0,0,LINE1-M02,2026-06-09T22:14:00,OP-108,MAT-8807
3121,H03121,H,304.2,311.9,1531,46.9,140,0,0,0,0,0,0,LINE1-M02,2026-06-09T22:16:00,OP-105,MAT-8814
3122,L03122,L,301.2,311.6,1417,41.3,142,0,0,0,0,0,0,LINE2-M02,2026-06-09T22:20:00,OP-106,MAT-8818
3123,L03123,L,297.7,307.5,1428,39.1,144,0,0,0,0,0,0,LINE3-M01,2026-06-09T22:23:00,OP-104,MAT-8801
3124,M03124,M,299.0,309.4,1448,52.9,147,0,0,0,0,0,0,LINE2-M02,2026-06-09T22:29:00,OP-108,MAT-8818
3125,L03125,L,300.3,311.7,1360,49.9,149,0,0,0,0,0,0,LINE2-M01,2026-06-09T22:35:00,OP-107,MAT-8815
3126,L03126,L,302.5,311.8,1674,27.7,151,0,0,0,0,0,0,LINE2-M02,2026-06-09T22:39:00,OP-100,MAT-8818
3127,M03127,M,301.0,309.7,1168,40.8,154,0,0,0,0,0,0,LINE1-M02,2026-06-09T22:44:00,OP-101,MAT-8812
3128,H03128,H,301.3,311.6,1564,37.6,159,0,0,0,0,0,0,LINE3-M02,2026-06-09T22:50:00,OP-103,MAT-8807
3129,L03129,L,301.0,310.5,1274,39.9,161,0,0,0,0,0,0,LINE2-M02,2026-06-09T22:55:00,OP-107,MAT-8813
3130,L03130,L,301.1,311.8,1807,31.7,163,0,0,0,0,0,0,LINE3-M02,2026-06-09T23:01:00,OP-110,MAT-8807
3131,M03131,M,302.4,313.4,1235,54.1,166,0,0,0,0,0,0,LINE1-M01,2026-06-09T23:04:00,OP-104,MAT-8818
3132,M03132,M,301.2,312.1,1409,31.9,169,0,0,0,0,0,0,LINE2-M02,2026-06-09T23:09:00,OP-101,MAT-8800
3133,H03133,H,299.3,309.6,1475,49.1,174,0,0,0,0,0,0,LINE2-M02,2026-06-09T23:15:00,OP-111,MAT-8806
3134,M03134,M,304.2,316.2,1348,53.7,177,0,0,0,0,0,0,LINE2-M01,2026-06-09T23:19:00,OP-107,MAT-8801
3135,H03135,H,299.2,309.8,1433,44.4,182,0,0,0,0,0,0,LINE3-M02,2026-06-09T23:23:00,OP-107,MAT-8813
3136,L03136,L,298.7,308.9,1629,44.0,184,0,0,0,0,0,0,LINE2-M02,2026-06-09T23:29:00,OP-104,MAT-8814
3137,M03137,M,300.6,310.4,1807,41.5,187,0,0,0,0,0,0,LINE1-M02,2026-06-09T23:34:00,OP-102,MAT-8805
3138,L03138,L,297.9,308.2,1475,52.4,189,0,0,0,0,0,0,LINE3-M01,2026-06-09T23:38:00,OP-103,MAT-8818
3139,L03139,L,299.9,308.3,1622,24.0,191,0,0,0,0,0,0,LINE2-M02,2026-06-09T23:44:00,OP-100,MAT-8813
3140,L03140,L,299.5,309.6,1302,43.0,193,0,0,0,0,0,0,LINE1-M01,2026-06-09T23:49:00,OP-108,MAT-8804
3141,M03141,M,302.3,312.2,1941,32.0,196,0,0,0,0,0,0,LINE2-M02,2026-06-09T23:54:00,OP-107,MAT-8819
3142,H03142,H,296.1,307.0,1650,26.3,201,0,0,0,0,0,0,LINE2-M01,2026-06-10T00:00:00,OP-106,MAT-8807
3143,L03143,L,297.7,308.7,1168,55.7,203,1,0,0,0,1,0,LINE1-M01,2026-06-10T00:05:00,OP-100,MAT-8814
3144,M03144,M,298.6,308.1,1432,55.5,206,0,0,0,0,0,0,LINE3-M01,2026-06-10T00:10:00,OP-104,MAT-8806
3145,L03145,L,302.4,312.1,2169,28.6,208,0,0,0,0,0,0,LINE1-M01,2026-06-10T00:12:00,OP-109,MAT-8818
3146,H03146,H,300.6,311.1,1686,36.5,213,1,1,0,0,0,0,LINE2-M02,2026-06-10T00:14:00,OP-111,MAT-8807
3147,L03147,L,304.1,313.1,1462,47.2,215,0,0,0,0,0,0,LINE3-M02,2026-06-10T00:17:00,OP-101,MAT-8804
3148,L03148,L,299.7,309.1,1365,18.9,217,1,0,0,1,0,0,LINE2-M02,2026-06-10T00:19:00,OP-104,MAT-8816
3149,M03149,M,299.4,310.6,1701,40.8,220,0,0,0,0,0,0,LINE3-M01,2026-06-10T00:25:00,OP-104,MAT-8805
3150,H03150,H,300.4,311.9,1480,31.9,225,1,1,0,0,0,0,LINE2-M01,2026-06-10T00:27:00,OP-107,MAT-8813
3151,M03151,M,296.0,303.9,2071,56.7,228,1,1,0,1,1,0,LINE3-M02,2026-06-10T00:33:00,OP-108,MAT-8812
3152,L03152,L,298.5,307.7,1532,52.2,230,1,0,0,0,1,0,LINE1-M02,2026-06-10T00:36:00,OP-100,MAT-8802
3153,L03153,L,301.3,311.1,1168,41.9,232,0,0,0,0,0,0,LINE3-M01,2026-06-10T00:42:00,OP-108,MAT-8815
3154,M03154,M,297.7,306.6,1307,38.6,235,1,1,0,0,0,0,LINE2-M01,2026-06-10T00:48:00,OP-111,MAT-8802
3155,L03155,L,301.3,309.7,1916,32.6,237,1,1,0,0,0,0,LINE2-M02,2026-06-10T00:50:00,OP-104,MAT-8809
3156,H03156,H,299.3,309.6,1779,22.9,0,0,0,0,0,0,0,LINE1-M02,2026-06-10T00:52:00,OP-101,MAT-8801
3157,L03157,L,299.9,310.1,1516,40.4,2,0,0,0,0,0,0,LINE1-M01,2026-06-10T00:55:00,OP-110,MAT-8805
3158,M03158,M,301.0,310.2,1627,54.9,5,1,0,0,1,0,0,LINE2-M01,2026-06-10T00:59:00,OP-106,MAT-8808
3159,L03159,L,304.9,315.2,1168,26.1,7,1,0,0,1,0,0,LINE1-M02,2026-06-10T01:04:00,OP-105,MAT-8800
3160,H03160,H,297.2,307.4,1550,39.2,12,0,0,0,0,0,0,LINE1-M02,2026-06-10T01:06:00,OP-100,MAT-8815
3161,L03161,L,302.3,312.1,1595,43.3,14,0,0,0,0,0,0,LINE1-M01,2026-06-10T01:09:00,OP-109,MAT-8811
3162,H03162,H,301.4,311.6,1191,62.0,19,0,0,0,0,0,0,LINE1-M02,2026-06-10T01:15:00,OP-108,MAT-8800
3163,H03163,H,300.7,310.2,1743,50.1,24,1,0,0,1,0,0,LINE3-M01,2026-06-10T01:20:00,OP-103,MAT-8804
3164,M03164,M,301.7,312.4,2071,46.3,27,1,0,0,1,0,0,LINE1-M01,2026-06-10T01:25:00,OP-105,MAT-8801
3165,L03165,L,302.4,311.9,1456,40.6,29,0,0,0,0,0,0,LINE1-M02,2026-06-10T01:31:00,OP-101,MAT-8818
3166,H03166,H,300.2,310.5,1745,13.5,34,1,0,0,1,0,0,LINE1-M01,2026-06-10T01:35:00,OP-103,MAT-8804
3167,L03167,L,298.8,308.8,1168,42.6,36,0,0,0,0,0,0,LINE2-M01,2026-06-10T01:41:00,OP-109,MAT-8803
3168,L03168,L,295.5,307.3,1610,26.2,38,0,0,0,0,0,0,LINE1-M01,2026-06-10T01:45:00,OP-106,MAT-8806
3169,L03169,L,301.6,312.7,1371,42.1,40,0,0,0,0,0,0,LINE2-M02,2026-06-10T01:47:00,OP-107,MAT-8809
3170,L03170,L,300.3,310.5,1619,28.7,42,0,0,0,0,0,0,LINE3-M02,2026-06-10T01:51:00,OP-103,MAT-8818
3171,M03171,M,299.1,308.7,1195,30.5,45,0,0,0,0,0,0,LINE3-M01,2026-06-10T01:57:00,OP-111,MAT-8802
3172,L03172,L,301.0,311.0,1168,34.4,47,0,0,0,0,0,0,LINE3-M02,2026-06-10T02:02:00,OP-103,MAT-8813
3173,L03173,L,300.0,309.8,1892,46.0,49,1,0,0,1,0,0,LINE3-M02,2026-06-10T02:05:00,OP-103,MAT-8810
3174,H03174,H,300.8,312.3,1285,44.5,54,0,0,0,0,0,0,LINE1-M02,2026-06-10T02:10:00,OP-106,MAT-8809
3175,L03175,L,298.8,310.1,1231,35.4,56,0,0,0,0,0,0,LINE3-M01,2026-06-10T02:13:00,OP-103,MAT-8808
3176,L03176,L,296.5,306.2,1503,30.2,58,0,0,0,0,0,0,LINE3-M02,2026-06-10T02:18:00,OP-100,MAT-8800
3177,H03177,H,302.6,313.2,1168,45.6,63,0,0,0,0,0,0,LINE2-M01,2026-06-10T02:22:00,OP-107,MAT-8813
3178,M03178,M,299.5,307.7,1504,41.5,66,0,0,0,0,0,0,LINE1-M02,2026-06-10T02:25:00,OP-104,MAT-8819
3179,M03179,M,299.6,307.8,1168,31.7,69,1,0,1,0,0,0,LINE1-M01,2026-06-10T02:28:00,OP-111,MAT-8808
3180,L03180,L,296.7,304.4,1219,55.7,71,1,0,1,0,0,0,LINE2-M01,2026-06-10T02:30:00,OP-102,MAT-8812
3181,M03181,M,298.5,308.9,1712,45.4,74,0,0,0,0,0,0,LINE3-M02,2026-06-10T02:32:00,OP-102,MAT-8819
3182,L03182,L,299.5,308.2,1191,42.8,76,0,0,0,0,0,0,LINE2-M02,2026-06-10T02:36:00,OP-102,MAT-8805
3183,H03183,H,300.9,310.7,1729,47.5,81,0,0,0,0,0,0,LINE3-M02,2026-06-10T02:40:00,OP-110,MAT-8813
3184,H03184,H,298.0,309.6,1459,43.1,86,0,0,0,0,0,0,LINE1-M01,2026-06-10T02:44:00,OP-102,MAT-8805
3185,L03185,L,300.6,310.6,1710,43.8,88,0,0,0,0,0,0,LINE2-M02,2026-06-10T02:47:00,OP-100,MAT-8801
3186,L03186,L,300.2,308.4,1268,48.9,90,1,0,1,0,0,0,LINE2-M02,2026-06-10T02:49:00,OP-107,MAT-8813
3187,L03187,L,299.3,308.5,1257,44.4,92,0,0,0,0,0,0,LINE2-M02,2026-06-10T02:53:00,OP-110,MAT-8801
3188,L03188,L,298.7,308.9,1259,48.5,94,0,0,0,0,0,0,LINE3-M01,2026-06-10T02:58:00,OP-111,MAT-8801
3189,L03189,L,302.7,310.7,1391,42.4,96,0,0,0,0,0,0,LINE1-M01,2026-06-10T03:04:00,OP-104,MAT-8807
3190,L03190,L,299.8,308.4,1168,14.5,98,1,0,1,1,0,0,LINE3-M01,2026-06-10T03:07:00,OP-111,MAT-8811
3191,L03191,L,301.2,309.9,1374,36.5,100,0,0,0,0,0,0,LINE1-M01,2026-06-10T03:09:00,OP-100,MAT-8815
3192,L03192,L,298.1,308.7,1501,38.7,102,0,0,0,0,0,0,LINE1-M01,2026-06-10T03:12:00,OP-103,MAT-8813
3193,H03193,H,300.1,309.7,1517,20.2,107,1,0,0,1,0,0,LINE2-M01,2026-06-10T03:17:00,OP-110,MAT-8818
3194,L03194,L,301.8,312.3,1885,35.7,109,0,0,0,0,0,0,LINE2-M01,2026-06-10T03:19:00,OP-106,MAT-8801
3195,H03195,H,301.0,311.0,1334,40.1,114,0,0,0,0,0,0,LINE2-M01,2026-06-10T03:21:00,OP-105,MAT-8811
3196,L03196,L,298.1,306.1,1365,52.4,116,1,0,1,0,0,0,LINE3-M01,2026-06-10T03:25:00,OP-104,MAT-8804
3197,H03197,H,303.0,313.7,1281,34.4,121,0,0,0,0,0,0,LINE1-M01,2026-06-10T03:27:00,OP-105,MAT-8811
3198,M03198,M,299.9,311.4,1470,38.9,124,0,0,0,0,0,0,LINE2-M01,2026-06-10T03:29:00,OP-109,MAT-8802
3199,H03199,H,300.2,313.1,1981,32.9,129,0,0,0,0,0,0,LINE2-M01,2026-06-10T03:31:00,OP-111,MAT-8809
3200,L03200,L,304.8,314.1,1168,47.9,131,0,0,0,0,0,0,LINE3-M02,2026-06-10T03:37:00,OP-101,MAT-8810
3201,H03201,H,297.0,307.2,1464,36.9,136,0,0,0,0,0,0,LINE2-M02,2026-06-10T03:39:00,OP-103,MAT-8805
3202,L03202,L,297.5,307.9,1204,29.3,138,0,0,0,0,0,0,LINE1-M02,2026-06-10T03:42:00,OP-101,MAT-8813
3203,M03203,M,298.5,307.3,1831,39.2,141,0,0,0,0,0,0,LINE3-M02,2026-06-10T03:48:00,OP-111,MAT-8813
3204,L03204,L,300.4,311.2,1651,38.1,143,0,0,0,0,0,0,LINE2-M01,2026-06-10T03:53:00,OP-105,MAT-8801
3205,L03205,L,298.6,310.6,1367,24.4,145,1,0,0,1,0,0,LINE3-M02,2026-06-10T03:58:00,OP-110,MAT-8813
3206,M03206,M,298.1,306.9,1272,44.4,148,0,0,0,0,0,0,LINE1-M01,2026-06-10T04:04:00,OP-101,MAT-8801
3207,M03207,M,299.5,308.0,1599,44.2,151,0,0,0,0,0,0,LINE1-M01,2026-06-10T04:06:00,OP-109,MAT-8804
3208,M03208,M,302.3,311.4,1351,38.1,154,0,0,0,0,0,0,LINE3-M01,2026-06-10T04:12:00,OP-100,MAT-8808
3209,L03209,L,301.1,313.3,1351,65.5,156,1,0,0,1,0,0,LINE1-M02,2026-06-10T04:18:00,OP-108,MAT-8815
3210,L03210,L,300.2,311.7,1168,37.3,158,0,0,0,0,0,0,LINE2-M01,2026-06-10T04:20:00,OP-110,MAT-8818
3211,M03211,M,300.9,309.2,1294,26.7,161,1,0,1,0,0,0,LINE2-M02,2026-06-10T04:23:00,OP-102,MAT-8816
3212,L03212,L,301.9,311.5,1168,44.4,163,0,0,0,0,0,0,LINE3-M02,2026-06-10T04:25:00,OP-107,MAT-8804
3213,L03213,L,300.7,310.8,1665,54.3,165,1,0,0,1,0,0,LINE2-M01,2026-06-10T04:27:00,OP-111,MAT-8800
3214,L03214,L,298.8,308.9,1405,49.0,167,0,0,0,0,0,0,LINE2-M02,2026-06-10T04:31:00,OP-109,MAT-8817
3215,L03215,L,300.0,308.5,1543,47.7,169,0,0,0,0,0,0,LINE2-M01,2026-06-10T04:36:00,OP-106,MAT-8812
3216,M03216,M,302.2,313.1,1201,42.2,172,0,0,0,0,0,0,LINE2-M02,2026-06-10T04:42:00,OP-101,MAT-8802
3217,L03217,L,302.5,311.0,1168,43.4,174,1,0,1,0,0,0,LINE2-M02,2026-06-10T04:48:00,OP-103,MAT-8809
3218,L03218,L,302.2,312.2,1480,46.9,176,0,0,0,0,0,0,LINE1-M01,2026-06-10T04:54:00,OP-111,MAT-8801
3219,H03219,H,303.8,314.5,1403,40.3,181,0,0,0,0,0,0,LINE1-M01,2026-06-10T04:58:00,OP-107,MAT-8815
3220,L03220,L,301.9,313.2,1419,31.4,183,0,0,0,0,0,0,LINE2-M02,2026-06-10T05:03:00,OP-101,MAT-8818
3221,L03221,L,300.1,309.6,1685,39.5,185,0,0,0,0,0,0,LINE3-M01,2026-06-10T05:08:00,OP-100,MAT-8803
3222,M03222,M,301.4,310.5,1427,32.4,188,0,0,0,0,0,0,LINE2-M02,2026-06-10T05:12:00,OP-100,MAT-8801
3223,M03223,M,298.2,308.0,1684,44.1,191,0,0,0,0,0,0,LINE3-M01,2026-06-10T05:14:00,OP-109,MAT-8815
3224,L03224,L,301.4,312.7,1740,45.5,193,0,0,0,0,0,0,LINE2-M02,2026-06-10T05:17:00,OP-101,MAT-8812
3225,H03225,H,299.7,311.1,1520,44.7,198,0,0,0,0,0,0,LINE3-M01,2026-06-10T05:20:00,OP-110,MAT-8801
3226,L03226,L,299.9,310.1,1262,31.3,200,0,0,0,0,0,0,LINE3-M02,2026-06-10T05:23:00,OP-109,MAT-8807
3227,H03227,H,298.7,308.1,1357,58.6,205,0,0,0,0,0,0,LINE3-M02,2026-06-10T05:28:00,OP-105,MAT-8808
3228,L03228,L,302.4,312.6,1644,48.3,207,0,0,0,0,0,0,LINE2-M01,2026-06-10T05:31:00,OP-108,MAT-8819
3229,M03229,M,300.0,309.7,1620,27.3,210,1,1,0,0,0,0,LINE3-M02,2026-06-10T05:35:00,OP-100,MAT-8800
3230,L03230,L,299.5,307.2,1394,50.9,212,1,1,0,0,0,0,LINE3-M02,2026-06-10T05:40:00,OP-107,MAT-8803
3231,L03231,L,301.9,311.3,1548,40.3,214,0,0,0,0,0,0,LINE3-M01,2026-06-10T05:46:00,OP-108,MAT-8800
3232,M03232,M,297.6,306.4,1375,24.0,217,1,1,0,1,0,0,LINE1-M01,2026-06-10T05:52:00,OP-103,MAT-8818
3233,M03233,M,302.7,314.2,1592,29.4,220,1,1,0,0,0,0,LINE2-M01,2026-06-10T05:58:00,OP-106,MAT-8802
3234,L03234,L,299.7,309.8,1494,38.1,222,1,1,0,0,0,0,LINE1-M01,2026-06-10T06:02:00,OP-102,MAT-8805
3235,L03235,L,297.8,308.7,1680,43.8,224,1,1,0,0,0,0,LINE2-M01,2026-06-10T06:05:00,OP-107,MAT-8802
3236,L03236,L,297.9,307.5,1302,37.5,226,0,0,0,0,0,0,LINE3-M01,2026-06-10T06:07:00,OP-106,MAT-8812
3237,M03237,M,299.5,309.3,1224,51.9,229,1,1,0,0,0,0,LINE3-M01,2026-06-10T06:09:00,OP-110,MAT-8818
3238,H03238,H,300.6,311.4,1217,35.1,234,0,0,0,0,0,0,LINE3-M01,2026-06-10T06:15:00,OP-101,MAT-8818
3239,M03239,M,299.3,307.3,1565,29.6,237,1,1,0,0,0,0,LINE1-M02,2026-06-10T06:21:00,OP-111,MAT-8815
3240,L03240,L,299.3,310.5,1553,43.3,239,1,1,0,0,0,0,LINE1-M02,2026-06-10T06:25:00,OP-101,MAT-8806
3241,M03241,M,297.0,309.3,1492,42.6,0,0,0,0,0,0,0,LINE2-M01,2026-06-10T06:27:00,OP-111,MAT-8807
3242,L03242,L,300.9,309.7,1352,36.3,2,0,0,0,0,0,0,LINE2-M02,2026-06-10T06:29:00,OP-107,MAT-8801
3243,M03243,M,300.3,311.1,1175,40.6,5,0,0,0,0,0,0,LINE2-M02,2026-06-10T06:31:00,OP-101,MAT-8809
3244,M03244,M,299.1,308.3,1581,31.9,8,0,0,0,0,0,0,LINE2-M02,2026-06-10T06:33:00,OP-106,MAT-8808
3245,L03245,L,294.2,303.5,1532,49.2,10,0,0,0,0,0,0,LINE3-M02,2026-06-10T06:37:00,OP-109,MAT-8808
3246,L03246,L,301.2,313.4,1786,47.1,12,0,0,0,0,0,0,LINE2-M02,2026-06-10T06:42:00,OP-109,MAT-8818
3247,M03247,M,298.7,308.0,1723,26.5,15,0,0,0,0,0,0,LINE1-M01,2026-06-10T06:45:00,OP-111,MAT-8807
3248,M03248,M,299.6,308.9,1557,29.0,18,0,0,0,0,0,0,LINE3-M02,2026-06-10T06:48:00,OP-104,MAT-8802
3249,L03249,L,304.1,313.7,1772,33.1,20,0,0,0,0,0,0,LINE2-M01,2026-06-10T06:53:00,OP-101,MAT-8817
3250,M03250,M,301.2,311.8,1168,38.7,23,0,0,0,0,0,0,LINE3-M01,2026-06-10T06:55:00,OP-101,MAT-8800
3251,L03251,L,298.8,308.9,1459,47.9,25,0,0,0,0,0,0,LINE1-M02,2026-06-10T06:57:00,OP-103,MAT-8812
3252,L03252,L,301.9,311.6,1335,29.7,27,0,0,0,0,0,0,LINE2-M02,2026-06-10T07:02:00,OP-107,MAT-8819
3253,L03253,L,301.6,312.0,1470,29.8,29,0,0,0,0,0,0,LINE3-M02,2026-06-10T07:08:00,OP-108,MAT-8808
3254,L03254,L,301.2,311.3,1971,22.3,31,0,0,0,0,0,0,LINE1-M01,2026-06-10T07:13:00,OP-100,MAT-8814
3255,M03255,M,299.0,309.2,1762,48.2,34,0,0,0,0,0,0,LINE3-M02,2026-06-10T07:16:00,OP-105,MAT-8818
3256,M03256,M,299.6,309.4,1623,33.2,37,0,0,0,0,0,0,LINE2-M01,2026-06-10T07:18:00,OP-101,MAT-8802
3257,L03257,L,301.5,311.4,2135,36.4,39,0,0,0,0,0,0,LINE1-M02,2026-06-10T07:20:00,OP-109,MAT-8800
3258,M03258,M,302.0,310.8,1713,54.6,42,1,0,0,1,0,0,LINE2-M02,2026-06-10T07:24:00,OP-107,MAT-8808
3259,M03259,M,299.3,309.2,1168,31.8,45,0,0,0,0,0,0,LINE1-M01,2026-06-10T07:28:00,OP-109,MAT-8803
3260,H03260,H,299.6,310.4,1383,37.8,50,0,0,0,0,0,0,LINE2-M01,2026-06-10T07:31:00,OP-100,MAT-8801
3261,H03261,H,301.3,310.7,1307,58.3,55,0,0,0,0,0,0,LINE3-M02,2026-06-10T07:36:00,OP-105,MAT-8806
3262,L03262,L,300.1,309.7,1671,42.3,57,0,0,0,0,0,0,LINE1-M01,2026-06-10T07:41:00,OP-107,MAT-8806
3263,L03263,L,296.5,304.7,1689,43.4,59,0,0,0,0,0,0,LINE2-M02,2026-06-10T07:44:00,OP-111,MAT-8804
3264,M03264,M,296.4,307.0,1216,55.2,62,0,0,0,0,0,0,LINE2-M02,2026-06-10T07:50:00,OP-110,MAT-8807
3265,L03265,L,299.2,310.0,1272,48.6,64,0,0,0,0,0,0,LINE2-M01,2026-06-10T07:56:00,OP-104,MAT-8802
3266,M03266,M,296.5,304.5,1218,53.8,67,1,0,1,0,0,0,LINE3-M02,2026-06-10T08:01:00,OP-107,MAT-8801
3267,M03267,M,301.7,311.1,1741,51.4,70,1,0,0,1,0,0,LINE3-M01,2026-06-10T08:06:00,OP-101,MAT-8803
3268,L03268,L,298.7,310.1,1467,41.7,72,0,0,0,0,0,0,LINE2-M02,2026-06-10T08:10:00,OP-106,MAT-8806
3269,M03269,M,298.1,308.7,1200,56.6,75,0,0,0,0,0,0,LINE3-M02,2026-06-10T08:14:00,OP-105,MAT-8815
3270,L03270,L,300.2,310.0,1284,53.9,77,0,0,0,0,0,0,LINE3-M01,2026-06-10T08:18:00,OP-107,MAT-8803
3271,M03271,M,301.0,309.7,1354,38.7,80,0,0,0,0,0,0,LINE2-M02,2026-06-10T08:21:00,OP-102,MAT-8819
3272,M03272,M,299.3,309.2,1263,56.2,83,0,0,0,0,0,0,LINE1-M01,2026-06-10T08:23:00,OP-110,MAT-8802
3273,M03273,M,297.7,308.0,1379,32.7,86,0,0,0,0,0,0,LINE2-M01,2026-06-10T08:27:00,OP-106,MAT-8802
3274,H03274,H,296.9,306.2,1299,29.4,91,0,0,0,0,0,0,LINE3-M01,2026-06-10T08:33:00,OP-102,MAT-8802
3275,M03275,M,296.2,305.6,1469,54.6,94,0,0,0,0,0,0,LINE3-M01,2026-06-10T08:36:00,OP-108,MAT-8809
3276,M03276,M,300.2,312.4,1269,55.5,97,0,0,0,0,0,0,LINE2-M02,2026-06-10T08:42:00,OP-102,MAT-8806
3277,L03277,L,299.4,308.9,1583,32.8,99,0,0,0,0,0,0,LINE2-M02,2026-06-10T08:44:00,OP-110,MAT-8807
3278,H03278,H,302.1,311.3,1187,45.7,104,0,0,0,0,0,0,LINE3-M02,2026-06-10T08:48:00,OP-101,MAT-8819
3279,L03279,L,299.6,308.8,1506,40.8,106,0,0,0,0,0,0,LINE1-M01,2026-06-10T08:54:00,OP-100,MAT-8813
3280,M03280,M,300.8,309.8,1644,37.6,109,0,0,0,0,0,0,LINE1-M02,2026-06-10T08:58:00,OP-106,MAT-8802
3281,M03281,M,298.4,309.3,1168,23.2,112,1,0,0,1,0,0,LINE1-M01,2026-06-10T09:00:00,OP-106,MAT-8808
3282,M03282,M,301.9,311.1,1537,33.5,115,0,0,0,0,0,0,LINE1-M02,2026-06-10T09:06:00,OP-107,MAT-8813
3283,L03283,L,297.6,307.1,1689,33.9,117,0,0,0,0,0,0,LINE3-M01,2026-06-10T09:12:00,OP-111,MAT-8818
3284,M03284,M,298.3,308.1,1225,50.9,120,0,0,0,0,0,0,LINE1-M02,2026-06-10T09:18:00,OP-107,MAT-8803
3285,H03285,H,299.6,309.2,1790,29.5,125,0,0,0,0,0,0,LINE3-M02,2026-06-10T09:22:00,OP-102,MAT-8805
3286,L03286,L,304.0,312.0,1589,31.5,127,0,0,0,0,0,0,LINE2-M02,2026-06-10T09:26:00,OP-103,MAT-8813
3287,L03287,L,300.7,311.5,1241,42.5,129,0,0,0,0,0,0,LINE1-M02,2026-06-10T09:28:00,OP-103,MAT-8807
3288,L03288,L,298.2,310.3,1658,38.5,131,0,0,0,0,0,0,LINE2-M02,2026-06-10T09:30:00,OP-107,MAT-8802
3289,L03289,L,298.6,305.4,1573,39.8,133,0,0,0,0,0,0,LINE3-M02,2026-06-10T09:32:00,OP-111,MAT-8805
3290,L03290,L,298.4,309.2,1277,37.3,135,0,0,0,0,0,0,LINE3-M01,2026-06-10T09:36:00,OP-111,MAT-8804
3291,L03291,L,298.6,308.1,1306,29.5,137,0,0,0,0,0,0,LINE2-M01,2026-06-10T09:39:00,OP-101,MAT-8813
3292,H03292,H,298.7,310.0,1554,39.9,142,0,0,0,0,0,0,LINE1-M01,2026-06-10T09:41:00,OP-103,MAT-8810
3293,L03293,L,300.7,312.6,1658,44.6,144,0,0,0,0,0,0,LINE2-M02,2026-06-10T09:47:00,OP-110,MAT-8819
3294,M03294,M,301.4,313.2,1453,40.8,147,0,0,0,0,0,0,LINE3-M01,2026-06-10T09:52:00,OP-109,MAT-8811
3295,L03295,L,299.2,308.1,1626,41.0,149,0,0,0,0,0,0,LINE3-M01,2026-06-10T09:58:00,OP-104,MAT-8814
3296,M03296,M,301.4,311.0,1377,41.4,152,0,0,0,0,0,0,LINE2-M02,2026-06-10T10:01:00,OP-100,MAT-8806
3297,M03297,M,304.6,314.5,1666,19.3,155,1,0,0,1,0,0,LINE2-M01,2026-06-10T10:06:00,OP-101,MAT-8805
3298,L03298,L,301.8,310.2,1612,44.5,157,0,0,0,0,0,0,LINE1-M02,2026-06-10T10:12:00,OP-106,MAT-8807
3299,L03299,L,302.2,314.3,1567,48.9,159,0,0,0,0,0,0,LINE3-M02,2026-06-10T10:15:00,OP-110,MAT-8817
3300,L03300,L,299.9,310.0,1638,38.5,161,0,0,0,0,0,0,LINE1-M01,2026-06-10T10:18:00,OP-107,MAT-8816
3301,H03301,H,296.7,307.9,1942,34.3,166,0,0,0,0,0,0,LINE2-M02,2026-06-10T10:23:00,OP-108,MAT-8811
3302,L03302,L,301.9,313.0,1476,26.0,168,0,0,0,0,0,0,LINE2-M01,2026-06-10T10:29:00,OP-108,MAT-8809
3303,M03303,M,299.4,310.6,1386,55.7,171,0,0,0,0,0,0,LINE3-M01,2026-06-10T10:34:00,OP-107,MAT-8819
3304,M03304,M,302.1,312.3,1389,34.8,174,0,0,0,0,0,0,LINE1-M02,2026-06-10T10:36:00,OP-105,MAT-8810
3305,H03305,H,300.8,310.5,1168,42.3,179,0,0,0,0,0,0,LINE1-M01,2026-06-10T10:38:00,OP-109,MAT-8809
3306,H03306,H,304.8,314.9,1821,27.4,184,0,0,0,0,0,0,LINE1-M01,2026-06-10T10:41:00,OP-100,MAT-8806
3307,L03307,L,303.8,314.1,1168,45.6,186,0,0,0,0,0,0,LINE1-M01,2026-06-10T10:45:00,OP-111,MAT-8816
3308,M03308,M,302.2,313.4,1865,35.4,189,0,0,0,0,0,0,LINE3-M02,2026-06-10T10:48:00,OP-103,MAT-8814
3309,H03309,H,303.1,312.3,1388,34.9,194,0,0,0,0,0,0,LINE1-M01,2026-06-10T10:54:00,OP-109,MAT-8803
3310,L03310,L,299.7,309.7,1391,51.0,196,0,0,0,0,0,0,LINE3-M02,2026-06-10T10:59:00,OP-108,MAT-8815
3311,M03311,M,297.8,306.8,1822,34.2,199,0,0,0,0,0,0,LINE2-M02,2026-06-10T11:03:00,OP-101,MAT-8800
3312,L03312,L,301.6,311.4,1440,41.9,201,0,0,0,0,0,0,LINE1-M02,2026-06-10T11:05:00,OP-104,MAT-8810
3313,H03313,H,301.4,311.5,1637,30.6,206,0,0,0,0,0,0,LINE2-M02,2026-06-10T11:10:00,OP-102,MAT-8818
3314,H03314,H,299.0,309.7,1678,34.9,211,1,1,0,0,0,0,LINE2-M01,2026-06-10T11:13:00,OP-101,MAT-8811
3315,L03315,L,302.8,310.4,1902,34.8,213,0,0,0,0,0,0,LINE1-M02,2026-06-10T11:16:00,OP-102,MAT-8810
3316,M03316,M,302.3,311.9,1270,36.7,216,1,1,0,0,0,0,LINE1-M02,2026-06-10T11:22:00,OP-108,MAT-8817
3317,L03317,L,300.9,310.9,1628,46.8,218,1,1,0,0,0,0,LINE2-M02,2026-06-10T11:26:00,OP-102,MAT-8810
3318,L03318,L,300.7,311.2,1221,42.0,220,0,0,0,0,0,0,LINE2-M02,2026-06-10T11:30:00,OP-102,MAT-8814
3319,L03319,L,298.5,308.1,1489,39.7,222,0,0,0,0,0,0,LINE1-M01,2026-06-10T11:32:00,OP-107,MAT-8808
3320,L03320,L,299.1,309.0,1521,49.5,224,1,0,0,0,1,0,LINE3-M01,2026-06-10T11:36:00,OP-111,MAT-8818
3321,L03321,L,301.9,311.5,1719,36.1,226,1,1,0,0,0,0,LINE3-M01,2026-06-10T11:39:00,OP-105,MAT-8810
3322,L03322,L,299.0,310.2,1442,45.5,228,0,0,0,0,0,0,LINE2-M02,2026-06-10T11:44:00,OP-107,MAT-8815
3323,M03323,M,300.1,310.1,1168,55.9,231,1,1,0,0,1,0,LINE2-M01,2026-06-10T11:47:00,OP-100,MAT-8809
3324,H03324,H,299.8,309.9,1168,52.0,236,1,1,0,0,0,0,LINE1-M02,2026-06-10T11:52:00,OP-108,MAT-8818
3325,L03325,L,300.6,309.6,1508,57.6,238,1,1,0,1,1,0,LINE1-M01,2026-06-10T11:54:00,OP-106,MAT-8816
3326,M03326,M,299.5,310.5,1484,48.9,0,0,0,0,0,0,0,LINE1-M01,2026-06-10T11:56:00,OP-100,MAT-8815
3327,H03327,H,299.9,309.2,1517,55.2,5,0,0,0,0,0,0,LINE3-M02,2026-06-10T11:59:00,OP-109,MAT-8819
3328,L03328,L,301.5,311.7,1679,25.1,7,0,0,0,0,0,0,LINE1-M01,2026-06-10T12:04:00,OP-103,MAT-8816
3329,H03329,H,299.6,310.6,1456,38.7,12,0,0,0,0,0,0,LINE3-M02,2026-06-10T12:07:00,OP-111,MAT-8817
3330,H03330,H,300.1,309.8,1168,55.5,17,0,0,0,0,0,0,LINE1-M02,2026-06-10T12:11:00,OP-106,MAT-8807
3331,H03331,H,301.5,311.5,1654,44.9,22,0,0,0,0,0,0,LINE2-M01,2026-06-10T12:13:00,OP-107,MAT-8818
3332,M03332,M,301.3,311.7,1287,64.2,25,0,0,0,0,0,0,LINE2-M02,2026-06-10T12:17:00,OP-107,MAT-8808
3333,L03333,L,300.9,310.8,1649,46.9,27,0,0,0,0,0,0,LINE3-M01,2026-06-10T12:22:00,OP-111,MAT-8813
3334,H03334,H,298.3,308.3,1388,54.7,32,0,0,0,0,0,0,LINE2-M02,2026-06-10T12:25:00,OP-105,MAT-8818
3335,M03335,M,302.3,312.0,1930,25.2,35,0,0,0,0,0,0,LINE1-M02,2026-06-10T12:29:00,OP-109,MAT-8816
3336,L03336,L,300.6,310.9,1911,37.5,37,0,0,0,0,0,0,LINE3-M01,2026-06-10T12:35:00,OP-107,MAT-8819
3337,L03337,L,299.2,308.6,1272,34.1,39,0,0,0,0,0,0,LINE3-M01,2026-06-10T12:40:00,OP-110,MAT-8815
3338,L03338,L,302.3,311.9,1654,51.5,41,0,0,0,0,0,0,LINE2-M02,2026-06-10T12:45:00,OP-103,MAT-8809
3339,L03339,L,298.5,308.1,1762,26.7,43,0,0,0,0,0,0,LINE3-M01,2026-06-10T12:50:00,OP-110,MAT-8814
3340,L03340,L,302.1,311.5,1579,48.5,45,0,0,0,0,0,0,LINE2-M01,2026-06-10T12:53:00,OP-110,MAT-8800
3341,H03341,H,298.9,306.8,1751,51.2,50,1,0,0,1,0,0,LINE1-M01,2026-06-10T12:56:00,OP-111,MAT-8816
3342,L03342,L,300.9,310.2,1849,33.5,52,0,0,0,0,0,0,LINE2-M01,2026-06-10T13:02:00,OP-111,MAT-8805
3343,L03343,L,300.8,310.8,1818,30.4,54,0,0,0,0,0,0,LINE2-M01,2026-06-10T13:07:00,OP-102,MAT-8814
3344,H03344,H,298.3,308.4,1651,50.4,59,0,0,0,0,0,0,LINE2-M02,2026-06-10T13:09:00,OP-102,MAT-8808
3345,L03345,L,299.6,309.8,1755,30.9,61,0,0,0,0,0,0,LINE2-M02,2026-06-10T13:12:00,OP-107,MAT-8802
3346,M03346,M,298.1,306.9,1480,30.3,64,0,0,0,0,0,0,LINE1-M02,2026-06-10T13:18:00,OP-105,MAT-8811
3347,L03347,L,300.0,311.2,1721,17.4,66,1,0,0,1,0,0,LINE1-M01,2026-06-10T13:21:00,OP-106,MAT-8803
3348,M03348,M,300.4,311.6,1453,49.0,69,0,0,0,0,0,0,LINE2-M02,2026-06-10T13:25:00,OP-101,MAT-8805
3349,L03349,L,297.1,306.8,1717,25.0,71,0,0,0,0,0,0,LINE3-M01,2026-06-10T13:27:00,OP-107,MAT-8800
3350,L03350,L,300.9,309.4,1434,48.3,73,0,0,0,0,0,0,LINE1-M01,2026-06-10T13:30:00,OP-108,MAT-8807
3351,M03351,M,297.8,306.2,1383,47.2,76,0,0,0,0,0,0,LINE3-M02,2026-06-10T13:36:00,OP-103,MAT-8800
3352,L03352,L,300.9,308.3,1614,30.5,78,0,0,0,0,0,0,LINE2-M01,2026-06-10T13:42:00,OP-102,MAT-8813
3353,M03353,M,299.2,309.9,1441,36.5,81,0,0,0,0,0,0,LINE3-M02,2026-06-10T13:47:00,OP-103,MAT-8807
3354,M03354,M,299.8,307.3,1574,29.1,84,0,0,0,0,0,0,LINE1-M02,2026-06-10T13:53:00,OP-110,MAT-8813
3355,L03355,L,300.0,310.1,1168,49.2,86,0,0,0,0,0,0,LINE2-M02,2026-06-10T13:56:00,OP-111,MAT-8804
3356,H03356,H,300.3,311.1,1434,40.1,91,0,0,0,0,0,0,LINE1-M01,2026-06-10T13:59:00,OP-109,MAT-8814
3357,L03357,L,301.4,312.4,1498,26.7,93,0,0,0,0,0,0,LINE3-M01,2026-06-10T14:04:00,OP-106,MAT-8814
3358,H03358,H,301.8,311.8,1702,40.5,98,0,0,0,0,0,0,LINE1-M01,2026-06-10T14:06:00,OP-100,MAT-8806
3359,L03359,L,302.3,312.9,1594,44.3,100,0,0,0,0,0,0,LINE2-M02,2026-06-10T14:11:00,OP-102,MAT-8803
3360,L03360,L,301.9,311.8,1332,43.0,102,0,0,0,0,0,0,LINE3-M01,2026-06-10T14:14:00,OP-109,MAT-8802
3361,M03361,M,304.2,313.4,1946,27.0,105,0,0,0,0,0,0,LINE1-M01,2026-06-10T14:20:00,OP-100,MAT-8810
3362,L03362,L,300.3,310.7,1476,28.2,107,0,0,0,0,0,0,LINE1-M01,2026-06-10T14:25:00,OP-108,MAT-8804
3363,L03363,L,297.2,306.0,2027,35.7,109,0,0,0,0,0,0,LINE1-M02,2026-06-10T14:29:00,OP-100,MAT-8810
3364,L03364,L,303.6,314.4,1228,45.5,111,0,0,0,0,0,0,LINE2-M01,2026-06-10T14:35:00,OP-108,MAT-8804
3365,M03365,M,302.3,312.5,1369,48.4,114,0,0,0,0,0,0,LINE3-M01,2026-06-10T14:41:00,OP-101,MAT-8805
3366,L03366,L,298.0,307.4,1384,40.6,116,0,0,0,0,0,0,LINE2-M02,2026-06-10T14:45:00,OP-105,MAT-8816
3367,M03367,M,300.1,310.3,1272,29.6,119,0,0,0,0,0,0,LINE1-M02,2026-06-10T14:50:00,OP-111,MAT-8800
3368,M03368,M,296.8,305.5,1180,57.6,122,0,0,0,0,0,0,LINE2-M01,2026-06-10T14:54:00,OP-105,MAT-8814
3369,M03369,M,298.1,307.2,1276,43.1,125,0,0,0,0,0,0,LINE3-M02,2026-06-10T14:59:00,OP-100,MAT-8814
3370,M03370,M,302.4,313.8,1226,41.9,128,0,0,0,0,0,0,LINE2-M02,2026-06-10T15:03:00,OP-107,MAT-8801
3371,H03371,H,298.6,309.2,1358,47.5,133,0,0,0,0,0,0,LINE2-M01,2026-06-10T15:09:00,OP-108,MAT-8809
3372,M03372,M,301.2,312.8,1269,37.1,136,0,0,0,0,0,0,LINE1-M02,2026-06-10T15:15:00,OP-110,MAT-8802
3373,M03373,M,301.1,312.9,1743,57.0,139,1,0,0,1,0,0,LINE2-M01,2026-06-10T15:18:00,OP-110,MAT-8816
3374,L03374,L,298.0,309.1,1990,40.4,141,0,0,0,0,0,0,LINE3-M02,2026-06-10T15:20:00,OP-106,MAT-8809
3375,L03375,L,298.4,308.7,1581,39.8,143,0,0,0,0,0,0,LINE1-M02,2026-06-10T15:22:00,OP-109,MAT-8816
3376,L03376,L,300.8,309.5,1438,56.8,145,0,0,0,0,0,0,LINE1-M02,2026-06-10T15:26:00,OP-103,MAT-8811
3377,L03377,L,297.7,306.7,1428,51.3,147,0,0,0,0,0,0,LINE3-M01,2026-06-10T15:32:00,OP-109,MAT-8817
3378,M03378,M,300.6,310.6,1756,31.6,150,0,0,0,0,0,0,LINE2-M01,2026-06-10T15:34:00,OP-111,MAT-8816
3379,M03379,M,300.7,311.0,1448,26.3,153,0,0,0,0,0,0,LINE2-M02,2026-06-10T15:36:00,OP-110,MAT-8803
3380,L03380,L,300.9,312.1,1481,53.0,155,0,0,0,0,0,0,LINE2-M02,2026-06-10T15:39:00,OP-111,MAT-8814
3381,H03381,H,302.8,314.8,1805,24.3,160,0,0,0,0,0,0,LINE2-M01,2026-06-10T15:43:00,OP-110,MAT-8801
3382,M03382,M,300.8,312.5,1611,44.7,163,0,0,0,0,0,0,LINE1-M01,2026-06-10T15:49:00,OP-110,MAT-8815
3383,L03383,L,300.6,310.9,1452,29.6,165,0,0,0,0,0,0,LINE3-M01,2026-06-10T15:51:00,OP-100,MAT-8811
3384,L03384,L,303.6,313.9,1462,31.9,167,0,0,0,0,0,0,LINE3-M01,2026-06-10T15:54:00,OP-111,MAT-8819
3385,H03385,H,301.4,310.6,1168,47.3,172,0,0,0,0,0,0,LINE2-M02,2026-06-10T16:00:00,OP-109,MAT-8819
3386,M03386,M,297.3,307.6,1716,30.9,175,0,0,0,0,0,0,LINE3-M01,2026-06-10T16:04:00,OP-109,MAT-8813
3387,L03387,L,301.7,312.9,1289,30.4,177,0,0,0,0,0,0,LINE2-M01,2026-06-10T16:08:00,OP-105,MAT-8804
3388,M03388,M,299.7,310.3,1622,23.0,180,0,0,0,0,0,0,LINE3-M01,2026-06-10T16:12:00,OP-100,MAT-8809
3389,M03389,M,299.2,309.3,1376,38.7,183,0,0,0,0,0,0,LINE2-M02,2026-06-10T16:15:00,OP-100,MAT-8811
3390,M03390,M,297.1,306.6,1372,33.7,186,0,0,0,0,0,0,LINE1-M02,2026-06-10T16:21:00,OP-106,MAT-8812
3391,H03391,H,295.7,304.8,1175,38.8,191,0,0,0,0,0,0,LINE1-M02,2026-06-10T16:27:00,OP-100,MAT-8816
3392,L03392,L,297.5,308.1,1767,52.1,193,1,0,0,1,0,0,LINE2-M01,2026-06-10T16:32:00,OP-105,MAT-8816
3393,H03393,H,299.5,309.3,1526,46.2,198,0,0,0,0,0,0,LINE1-M02,2026-06-10T16:34:00,OP-108,MAT-8812
3394,M03394,M,299.8,310.0,1448,58.8,201,0,0,0,0,0,0,LINE2-M02,2026-06-10T16:38:00,OP-100,MAT-8818
3395,L03395,L,299.9,310.0,1473,32.9,203,0,0,0,0,0,0,LINE1-M02,2026-06-10T16:42:00,OP-102,MAT-8814
3396,L03396,L,298.0,307.1,1471,26.6,205,0,0,0,0,0,0,LINE3-M02,2026-06-10T16:44:00,OP-111,MAT-8802
3397,M03397,M,301.3,310.1,1781,46.0,208,0,0,0,0,0,0,LINE3-M02,2026-06-10T16:50:00,OP-109,MAT-8807
3398,L03398,L,297.6,307.1,2010,28.0,210,0,0,0,0,0,0,LINE3-M01,2026-06-10T16:52:00,OP-100,MAT-8814
3399,L03399,L,303.7,313.3,1168,47.5,212,0,0,0,0,0,0,LINE1-M01,2026-06-10T16:54:00,OP-102,MAT-8813
3400,H03400,H,301.9,312.1,1498,39.6,217,0,0,0,0,0,0,LINE1-M02,2026-06-10T16:57:00,OP-105,MAT-8809
3401,L03401,L,298.8,310.4,1640,39.0,219,1,1,0,0,0,0,LINE3-M01,2026-06-10T17:02:00,OP-111,MAT-8819
3402,M03402,M,302.5,314.1,1592,35.9,222,1,1,0,0,0,0,LINE2-M02,2026-06-10T17:08:00,OP-104,MAT-8812
3403,H03403,H,299.5,310.0,1419,39.3,227,1,1,0,0,0,0,LINE3-M02,2026-06-10T17:12:00,OP-102,MAT-8802
3404,L03404,L,302.6,311.6,1724,39.7,229,1,1,0,0,0,0,LINE3-M01,2026-06-10T17:15:00,OP-106,MAT-8814
3405,M03405,M,300.0,311.5,1493,32.1,232,1,1,0,0,0,0,LINE2-M02,2026-06-10T17:19:00,OP-105,MAT-8816
3406,M03406,M,302.0,312.7,1777,40.0,235,1,1,0,0,0,0,LINE1-M01,2026-06-10T17:25:00,OP-106,MAT-8800
3407,M03407,M,299.7,309.8,1849,51.2,238,1,1,0,1,1,0,LINE2-M02,2026-06-10T17:28:00,OP-103,MAT-8816
3408,L03408,L,301.7,312.0,1538,41.6,240,1,1,0,0,0,0,LINE3-M01,2026-06-10T17:33:00,OP-106,MAT-8811
3409,M03409,M,299.7,310.8,1659,44.9,0,0,0,0,0,0,0,LINE3-M01,2026-06-10T17:36:00,OP-100,MAT-8814
3410,L03410,L,297.9,308.0,2002,58.4,2,1,0,0,1,0,0,LINE2-M01,2026-06-10T17:38:00,OP-101,MAT-8812
3411,M03411,M,299.0,308.3,1805,26.6,5,0,0,0,0,0,0,LINE2-M01,2026-06-10T17:41:00,OP-110,MAT-8815
3412,M03412,M,298.9,307.0,1733,45.9,8,0,0,0,0,0,0,LINE2-M02,2026-06-10T17:45:00,OP-106,MAT-8806
3413,L03413,L,294.6,304.3,1502,46.7,10,0,0,0,0,0,0,LINE3-M01,2026-06-10T17:48:00,OP-107,MAT-8817
3414,L03414,L,298.6,309.7,1763,49.2,12,1,0,0,1,0,0,LINE2-M02,2026-06-10T17:50:00,OP-101,MAT-8810
3415,M03415,M,305.0,316.2,1884,28.6,15,0,0,0,0,0,0,LINE2-M02,2026-06-10T17:55:00,OP-101,MAT-8816
3416,L03416,L,302.1,312.4,1309,50.2,17,0,0,0,0,0,0,LINE2-M01,2026-06-10T17:58:00,OP-101,MAT-8805
3417,H03417,H,300.7,309.7,1692,40.2,22,0,0,0,0,0,0,LINE3-M02,2026-06-10T18:02:00,OP-106,MAT-8818
3418,M03418,M,301.7,312.7,1951,36.7,25,0,0,0,0,0,0,LINE3-M02,2026-06-10T18:05:00,OP-107,MAT-8801
3419,L03419,L,300.8,311.2,1679,29.3,27,0,0,0,0,0,0,LINE3-M02,2026-06-10T18:08:00,OP-101,MAT-8805
3420,M03420,M,299.6,310.6,1168,35.2,30,0,0,0,0,0,0,LINE2-M02,2026-06-10T18:13:00,OP-104,MAT-8804
3421,H03421,H,300.6,309.5,1168,60.8,35,0,0,0,0,0,0,LINE2-M02,2026-06-10T18:16:00,OP-102,MAT-8815
3422,L03422,L,299.8,309.3,1588,55.1,37,1,0,0,1,0,0,LINE1-M01,2026-06-10T18:19:00,OP-108,MAT-8815
3423,H03423,H,300.1,310.0,1448,38.1,42,0,0,0,0,0,0,LINE3-M01,2026-06-10T18:22:00,OP-103,MAT-8808
3424,L03424,L,296.3,304.5,1530,26.9,44,0,0,0,0,0,0,LINE2-M01,2026-06-10T18:26:00,OP-105,MAT-8813
3425,L03425,L,299.8,309.1,1434,36.9,46,0,0,0,0,0,0,LINE2-M01,2026-06-10T18:31:00,OP-100,MAT-8808
3426,H03426,H,303.2,313.8,1717,55.8,51,1,0,0,1,0,0,LINE1-M01,2026-06-10T18:36:00,OP-102,MAT-8814
3427,L03427,L,301.4,310.6,1469,28.8,53,0,0,0,0,0,0,LINE3-M01,2026-06-10T18:40:00,OP-104,MAT-8801
3428,L03428,L,300.7,311.7,1180,38.6,55,0,0,0,0,0,0,LINE3-M01,2026-06-10T18:46:00,OP-109,MAT-8814
3429,L03429,L,301.5,313.1,1482,44.3,57,0,0,0,0,0,0,LINE3-M01,2026-06-10T18:51:00,OP-105,MAT-8818
3430,L03430,L,299.4,309.2,1392,54.7,59,0,0,0,0,0,0,LINE1-M02,2026-06-10T18:56:00,OP-105,MAT-8812
3431,M03431,M,303.3,313.1,1765,37.8,62,0,0,0,0,0,0,LINE3-M02,2026-06-10T19:00:00,OP-107,MAT-8807
3432,M03432,M,298.0,308.5,1540,44.8,65,0,0,0,0,0,0,LINE2-M02,2026-06-10T19:03:00,OP-105,MAT-8817
3433,M03433,M,303.0,311.6,1994,43.6,68,1,0,0,1,0,0,LINE1-M01,2026-06-10T19:08:00,OP-110,MAT-8819
3434,L03434,L,304.3,315.2,1612,33.7,70,0,0,0,0,0,0,LINE1-M02,2026-06-10T19:12:00,OP-106,MAT-8800
3435,M03435,M,297.4,308.6,1446,42.2,73,0,0,0,0,0,0,LINE3-M01,2026-06-10T19:15:00,OP-103,MAT-8807
3436,H03436,H,298.4,308.4,1196,47.6,78,0,0,0,0,0,0,LINE2-M01,2026-06-10T19:21:00,OP-106,MAT-8804
3437,M03437,M,298.0,308.2,1677,25.9,81,0,0,0,0,0,0,LINE2-M01,2026-06-10T19:23:00,OP-100,MAT-8817
3438,L03438,L,304.0,314.8,1281,31.7,83,0,0,0,0,0,0,LINE2-M01,2026-06-10T19:28:00,OP-105,MAT-8812
3439,H03439,H,300.9,310.3,1335,39.4,88,0,0,0,0,0,0,LINE3-M02,2026-06-10T19:31:00,OP-101,MAT-8810
3440,L03440,L,302.9,313.4,1168,60.9,90,0,0,0,0,0,0,LINE3-M02,2026-06-10T19:36:00,OP-105,MAT-8815
3441,L03441,L,298.8,309.0,1656,29.2,92,0,0,0,0,0,0,LINE1-M02,2026-06-10T19:40:00,OP-105,MAT-8807
3442,M03442,M,298.0,307.2,1434,31.3,95,0,0,0,0,0,0,LINE1-M02,2026-06-10T19:45:00,OP-108,MAT-8811
3443,H03443,H,302.5,313.1,1168,39.1,100,0,0,0,0,0,0,LINE3-M02,2026-06-10T19:48:00,OP-102,MAT-8811
3444,H03444,H,301.2,311.4,1395,33.8,105,0,0,0,0,0,0,LINE3-M01,2026-06-10T19:54:00,OP-101,MAT-8812
3445,M03445,M,298.8,307.6,1609,51.2,108,0,0,0,0,0,0,LINE1-M02,2026-06-10T19:57:00,OP-105,MAT-8815
3446,L03446,L,300.8,312.5,1488,52.5,110,0,0,0,0,0,0,LINE1-M01,2026-06-10T20:00:00,OP-107,MAT-8812
3447,M03447,M,300.3,309.5,1536,51.5,113,0,0,0,0,0,0,LINE1-M02,2026-06-10T20:06:00,OP-100,MAT-8806
3448,M03448,M,300.6,310.3,1613,30.0,116,0,0,0,0,0,0,LINE1-M02,2026-06-10T20:08:00,OP-104,MAT-8800
3449,M03449,M,299.3,308.8,1486,40.5,119,0,0,0,0,0,0,LINE3-M01,2026-06-10T20:12:00,OP-109,MAT-8808
3450,H03450,H,299.7,310.8,1168,42.4,124,0,0,0,0,0,0,LINE2-M01,2026-06-10T20:14:00,OP-105,MAT-8815
3451,L03451,L,299.3,309.4,1485,52.1,126,0,0,0,0,0,0,LINE2-M02,2026-06-10T20:18:00,OP-101,MAT-8804
3452,M03452,M,303.8,313.3,1647,24.4,129,0,0,0,0,0,0,LINE3-M01,2026-06-10T20:20:00,OP-101,MAT-8806
3453,L03453,L,300.4,310.6,1810,46.7,131,0,0,0,0,0,0,LINE3-M02,2026-06-10T20:26:00,OP-107,MAT-8802
3454,M03454,M,302.0,311.4,1728,17.3,134,1,0,0,1,0,0,LINE2-M02,2026-06-10T20:29:00,OP-108,MAT-8813
3455,L03455,L,297.8,307.8,1426,36.3,136,0,0,0,0,0,0,LINE1-M01,2026-06-10T20:31:00,OP-111,MAT-8806
3456,L03456,L,298.4,307.0,1175,55.2,138,0,0,0,0,0,0,LINE2-M01,2026-06-10T20:37:00,OP-102,MAT-8819
3457,M03457,M,299.8,311.2,1576,41.4,141,0,0,0,0,0,0,LINE3-M01,2026-06-10T20:43:00,OP-109,MAT-8812
3458,M03458,M,302.1,312.8,1226,39.9,144,0,0,0,0,0,0,LINE1-M01,2026-06-10T20:49:00,OP-108,MAT-8804
3459,M03459,M,297.2,307.5,1804,31.8,147,0,0,0,0,0,0,LINE3-M01,2026-06-10T20:55:00,OP-101,MAT-8814
3460,L03460,L,300.7,310.3,1735,39.4,149,0,0,0,0,0,0,LINE2-M01,2026-06-10T21:00:00,OP-104,MAT-8802
3461,H03461,H,299.6,309.9,1753,31.0,154,0,0,0,0,0,0,LINE3-M01,2026-06-10T21:06:00,OP-109,MAT-8803
3462,H03462,H,298.3,309.0,1875,39.1,159,0,0,0,0,0,0,LINE1-M01,2026-06-10T21:08:00,OP-111,MAT-8806
3463,L03463,L,300.3,309.9,1457,41.0,161,0,0,0,0,0,0,LINE3-M02,2026-06-10T21:12:00,OP-106,MAT-8800
3464,L03464,L,301.6,311.8,1178,48.0,163,0,0,0,0,0,0,LINE2-M01,2026-06-10T21:17:00,OP-111,MAT-8815
3465,L03465,L,299.2,309.8,1375,21.6,165,1,0,0,1,0,0,LINE1-M01,2026-06-10T21:22:00,OP-101,MAT-8812
3466,L03466,L,300.4,310.1,1832,51.3,167,1,0,0,1,0,0,LINE2-M02,2026-06-10T21:24:00,OP-100,MAT-8806
3467,H03467,H,303.2,312.7,1458,27.9,172,0,0,0,0,0,0,LINE2-M02,2026-06-10T21:26:00,OP-106,MAT-8819
3468,L03468,L,301.5,311.5,1693,43.8,174,0,0,0,0,0,0,LINE1-M01,2026-06-10T21:29:00,OP-111,MAT-8814
3469,L03469,L,298.6,308.9,1168,37.1,176,0,0,0,0,0,0,LINE1-M01,2026-06-10T21:35:00,OP-109,MAT-8815
3470,L03470,L,301.2,312.3,1168,37.4,178,0,0,0,0,0,0,LINE1-M01,2026-06-10T21:38:00,OP-104,MAT-8806
3471,H03471,H,298.9,309.0,1329,39.7,183,0,0,0,0,0,0,LINE2-M02,2026-06-10T21:43:00,OP-111,MAT-8817
3472,H03472,H,298.8,309.9,1408,50.9,188,0,0,0,0,0,0,LINE2-M02,2026-06-10T21:46:00,OP-109,MAT-8800
3473,L03473,L,296.3,306.7,1878,21.2,190,0,0,0,0,0,0,LINE3-M01,2026-06-10T21:50:00,OP-110,MAT-8811
3474,M03474,M,300.8,309.1,1362,44.1,193,1,0,1,0,0,0,LINE1-M01,2026-06-10T21:52:00,OP-109,MAT-8813
3475,H03475,H,299.3,309.9,1278,41.9,198,0,0,0,0,0,0,LINE3-M01,2026-06-10T21:57:00,OP-108,MAT-8815
3476,L03476,L,303.0,313.3,1894,45.6,200,1,0,0,1,0,0,LINE1-M01,2026-06-10T22:00:00,OP-100,MAT-8808
3477,L03477,L,294.4,305.2,1654,33.7,202,0,0,0,0,0,0,LINE3-M02,2026-06-10T22:05:00,OP-111,MAT-8808
3478,L03478,L,301.9,312.1,1562,36.8,204,0,0,0,0,0,0,LINE2-M01,2026-06-10T22:07:00,OP-101,MAT-8814
3479,M03479,M,299.7,310.4,1221,39.1,207,0,0,0,0,0,0,LINE1-M01,2026-06-10T22:12:00,OP-104,MAT-8811
3480,L03480,L,300.3,310.2,1409,50.6,209,0,0,0,0,0,0,LINE2-M01,2026-06-10T22:16:00,OP-105,MAT-8814
3481,M03481,M,302.4,312.7,1375,34.2,212,0,0,0,0,0,0,LINE1-M01,2026-06-10T22:21:00,OP-106,MAT-8817
3482,M03482,M,298.4,307.6,1578,23.3,215,0,0,0,0,0,0,LINE2-M01,2026-06-10T22:24:00,OP-101,MAT-8816
3483,L03483,L,304.3,314.9,1516,43.5,217,0,0,0,0,0,0,LINE2-M02,2026-06-10T22:28:00,OP-111,MAT-8808
3484,L03484,L,300.3,310.1,1589,37.0,219,1,1,0,0,0,0,LINE3-M01,2026-06-10T22:33:00,OP-106,MAT-8816
3485,L03485,L,303.3,312.3,1168,33.6,221,1,1,0,0,0,0,LINE2-M01,2026-06-10T22:35:00,OP-103,MAT-8809
3486,L03486,L,297.5,307.6,1376,37.5,223,1,1,0,0,0,0,LINE1-M01,2026-06-10T22:40:00,OP-103,MAT-8800
3487,H03487,H,299.1,308.9,1356,42.3,228,1,1,0,0,0,0,LINE3-M02,2026-06-10T22:43:00,OP-109,MAT-8815
3488,L03488,L,300.3,309.2,1541,41.6,230,1,1,0,0,0,0,LINE3-M01,2026-06-10T22:48:00,OP-108,MAT-8811
3489,L03489,L,299.1,309.4,1817,31.8,232,1,1,0,0,0,0,LINE3-M01,2026-06-10T22:50:00,OP-106,MAT-8811
3490,M03490,M,298.2,307.4,1555,35.7,235,1,1,0,0,0,0,LINE2-M02,2026-06-10T22:53:00,OP-108,MAT-8808
3491,L03491,L,299.9,309.5,1579,43.7,237,1,1,0,0,0,0,LINE3-M02,2026-06-10T22:58:00,OP-111,MAT-8818
3492,H03492,H,297.7,307.6,1679,45.9,0,0,0,0,0,0,0,LINE3-M02,2026-06-10T23:02:00,OP-106,MAT-8818
3493,L03493,L,299.2,309.1,1532,31.6,2,0,0,0,0,0,0,LINE3-M02,2026-06-10T23:07:00,OP-106,MAT-8804
3494,H03494,H,301.5,312.0,1408,40.7,7,0,0,0,0,0,0,LINE2-M01,2026-06-10T23:09:00,OP-110,MAT-8814
3495,M03495,M,302.8,312.4,1661,37.1,10,0,0,0,0,0,0,LINE3-M02,2026-06-10T23:13:00,OP-109,MAT-8805
3496,L03496,L,294.9,306.0,1168,40.6,12,0,0,0,0,0,0,LINE3-M01,2026-06-10T23:16:00,OP-102,MAT-8813
3497,M03497,M,296.7,307.9,1353,29.3,15,0,0,0,0,0,0,LINE3-M01,2026-06-10T23:18:00,OP-100,MAT-8802
3498,M03498,M,300.4,311.0,1574,51.3,18,0,0,0,0,0,0,LINE3-M02,2026-06-10T23:21:00,OP-110,MAT-8810
3499,L03499,L,298.3,306.6,1329,54.9,20,1,0,1,0,0,0,LINE2-M02,2026-06-10T23:23:00,OP-108,MAT-8809
3500,L03500,L,299.3,307.4,1621,31.5,22,0,0,0,0,0,0,LINE1-M01,2026-06-10T23:27:00,OP-110,MAT-8806
3501,M03501,M,300.6,309.8,1544,45.8,25,0,0,0,0,0,0,LINE2-M02,2026-06-10T23:31:00,OP-109,MAT-8817
3502,L03502,L,302.6,313.8,1168,39.7,27,0,0,0,0,0,0,LINE2-M02,2026-06-10T23:35:00,OP-110,MAT-8814
3503,L03503,L,297.5,308.6,1168,57.2,29,0,0,0,0,0,0,LINE3-M01,2026-06-10T23:38:00,OP-108,MAT-8814
3504,M03504,M,297.1,306.6,1774,42.3,32,0,0,0,0,0,0,LINE3-M01,2026-06-10T23:40:00,OP-107,MAT-8818
3505,H03505,H,298.9,308.5,1814,36.8,37,0,0,0,0,0,0,LINE2-M02,2026-06-10T23:45:00,OP-106,MAT-8802
3506,L03506,L,297.8,306.7,1728,42.5,39,0,0,0,0,0,0,LINE2-M02,2026-06-10T23:51:00,OP-104,MAT-8805
3507,L03507,L,296.4,306.7,2167,38.3,41,0,0,0,0,0,0,LINE3-M02,2026-06-10T23:57:00,OP-111,MAT-8805
3508,L03508,L,303.2,313.5,1570,55.5,43,1,0,0,1,0,0,LINE3-M02,2026-06-11T00:01:00,OP-107,MAT-8800
3509,L03509,L,300.4,312.2,1460,46.1,45,0,0,0,0,0,0,LINE1-M01,2026-06-11T00:05:00,OP-101,MAT-8817
3510,H03510,H,300.7,311.2,1565,41.9,50,0,0,0,0,0,0,LINE3-M01,2026-06-11T00:10:00,OP-109,MAT-8813
3511,L03511,L,299.2,310.3,1482,50.2,52,0,0,0,0,0,0,LINE3-M01,2026-06-11T00:14:00,OP-108,MAT-8806
3512,H03512,H,297.9,309.7,1740,31.3,57,0,0,0,0,0,0,LINE2-M01,2026-06-11T00:18:00,OP-101,MAT-8800
3513,H03513,H,299.7,310.1,1218,41.8,62,0,0,0,0,0,0,LINE1-M02,2026-06-11T00:24:00,OP-100,MAT-8807
3514,M03514,M,299.5,310.5,1641,48.0,65,0,0,0,0,0,0,LINE3-M02,2026-06-11T00:29:00,OP-109,MAT-8807
3515,H03515,H,296.8,307.2,1570,37.9,70,0,0,0,0,0,0,LINE3-M01,2026-06-11T00:31:00,OP-104,MAT-8816
3516,M03516,M,301.9,310.7,1584,44.0,73,0,0,0,0,0,0,LINE3-M02,2026-06-11T00:36:00,OP-108,MAT-8814
3517,L03517,L,296.1,306.6,1904,50.4,75,1,0,0,1,0,0,LINE2-M02,2026-06-11T00:38:00,OP-110,MAT-8808
3518,H03518,H,299.1,309.0,1727,49.9,80,1,0,0,1,0,0,LINE3-M01,2026-06-11T00:44:00,OP-108,MAT-8803
3519,L03519,L,300.9,311.5,1820,40.9,82,0,0,0,0,0,0,LINE2-M01,2026-06-11T00:48:00,OP-102,MAT-8801
3520,M03520,M,301.0,310.3,1423,46.2,85,0,0,0,0,0,0,LINE1-M01,2026-06-11T00:51:00,OP-102,MAT-8812
3521,L03521,L,300.0,311.5,1168,44.7,87,0,0,0,0,0,0,LINE1-M01,2026-06-11T00:56:00,OP-100,MAT-8819
3522,L03522,L,301.3,312.0,1669,44.2,89,0,0,0,0,0,0,LINE1-M02,2026-06-11T01:00:00,OP-103,MAT-8810
3523,M03523,M,297.8,309.2,1585,25.7,92,0,0,0,0,0,0,LINE2-M02,2026-06-11T01:04:00,OP-111,MAT-8815
3524,H03524,H,300.1,309.6,1672,32.7,97,0,0,0,0,0,0,LINE3-M01,2026-06-11T01:09:00,OP-100,MAT-8811
3525,L03525,L,302.5,313.0,1922,49.5,99,1,0,0,1,0,0,LINE1-M01,2026-06-11T01:12:00,OP-107,MAT-8813
3526,L03526,L,304.0,314.3,1462,39.0,101,0,0,0,0,0,0,LINE1-M02,2026-06-11T01:18:00,OP-102,MAT-8807
3527,L03527,L,300.4,307.9,1577,29.6,103,0,0,0,0,0,0,LINE1-M01,2026-06-11T01:21:00,OP-103,MAT-8807
3528,M03528,M,301.6,312.1,1299,33.6,106,0,0,0,0,0,0,LINE1-M02,2026-06-11T01:23:00,OP-102,MAT-8806
3529,H03529,H,299.6,308.7,1594,37.0,111,0,0,0,0,0,0,LINE2-M01,2026-06-11T01:25:00,OP-103,MAT-8807
3530,M03530,M,293.0,304.1,1320,40.9,114,0,0,0,0,0,0,LINE1-M02,2026-06-11T01:31:00,OP-105,MAT-8812
3531,H03531,H,301.7,311.4,1237,26.9,119,1,0,0,1,0,0,LINE3-M01,2026-06-11T01:36:00,OP-104,MAT-8814
3532,H03532,H,300.4,308.9,1747,37.7,124,0,0,0,0,0,0,LINE2-M02,2026-06-11T01:41:00,OP-108,MAT-8800
3533,M03533,M,302.0,313.0,1696,31.0,127,0,0,0,0,0,0,LINE2-M01,2026-06-11T01:45:00,OP-101,MAT-8811
3534,L03534,L,302.9,312.5,1948,37.0,129,0,0,0,0,0,0,LINE3-M01,2026-06-11T01:51:00,OP-106,MAT-8809
3535,L03535,L,302.1,312.5,1402,33.8,131,0,0,0,0,0,0,LINE1-M02,2026-06-11T01:56:00,OP-108,MAT-8816
3536,L03536,L,301.3,311.2,1602,22.8,133,0,0,0,0,0,0,LINE3-M01,2026-06-11T02:02:00,OP-110,MAT-8818
3537,M03537,M,300.7,308.7,1427,46.3,136,0,0,0,0,0,0,LINE3-M01,2026-06-11T02:07:00,OP-110,MAT-8806
3538,M03538,M,300.9,313.2,1668,51.2,139,0,0,0,0,0,0,LINE3-M02,2026-06-11T02:13:00,OP-109,MAT-8813
3539,M03539,M,300.5,312.2,1553,44.4,142,0,0,0,0,0,0,LINE1-M02,2026-06-11T02:15:00,OP-100,MAT-8812
3540,L03540,L,303.4,313.3,1223,40.3,144,0,0,0,0,0,0,LINE3-M01,2026-06-11T02:20:00,OP-106,MAT-8814
3541,L03541,L,303.4,313.9,1308,53.8,146,0,0,0,0,0,0,LINE3-M02,2026-06-11T02:24:00,OP-103,MAT-8804
3542,H03542,H,298.6,306.8,1426,55.0,151,0,0,0,0,0,0,LINE1-M02,2026-06-11T02:26:00,OP-102,MAT-8809
3543,M03543,M,299.6,309.2,1168,49.6,154,0,0,0,0,0,0,LINE2-M02,2026-06-11T02:30:00,OP-103,MAT-8814
3544,L03544,L,300.2,311.6,1580,31.0,156,0,0,0,0,0,0,LINE3-M02,2026-06-11T02:36:00,OP-109,MAT-8810
3545,M03545,M,301.3,310.8,1407,50.5,159,0,0,0,0,0,0,LINE3-M02,2026-06-11T02:40:00,OP-106,MAT-8811
3546,L03546,L,302.5,310.0,1326,41.8,161,1,0,1,0,0,0,LINE1-M02,2026-06-11T02:45:00,OP-103,MAT-8801
3547,L03547,L,299.5,309.6,1430,34.9,163,0,0,0,0,0,0,LINE3-M02,2026-06-11T02:50:00,OP-103,MAT-8805
3548,H03548,H,297.7,308.8,1329,22.6,168,1,0,0,1,0,0,LINE1-M01,2026-06-11T02:53:00,OP-104,MAT-8816
3549,L03549,L,298.3,307.6,1661,28.5,170,0,0,0,0,0,0,LINE3-M01,2026-06-11T02:55:00,OP-100,MAT-8819
3550,M03550,M,302.5,311.1,1268,50.2,173,0,0,0,0,0,0,LINE3-M02,2026-06-11T02:57:00,OP-103,MAT-8804
3551,L03551,L,299.1,308.7,1542,39.8,175,0,0,0,0,0,0,LINE3-M01,2026-06-11T03:03:00,OP-110,MAT-8815
3552,H03552,H,299.6,309.5,1521,35.1,180,0,0,0,0,0,0,LINE2-M02,2026-06-11T03:05:00,OP-100,MAT-8819
3553,L03553,L,299.5,309.6,1387,60.6,182,1,0,0,0,1,0,LINE3-M02,2026-06-11T03:09:00,OP-110,MAT-8817
3554,L03554,L,301.6,311.1,1568,60.0,184,1,0,0,1,1,0,LINE3-M02,2026-06-11T03:14:00,OP-104,MAT-8815
3555,L03555,L,304.6,315.1,1230,34.9,186,0,0,0,0,0,0,LINE3-M01,2026-06-11T03:17:00,OP-110,MAT-8810
3556,M03556,M,299.2,309.5,1600,18.3,189,1,0,0,1,0,0,LINE2-M02,2026-06-11T03:20:00,OP-111,MAT-8814
3557,L03557,L,301.4,312.5,1759,18.4,191,1,0,0,1,0,0,LINE2-M02,2026-06-11T03:23:00,OP-100,MAT-8819
3558,M03558,M,298.9,308.8,1400,59.6,194,0,0,0,0,0,0,LINE1-M01,2026-06-11T03:26:00,OP-108,MAT-8818
3559,H03559,H,300.2,311.3,1491,39.8,199,0,0,0,0,0,0,LINE3-M01,2026-06-11T03:32:00,OP-104,MAT-8807
3560,L03560,L,297.5,307.2,1637,43.0,201,0,0,0,0,0,0,LINE3-M02,2026-06-11T03:37:00,OP-102,MAT-8803
3561,L03561,L,300.3,309.7,1168,48.9,203,0,0,0,0,0,0,LINE3-M02,2026-06-11T03:40:00,OP-101,MAT-8800
3562,L03562,L,300.3,311.0,1707,44.2,205,1,1,0,0,0,0,LINE3-M02,2026-06-11T03:45:00,OP-106,MAT-8813
3563,M03563,M,303.1,313.5,2023,34.9,208,1,1,0,0,0,0,LINE2-M02,2026-06-11T03:49:00,OP-111,MAT-8818
3564,L03564,L,302.7,314.5,1454,53.7,210,1,0,0,0,1,0,LINE1-M02,2026-06-11T03:51:00,OP-111,MAT-8810
3565,M03565,M,298.9,308.2,1168,33.5,213,0,0,0,0,0,0,LINE1-M02,2026-06-11T03:53:00,OP-101,MAT-8810
3566,M03566,M,298.6,308.1,1209,49.6,216,1,1,0,0,0,0,LINE2-M02,2026-06-11T03:59:00,OP-100,MAT-8803
3567,M03567,M,299.6,309.5,1744,51.5,219,1,1,0,1,0,0,LINE2-M01,2026-06-11T04:03:00,OP-108,MAT-8800
3568,L03568,L,301.0,311.3,1594,54.8,221,1,1,0,1,1,0,LINE3-M01,2026-06-11T04:05:00,OP-105,MAT-8817
3569,H03569,H,302.6,311.5,1499,36.7,226,1,1,0,0,0,0,LINE3-M02,2026-06-11T04:10:00,OP-100,MAT-8811
3570,L03570,L,298.8,309.1,1599,47.2,228,1,1,0,0,0,0,LINE3-M02,2026-06-11T04:15:00,OP-101,MAT-8816
3571,M03571,M,301.3,312.3,1323,43.4,231,0,0,0,0,0,0,LINE3-M01,2026-06-11T04:18:00,OP-111,MAT-8805
3572,H03572,H,298.1,308.3,1351,36.9,236,0,0,0,0,0,0,LINE1-M02,2026-06-11T04:22:00,OP-111,MAT-8803
3573,L03573,L,297.5,307.6,1318,44.5,238,1,1,0,0,0,0,LINE1-M01,2026-06-11T04:25:00,OP-103,MAT-8808
3574,M03574,M,299.2,307.9,1271,31.2,0,0,0,0,0,0,0,LINE1-M02,2026-06-11T04:27:00,OP-110,MAT-8802
3575,L03575,L,297.5,306.5,1946,28.5,2,0,0,0,0,0,0,LINE3-M02,2026-06-11T04:30:00,OP-104,MAT-8817
3576,H03576,H,297.7,309.2,1534,38.0,7,0,0,0,0,0,0,LINE2-M01,2026-06-11T04:33:00,OP-111,MAT-8801
3577,L03577,L,299.4,308.7,1562,39.8,9,0,0,0,0,0,0,LINE1-M02,2026-06-11T04:37:00,OP-105,MAT-8815
3578,L03578,L,303.1,313.5,1321,23.1,11,1,0,0,1,0,0,LINE3-M01,2026-06-11T04:39:00,OP-101,MAT-8804
3579,L03579,L,301.3,310.3,1295,52.6,13,0,0,0,0,0,0,LINE2-M02,2026-06-11T04:43:00,OP-109,MAT-8804
3580,L03580,L,296.7,306.9,1957,57.3,15,1,0,0,1,0,0,LINE3-M02,2026-06-11T04:47:00,OP-109,MAT-8813
3581,H03581,H,298.4,309.2,1575,27.5,20,0,0,0,0,0,0,LINE3-M02,2026-06-11T04:53:00,OP-110,MAT-8803
3582,M03582,M,300.2,310.5,1521,47.7,23,0,0,0,0,0,0,LINE2-M01,2026-06-11T04:57:00,OP-105,MAT-8805
3583,L03583,L,304.1,316.8,1861,30.3,25,0,0,0,0,0,0,LINE1-M01,2026-06-11T05:02:00,OP-106,MAT-8808
3584,M03584,M,303.6,313.8,1690,38.8,28,0,0,0,0,0,0,LINE2-M02,2026-06-11T05:06:00,OP-100,MAT-8817
3585,L03585,L,300.8,310.9,1890,38.4,30,0,0,0,0,0,0,LINE3-M01,2026-06-11T05:08:00,OP-104,MAT-8813
3586,M03586,M,299.4,310.1,1790,44.3,33,0,0,0,0,0,0,LINE2-M01,2026-06-11T05:10:00,OP-109,MAT-8810
3587,M03587,M,298.2,307.7,1811,52.5,36,1,0,0,1,0,0,LINE2-M02,2026-06-11T05:15:00,OP-106,MAT-8813
3588,M03588,M,301.6,312.0,1641,45.3,39,0,0,0,0,0,0,LINE2-M02,2026-06-11T05:17:00,OP-102,MAT-8819
3589,H03589,H,300.6,310.1,1679,25.9,44,0,0,0,0,0,0,LINE2-M02,2026-06-11T05:19:00,OP-107,MAT-8814
3590,L03590,L,302.3,309.6,1502,47.4,46,0,0,0,0,0,0,LINE2-M02,2026-06-11T05:25:00,OP-106,MAT-8812
3591,M03591,M,300.9,311.1,1412,47.1,49,0,0,0,0,0,0,LINE1-M02,2026-06-11T05:27:00,OP-104,MAT-8815
3592,M03592,M,300.5,310.5,1676,39.4,52,0,0,0,0,0,0,LINE3-M02,2026-06-11T05:31:00,OP-108,MAT-8810
3593,H03593,H,298.8,309.5,1290,28.1,57,0,0,0,0,0,0,LINE1-M02,2026-06-11T05:36:00,OP-106,MAT-8802
3594,M03594,M,298.3,309.2,1271,37.1,60,0,0,0,0,0,0,LINE2-M02,2026-06-11T05:42:00,OP-100,MAT-8806
3595,M03595,M,303.2,312.5,1554,33.6,63,0,0,0,0,0,0,LINE3-M02,2026-06-11T05:47:00,OP-107,MAT-8801
3596,L03596,L,299.9,311.4,1498,32.6,65,0,0,0,0,0,0,LINE3-M02,2026-06-11T05:52:00,OP-100,MAT-8805
3597,L03597,L,300.3,309.3,1552,34.2,67,0,0,0,0,0,0,LINE1-M01,2026-06-11T05:55:00,OP-111,MAT-8804
3598,M03598,M,298.0,307.5,1168,43.7,70,0,0,0,0,0,0,LINE2-M02,2026-06-11T05:58:00,OP-100,MAT-8800
3599,M03599,M,299.6,309.1,1546,27.0,73,0,0,0,0,0,0,LINE3-M02,2026-06-11T06:02:00,OP-101,MAT-8814
3600,H03600,H,301.6,311.7,1473,29.8,78,0,0,0,0,0,0,LINE1-M02,2026-06-11T06:05:00,OP-111,MAT-8807
3601,H03601,H,296.5,306.8,1576,25.1,83,0,0,0,0,0,0,LINE2-M02,2026-06-11T06:11:00,OP-106,MAT-8800
3602,H03602,H,293.4,303.0,1864,47.5,88,1,0,0,1,0,0,LINE1-M01,2026-06-11T06:14:00,OP-102,MAT-8803
3603,H03603,H,302.4,311.3,1239,48.4,93,0,0,0,0,0,0,LINE2-M01,2026-06-11T06:16:00,OP-104,MAT-8800
3604,M03604,M,301.7,312.2,1368,22.6,96,1,0,0,1,0,0,LINE3-M02,2026-06-11T06:19:00,OP-107,MAT-8818
3605,L03605,L,299.5,309.7,1293,42.9,98,0,0,0,0,0,0,LINE1-M01,2026-06-11T06:25:00,OP-101,MAT-8806
3606,L03606,L,300.5,310.7,1524,43.7,100,0,0,0,0,0,0,LINE1-M01,2026-06-11T06:31:00,OP-110,MAT-8800
3607,L03607,L,299.9,309.5,1253,39.0,102,0,0,0,0,0,0,LINE1-M02,2026-06-11T06:35:00,OP-105,MAT-8814
3608,H03608,H,301.4,310.5,1577,31.2,107,0,0,0,0,0,0,LINE3-M02,2026-06-11T06:38:00,OP-105,MAT-8816
3609,L03609,L,298.2,309.0,1498,28.7,109,0,0,0,0,0,0,LINE1-M02,2026-06-11T06:42:00,OP-103,MAT-8809
3610,M03610,M,299.7,309.9,1475,46.3,112,0,0,0,0,0,0,LINE3-M01,2026-06-11T06:47:00,OP-105,MAT-8809
3611,L03611,L,301.5,310.4,1446,46.4,114,0,0,0,0,0,0,LINE1-M01,2026-06-11T06:51:00,OP-107,MAT-8816
3612,L03612,L,299.6,310.2,1675,50.0,116,0,0,0,0,0,0,LINE2-M02,2026-06-11T06:54:00,OP-105,MAT-8807
3613,M03613,M,298.3,308.5,1771,37.7,119,0,0,0,0,0,0,LINE1-M02,2026-06-11T06:57:00,OP-107,MAT-8812
3614,L03614,L,298.5,307.2,1498,46.8,121,0,0,0,0,0,0,LINE1-M02,2026-06-11T07:03:00,OP-104,MAT-8810
3615,M03615,M,301.5,310.9,1521,36.6,124,0,0,0,0,0,0,LINE2-M01,2026-06-11T07:08:00,OP-101,MAT-8806
3616,H03616,H,299.7,309.9,1419,34.3,129,0,0,0,0,0,0,LINE2-M01,2026-06-11T07:11:00,OP-101,MAT-8801
3617,M03617,M,299.7,309.1,1292,33.8,132,0,0,0,0,0,0,LINE2-M01,2026-06-11T07:15:00,OP-100,MAT-8803
3618,L03618,L,298.2,308.8,1553,46.8,134,0,0,0,0,0,0,LINE1-M02,2026-06-11T07:19:00,OP-104,MAT-8811
3619,L03619,L,298.8,310.1,1225,30.8,136,0,0,0,0,0,0,LINE3-M02,2026-06-11T07:25:00,OP-101,MAT-8803
3620,H03620,H,299.0,309.7,1494,45.3,141,0,0,0,0,0,0,LINE2-M01,2026-06-11T07:31:00,OP-109,MAT-8813
3621,L03621,L,300.2,308.4,1328,21.4,143,1,0,1,1,0,0,LINE3-M02,2026-06-11T07:34:00,OP-103,MAT-8809
3622,L03622,L,301.7,311.7,1722,38.2,145,0,0,0,0,0,0,LINE3-M01,2026-06-11T07:39:00,OP-111,MAT-8816
3623,M03623,M,299.0,309.8,1605,28.1,148,0,0,0,0,0,0,LINE1-M01,2026-06-11T07:44:00,OP-101,MAT-8811
3624,M03624,M,302.2,310.9,1168,30.3,151,0,0,0,0,0,0,LINE2-M01,2026-06-11T07:49:00,OP-108,MAT-8804
3625,L03625,L,299.8,307.6,1539,42.7,153,0,0,0,0,0,0,LINE1-M01,2026-06-11T07:52:00,OP-102,MAT-8805
3626,H03626,H,300.1,311.1,1629,40.4,158,0,0,0,0,0,0,LINE2-M01,2026-06-11T07:54:00,OP-104,MAT-8814
3627,L03627,L,298.0,307.7,1587,28.2,160,0,0,0,0,0,0,LINE1-M02,2026-06-11T08:00:00,OP-108,MAT-8814
3628,L03628,L,299.1,309.4,1543,46.4,162,0,0,0,0,0,0,LINE2-M01,2026-06-11T08:02:00,OP-103,MAT-8812
3629,M03629,M,300.1,309.8,1168,55.6,165,0,0,0,0,0,0,LINE1-M01,2026-06-11T08:07:00,OP-110,MAT-8814
3630,M03630,M,302.9,313.6,1265,46.0,168,0,0,0,0,0,0,LINE1-M01,2026-06-11T08:13:00,OP-102,MAT-8817
3631,L03631,L,301.1,311.2,1386,33.5,170,0,0,0,0,0,0,LINE2-M01,2026-06-11T08:19:00,OP-107,MAT-8817
3632,M03632,M,297.0,308.4,1289,44.9,173,0,0,0,0,0,0,LINE3-M01,2026-06-11T08:22:00,OP-103,MAT-8800
3633,M03633,M,298.4,306.8,1506,37.3,176,0,0,0,0,0,0,LINE3-M01,2026-06-11T08:27:00,OP-110,MAT-8801
3634,L03634,L,301.6,312.2,1557,24.1,178,0,0,0,0,0,0,LINE3-M02,2026-06-11T08:31:00,OP-103,MAT-8803
3635,M03635,M,301.0,310.6,1298,34.0,181,0,0,0,0,0,0,LINE3-M02,2026-06-11T08:35:00,OP-109,MAT-8817
3636,L03636,L,302.1,312.8,1445,36.0,183,0,0,0,0,0,0,LINE2-M01,2026-06-11T08:40:00,OP-102,MAT-8808
3637,L03637,L,299.9,309.2,1240,32.6,185,0,0,0,0,0,0,LINE3-M01,2026-06-11T08:45:00,OP-107,MAT-8800
3638,H03638,H,299.1,309.4,1476,23.1,190,0,0,0,0,0,0,LINE2-M01,2026-06-11T08:50:00,OP-101,MAT-8813
3639,L03639,L,300.2,310.7,1645,28.6,192,0,0,0,0,0,0,LINE3-M02,2026-06-11T08:56:00,OP-109,MAT-8808
3640,L03640,L,299.2,311.9,1318,39.7,194,0,0,0,0,0,0,LINE1-M01,2026-06-11T08:59:00,OP-106,MAT-8806
3641,M03641,M,297.9,306.8,1217,35.1,197,0,0,0,0,0,0,LINE2-M02,2026-06-11T09:04:00,OP-107,MAT-8815
3642,L03642,L,299.5,309.9,1444,48.6,199,0,0,0,0,0,0,LINE1-M02,2026-06-11T09:06:00,OP-101,MAT-8815
3643,L03643,L,296.3,305.9,1620,31.3,201,0,0,0,0,0,0,LINE1-M02,2026-06-11T09:12:00,OP-102,MAT-8813
3644,H03644,H,295.7,305.6,1348,46.8,206,0,0,0,0,0,0,LINE3-M02,2026-06-11T09:14:00,OP-106,MAT-8803
3645,M03645,M,303.0,312.2,1476,33.2,209,0,0,0,0,0,0,LINE3-M01,2026-06-11T09:17:00,OP-105,MAT-8809
3646,L03646,L,300.9,311.7,1410,23.0,211,1,1,0,1,0,0,LINE2-M02,2026-06-11T09:20:00,OP-107,MAT-8819
3647,H03647,H,302.3,313.7,1515,45.2,216,0,0,0,0,0,0,LINE1-M02,2026-06-11T09:25:00,OP-104,MAT-8814
3648,M03648,M,303.2,315.0,1168,49.6,219,1,1,0,0,0,0,LINE3-M01,2026-06-11T09:31:00,OP-105,MAT-8815
3649,H03649,H,296.8,307.8,1185,27.1,224,1,0,0,1,0,0,LINE2-M02,2026-06-11T09:34:00,OP-102,MAT-8801
3650,L03650,L,298.8,307.6,1519,36.4,226,1,1,0,0,0,0,LINE2-M01,2026-06-11T09:39:00,OP-110,MAT-8805
3651,L03651,L,302.4,314.0,1739,30.4,228,1,1,0,0,0,0,LINE3-M02,2026-06-11T09:43:00,OP-101,MAT-8811
3652,H03652,H,303.7,312.4,1746,16.3,233,1,1,0,1,0,0,LINE1-M01,2026-06-11T09:45:00,OP-110,MAT-8810
3653,M03653,M,300.9,309.5,1898,39.5,236,1,1,0,0,0,0,LINE1-M02,2026-06-11T09:50:00,OP-108,MAT-8810
3654,L03654,L,300.1,310.1,1490,51.2,238,1,1,0,0,1,0,LINE3-M02,2026-06-11T09:52:00,OP-110,MAT-8819
3655,H03655,H,297.8,307.4,1264,33.9,0,0,0,0,0,0,0,LINE2-M02,2026-06-11T09:55:00,OP-104,MAT-8815
3656,L03656,L,300.5,311.1,1581,36.4,2,0,0,0,0,0,0,LINE3-M02,2026-06-11T10:00:00,OP-105,MAT-8819
3657,L03657,L,300.0,309.3,1870,42.8,4,0,0,0,0,0,0,LINE2-M02,2026-06-11T10:06:00,OP-106,MAT-8819
3658,L03658,L,297.3,307.3,1364,58.5,6,0,0,0,0,0,0,LINE2-M02,2026-06-11T10:08:00,OP-110,MAT-8807
3659,H03659,H,302.8,313.2,1400,45.4,11,0,0,0,0,0,0,LINE3-M01,2026-06-11T10:10:00,OP-104,MAT-8800
3660,H03660,H,301.3,310.7,1435,42.0,16,0,0,0,0,0,0,LINE3-M02,2026-06-11T10:12:00,OP-110,MAT-8816
3661,M03661,M,301.1,310.0,1573,39.8,19,0,0,0,0,0,0,LINE2-M01,2026-06-11T10:16:00,OP-103,MAT-8814
3662,H03662,H,299.6,308.1,1326,47.4,24,1,0,1,0,0,0,LINE3-M01,2026-06-11T10:21:00,OP-105,MAT-8807
3663,H03663,H,301.6,311.0,1288,55.4,29,0,0,0,0,0,0,LINE1-M01,2026-06-11T10:27:00,OP-106,MAT-8819
3664,L03664,L,303.4,314.7,1491,30.9,31,0,0,0,0,0,0,LINE1-M02,2026-06-11T10:31:00,OP-103,MAT-8814
3665,H03665,H,297.9,309.1,1593,52.1,36,0,0,0,0,0,0,LINE1-M02,2026-06-11T10:35:00,OP-103,MAT-8805
3666,L03666,L,301.1,309.9,1543,46.3,38,0,0,0,0,0,0,LINE2-M02,2026-06-11T10:38:00,OP-108,MAT-8807
3667,H03667,H,301.6,310.8,1810,38.2,43,0,0,0,0,0,0,LINE2-M02,2026-06-11T10:42:00,OP-104,MAT-8813
3668,M03668,M,297.1,308.5,1502,53.8,46,0,0,0,0,0,0,LINE2-M01,2026-06-11T10:47:00,OP-103,MAT-8806
3669,M03669,M,302.8,312.7,1758,34.6,49,0,0,0,0,0,0,LINE2-M02,2026-06-11T10:53:00,OP-101,MAT-8810
3670,H03670,H,303.1,312.8,1581,58.1,54,1,0,0,1,0,0,LINE2-M01,2026-06-11T10:59:00,OP-100,MAT-8802
3671,L03671,L,301.0,311.7,1900,32.8,56,0,0,0,0,0,0,LINE1-M02,2026-06-11T11:03:00,OP-104,MAT-8816
3672,M03672,M,298.2,307.6,1347,33.7,59,0,0,0,0,0,0,LINE1-M01,2026-06-11T11:08:00,OP-103,MAT-8800
3673,M03673,M,299.8,309.9,1616,61.0,62,1,0,0,1,0,0,LINE3-M02,2026-06-11T11:13:00,OP-104,MAT-8815
3674,L03674,L,303.8,316.3,1356,22.1,64,1,0,0,1,0,0,LINE1-M01,2026-06-11T11:18:00,OP-107,MAT-8800
3675,L03675,L,298.4,308.6,1756,30.5,66,0,0,0,0,0,0,LINE3-M01,2026-06-11T11:24:00,OP-102,MAT-8819
3676,L03676,L,302.4,313.6,1418,41.8,68,0,0,0,0,0,0,LINE3-M01,2026-06-11T11:27:00,OP-102,MAT-8806
3677,M03677,M,298.1,308.5,1682,38.5,71,0,0,0,0,0,0,LINE2-M01,2026-06-11T11:33:00,OP-111,MAT-8806
3678,L03678,L,305.4,314.7,1428,42.2,73,0,0,0,0,0,0,LINE3-M01,2026-06-11T11:37:00,OP-107,MAT-8818
3679,M03679,M,298.9,309.7,1178,44.4,76,0,0,0,0,0,0,LINE1-M01,2026-06-11T11:41:00,OP-106,MAT-8808
3680,M03680,M,299.7,310.2,1745,48.5,79,0,0,0,0,0,0,LINE3-M02,2026-06-11T11:47:00,OP-107,MAT-8816
3681,L03681,L,299.6,308.6,1518,33.7,81,0,0,0,0,0,0,LINE3-M02,2026-06-11T11:51:00,OP-107,MAT-8806
3682,L03682,L,299.6,310.8,1544,50.4,83,0,0,0,0,0,0,LINE2-M02,2026-06-11T11:53:00,OP-109,MAT-8804
3683,L03683,L,302.0,310.8,1308,46.3,85,0,0,0,0,0,0,LINE2-M01,2026-06-11T11:55:00,OP-110,MAT-8812
3684,M03684,M,298.6,308.1,1633,38.6,88,0,0,0,0,0,0,LINE2-M02,2026-06-11T12:01:00,OP-104,MAT-8808
3685,L03685,L,296.4,306.9,1653,26.4,90,0,0,0,0,0,0,LINE1-M01,2026-06-11T12:07:00,OP-103,MAT-8805
3686,L03686,L,300.2,310.7,1827,36.3,92,0,0,0,0,0,0,LINE3-M02,2026-06-11T12:09:00,OP-102,MAT-8813
3687,L03687,L,298.9,308.1,1599,19.9,94,1,0,0,1,0,0,LINE1-M01,2026-06-11T12:12:00,OP-102,MAT-8819
3688,L03688,L,304.2,313.3,1812,44.4,96,0,0,0,0,0,0,LINE2-M02,2026-06-11T12:16:00,OP-104,MAT-8800
3689,H03689,H,301.3,312.0,1547,50.1,101,0,0,0,0,0,0,LINE2-M01,2026-06-11T12:20:00,OP-102,MAT-8814
3690,M03690,M,296.9,306.4,1280,47.9,104,0,0,0,0,0,0,LINE2-M01,2026-06-11T12:26:00,OP-101,MAT-8817
3691,M03691,M,302.7,313.9,1271,48.1,107,0,0,0,0,0,0,LINE1-M01,2026-06-11T12:32:00,OP-111,MAT-8812
3692,L03692,L,301.3,309.7,1656,23.1,109,0,0,0,0,0,0,LINE3-M01,2026-06-11T12:34:00,OP-109,MAT-8807
3693,H03693,H,302.5,310.5,1617,42.4,114,0,0,0,0,0,0,LINE1-M02,2026-06-11T12:39:00,OP-107,MAT-8815
3694,L03694,L,296.0,305.3,1291,48.6,116,0,0,0,0,0,0,LINE2-M02,2026-06-11T12:42:00,OP-110,MAT-8810
3695,M03695,M,302.8,311.6,1640,40.1,119,0,0,0,0,0,0,LINE1-M02,2026-06-11T12:48:00,OP-102,MAT-8806
3696,L03696,L,303.0,313.4,1763,45.3,121,0,0,0,0,0,0,LINE3-M02,2026-06-11T12:51:00,OP-101,MAT-8816
3697,M03697,M,297.7,308.2,1691,48.0,124,0,0,0,0,0,0,LINE3-M01,2026-06-11T12:56:00,OP-105,MAT-8810
3698,M03698,M,299.0,308.8,1552,46.0,127,0,0,0,0,0,0,LINE2-M02,2026-06-11T13:02:00,OP-104,MAT-8808
3699,L03699,L,302.1,311.1,1452,60.1,129,1,0,0,1,0,0,LINE3-M02,2026-06-11T13:04:00,OP-108,MAT-8817
3700,L03700,L,302.0,309.5,1876,41.1,131,0,0,0,0,0,0,LINE1-M02,2026-06-11T13:10:00,OP-104,MAT-8813
3701,H03701,H,300.6,311.5,1526,42.4,136,0,0,0,0,0,0,LINE3-M02,2026-06-11T13:15:00,OP-105,MAT-8811
3702,M03702,M,303.4,314.3,1215,24.6,139,1,0,0,1,0,0,LINE3-M01,2026-06-11T13:19:00,OP-100,MAT-8816
3703,L03703,L,299.5,309.9,1256,43.9,141,0,0,0,0,0,0,LINE2-M02,2026-06-11T13:24:00,OP-109,MAT-8805
3704,M03704,M,301.0,309.1,1691,46.0,144,0,0,0,0,0,0,LINE2-M01,2026-06-11T13:30:00,OP-104,MAT-8818
3705,L03705,L,295.6,306.7,1511,20.7,146,1,0,0,1,0,0,LINE1-M02,2026-06-11T13:35:00,OP-105,MAT-8811
3706,L03706,L,300.3,310.7,1184,53.4,148,0,0,0,0,0,0,LINE3-M01,2026-06-11T13:39:00,OP-106,MAT-8813
3707,L03707,L,296.5,306.2,1416,39.6,150,0,0,0,0,0,0,LINE1-M01,2026-06-11T13:44:00,OP-105,MAT-8811
3708,L03708,L,299.2,309.7,1927,47.8,152,1,0,0,1,0,0,LINE2-M02,2026-06-11T13:49:00,OP-104,MAT-8819
3709,H03709,H,303.7,312.4,1620,67.1,157,1,0,0,1,0,0,LINE3-M02,2026-06-11T13:52:00,OP-106,MAT-8811
3710,M03710,M,297.4,308.7,1322,36.9,160,0,0,0,0,0,0,LINE2-M01,2026-06-11T13:54:00,OP-100,MAT-8810
3711,M03711,M,298.8,308.5,1570,48.1,163,0,0,0,0,0,0,LINE2-M02,2026-06-11T13:58:00,OP-109,MAT-8810
3712,L03712,L,301.8,312.5,1761,32.5,165,0,0,0,0,0,0,LINE3-M01,2026-06-11T14:03:00,OP-103,MAT-8811
3713,L03713,L,301.9,312.9,1506,42.4,167,0,0,0,0,0,0,LINE1-M02,2026-06-11T14:09:00,OP-100,MAT-8809
3714,H03714,H,302.5,313.8,1462,44.1,172,0,0,0,0,0,0,LINE2-M01,2026-06-11T14:11:00,OP-101,MAT-8815
3715,M03715,M,303.4,314.9,1566,48.5,175,0,0,0,0,0,0,LINE1-M01,2026-06-11T14:15:00,OP-110,MAT-8818
3716,L03716,L,302.2,312.0,1198,29.8,177,0,0,0,0,0,0,LINE3-M01,2026-06-11T14:17:00,OP-101,MAT-8813
3717,L03717,L,301.0,311.1,1508,52.3,179,0,0,0,0,0,0,LINE3-M02,2026-06-11T14:23:00,OP-110,MAT-8800
3718,L03718,L,300.3,310.8,1480,20.7,181,1,0,0,1,0,0,LINE3-M01,2026-06-11T14:26:00,OP-101,MAT-8803
3719,L03719,L,297.7,308.2,1766,62.3,183,1,0,0,1,1,0,LINE3-M01,2026-06-11T14:29:00,OP-111,MAT-8806
3720,L03720,L,300.0,309.3,1341,25.1,185,0,0,0,0,0,0,LINE3-M02,2026-06-11T14:35:00,OP-108,MAT-8805
3721,L03721,L,298.3,309.0,1968,32.0,187,0,0,0,0,0,0,LINE2-M01,2026-06-11T14:39:00,OP-106,MAT-8814
3722,L03722,L,301.6,312.0,1579,14.9,189,1,0,0,1,0,0,LINE3-M01,2026-06-11T14:42:00,OP-108,MAT-8807
3723,H03723,H,299.7,309.5,1168,35.8,194,0,0,0,0,0,0,LINE2-M02,2026-06-11T14:46:00,OP-102,MAT-8813
3724,L03724,L,302.2,310.3,1341,35.8,196,1,0,1,0,0,0,LINE1-M01,2026-06-11T14:52:00,OP-107,MAT-8819
3725,H03725,H,297.7,307.6,1242,39.3,201,0,0,0,0,0,0,LINE2-M02,2026-06-11T14:57:00,OP-104,MAT-8819
3726,L03726,L,302.4,313.3,1823,32.8,203,0,0,0,0,0,0,LINE2-M02,2026-06-11T14:59:00,OP-106,MAT-8819
3727,L03727,L,298.3,308.0,1720,34.3,205,0,0,0,0,0,0,LINE1-M02,2026-06-11T15:02:00,OP-105,MAT-8813
3728,M03728,M,298.1,307.4,1437,46.1,208,0,0,0,0,0,0,LINE1-M02,2026-06-11T15:04:00,OP-109,MAT-8800
3729,L03729,L,301.4,311.3,1483,37.4,210,1,1,0,0,0,0,LINE2-M02,2026-06-11T15:10:00,OP-106,MAT-8816
3730,L03730,L,300.9,311.3,1889,48.0,212,1,0,0,1,0,0,LINE1-M01,2026-06-11T15:13:00,OP-104,MAT-8812
3731,M03731,M,299.1,310.6,1438,34.5,215,1,1,0,0,0,0,LINE2-M01,2026-06-11T15:19:00,OP-106,MAT-8802
3732,L03732,L,300.1,311.5,1168,30.9,217,0,0,0,0,0,0,LINE1-M01,2026-06-11T15:25:00,OP-104,MAT-8810
3733,H03733,H,299.7,310.3,1387,43.0,222,0,0,0,0,0,0,LINE3-M02,2026-06-11T15:29:00,OP-110,MAT-8812
3734,M03734,M,297.0,309.5,1168,37.3,225,1,1,0,0,0,0,LINE1-M02,2026-06-11T15:31:00,OP-105,MAT-8802
3735,H03735,H,301.9,312.4,1823,35.3,230,1,1,0,0,0,0,LINE1-M02,2026-06-11T15:35:00,OP-103,MAT-8805
3736,L03736,L,301.8,310.7,1168,50.3,232,1,1,0,0,1,0,LINE1-M01,2026-06-11T15:39:00,OP-100,MAT-8809
3737,L03737,L,300.8,310.6,1502,31.4,234,0,0,0,0,0,0,LINE1-M01,2026-06-11T15:42:00,OP-105,MAT-8802
3738,L03738,L,295.5,305.0,1472,41.1,236,1,1,0,0,0,0,LINE2-M02,2026-06-11T15:44:00,OP-105,MAT-8803
3739,M03739,M,298.9,306.8,1803,40.1,239,1,1,0,0,0,0,LINE1-M01,2026-06-11T15:47:00,OP-111,MAT-8818
3740,L03740,L,299.0,309.7,1649,33.7,0,0,0,0,0,0,0,LINE3-M01,2026-06-11T15:52:00,OP-104,MAT-8804
3741,L03741,L,304.1,313.8,1484,43.9,2,0,0,0,0,0,0,LINE3-M01,2026-06-11T15:58:00,OP-111,MAT-8815
3742,L03742,L,298.9,309.7,1295,38.3,4,0,0,0,0,0,0,LINE2-M02,2026-06-11T16:04:00,OP-107,MAT-8809
3743,L03743,L,302.0,313.2,1623,44.1,6,0,0,0,0,0,0,LINE2-M01,2026-06-11T16:06:00,OP-107,MAT-8800
3744,L03744,L,296.3,306.1,2037,32.9,8,0,0,0,0,0,0,LINE2-M01,2026-06-11T16:08:00,OP-105,MAT-8816
3745,H03745,H,298.9,308.8,1655,26.8,13,0,0,0,0,0,0,LINE2-M02,2026-06-11T16:13:00,OP-101,MAT-8807
3746,L03746,L,301.6,312.0,1581,45.6,15,0,0,0,0,0,0,LINE1-M02,2026-06-11T16:16:00,OP-108,MAT-8818
3747,L03747,L,304.2,312.8,1513,45.4,17,0,0,0,0,0,0,LINE1-M02,2026-06-11T16:21:00,OP-107,MAT-8807
3748,L03748,L,299.1,308.6,1978,36.4,19,0,0,0,0,0,0,LINE2-M01,2026-06-11T16:26:00,OP-101,MAT-8805
3749,M03749,M,296.9,307.9,1581,34.8,22,0,0,0,0,0,0,LINE1-M01,2026-06-11T16:29:00,OP-106,MAT-8802
3750,H03750,H,299.0,309.0,1662,37.8,27,0,0,0,0,0,0,LINE2-M02,2026-06-11T16:32:00,OP-105,MAT-8810
3751,L03751,L,301.5,311.9,1731,34.5,29,0,0,0,0,0,0,LINE3-M01,2026-06-11T16:34:00,OP-106,MAT-8815
3752,L03752,L,302.7,313.5,1799,40.2,31,0,0,0,0,0,0,LINE2-M02,2026-06-11T16:36:00,OP-108,MAT-8815
3753,L03753,L,300.1,309.9,1443,35.7,33,0,0,0,0,0,0,LINE1-M01,2026-06-11T16:38:00,OP-101,MAT-8816
3754,M03754,M,297.8,309.1,1234,43.1,36,0,0,0,0,0,0,LINE1-M01,2026-06-11T16:41:00,OP-105,MAT-8806
3755,H03755,H,302.7,311.4,1188,43.4,41,0,0,0,0,0,0,LINE3-M02,2026-06-11T16:43:00,OP-104,MAT-8816
3756,H03756,H,298.1,308.8,1442,35.2,46,0,0,0,0,0,0,LINE2-M02,2026-06-11T16:48:00,OP-100,MAT-8814
3757,L03757,L,297.2,306.5,1515,17.3,48,1,0,0,1,0,0,LINE1-M01,2026-06-11T16:54:00,OP-102,MAT-8808
3758,L03758,L,300.7,311.5,1603,32.1,50,0,0,0,0,0,0,LINE1-M01,2026-06-11T17:00:00,OP-111,MAT-8801
3759,L03759,L,301.1,308.9,1471,36.1,52,0,0,0,0,0,0,LINE3-M02,2026-06-11T17:04:00,OP-108,MAT-8816
3760,L03760,L,301.1,311.3,1668,50.7,54,0,0,0,0,0,0,LINE2-M02,2026-06-11T17:07:00,OP-105,MAT-8807
3761,H03761,H,304.2,314.5,1321,25.6,59,0,0,0,0,0,0,LINE2-M02,2026-06-11T17:11:00,OP-111,MAT-8809
3762,L03762,L,298.5,306.5,1659,37.2,61,0,0,0,0,0,0,LINE2-M01,2026-06-11T17:17:00,OP-106,MAT-8808
3763,H03763,H,300.5,309.8,2007,47.4,66,1,0,0,1,0,0,LINE1-M02,2026-06-11T17:20:00,OP-100,MAT-8808
3764,M03764,M,298.0,308.6,1479,52.9,69,0,0,0,0,0,0,LINE1-M02,2026-06-11T17:23:00,OP-101,MAT-8814
3765,M03765,M,299.8,309.2,1459,36.2,72,0,0,0,0,0,0,LINE2-M02,2026-06-11T17:29:00,OP-100,MAT-8811
3766,H03766,H,297.5,307.5,1812,52.2,77,1,0,0,1,0,0,LINE1-M01,2026-06-11T17:35:00,OP-111,MAT-8802
3767,H03767,H,298.4,307.3,1660,32.7,82,0,0,0,0,0,0,LINE1-M01,2026-06-11T17:41:00,OP-111,MAT-8802
3768,M03768,M,300.2,311.6,1168,51.5,85,0,0,0,0,0,0,LINE1-M02,2026-06-11T17:46:00,OP-111,MAT-8809
3769,M03769,M,296.3,306.4,1584,39.3,88,0,0,0,0,0,0,LINE2-M01,2026-06-11T17:50:00,OP-111,MAT-8810
3770,H03770,H,298.0,308.9,1722,34.8,93,0,0,0,0,0,0,LINE2-M02,2026-06-11T17:55:00,OP-100,MAT-8818
3771,L03771,L,301.4,311.7,1532,24.2,95,0,0,0,0,0,0,LINE2-M01,2026-06-11T17:59:00,OP-110,MAT-8805
3772,M03772,M,299.4,308.4,1346,30.1,98,0,0,0,0,0,0,LINE1-M02,2026-06-11T18:01:00,OP-111,MAT-8802
3773,L03773,L,300.4,311.0,1600,29.7,100,0,0,0,0,0,0,LINE1-M01,2026-06-11T18:03:00,OP-106,MAT-8800
3774,L03774,L,296.6,304.7,1788,40.4,102,0,0,0,0,0,0,LINE3-M01,2026-06-11T18:05:00,OP-110,MAT-8814
3775,L03775,L,303.7,312.2,1368,32.2,104,1,0,1,0,0,0,LINE3-M01,2026-06-11T18:10:00,OP-108,MAT-8800
3776,H03776,H,298.0,308.8,1875,28.2,109,0,0,0,0,0,0,LINE1-M01,2026-06-11T18:15:00,OP-104,MAT-8818
3777,L03777,L,299.8,309.5,1606,29.1,111,0,0,0,0,0,0,LINE1-M02,2026-06-11T18:17:00,OP-106,MAT-8819
3778,M03778,M,297.8,309.0,1557,60.5,114,1,0,0,1,0,0,LINE3-M02,2026-06-11T18:20:00,OP-109,MAT-8811
3779,M03779,M,301.7,310.7,1168,35.8,117,0,0,0,0,0,0,LINE2-M01,2026-06-11T18:22:00,OP-103,MAT-8811
3780,L03780,L,297.6,307.6,1168,42.7,119,0,0,0,0,0,0,LINE2-M01,2026-06-11T18:27:00,OP-105,MAT-8801
3781,M03781,M,298.0,307.4,1358,34.8,122,0,0,0,0,0,0,LINE3-M02,2026-06-11T18:31:00,OP-110,MAT-8815
3782,M03782,M,298.3,309.7,1505,58.3,125,1,0,0,1,0,0,LINE2-M02,2026-06-11T18:33:00,OP-104,MAT-8816
3783,L03783,L,302.4,312.9,1235,47.8,127,0,0,0,0,0,0,LINE1-M01,2026-06-11T18:37:00,OP-105,MAT-8812
3784,L03784,L,299.9,311.4,1458,39.4,129,0,0,0,0,0,0,LINE1-M01,2026-06-11T18:41:00,OP-101,MAT-8819
3785,M03785,M,299.7,308.2,1403,44.4,132,0,0,0,0,0,0,LINE1-M01,2026-06-11T18:47:00,OP-106,MAT-8815
3786,L03786,L,300.9,310.2,1513,15.5,134,1,0,0,1,0,0,LINE1-M01,2026-06-11T18:53:00,OP-105,MAT-8807
3787,L03787,L,299.9,311.8,1281,24.4,136,1,0,0,1,0,0,LINE3-M02,2026-06-11T18:57:00,OP-108,MAT-8804
3788,L03788,L,300.4,312.9,1371,49.6,138,0,0,0,0,0,0,LINE2-M01,2026-06-11T19:00:00,OP-100,MAT-8804
3789,H03789,H,302.6,312.4,1625,48.6,143,0,0,0,0,0,0,LINE2-M01,2026-06-11T19:04:00,OP-101,MAT-8805
3790,L03790,L,301.1,309.3,1236,42.4,145,1,0,1,0,0,0,LINE2-M02,2026-06-11T19:07:00,OP-101,MAT-8814
3791,L03791,L,303.9,315.0,2198,30.7,147,0,0,0,0,0,0,LINE3-M02,2026-06-11T19:12:00,OP-105,MAT-8800
3792,H03792,H,298.0,306.7,1514,39.5,152,0,0,0,0,0,0,LINE2-M01,2026-06-11T19:17:00,OP-105,MAT-8810
3793,L03793,L,299.2,309.9,1422,25.2,154,0,0,0,0,0,0,LINE1-M02,2026-06-11T19:23:00,OP-104,MAT-8806
3794,M03794,M,297.8,308.2,1471,40.0,157,0,0,0,0,0,0,LINE1-M02,2026-06-11T19:27:00,OP-103,MAT-8816
3795,L03795,L,298.8,309.2,1481,33.6,159,0,0,0,0,0,0,LINE1-M02,2026-06-11T19:33:00,OP-102,MAT-8801
3796,M03796,M,303.6,313.4,1870,35.4,162,0,0,0,0,0,0,LINE3-M02,2026-06-11T19:38:00,OP-107,MAT-8811
3797,M03797,M,304.6,314.8,1340,54.4,165,0,0,0,0,0,0,LINE1-M02,2026-06-11T19:44:00,OP-108,MAT-8812
3798,L03798,L,297.9,309.4,1558,36.9,167,0,0,0,0,0,0,LINE1-M02,2026-06-11T19:48:00,OP-109,MAT-8808
3799,M03799,M,296.2,307.4,1887,33.4,170,0,0,0,0,0,0,LINE1-M01,2026-06-11T19:52:00,OP-111,MAT-8802
3800,L03800,L,301.1,311.6,1497,28.0,172,0,0,0,0,0,0,LINE2-M02,2026-06-11T19:58:00,OP-109,MAT-8806
3801,L03801,L,299.0,308.2,1267,46.2,174,0,0,0,0,0,0,LINE1-M01,2026-06-11T20:00:00,OP-108,MAT-8817
3802,L03802,L,303.0,312.4,1961,26.3,176,0,0,0,0,0,0,LINE1-M01,2026-06-11T20:02:00,OP-110,MAT-8818
3803,L03803,L,298.5,308.5,1544,44.5,178,0,0,0,0,0,0,LINE2-M01,2026-06-11T20:08:00,OP-101,MAT-8802
3804,M03804,M,297.7,307.6,1607,40.8,181,0,0,0,0,0,0,LINE2-M02,2026-06-11T20:13:00,OP-100,MAT-8802
3805,M03805,M,302.4,311.8,1572,42.5,184,0,0,0,0,0,0,LINE1-M02,2026-06-11T20:18:00,OP-105,MAT-8810
3806,L03806,L,297.0,307.3,1499,30.2,186,0,0,0,0,0,0,LINE1-M02,2026-06-11T20:20:00,OP-111,MAT-8808
3807,M03807,M,298.5,308.6,1596,41.3,189,0,0,0,0,0,0,LINE3-M02,2026-06-11T20:23:00,OP-100,MAT-8815
3808,M03808,M,298.5,308.9,1168,54.9,192,0,0,0,0,0,0,LINE2-M02,2026-06-11T20:27:00,OP-100,MAT-8819
3809,H03809,H,301.2,310.9,1235,61.0,197,0,0,0,0,0,0,LINE2-M01,2026-06-11T20:29:00,OP-103,MAT-8818
3810,M03810,M,300.6,310.6,1764,46.8,200,0,0,0,0,0,0,LINE1-M02,2026-06-11T20:33:00,OP-103,MAT-8810
3811,L03811,L,298.7,309.1,1435,51.9,202,0,0,0,0,0,0,LINE1-M01,2026-06-11T20:36:00,OP-102,MAT-8809
3812,M03812,M,298.6,309.2,1420,29.7,205,1,1,0,0,0,0,LINE1-M02,2026-06-11T20:42:00,OP-106,MAT-8808
3813,L03813,L,300.5,310.8,1612,33.0,207,0,0,0,0,0,0,LINE2-M02,2026-06-11T20:47:00,OP-111,MAT-8800
3814,M03814,M,304.0,313.1,1696,38.2,210,0,0,0,0,0,0,LINE2-M02,2026-06-11T20:49:00,OP-111,MAT-8810
3815,M03815,M,304.1,314.0,1358,50.7,213,0,0,0,0,0,0,LINE3-M02,2026-06-11T20:53:00,OP-108,MAT-8805
3816,H03816,H,298.8,308.7,1550,31.4,218,0,0,0,0,0,0,LINE3-M01,2026-06-11T20:57:00,OP-102,MAT-8802
3817,L03817,L,300.3,311.1,1325,55.1,220,1,1,0,0,1,0,LINE1-M02,2026-06-11T21:01:00,OP-108,MAT-8803
3818,H03818,H,301.1,311.2,1387,38.2,225,1,1,0,0,0,0,LINE3-M01,2026-06-11T21:07:00,OP-109,MAT-8803
3819,L03819,L,299.6,308.9,1897,36.4,227,1,1,0,0,0,0,LINE2-M02,2026-06-11T21:09:00,OP-100,MAT-8804
3820,M03820,M,304.2,313.6,1247,49.5,230,0,0,0,0,0,0,LINE3-M02,2026-06-11T21:13:00,OP-108,MAT-8802
3821,L03821,L,302.1,310.6,1581,46.7,232,0,0,0,0,0,0,LINE1-M02,2026-06-11T21:15:00,OP-107,MAT-8810
3822,M03822,M,296.7,307.2,1717,39.8,235,1,1,0,0,0,0,LINE3-M01,2026-06-11T21:19:00,OP-105,MAT-8806
3823,M03823,M,301.8,312.7,1623,39.0,238,1,1,0,0,0,0,LINE2-M01,2026-06-11T21:25:00,OP-103,MAT-8803
3824,H03824,H,300.7,311.3,1302,39.5,0,0,0,0,0,0,0,LINE3-M02,2026-06-11T21:28:00,OP-111,MAT-8800
3825,L03825,L,297.0,305.6,1629,35.6,2,0,0,0,0,0,0,LINE2-M01,2026-06-11T21:32:00,OP-106,MAT-8815
3826,L03826,L,298.5,308.3,1820,42.7,4,0,0,0,0,0,0,LINE2-M01,2026-06-11T21:35:00,OP-104,MAT-8805
3827,L03827,L,300.8,310.6,1379,26.0,6,0,0,0,0,0,0,LINE2-M02,2026-06-11T21:40:00,OP-100,MAT-8809
3828,H03828,H,298.9,307.9,1314,43.3,11,0,0,0,0,0,0,LINE3-M02,2026-06-11T21:46:00,OP-110,MAT-8813
3829,L03829,L,299.9,307.8,1495,26.4,13,0,0,0,0,0,0,LINE2-M01,2026-06-11T21:51:00,OP-101,MAT-8801
3830,H03830,H,300.9,310.2,1539,38.1,18,0,0,0,0,0,0,LINE1-M01,2026-06-11T21:53:00,OP-103,MAT-8801
3831,L03831,L,298.4,308.0,1396,33.4,20,0,0,0,0,0,0,LINE3-M02,2026-06-11T21:59:00,OP-102,MAT-8809
3832,H03832,H,300.5,310.1,1291,49.7,25,0,0,0,0,0,0,LINE2-M02,2026-06-11T22:04:00,OP-101,MAT-8813
3833,L03833,L,301.7,313.8,1577,51.6,27,0,0,0,0,0,0,LINE3-M01,2026-06-11T22:09:00,OP-109,MAT-8817
3834,L03834,L,300.1,310.2,1519,52.6,29,0,0,0,0,0,0,LINE1-M01,2026-06-11T22:15:00,OP-106,MAT-8806
3835,L03835,L,298.8,309.9,1473,49.1,31,0,0,0,0,0,0,LINE3-M01,2026-06-11T22:20:00,OP-107,MAT-8801
3836,M03836,M,302.2,313.2,1569,39.0,34,0,0,0,0,0,0,LINE3-M01,2026-06-11T22:25:00,OP-101,MAT-8816
3837,M03837,M,302.4,313.0,1554,34.2,37,0,0,0,0,0,0,LINE3-M02,2026-06-11T22:27:00,OP-110,MAT-8818
3838,L03838,L,300.7,309.6,1972,15.3,39,1,0,0,1,0,0,LINE2-M02,2026-06-11T22:30:00,OP-111,MAT-8801
3839,M03839,M,302.4,311.7,1551,29.2,42,0,0,0,0,0,0,LINE1-M02,2026-06-11T22:34:00,OP-109,MAT-8809
3840,L03840,L,298.8,308.6,1612,27.0,44,0,0,0,0,0,0,LINE2-M02,2026-06-11T22:38:00,OP-108,MAT-8813
3841,H03841,H,301.3,311.2,1499,38.7,49,0,0,0,0,0,0,LINE2-M02,2026-06-11T22:40:00,OP-101,MAT-8819
3842,L03842,L,298.2,306.0,1717,49.4,51,0,0,0,0,0,0,LINE1-M02,2026-06-11T22:43:00,OP-109,MAT-8810
3843,H03843,H,298.5,308.5,1296,28.2,56,0,0,0,0,0,0,LINE3-M02,2026-06-11T22:45:00,OP-109,MAT-8802
3844,L03844,L,295.6,305.7,1308,47.3,58,0,0,0,0,0,0,LINE1-M01,2026-06-11T22:49:00,OP-100,MAT-8819
3845,L03845,L,300.1,309.9,1429,42.0,60,0,0,0,0,0,0,LINE1-M02,2026-06-11T22:54:00,OP-105,MAT-8819
3846,H03846,H,299.5,310.8,1168,56.3,65,0,0,0,0,0,0,LINE2-M01,2026-06-11T22:56:00,OP-107,MAT-8804
3847,L03847,L,298.1,307.8,1468,48.1,67,0,0,0,0,0,0,LINE3-M02,2026-06-11T23:01:00,OP-100,MAT-8806
3848,L03848,L,302.6,312.4,1332,55.0,69,0,0,0,0,0,0,LINE1-M02,2026-06-11T23:07:00,OP-101,MAT-8816
3849,L03849,L,296.6,306.4,1723,36.4,71,0,0,0,0,0,0,LINE3-M02,2026-06-11T23:11:00,OP-111,MAT-8810
3850,L03850,L,299.6,308.9,1878,42.9,73,0,0,0,0,0,0,LINE3-M02,2026-06-11T23:16:00,OP-109,MAT-8813
3851,M03851,M,301.1,311.1,1546,25.7,76,0,0,0,0,0,0,LINE1-M02,2026-06-11T23:18:00,OP-109,MAT-8806
3852,L03852,L,303.0,313.8,1387,44.9,78,0,0,0,0,0,0,LINE3-M02,2026-06-11T23:24:00,OP-102,MAT-8807
3853,H03853,H,297.5,308.5,1370,47.1,83,0,0,0,0,0,0,LINE2-M01,2026-06-11T23:30:00,OP-100,MAT-8807
3854,L03854,L,295.5,305.8,1630,23.7,85,0,0,0,0,0,0,LINE2-M02,2026-06-11T23:35:00,OP-111,MAT-8802
3855,H03855,H,300.2,310.2,1653,33.7,90,0,0,0,0,0,0,LINE1-M02,2026-06-11T23:39:00,OP-100,MAT-8817
3856,M03856,M,302.7,312.7,1654,35.5,93,0,0,0,0,0,0,LINE1-M02,2026-06-11T23:44:00,OP-110,MAT-8817
3857,H03857,H,300.8,310.9,1763,41.4,98,0,0,0,0,0,0,LINE1-M02,2026-06-11T23:47:00,OP-109,MAT-8819
3858,L03858,L,299.1,308.6,1342,51.1,100,0,0,0,0,0,0,LINE1-M02,2026-06-11T23:50:00,OP-103,MAT-8809
3859,M03859,M,299.3,308.3,1482,52.6,103,0,0,0,0,0,0,LINE1-M01,2026-06-11T23:53:00,OP-106,MAT-8811
3860,L03860,L,297.4,308.5,1282,41.4,105,0,0,0,0,0,0,LINE1-M01,2026-06-11T23:58:00,OP-100,MAT-8809
3861,L03861,L,297.9,307.9,1893,51.7,107,1,0,0,1,0,0,LINE3-M02,2026-06-12T00:03:00,OP-102,MAT-8801
3862,H03862,H,300.3,311.4,1939,39.2,112,0,0,0,0,0,0,LINE2-M02,2026-06-12T00:07:00,OP-102,MAT-8802
3863,M03863,M,298.1,307.5,1700,46.1,115,0,0,0,0,0,0,LINE3-M02,2026-06-12T00:13:00,OP-111,MAT-8817
3864,L03864,L,303.3,314.4,1487,55.7,117,0,0,0,0,0,0,LINE1-M01,2026-06-12T00:17:00,OP-108,MAT-8815
3865,L03865,L,298.3,308.1,1168,32.3,119,0,0,0,0,0,0,LINE1-M01,2026-06-12T00:23:00,OP-109,MAT-8814
3866,L03866,L,305.4,314.1,1851,46.9,121,1,0,0,1,0,0,LINE1-M02,2026-06-12T00:26:00,OP-105,MAT-8803
3867,H03867,H,301.1,310.9,1728,35.6,126,0,0,0,0,0,0,LINE2-M01,2026-06-12T00:29:00,OP-108,MAT-8817
3868,L03868,L,297.8,307.3,1168,29.2,128,0,0,0,0,0,0,LINE3-M01,2026-06-12T00:33:00,OP-103,MAT-8803
3869,L03869,L,299.7,309.8,1375,41.7,130,0,0,0,0,0,0,LINE1-M01,2026-06-12T00:39:00,OP-108,MAT-8810
3870,M03870,M,299.2,310.1,1527,23.1,133,0,0,0,0,0,0,LINE2-M01,2026-06-12T00:43:00,OP-103,MAT-8818
3871,L03871,L,301.2,311.2,1605,27.6,135,0,0,0,0,0,0,LINE2-M01,2026-06-12T00:45:00,OP-108,MAT-8810
3872,L03872,L,299.4,308.3,1606,23.6,137,0,0,0,0,0,0,LINE3-M01,2026-06-12T00:50:00,OP-105,MAT-8806
3873,L03873,L,296.5,305.6,1414,27.9,139,0,0,0,0,0,0,LINE2-M02,2026-06-12T00:54:00,OP-111,MAT-8810
3874,L03874,L,297.9,307.4,1434,32.3,141,0,0,0,0,0,0,LINE2-M02,2026-06-12T00:56:00,OP-107,MAT-8814
3875,M03875,M,296.9,308.2,1257,30.3,144,0,0,0,0,0,0,LINE3-M01,2026-06-12T00:59:00,OP-101,MAT-8801
3876,H03876,H,304.5,313.2,1557,52.7,149,0,0,0,0,0,0,LINE1-M02,2026-06-12T01:03:00,OP-107,MAT-8802
3877,L03877,L,300.5,311.3,1707,42.6,151,0,0,0,0,0,0,LINE2-M02,2026-06-12T01:08:00,OP-108,MAT-8800
3878,M03878,M,297.5,307.3,1207,37.6,154,0,0,0,0,0,0,LINE3-M02,2026-06-12T01:12:00,OP-106,MAT-8815
3879,L03879,L,299.4,308.9,1639,30.3,156,0,0,0,0,0,0,LINE1-M02,2026-06-12T01:17:00,OP-104,MAT-8815
3880,L03880,L,300.1,309.7,1447,46.6,158,0,0,0,0,0,0,LINE1-M01,2026-06-12T01:19:00,OP-101,MAT-8816
3881,L03881,L,300.6,312.4,1497,53.1,160,0,0,0,0,0,0,LINE2-M01,2026-06-12T01:23:00,OP-111,MAT-8809
3882,L03882,L,300.1,309.4,1412,40.7,162,0,0,0,0,0,0,LINE2-M02,2026-06-12T01:26:00,OP-110,MAT-8813
3883,H03883,H,298.5,308.0,1435,63.0,167,1,0,0,1,0,0,LINE3-M01,2026-06-12T01:30:00,OP-103,MAT-8801
3884,L03884,L,300.4,310.3,1488,39.1,169,0,0,0,0,0,0,LINE3-M01,2026-06-12T01:36:00,OP-104,MAT-8812
3885,L03885,L,301.7,311.3,1214,42.6,171,0,0,0,0,0,0,LINE1-M01,2026-06-12T01:42:00,OP-110,MAT-8806
3886,L03886,L,300.1,309.8,1537,34.7,173,0,0,0,0,0,0,LINE1-M01,2026-06-12T01:45:00,OP-101,MAT-8808
3887,L03887,L,300.2,309.8,1372,22.5,175,1,0,0,1,0,0,LINE1-M02,2026-06-12T01:47:00,OP-105,MAT-8819
3888,L03888,L,300.9,310.3,1331,27.3,177,0,0,0,0,0,0,LINE3-M01,2026-06-12T01:50:00,OP-105,MAT-8812
3889,H03889,H,302.4,312.0,1446,17.8,182,1,0,0,1,0,0,LINE1-M02,2026-06-12T01:54:00,OP-102,MAT-8810
3890,L03890,L,298.4,307.9,1815,65.4,184,1,0,0,1,1,0,LINE3-M01,2026-06-12T01:56:00,OP-101,MAT-8818
3891,L03891,L,299.2,309.3,1520,41.7,186,0,0,0,0,0,0,LINE1-M01,2026-06-12T01:59:00,OP-105,MAT-8804
3892,L03892,L,302.8,312.4,1623,45.7,188,0,0,0,0,0,0,LINE2-M01,2026-06-12T02:04:00,OP-111,MAT-8811
3893,H03893,H,299.0,308.2,1322,30.2,193,0,0,0,0,0,0,LINE1-M01,2026-06-12T02:09:00,OP-106,MAT-8803
3894,H03894,H,300.5,310.6,1419,34.3,198,0,0,0,0,0,0,LINE2-M01,2026-06-12T02:13:00,OP-106,MAT-8802
3895,M03895,M,300.0,310.8,1240,28.5,201,0,0,0,0,0,0,LINE2-M01,2026-06-12T02:18:00,OP-106,MAT-8816
3896,L03896,L,302.4,313.5,1455,28.9,203,0,0,0,0,0,0,LINE2-M02,2026-06-12T02:20:00,OP-100,MAT-8805
3897,H03897,H,298.2,308.0,1396,46.6,208,0,0,0,0,0,0,LINE2-M01,2026-06-12T02:23:00,OP-111,MAT-8806
3898,L03898,L,300.1,309.4,1503,36.9,210,1,1,0,0,0,0,LINE2-M01,2026-06-12T02:25:00,OP-107,MAT-8810
3899,H03899,H,299.5,310.7,1333,52.4,215,1,1,0,0,0,0,LINE2-M02,2026-06-12T02:29:00,OP-102,MAT-8811
3900,L03900,L,300.0,308.7,1402,40.7,217,1,1,0,0,0,0,LINE2-M02,2026-06-12T02:35:00,OP-109,MAT-8807
3901,L03901,L,299.0,309.6,1801,43.2,219,0,0,0,0,0,0,LINE3-M01,2026-06-12T02:41:00,OP-106,MAT-8809
3902,H03902,H,303.9,312.9,1760,39.8,224,0,0,0,0,0,0,LINE2-M01,2026-06-12T02:45:00,OP-107,MAT-8814
3903,L03903,L,298.7,308.0,1727,56.8,226,1,1,0,1,1,0,LINE3-M02,2026-06-12T02:49:00,OP-110,MAT-8812
3904,L03904,L,299.3,310.4,1378,31.0,228,0,0,0,0,0,0,LINE2-M02,2026-06-12T02:52:00,OP-105,MAT-8806
3905,M03905,M,299.5,309.8,1251,33.4,231,1,1,0,0,0,0,LINE3-M01,2026-06-12T02:58:00,OP-102,MAT-8808
3906,H03906,H,296.0,305.8,1459,60.7,236,1,1,0,1,1,0,LINE1-M01,2026-06-12T03:02:00,OP-110,MAT-8812
3907,H03907,H,299.5,309.8,1921,22.1,0,0,0,0,0,0,0,LINE3-M02,2026-06-12T03:08:00,OP-104,MAT-8804
3908,L03908,L,301.0,311.7,1221,55.6,2,0,0,0,0,0,0,LINE2-M01,2026-06-12T03:11:00,OP-107,MAT-8818
3909,H03909,H,296.5,306.0,1717,16.7,7,1,0,0,1,0,0,LINE3-M02,2026-06-12T03:15:00,OP-111,MAT-8819
3910,H03910,H,298.9,308.7,1667,48.4,12,0,0,0,0,0,0,LINE3-M02,2026-06-12T03:20:00,OP-110,MAT-8804
3911,L03911,L,301.5,311.3,1168,47.5,14,0,0,0,0,0,0,LINE3-M02,2026-06-12T03:23:00,OP-100,MAT-8805
3912,L03912,L,302.2,313.1,1501,63.9,16,1,0,0,1,0,0,LINE2-M02,2026-06-12T03:26:00,OP-101,MAT-8814
3913,M03913,M,302.0,313.2,1882,30.4,19,0,0,0,0,0,0,LINE2-M02,2026-06-12T03:31:00,OP-101,MAT-8802
3914,L03914,L,299.3,307.8,1564,46.8,21,0,0,0,0,0,0,LINE1-M02,2026-06-12T03:33:00,OP-100,MAT-8804
3915,H03915,H,301.9,310.4,1200,50.0,26,1,0,1,0,0,0,LINE3-M02,2026-06-12T03:37:00,OP-109,MAT-8811
3916,L03916,L,303.5,314.3,1218,55.5,28,0,0,0,0,0,0,LINE2-M02,2026-06-12T03:42:00,OP-102,MAT-8806
3917,L03917,L,303.7,313.4,1437,67.4,30,1,0,0,1,0,0,LINE3-M02,2026-06-12T03:45:00,OP-103,MAT-8804
3918,M03918,M,300.7,310.5,1374,40.7,33,0,0,0,0,0,0,LINE1-M01,2026-06-12T03:49:00,OP-100,MAT-8804
3919,L03919,L,304.1,313.3,1624,42.3,35,0,0,0,0,0,0,LINE1-M02,2026-06-12T03:53:00,OP-111,MAT-8816
3920,M03920,M,297.4,306.5,1469,54.1,38,0,0,0,0,0,0,LINE1-M02,2026-06-12T03:57:00,OP-101,MAT-8811
3921,L03921,L,301.7,312.4,1436,29.0,40,0,0,0,0,0,0,LINE1-M01,2026-06-12T04:00:00,OP-101,MAT-8817
3922,H03922,H,297.2,306.9,1608,64.4,45,1,0,0,1,0,0,LINE1-M02,2026-06-12T04:04:00,OP-109,MAT-8806
3923,M03923,M,301.6,312.6,1529,40.6,48,0,0,0,0,0,0,LINE1-M02,2026-06-12T04:09:00,OP-101,MAT-8809
3924,H03924,H,299.1,308.6,1523,25.6,53,0,0,0,0,0,0,LINE3-M02,2026-06-12T04:14:00,OP-109,MAT-8800
3925,M03925,M,303.3,313.2,1834,42.9,56,0,0,0,0,0,0,LINE1-M02,2026-06-12T04:20:00,OP-102,MAT-8805
3926,H03926,H,300.1,309.6,1412,43.6,61,0,0,0,0,0,0,LINE1-M02,2026-06-12T04:23:00,OP-105,MAT-8805
3927,H03927,H,299.4,309.3,1677,38.2,66,0,0,0,0,0,0,LINE1-M01,2026-06-12T04:28:00,OP-103,MAT-8806
3928,L03928,L,302.0,312.5,1648,49.3,68,0,0,0,0,0,0,LINE3-M02,2026-06-12T04:34:00,OP-105,MAT-8803
3929,L03929,L,302.3,313.8,1695,25.5,70,0,0,0,0,0,0,LINE1-M01,2026-06-12T04:37:00,OP-108,MAT-8816
3930,H03930,H,295.8,307.9,1333,46.6,75,0,0,0,0,0,0,LINE2-M01,2026-06-12T04:43:00,OP-107,MAT-8810
3931,L03931,L,301.9,313.3,1584,30.4,77,0,0,0,0,0,0,LINE1-M01,2026-06-12T04:46:00,OP-107,MAT-8816
3932,M03932,M,300.9,312.2,1238,55.2,80,0,0,0,0,0,0,LINE2-M02,2026-06-12T04:51:00,OP-110,MAT-8817
3933,M03933,M,303.2,314.4,1172,35.6,83,0,0,0,0,0,0,LINE2-M02,2026-06-12T04:53:00,OP-100,MAT-8809
3934,L03934,L,298.4,308.2,1168,51.9,85,0,0,0,0,0,0,LINE2-M02,2026-06-12T04:58:00,OP-110,MAT-8812
3935,L03935,L,297.3,306.9,1336,45.1,87,0,0,0,0,0,0,LINE3-M01,2026-06-12T05:00:00,OP-104,MAT-8804
3936,L03936,L,302.5,312.6,1428,24.2,89,0,0,0,0,0,0,LINE2-M02,2026-06-12T05:06:00,OP-100,MAT-8808
3937,L03937,L,298.4,307.3,1436,41.2,91,0,0,0,0,0,0,LINE2-M01,2026-06-12T05:09:00,OP-109,MAT-8809
3938,L03938,L,299.7,310.1,1689,44.2,93,0,0,0,0,0,0,LINE2-M02,2026-06-12T05:14:00,OP-100,MAT-8814
3939,L03939,L,299.8,310.3,1373,46.6,95,0,0,0,0,0,0,LINE3-M02,2026-06-12T05:19:00,OP-108,MAT-8810
3940,H03940,H,299.4,310.5,1597,45.1,100,0,0,0,0,0,0,LINE2-M02,2026-06-12T05:21:00,OP-107,MAT-8804
3941,H03941,H,302.0,312.4,1805,57.2,105,1,0,0,1,0,0,LINE3-M02,2026-06-12T05:24:00,OP-108,MAT-8819
3942,L03942,L,302.2,312.9,1558,34.5,107,0,0,0,0,0,0,LINE3-M02,2026-06-12T05:29:00,OP-105,MAT-8819
3943,H03943,H,300.8,312.3,1508,25.6,112,0,0,0,0,0,0,LINE2-M01,2026-06-12T05:32:00,OP-104,MAT-8814
3944,M03944,M,299.0,308.3,1392,46.0,115,0,0,0,0,0,0,LINE2-M01,2026-06-12T05:37:00,OP-108,MAT-8814
3945,L03945,L,300.0,311.8,1370,52.0,117,0,0,0,0,0,0,LINE1-M01,2026-06-12T05:43:00,OP-103,MAT-8805
3946,H03946,H,300.7,310.4,1605,20.8,122,1,0,0,1,0,0,LINE1-M02,2026-06-12T05:45:00,OP-106,MAT-8815
3947,H03947,H,299.8,309.5,1894,25.0,127,0,0,0,0,0,0,LINE3-M02,2026-06-12T05:51:00,OP-109,MAT-8803
3948,L03948,L,303.3,312.1,1168,45.6,129,0,0,0,0,0,0,LINE2-M01,2026-06-12T05:56:00,OP-100,MAT-8818
3949,L03949,L,298.5,307.8,1415,40.4,131,0,0,0,0,0,0,LINE2-M01,2026-06-12T06:00:00,OP-106,MAT-8819
3950,M03950,M,298.9,309.9,1746,48.4,134,0,0,0,0,0,0,LINE1-M01,2026-06-12T06:04:00,OP-110,MAT-8812
3951,M03951,M,297.3,307.9,1796,34.8,137,0,0,0,0,0,0,LINE3-M02,2026-06-12T06:09:00,OP-109,MAT-8819
3952,H03952,H,296.0,306.7,1503,44.9,142,0,0,0,0,0,0,LINE3-M02,2026-06-12T06:11:00,OP-100,MAT-8813
3953,L03953,L,301.6,312.6,1630,38.5,144,0,0,0,0,0,0,LINE1-M01,2026-06-12T06:15:00,OP-107,MAT-8801
3954,L03954,L,300.8,311.4,1488,33.2,146,0,0,0,0,0,0,LINE2-M02,2026-06-12T06:20:00,OP-103,MAT-8812
3955,L03955,L,301.9,312.9,1304,48.8,148,0,0,0,0,0,0,LINE1-M02,2026-06-12T06:25:00,OP-106,MAT-8805
3956,L03956,L,296.7,307.6,1354,34.0,150,0,0,0,0,0,0,LINE1-M02,2026-06-12T06:29:00,OP-104,MAT-8811
3957,H03957,H,302.1,311.5,1477,47.1,155,0,0,0,0,0,0,LINE3-M02,2026-06-12T06:35:00,OP-104,MAT-8802
3958,L03958,L,298.7,310.3,1498,33.7,157,0,0,0,0,0,0,LINE2-M01,2026-06-12T06:37:00,OP-111,MAT-8819
3959,L03959,L,298.7,307.2,1583,54.7,159,1,0,0,1,0,0,LINE3-M01,2026-06-12T06:41:00,OP-101,MAT-8805
3960,L03960,L,298.4,307.1,1370,38.8,161,0,0,0,0,0,0,LINE3-M01,2026-06-12T06:45:00,OP-100,MAT-8814
3961,L03961,L,297.7,308.8,1248,38.3,163,0,0,0,0,0,0,LINE2-M02,2026-06-12T06:47:00,OP-108,MAT-8808
3962,L03962,L,298.5,309.6,1470,33.1,165,0,0,0,0,0,0,LINE3-M02,2026-06-12T06:51:00,OP-101,MAT-8814
3963,L03963,L,300.1,310.6,1373,38.2,167,0,0,0,0,0,0,LINE1-M01,2026-06-12T06:57:00,OP-101,MAT-8812
3964,M03964,M,298.0,308.0,1276,52.9,170,0,0,0,0,0,0,LINE2-M02,2026-06-12T07:02:00,OP-107,MAT-8813
3965,H03965,H,299.3,310.4,1680,40.3,175,0,0,0,0,0,0,LINE3-M02,2026-06-12T07:04:00,OP-102,MAT-8800
3966,M03966,M,299.5,309.2,1778,46.8,178,0,0,0,0,0,0,LINE3-M02,2026-06-12T07:07:00,OP-104,MAT-8810
3967,M03967,M,300.3,310.0,1324,31.4,181,0,0,0,0,0,0,LINE3-M02,2026-06-12T07:11:00,OP-108,MAT-8804
3968,L03968,L,298.2,307.2,1168,40.3,183,0,0,0,0,0,0,LINE2-M02,2026-06-12T07:15:00,OP-102,MAT-8805
3969,L03969,L,301.9,312.5,1269,20.0,185,1,0,0,1,0,0,LINE2-M01,2026-06-12T07:17:00,OP-109,MAT-8817
3970,H03970,H,299.4,309.5,1486,20.7,190,1,0,0,1,0,0,LINE2-M02,2026-06-12T07:19:00,OP-102,MAT-8809
3971,L03971,L,299.5,309.0,1959,30.9,192,0,0,0,0,0,0,LINE1-M01,2026-06-12T07:22:00,OP-101,MAT-8817
3972,L03972,L,301.0,312.1,1423,46.8,194,0,0,0,0,0,0,LINE1-M01,2026-06-12T07:24:00,OP-101,MAT-8816
3973,H03973,H,300.8,311.5,1381,42.5,199,0,0,0,0,0,0,LINE2-M02,2026-06-12T07:30:00,OP-108,MAT-8815
3974,H03974,H,300.1,309.3,1703,43.4,204,0,0,0,0,0,0,LINE2-M01,2026-06-12T07:36:00,OP-105,MAT-8802
3975,L03975,L,300.9,310.0,1564,53.0,206,0,0,0,0,0,0,LINE2-M01,2026-06-12T07:40:00,OP-105,MAT-8802
3976,M03976,M,302.8,311.4,1321,40.7,209,1,0,1,0,0,0,LINE2-M01,2026-06-12T07:46:00,OP-110,MAT-8807
3977,L03977,L,298.2,306.4,1659,45.5,211,0,0,0,0,0,0,LINE3-M02,2026-06-12T07:52:00,OP-111,MAT-8817
3978,M03978,M,299.0,308.9,1751,48.1,214,0,0,0,0,0,0,LINE2-M02,2026-06-12T07:55:00,OP-100,MAT-8803
3979,L03979,L,297.3,308.0,1705,23.5,216,0,0,0,0,0,0,LINE1-M02,2026-06-12T08:00:00,OP-106,MAT-8819
3980,L03980,L,303.0,314.9,1321,41.7,218,1,1,0,0,0,0,LINE1-M02,2026-06-12T08:06:00,OP-110,MAT-8817
3981,H03981,H,300.5,310.7,1716,35.7,223,1,1,0,0,0,0,LINE2-M01,2026-06-12T08:11:00,OP-101,MAT-8800
3982,L03982,L,301.9,312.9,1170,33.3,225,0,0,0,0,0,0,LINE3-M01,2026-06-12T08:15:00,OP-100,MAT-8806
3983,L03983,L,300.1,310.3,1654,31.2,227,0,0,0,0,0,0,LINE1-M02,2026-06-12T08:18:00,OP-110,MAT-8802
3984,M03984,M,300.2,308.6,1482,31.4,230,1,1,0,0,0,0,LINE1-M02,2026-06-12T08:23:00,OP-111,MAT-8808
3985,H03985,H,302.1,310.9,1462,25.0,235,1,1,0,0,0,0,LINE3-M01,2026-06-12T08:26:00,OP-110,MAT-8811
3986,L03986,L,301.6,312.6,1562,28.2,237,1,1,0,0,0,0,LINE1-M02,2026-06-12T08:32:00,OP-100,MAT-8807
3987,L03987,L,297.8,307.5,1914,59.0,239,1,1,0,1,1,0,LINE1-M01,2026-06-12T08:36:00,OP-102,MAT-8809
3988,M03988,M,296.6,307.8,1688,33.3,0,0,0,0,0,0,0,LINE1-M01,2026-06-12T08:42:00,OP-102,MAT-8816
3989,L03989,L,298.2,306.2,1168,36.6,2,1,0,1,0,0,0,LINE2-M01,2026-06-12T08:48:00,OP-102,MAT-8808
3990,L03990,L,296.0,306.2,1696,29.5,4,0,0,0,0,0,0,LINE1-M01,2026-06-12T08:53:00,OP-103,MAT-8810
3991,L03991,L,299.8,311.2,1575,48.1,6,0,0,0,0,0,0,LINE3-M01,2026-06-12T08:58:00,OP-107,MAT-8813
3992,L03992,L,297.8,307.9,1714,48.6,8,0,0,0,0,0,0,LINE2-M02,2026-06-12T09:01:00,OP-107,MAT-8807
3993,M03993,M,300.2,310.1,1468,34.2,11,0,0,0,0,0,0,LINE1-M01,2026-06-12T09:06:00,OP-106,MAT-8813
3994,L03994,L,300.6,311.0,1869,26.6,13,0,0,0,0,0,0,LINE3-M01,2026-06-12T09:09:00,OP-109,MAT-8808
3995,M03995,M,299.7,310.5,1360,54.7,16,0,0,0,0,0,0,LINE2-M01,2026-06-12T09:11:00,OP-110,MAT-8803
3996,L03996,L,302.0,311.3,2005,31.9,18,0,0,0,0,0,0,LINE3-M01,2026-06-12T09:14:00,OP-106,MAT-8805
3997,L03997,L,298.4,308.1,1403,41.3,20,0,0,0,0,0,0,LINE3-M01,2026-06-12T09:18:00,OP-104,MAT-8814
3998,L03998,L,298.7,308.5,1568,45.8,22,0,0,0,0,0,0,LINE1-M01,2026-06-12T09:20:00,OP-103,MAT-8814
3999,L03999,L,301.7,312.0,1658,33.5,24,0,0,0,0,0,0,LINE3-M01,2026-06-12T09:24:00,OP-109,MAT-8811
4000,L04000,L,301.4,311.7,1338,43.8,26,0,0,0,0,0,0,LINE1-M01,2026-06-12T09:27:00,OP-106,MAT-8805
4001,L04001,L,297.0,303.5,1931,45.7,28,1,0,0,1,0,0,LINE3-M01,2026-06-12T09:31:00,OP-100,MAT-8800
4002,L04002,L,296.0,305.3,1761,43.2,30,0,0,0,0,0,0,LINE1-M01,2026-06-12T09:35:00,OP-111,MAT-8818
4003,L04003,L,302.4,312.8,1614,44.7,32,0,0,0,0,0,0,LINE3-M01,2026-06-12T09:37:00,OP-107,MAT-8804
4004,L04004,L,300.4,309.6,1299,40.2,34,0,0,0,0,0,0,LINE1-M02,2026-06-12T09:43:00,OP-102,MAT-8814
4005,M04005,M,299.0,309.7,1250,38.7,37,0,0,0,0,0,0,LINE3-M02,2026-06-12T09:48:00,OP-110,MAT-8815
4006,L04006,L,302.3,313.2,1488,51.1,39,0,0,0,0,0,0,LINE1-M01,2026-06-12T09:52:00,OP-100,MAT-8801
4007,L04007,L,298.4,307.2,1510,28.4,41,0,0,0,0,0,0,LINE2-M02,2026-06-12T09:55:00,OP-110,MAT-8815
4008,L04008,L,300.3,310.1,1193,38.9,43,0,0,0,0,0,0,LINE1-M02,2026-06-12T10:00:00,OP-102,MAT-8817
4009,L04009,L,299.6,310.1,1501,38.6,45,0,0,0,0,0,0,LINE2-M01,2026-06-12T10:04:00,OP-103,MAT-8805
4010,L04010,L,297.8,307.7,1330,44.6,47,0,0,0,0,0,0,LINE3-M02,2026-06-12T10:09:00,OP-101,MAT-8810
4011,L04011,L,298.6,308.1,1644,56.7,49,1,0,0,1,0,0,LINE2-M02,2026-06-12T10:14:00,OP-103,MAT-8810
4012,L04012,L,302.4,311.1,1796,46.5,51,0,0,0,0,0,0,LINE3-M02,2026-06-12T10:20:00,OP-105,MAT-8818
4013,M04013,M,301.2,311.3,1168,46.9,54,0,0,0,0,0,0,LINE1-M01,2026-06-12T10:22:00,OP-111,MAT-8807
4014,L04014,L,298.8,307.1,1168,27.2,56,1,0,1,1,0,0,LINE3-M02,2026-06-12T10:27:00,OP-108,MAT-8808
4015,H04015,H,302.4,311.7,1588,26.2,61,0,0,0,0,0,0,LINE3-M02,2026-06-12T10:29:00,OP-105,MAT-8811
4016,M04016,M,301.5,312.2,1575,41.7,64,0,0,0,0,0,0,LINE2-M01,2026-06-12T10:32:00,OP-103,MAT-8815
4017,H04017,H,299.5,308.7,1283,38.5,69,0,0,0,0,0,0,LINE2-M01,2026-06-12T10:37:00,OP-100,MAT-8805
4018,L04018,L,301.4,312.0,1562,52.6,71,0,0,0,0,0,0,LINE1-M01,2026-06-12T10:42:00,OP-109,MAT-8817
4019,H04019,H,296.8,306.6,1785,45.2,76,0,0,0,0,0,0,LINE2-M01,2026-06-12T10:45:00,OP-109,MAT-8804
4020,L04020,L,297.1,306.2,1951,34.9,78,0,0,0,0,0,0,LINE3-M02,2026-06-12T10:49:00,OP-102,MAT-8817
4021,M04021,M,300.7,310.2,1734,52.0,81,1,0,0,1,0,0,LINE2-M01,2026-06-12T10:55:00,OP-109,MAT-8801
4022,L04022,L,301.5,310.1,1583,45.3,83,0,0,0,0,0,0,LINE3-M01,2026-06-12T11:00:00,OP-100,MAT-8814
4023,L04023,L,297.6,306.7,1681,49.0,85,0,0,0,0,0,0,LINE2-M02,2026-06-12T11:05:00,OP-111,MAT-8817
4024,M04024,M,301.1,310.4,1235,49.3,88,0,0,0,0,0,0,LINE3-M02,2026-06-12T11:11:00,OP-103,MAT-8816
4025,L04025,L,300.1,311.0,1743,30.8,90,0,0,0,0,0,0,LINE3-M02,2026-06-12T11:13:00,OP-105,MAT-8818
4026,L04026,L,303.0,311.7,1950,36.6,92,0,0,0,0,0,0,LINE1-M02,2026-06-12T11:18:00,OP-106,MAT-8818
4027,L04027,L,302.0,312.0,1628,44.3,94,0,0,0,0,0,0,LINE3-M01,2026-06-12T11:23:00,OP-107,MAT-8807
4028,H04028,H,302.6,311.9,1494,36.9,99,0,0,0,0,0,0,LINE3-M01,2026-06-12T11:29:00,OP-107,MAT-8801
4029,H04029,H,297.8,307.6,1754,38.9,104,0,0,0,0,0,0,LINE2-M02,2026-06-12T11:32:00,OP-106,MAT-8813
4030,M04030,M,299.9,310.0,1525,44.5,107,0,0,0,0,0,0,LINE3-M02,2026-06-12T11:36:00,OP-101,MAT-8817
4031,H04031,H,302.5,312.5,1448,41.5,112,0,0,0,0,0,0,LINE3-M02,2026-06-12T11:42:00,OP-111,MAT-8816
4032,H04032,H,301.5,310.1,1902,15.2,117,1,0,0,1,0,0,LINE2-M02,2026-06-12T11:45:00,OP-109,MAT-8808
4033,L04033,L,300.5,312.5,1507,50.6,119,0,0,0,0,0,0,LINE2-M02,2026-06-12T11:51:00,OP-106,MAT-8802
4034,L04034,L,298.0,306.6,1168,39.3,121,0,0,0,0,0,0,LINE1-M01,2026-06-12T11:57:00,OP-101,MAT-8817
4035,L04035,L,295.2,304.7,1524,29.2,123,0,0,0,0,0,0,LINE2-M02,2026-06-12T12:00:00,OP-106,MAT-8818
4036,M04036,M,302.8,312.5,1542,40.0,126,0,0,0,0,0,0,LINE2-M02,2026-06-12T12:03:00,OP-109,MAT-8807
4037,L04037,L,303.6,313.9,1334,40.3,128,0,0,0,0,0,0,LINE1-M01,2026-06-12T12:06:00,OP-101,MAT-8812
4038,L04038,L,299.3,308.0,1417,35.8,130,0,0,0,0,0,0,LINE3-M01,2026-06-12T12:08:00,OP-103,MAT-8818
4039,L04039,L,303.3,314.3,1876,36.9,132,0,0,0,0,0,0,LINE2-M01,2026-06-12T12:11:00,OP-110,MAT-8802
4040,L04040,L,298.7,310.1,1527,27.7,134,0,0,0,0,0,0,LINE2-M01,2026-06-12T12:14:00,OP-102,MAT-8807
4041,H04041,H,298.2,307.4,1611,62.6,139,1,0,0,1,0,0,LINE1-M01,2026-06-12T12:16:00,OP-109,MAT-8811
4042,H04042,H,298.5,307.0,1974,43.5,144,0,0,0,0,0,0,LINE2-M01,2026-06-12T12:20:00,OP-100,MAT-8800
4043,L04043,L,298.7,309.5,1782,35.1,146,0,0,0,0,0,0,LINE2-M02,2026-06-12T12:22:00,OP-105,MAT-8806
4044,L04044,L,300.5,311.6,1220,23.6,148,1,0,0,1,0,0,LINE1-M02,2026-06-12T12:26:00,OP-101,MAT-8811
4045,L04045,L,303.4,314.1,1522,34.0,150,0,0,0,0,0,0,LINE3-M02,2026-06-12T12:28:00,OP-100,MAT-8804
4046,H04046,H,297.2,306.8,1700,21.4,155,0,0,0,0,0,0,LINE1-M01,2026-06-12T12:32:00,OP-109,MAT-8807
4047,M04047,M,302.8,313.1,1526,23.5,158,0,0,0,0,0,0,LINE2-M01,2026-06-12T12:35:00,OP-102,MAT-8806
4048,L04048,L,299.9,308.7,1646,38.5,160,0,0,0,0,0,0,LINE3-M01,2026-06-12T12:39:00,OP-102,MAT-8808
4049,H04049,H,297.7,309.3,1924,40.9,165,0,0,0,0,0,0,LINE1-M02,2026-06-12T12:43:00,OP-106,MAT-8805
4050,L04050,L,299.9,310.2,1280,43.9,167,0,0,0,0,0,0,LINE1-M01,2026-06-12T12:45:00,OP-101,MAT-8813
4051,L04051,L,301.5,310.3,1689,40.0,169,0,0,0,0,0,0,LINE1-M02,2026-06-12T12:48:00,OP-107,MAT-8800
4052,L04052,L,299.4,309.2,1450,30.8,171,0,0,0,0,0,0,LINE1-M02,2026-06-12T12:50:00,OP-107,MAT-8817
4053,M04053,M,301.3,312.2,1217,60.5,174,0,0,0,0,0,0,LINE1-M02,2026-06-12T12:54:00,OP-103,MAT-8816
4054,M04054,M,297.9,307.0,1791,40.0,177,0,0,0,0,0,0,LINE1-M01,2026-06-12T12:57:00,OP-102,MAT-8801
4055,M04055,M,300.5,310.8,1367,38.5,180,0,0,0,0,0,0,LINE1-M01,2026-06-12T13:01:00,OP-104,MAT-8800
4056,L04056,L,299.6,309.1,1564,57.1,182,1,0,0,1,0,0,LINE1-M02,2026-06-12T13:03:00,OP-100,MAT-8814
4057,L04057,L,297.6,309.0,1485,36.5,184,0,0,0,0,0,0,LINE2-M01,2026-06-12T13:08:00,OP-103,MAT-8815
4058,M04058,M,298.8,309.3,1421,46.8,187,0,0,0,0,0,0,LINE3-M01,2026-06-12T13:10:00,OP-100,MAT-8814
4059,H04059,H,297.8,307.4,1478,24.4,192,0,0,0,0,0,0,LINE1-M02,2026-06-12T13:16:00,OP-105,MAT-8800
4060,H04060,H,299.0,308.5,1542,50.0,197,0,0,0,0,0,0,LINE2-M01,2026-06-12T13:22:00,OP-111,MAT-8804
4061,L04061,L,298.1,308.8,1356,47.8,199,0,0,0,0,0,0,LINE1-M01,2026-06-12T13:28:00,OP-100,MAT-8811
4062,L04062,L,298.6,308.1,1509,31.6,201,0,0,0,0,0,0,LINE1-M02,2026-06-12T13:32:00,OP-103,MAT-8812
4063,H04063,H,300.1,309.1,1571,53.1,206,0,0,0,0,0,0,LINE1-M01,2026-06-12T13:36:00,OP-104,MAT-8801
4064,H04064,H,301.6,312.8,1644,41.3,211,0,0,0,0,0,0,LINE2-M01,2026-06-12T13:40:00,OP-111,MAT-8802
4065,H04065,H,300.3,310.3,1376,41.0,216,0,0,0,0,0,0,LINE3-M02,2026-06-12T13:45:00,OP-108,MAT-8817
4066,M04066,M,300.7,310.6,1924,42.7,219,1,1,0,0,0,0,LINE1-M02,2026-06-12T13:49:00,OP-111,MAT-8819
4067,L04067,L,301.5,310.4,1558,35.6,221,0,0,0,0,0,0,LINE1-M01,2026-06-12T13:51:00,OP-104,MAT-8810
4068,H04068,H,302.2,311.4,1864,56.4,226,1,0,0,1,0,0,LINE1-M02,2026-06-12T13:56:00,OP-102,MAT-8808
4069,H04069,H,299.7,309.6,1580,39.5,231,1,1,0,0,0,0,LINE2-M02,2026-06-12T14:01:00,OP-101,MAT-8815
4070,L04070,L,302.2,311.6,1712,46.0,233,1,1,0,0,0,0,LINE1-M02,2026-06-12T14:05:00,OP-107,MAT-8816
4071,L04071,L,298.8,308.5,1168,36.1,235,1,1,0,0,0,0,LINE2-M01,2026-06-12T14:11:00,OP-108,MAT-8808
4072,L04072,L,298.7,309.9,1540,35.4,237,1,1,0,0,0,0,LINE1-M01,2026-06-12T14:16:00,OP-103,MAT-8810
4073,H04073,H,300.6,310.9,2096,39.6,0,0,0,0,0,0,0,LINE3-M02,2026-06-12T14:19:00,OP-110,MAT-8813
4074,L04074,L,301.2,310.7,1858,36.5,2,0,0,0,0,0,0,LINE2-M02,2026-06-12T14:24:00,OP-104,MAT-8804
4075,L04075,L,298.3,306.7,1702,28.6,4,0,0,0,0,0,0,LINE3-M02,2026-06-12T14:29:00,OP-102,MAT-8807
4076,L04076,L,305.2,315.9,1168,43.5,6,0,0,0,0,0,0,LINE2-M01,2026-06-12T14:34:00,OP-102,MAT-8815
4077,L04077,L,299.4,309.5,1732,47.3,8,0,0,0,0,0,0,LINE2-M01,2026-06-12T14:37:00,OP-106,MAT-8805
4078,M04078,M,301.5,311.9,1739,15.8,11,1,0,0,1,0,0,LINE1-M01,2026-06-12T14:41:00,OP-104,MAT-8804
4079,L04079,L,298.2,309.2,1320,46.5,13,0,0,0,0,0,0,LINE1-M02,2026-06-12T14:46:00,OP-102,MAT-8816
4080,L04080,L,302.1,312.9,1334,55.6,15,0,0,0,0,0,0,LINE1-M02,2026-06-12T14:51:00,OP-104,MAT-8808
4081,L04081,L,299.1,308.7,1363,40.3,17,0,0,0,0,0,0,LINE1-M02,2026-06-12T14:55:00,OP-104,MAT-8804
4082,L04082,L,296.2,306.5,1504,46.9,19,0,0,0,0,0,0,LINE2-M02,2026-06-12T15:01:00,OP-109,MAT-8810
4083,M04083,M,302.1,311.3,1614,44.1,22,0,0,0,0,0,0,LINE3-M02,2026-06-12T15:07:00,OP-102,MAT-8809
4084,M04084,M,298.9,308.2,1168,43.9,25,0,0,0,0,0,0,LINE3-M01,2026-06-12T15:10:00,OP-101,MAT-8813
4085,M04085,M,303.0,313.0,1495,20.1,28,1,0,0,1,0,0,LINE3-M02,2026-06-12T15:14:00,OP-104,MAT-8805
4086,M04086,M,296.1,305.9,1227,41.7,31,0,0,0,0,0,0,LINE3-M02,2026-06-12T15:17:00,OP-105,MAT-8818
4087,M04087,M,298.2,306.6,1652,41.9,34,0,0,0,0,0,0,LINE1-M02,2026-06-12T15:21:00,OP-105,MAT-8802
4088,H04088,H,297.8,307.8,1608,37.4,39,0,0,0,0,0,0,LINE3-M01,2026-06-12T15:24:00,OP-100,MAT-8810
4089,H04089,H,298.1,308.2,1168,37.1,44,0,0,0,0,0,0,LINE1-M01,2026-06-12T15:27:00,OP-111,MAT-8816
4090,M04090,M,299.0,308.6,1622,47.8,47,0,0,0,0,0,0,LINE3-M02,2026-06-12T15:30:00,OP-108,MAT-8812
4091,H04091,H,300.3,310.6,1663,32.4,52,0,0,0,0,0,0,LINE2-M02,2026-06-12T15:32:00,OP-100,MAT-8813
4092,L04092,L,304.2,316.0,1490,32.2,54,0,0,0,0,0,0,LINE2-M02,2026-06-12T15:34:00,OP-103,MAT-8814
4093,L04093,L,299.3,307.0,1591,27.2,56,0,0,0,0,0,0,LINE3-M02,2026-06-12T15:36:00,OP-109,MAT-8801
4094,L04094,L,300.6,312.6,1395,44.7,58,0,0,0,0,0,0,LINE2-M01,2026-06-12T15:40:00,OP-105,MAT-8818
4095,M04095,M,299.6,310.1,1168,31.6,61,0,0,0,0,0,0,LINE3-M01,2026-06-12T15:43:00,OP-101,MAT-8813
4096,M04096,M,301.1,310.6,1458,44.0,64,0,0,0,0,0,0,LINE1-M02,2026-06-12T15:48:00,OP-108,MAT-8807
4097,L04097,L,299.8,309.3,1705,29.5,66,0,0,0,0,0,0,LINE1-M02,2026-06-12T15:53:00,OP-111,MAT-8819
4098,H04098,H,300.2,308.8,1761,31.6,71,0,0,0,0,0,0,LINE2-M02,2026-06-12T15:59:00,OP-109,MAT-8819
4099,L04099,L,300.8,310.8,1858,40.4,73,0,0,0,0,0,0,LINE1-M01,2026-06-12T16:02:00,OP-110,MAT-8802
4100,H04100,H,299.8,309.3,1433,36.7,78,0,0,0,0,0,0,LINE1-M02,2026-06-12T16:07:00,OP-103,MAT-8815
4101,L04101,L,296.1,307.0,1810,58.1,80,1,0,0,1,0,0,LINE3-M02,2026-06-12T16:09:00,OP-109,MAT-8811
4102,L04102,L,299.7,309.6,1307,63.5,82,0,0,0,0,0,0,LINE3-M02,2026-06-12T16:13:00,OP-111,MAT-8813
4103,H04103,H,299.6,311.2,1454,56.6,87,0,0,0,0,0,0,LINE3-M01,2026-06-12T16:19:00,OP-109,MAT-8807
4104,M04104,M,299.1,307.6,1706,38.9,90,0,0,0,0,0,0,LINE3-M01,2026-06-12T16:25:00,OP-106,MAT-8814
4105,M04105,M,302.1,312.6,1469,53.5,93,0,0,0,0,0,0,LINE2-M01,2026-06-12T16:27:00,OP-109,MAT-8808
4106,L04106,L,299.5,308.1,1693,45.0,95,0,0,0,0,0,0,LINE3-M01,2026-06-12T16:30:00,OP-103,MAT-8810
4107,M04107,M,299.3,308.8,1623,32.9,98,0,0,0,0,0,0,LINE3-M02,2026-06-12T16:36:00,OP-109,MAT-8812
4108,H04108,H,302.1,313.1,1253,47.8,103,0,0,0,0,0,0,LINE2-M02,2026-06-12T16:40:00,OP-106,MAT-8800
4109,H04109,H,301.3,310.8,1468,46.0,108,0,0,0,0,0,0,LINE1-M02,2026-06-12T16:42:00,OP-102,MAT-8812
4110,L04110,L,298.0,306.1,2055,50.1,110,1,0,0,1,0,0,LINE1-M01,2026-06-12T16:46:00,OP-102,MAT-8808
4111,M04111,M,301.8,311.6,1695,31.5,113,0,0,0,0,0,0,LINE2-M01,2026-06-12T16:51:00,OP-105,MAT-8805
4112,M04112,M,299.3,309.7,1558,35.7,116,0,0,0,0,0,0,LINE2-M01,2026-06-12T16:57:00,OP-107,MAT-8813
4113,M04113,M,299.6,308.2,1316,46.5,119,1,0,1,0,0,0,LINE2-M02,2026-06-12T17:02:00,OP-111,MAT-8804
4114,M04114,M,302.3,312.2,1168,50.5,122,0,0,0,0,0,0,LINE3-M01,2026-06-12T17:07:00,OP-101,MAT-8815
4115,H04115,H,300.2,309.5,1587,54.3,127,1,0,0,1,0,0,LINE3-M01,2026-06-12T17:13:00,OP-109,MAT-8808
4116,H04116,H,302.0,314.1,1950,42.2,132,0,0,0,0,0,0,LINE2-M02,2026-06-12T17:18:00,OP-110,MAT-8818
4117,M04117,M,301.0,313.2,1619,37.4,135,0,0,0,0,0,0,LINE2-M02,2026-06-12T17:24:00,OP-100,MAT-8814
4118,L04118,L,299.7,308.9,1639,22.4,137,0,0,0,0,0,0,LINE3-M01,2026-06-12T17:30:00,OP-102,MAT-8809
4119,L04119,L,299.6,309.5,1851,49.8,139,1,0,0,1,0,0,LINE1-M02,2026-06-12T17:34:00,OP-101,MAT-8806
4120,L04120,L,299.1,309.0,1354,34.7,141,0,0,0,0,0,0,LINE2-M01,2026-06-12T17:36:00,OP-111,MAT-8813
4121,L04121,L,297.8,305.3,1498,44.7,143,0,0,0,0,0,0,LINE2-M01,2026-06-12T17:38:00,OP-103,MAT-8808
4122,L04122,L,298.1,306.9,1168,67.4,145,0,0,0,0,0,0,LINE1-M02,2026-06-12T17:43:00,OP-102,MAT-8816
4123,L04123,L,301.9,312.5,2000,27.5,147,0,0,0,0,0,0,LINE3-M01,2026-06-12T17:46:00,OP-111,MAT-8816
4124,H04124,H,303.5,312.9,1773,28.3,152,0,0,0,0,0,0,LINE1-M02,2026-06-12T17:51:00,OP-100,MAT-8807
4125,L04125,L,299.8,310.2,1575,24.3,154,0,0,0,0,0,0,LINE3-M02,2026-06-12T17:53:00,OP-104,MAT-8809
4126,M04126,M,299.1,308.8,1654,32.5,157,0,0,0,0,0,0,LINE1-M01,2026-06-12T17:58:00,OP-110,MAT-8800
4127,M04127,M,302.1,311.6,1397,36.5,160,0,0,0,0,0,0,LINE3-M01,2026-06-12T18:04:00,OP-111,MAT-8805
4128,M04128,M,300.6,312.1,1285,51.3,163,0,0,0,0,0,0,LINE2-M02,2026-06-12T18:09:00,OP-107,MAT-8814
4129,M04129,M,301.1,312.3,1719,28.7,166,0,0,0,0,0,0,LINE2-M02,2026-06-12T18:14:00,OP-105,MAT-8809
4130,L04130,L,296.8,309.0,1496,53.5,168,0,0,0,0,0,0,LINE1-M02,2026-06-12T18:20:00,OP-111,MAT-8808
4131,M04131,M,296.6,305.2,1670,32.7,171,0,0,0,0,0,0,LINE1-M02,2026-06-12T18:22:00,OP-109,MAT-8806
4132,M04132,M,300.0,310.2,1168,35.8,174,0,0,0,0,0,0,LINE3-M01,2026-06-12T18:28:00,OP-103,MAT-8807
4133,L04133,L,300.9,311.1,1751,33.5,176,0,0,0,0,0,0,LINE2-M02,2026-06-12T18:30:00,OP-105,MAT-8800
4134,L04134,L,295.9,306.1,1548,31.8,178,0,0,0,0,0,0,LINE2-M01,2026-06-12T18:33:00,OP-106,MAT-8814
4135,L04135,L,296.8,305.5,1712,41.0,180,0,0,0,0,0,0,LINE2-M02,2026-06-12T18:37:00,OP-106,MAT-8805
4136,L04136,L,296.4,304.9,1402,48.4,182,0,0,0,0,0,0,LINE3-M01,2026-06-12T18:41:00,OP-111,MAT-8808
4137,L04137,L,301.3,311.6,1168,49.7,184,0,0,0,0,0,0,LINE1-M01,2026-06-12T18:46:00,OP-102,MAT-8818
4138,H04138,H,297.4,308.7,1715,48.5,189,0,0,0,0,0,0,LINE2-M01,2026-06-12T18:49:00,OP-110,MAT-8801
4139,L04139,L,300.1,310.0,1435,37.3,191,0,0,0,0,0,0,LINE3-M01,2026-06-12T18:55:00,OP-107,MAT-8814
4140,H04140,H,300.4,309.7,1754,29.4,196,0,0,0,0,0,0,LINE3-M01,2026-06-12T19:01:00,OP-109,MAT-8818
4141,M04141,M,298.0,308.1,1286,37.0,199,0,0,0,0,0,0,LINE3-M01,2026-06-12T19:05:00,OP-111,MAT-8818
4142,M04142,M,300.0,309.3,1821,46.0,202,0,0,0,0,0,0,LINE2-M02,2026-06-12T19:09:00,OP-104,MAT-8810
4143,M04143,M,301.2,312.1,1634,22.8,205,0,0,0,0,0,0,LINE2-M01,2026-06-12T19:11:00,OP-104,MAT-8804
4144,L04144,L,301.6,313.1,1593,42.7,207,0,0,0,0,0,0,LINE1-M01,2026-06-12T19:16:00,OP-108,MAT-8818
4145,M04145,M,303.6,314.3,1544,41.5,210,1,1,0,0,0,0,LINE1-M02,2026-06-12T19:18:00,OP-106,MAT-8814
4146,M04146,M,301.0,310.0,1276,36.4,213,1,1,0,0,0,0,LINE3-M01,2026-06-12T19:20:00,OP-108,MAT-8800
4147,L04147,L,302.7,311.2,1329,43.2,215,1,1,1,0,0,0,LINE2-M02,2026-06-12T19:23:00,OP-100,MAT-8807
4148,L04148,L,301.6,312.5,1679,31.4,217,1,1,0,0,0,0,LINE2-M02,2026-06-12T19:28:00,OP-107,MAT-8810
4149,L04149,L,302.6,311.5,1571,39.0,219,0,0,0,0,0,0,LINE2-M02,2026-06-12T19:34:00,OP-110,MAT-8816
4150,L04150,L,301.7,311.9,1514,33.6,221,0,0,0,0,0,0,LINE2-M01,2026-06-12T19:39:00,OP-105,MAT-8811
4151,M04151,M,298.7,309.2,1532,36.5,224,0,0,0,0,0,0,LINE1-M02,2026-06-12T19:44:00,OP-106,MAT-8817
4152,M04152,M,303.3,312.1,1907,34.2,227,1,1,0,0,0,0,LINE3-M01,2026-06-12T19:49:00,OP-106,MAT-8808
4153,M04153,M,299.6,310.0,1570,23.3,230,1,1,0,0,0,0,LINE1-M01,2026-06-12T19:51:00,OP-109,MAT-8810
4154,M04154,M,301.0,310.1,2086,30.4,233,1,1,0,0,0,0,LINE2-M02,2026-06-12T19:54:00,OP-109,MAT-8812
4155,M04155,M,302.6,312.4,1542,45.6,236,1,1,0,0,0,0,LINE3-M02,2026-06-12T20:00:00,OP-109,MAT-8815
4156,M04156,M,297.6,308.4,1589,50.0,239,1,1,0,0,0,0,LINE3-M02,2026-06-12T20:02:00,OP-103,MAT-8801
4157,H04157,H,303.2,314.1,1760,41.1,0,0,0,0,0,0,0,LINE3-M01,2026-06-12T20:06:00,OP-106,MAT-8808
4158,H04158,H,301.0,311.0,1612,33.3,5,0,0,0,0,0,0,LINE2-M01,2026-06-12T20:10:00,OP-101,MAT-8815
4159,M04159,M,303.5,312.5,1209,29.4,8,0,0,0,0,0,0,LINE3-M02,2026-06-12T20:16:00,OP-103,MAT-8814
4160,L04160,L,301.3,313.1,1401,29.6,10,0,0,0,0,0,0,LINE1-M02,2026-06-12T20:21:00,OP-102,MAT-8805
4161,M04161,M,297.8,308.2,1346,31.2,13,0,0,0,0,0,0,LINE3-M02,2026-06-12T20:24:00,OP-107,MAT-8814
4162,M04162,M,300.4,309.7,1284,44.6,16,0,0,0,0,0,0,LINE3-M02,2026-06-12T20:30:00,OP-101,MAT-8800
4163,H04163,H,298.4,307.5,1365,29.2,21,0,0,0,0,0,0,LINE3-M01,2026-06-12T20:33:00,OP-107,MAT-8806
4164,H04164,H,298.7,306.7,1380,39.5,26,0,0,0,0,0,0,LINE3-M02,2026-06-12T20:36:00,OP-104,MAT-8812
4165,H04165,H,299.7,308.8,1852,36.2,31,0,0,0,0,0,0,LINE2-M02,2026-06-12T20:39:00,OP-101,MAT-8803
4166,L04166,L,303.5,313.0,1334,39.2,33,0,0,0,0,0,0,LINE3-M01,2026-06-12T20:42:00,OP-110,MAT-8813
4167,H04167,H,296.0,305.7,1892,30.0,38,0,0,0,0,0,0,LINE3-M01,2026-06-12T20:45:00,OP-108,MAT-8810
4168,M04168,M,300.6,309.4,1607,58.5,41,1,0,0,1,0,0,LINE1-M01,2026-06-12T20:47:00,OP-108,MAT-8802
4169,M04169,M,300.1,311.1,1591,37.5,44,0,0,0,0,0,0,LINE2-M01,2026-06-12T20:52:00,OP-106,MAT-8819
4170,L04170,L,299.0,309.7,1652,28.0,46,0,0,0,0,0,0,LINE2-M02,2026-06-12T20:55:00,OP-109,MAT-8816
4171,L04171,L,299.2,310.0,1775,35.0,48,0,0,0,0,0,0,LINE3-M01,2026-06-12T21:00:00,OP-111,MAT-8805
4172,L04172,L,299.5,309.7,1399,33.8,50,0,0,0,0,0,0,LINE2-M01,2026-06-12T21:05:00,OP-105,MAT-8806
4173,M04173,M,301.1,312.3,1247,28.5,53,0,0,0,0,0,0,LINE1-M02,2026-06-12T21:09:00,OP-111,MAT-8810
4174,L04174,L,298.8,309.5,1458,39.4,55,0,0,0,0,0,0,LINE3-M01,2026-06-12T21:11:00,OP-100,MAT-8811
4175,L04175,L,298.6,308.8,1298,41.5,57,0,0,0,0,0,0,LINE1-M02,2026-06-12T21:13:00,OP-105,MAT-8804
4176,L04176,L,300.6,310.8,1640,47.2,59,0,0,0,0,0,0,LINE1-M02,2026-06-12T21:19:00,OP-102,MAT-8819
4177,L04177,L,300.2,308.9,1708,28.5,61,0,0,0,0,0,0,LINE3-M01,2026-06-12T21:21:00,OP-105,MAT-8803
4178,L04178,L,301.5,311.7,1168,35.4,63,0,0,0,0,0,0,LINE1-M01,2026-06-12T21:27:00,OP-106,MAT-8802
4179,H04179,H,298.1,307.2,1312,54.7,68,0,0,0,0,0,0,LINE3-M01,2026-06-12T21:30:00,OP-102,MAT-8812
4180,M04180,M,299.9,311.2,1563,41.2,71,0,0,0,0,0,0,LINE3-M01,2026-06-12T21:36:00,OP-102,MAT-8818
4181,L04181,L,301.9,311.1,1436,29.2,73,0,0,0,0,0,0,LINE3-M02,2026-06-12T21:39:00,OP-111,MAT-8810
4182,H04182,H,305.6,314.7,1441,49.4,78,0,0,0,0,0,0,LINE1-M01,2026-06-12T21:44:00,OP-108,MAT-8817
4183,M04183,M,299.7,309.5,1504,51.2,81,0,0,0,0,0,0,LINE3-M01,2026-06-12T21:46:00,OP-111,MAT-8811
4184,M04184,M,300.1,309.0,1396,41.3,84,0,0,0,0,0,0,LINE1-M01,2026-06-12T21:49:00,OP-109,MAT-8811
4185,M04185,M,300.9,311.8,1362,34.9,87,0,0,0,0,0,0,LINE3-M02,2026-06-12T21:51:00,OP-101,MAT-8804
4186,L04186,L,296.6,307.5,1686,13.6,89,1,0,0,1,0,0,LINE3-M01,2026-06-12T21:55:00,OP-106,MAT-8801
4187,M04187,M,301.3,314.0,1510,53.3,92,0,0,0,0,0,0,LINE3-M01,2026-06-12T21:58:00,OP-108,MAT-8817
4188,L04188,L,301.1,312.3,1168,47.1,94,0,0,0,0,0,0,LINE3-M02,2026-06-12T22:04:00,OP-106,MAT-8815
4189,L04189,L,298.8,305.7,2216,28.6,96,0,0,0,0,0,0,LINE3-M02,2026-06-12T22:07:00,OP-103,MAT-8809
4190,H04190,H,302.2,310.5,1456,34.6,101,0,0,0,0,0,0,LINE2-M01,2026-06-12T22:12:00,OP-107,MAT-8803
4191,M04191,M,302.3,313.7,1469,44.8,104,0,0,0,0,0,0,LINE2-M02,2026-06-12T22:16:00,OP-103,MAT-8818
4192,H04192,H,302.7,314.0,1447,43.7,109,0,0,0,0,0,0,LINE1-M01,2026-06-12T22:21:00,OP-101,MAT-8812
4193,L04193,L,301.6,312.4,1374,36.7,111,0,0,0,0,0,0,LINE2-M02,2026-06-12T22:25:00,OP-108,MAT-8817
4194,L04194,L,301.1,311.0,1218,44.1,113,0,0,0,0,0,0,LINE3-M02,2026-06-12T22:29:00,OP-108,MAT-8803
4195,L04195,L,296.2,307.2,1807,26.9,115,0,0,0,0,0,0,LINE3-M01,2026-06-12T22:32:00,OP-106,MAT-8813
4196,L04196,L,301.7,311.2,1374,60.9,117,0,0,0,0,0,0,LINE3-M01,2026-06-12T22:34:00,OP-109,MAT-8810
4197,L04197,L,298.3,307.4,1169,57.8,119,0,0,0,0,0,0,LINE2-M01,2026-06-12T22:38:00,OP-105,MAT-8819
4198,L04198,L,299.4,310.4,1355,43.2,121,0,0,0,0,0,0,LINE3-M01,2026-06-12T22:44:00,OP-100,MAT-8814
4199,M04199,M,299.7,309.7,1470,35.4,124,0,0,0,0,0,0,LINE3-M01,2026-06-12T22:49:00,OP-110,MAT-8809
4200,M04200,M,300.8,309.1,1360,32.7,127,1,0,1,0,0,0,LINE3-M01,2026-06-12T22:52:00,OP-108,MAT-8819
4201,H04201,H,297.3,306.9,1168,50.7,132,0,0,0,0,0,0,LINE3-M01,2026-06-12T22:54:00,OP-102,MAT-8803
4202,M04202,M,297.8,306.9,1685,29.8,135,0,0,0,0,0,0,LINE3-M02,2026-06-12T23:00:00,OP-110,MAT-8805
4203,L04203,L,300.4,311.1,1642,46.7,137,0,0,0,0,0,0,LINE3-M01,2026-06-12T23:06:00,OP-103,MAT-8811
4204,H04204,H,298.5,310.4,1312,45.0,142,0,0,0,0,0,0,LINE3-M02,2026-06-12T23:09:00,OP-101,MAT-8805
4205,H04205,H,301.3,312.3,1349,44.2,147,0,0,0,0,0,0,LINE1-M01,2026-06-12T23:15:00,OP-102,MAT-8807
4206,L04206,L,301.2,311.1,1464,36.9,149,0,0,0,0,0,0,LINE2-M02,2026-06-12T23:20:00,OP-100,MAT-8812
4207,M04207,M,302.9,311.5,1877,51.3,152,1,0,0,1,0,0,LINE1-M02,2026-06-12T23:22:00,OP-100,MAT-8806
4208,H04208,H,297.2,306.4,1254,48.5,157,0,0,0,0,0,0,LINE1-M01,2026-06-12T23:25:00,OP-108,MAT-8806
4209,H04209,H,297.8,310.2,1314,45.8,162,0,0,0,0,0,0,LINE3-M02,2026-06-12T23:28:00,OP-111,MAT-8800
4210,L04210,L,296.9,308.0,1740,54.7,164,1,0,0,1,0,0,LINE2-M01,2026-06-12T23:30:00,OP-105,MAT-8809
4211,L04211,L,300.2,309.5,1732,41.2,166,0,0,0,0,0,0,LINE3-M02,2026-06-12T23:35:00,OP-100,MAT-8810
4212,M04212,M,302.2,311.9,1593,34.4,169,0,0,0,0,0,0,LINE3-M01,2026-06-12T23:37:00,OP-111,MAT-8817
4213,M04213,M,300.2,307.9,1620,41.1,172,0,0,0,0,0,0,LINE1-M02,2026-06-12T23:39:00,OP-105,MAT-8814
4214,H04214,H,298.8,309.1,1168,45.8,177,0,0,0,0,0,0,LINE1-M01,2026-06-12T23:42:00,OP-103,MAT-8813
4215,M04215,M,303.7,314.0,1471,39.6,180,0,0,0,0,0,0,LINE3-M01,2026-06-12T23:48:00,OP-104,MAT-8819
4216,L04216,L,299.7,308.0,1546,46.9,182,0,0,0,0,0,0,LINE1-M01,2026-06-12T23:53:00,OP-106,MAT-8809
4217,L04217,L,302.0,312.2,1645,6.6,184,1,0,0,1,0,0,LINE1-M02,2026-06-12T23:57:00,OP-105,MAT-8807
4218,L04218,L,300.3,311.6,1574,43.8,186,0,0,0,0,0,0,LINE1-M02,2026-06-13T00:03:00,OP-102,MAT-8813
4219,M04219,M,298.2,308.8,1599,42.5,189,0,0,0,0,0,0,LINE2-M01,2026-06-13T00:09:00,OP-101,MAT-8803
4220,L04220,L,301.8,311.4,1783,34.1,191,0,0,0,0,0,0,LINE3-M02,2026-06-13T00:12:00,OP-101,MAT-8810
4221,H04221,H,298.3,308.6,1560,52.8,196,0,0,0,0,0,0,LINE3-M02,2026-06-13T00:14:00,OP-100,MAT-8813
4222,L04222,L,302.1,311.8,1866,37.0,198,0,0,0,0,0,0,LINE1-M01,2026-06-13T00:17:00,OP-104,MAT-8813
4223,H04223,H,297.8,306.4,1623,63.7,203,1,0,0,1,0,0,LINE2-M01,2026-06-13T00:23:00,OP-103,MAT-8809
4224,L04224,L,299.1,308.6,1653,36.1,205,0,0,0,0,0,0,LINE3-M02,2026-06-13T00:27:00,OP-102,MAT-8808
4225,L04225,L,299.9,309.8,1280,55.9,207,1,0,0,0,1,0,LINE3-M02,2026-06-13T00:31:00,OP-108,MAT-8804
4226,M04226,M,297.4,308.6,1559,30.9,210,0,0,0,0,0,0,LINE2-M01,2026-06-13T00:34:00,OP-106,MAT-8803
4227,M04227,M,300.2,310.6,2034,30.9,213,0,0,0,0,0,0,LINE3-M02,2026-06-13T00:40:00,OP-109,MAT-8814
4228,H04228,H,302.7,312.3,1565,51.2,218,0,0,0,0,0,0,LINE3-M02,2026-06-13T00:43:00,OP-100,MAT-8806
4229,M04229,M,301.2,311.7,1849,47.1,221,1,1,0,1,0,0,LINE3-M01,2026-06-13T00:48:00,OP-106,MAT-8816
4230,H04230,H,298.8,310.7,1288,28.1,226,1,1,0,0,0,0,LINE2-M01,2026-06-13T00:54:00,OP-111,MAT-8805
4231,M04231,M,301.9,312.7,1618,38.9,229,0,0,0,0,0,0,LINE1-M02,2026-06-13T00:58:00,OP-111,MAT-8803
4232,M04232,M,301.7,312.8,1424,50.2,232,0,0,0,0,0,0,LINE3-M01,2026-06-13T01:04:00,OP-105,MAT-8817
4233,L04233,L,305.4,315.8,1663,37.5,234,1,1,0,0,0,0,LINE1-M01,2026-06-13T01:06:00,OP-105,MAT-8812
4234,M04234,M,297.1,306.2,1541,50.4,237,1,1,0,0,0,0,LINE3-M02,2026-06-13T01:10:00,OP-109,MAT-8800
4235,L04235,L,300.4,308.6,1292,55.7,239,1,1,1,0,1,0,LINE2-M02,2026-06-13T01:12:00,OP-110,MAT-8804
4236,M04236,M,299.8,309.5,1601,26.2,0,0,0,0,0,0,0,LINE2-M02,2026-06-13T01:18:00,OP-106,MAT-8809
4237,H04237,H,299.1,307.7,1310,43.6,5,1,0,1,0,0,0,LINE3-M01,2026-06-13T01:24:00,OP-103,MAT-8800
4238,L04238,L,299.4,310.8,1632,36.8,7,0,0,0,0,0,0,LINE3-M01,2026-06-13T01:29:00,OP-106,MAT-8806
4239,M04239,M,298.6,307.2,1849,35.5,10,0,0,0,0,0,0,LINE2-M01,2026-06-13T01:33:00,OP-101,MAT-8815
4240,M04240,M,298.8,308.2,1400,13.5,13,1,0,0,1,0,0,LINE1-M01,2026-06-13T01:35:00,OP-111,MAT-8812
4241,L04241,L,301.9,313.0,1721,40.0,15,0,0,0,0,0,0,LINE1-M01,2026-06-13T01:41:00,OP-106,MAT-8807
4242,M04242,M,299.3,308.9,1599,23.6,18,0,0,0,0,0,0,LINE1-M01,2026-06-13T01:43:00,OP-100,MAT-8803
4243,M04243,M,298.1,309.2,1302,54.0,21,0,0,0,0,0,0,LINE3-M02,2026-06-13T01:46:00,OP-105,MAT-8810
4244,L04244,L,300.6,311.8,1510,34.8,23,0,0,0,0,0,0,LINE2-M02,2026-06-13T01:50:00,OP-102,MAT-8805
4245,L04245,L,305.8,314.6,2417,24.6,25,0,0,0,0,0,0,LINE3-M02,2026-06-13T01:52:00,OP-108,MAT-8813
4246,M04246,M,300.8,311.7,1418,50.9,28,0,0,0,0,0,0,LINE3-M01,2026-06-13T01:54:00,OP-102,MAT-8812
4247,L04247,L,295.3,304.8,1922,23.7,30,0,0,0,0,0,0,LINE2-M02,2026-06-13T01:59:00,OP-103,MAT-8816
4248,M04248,M,299.2,310.4,1608,24.2,33,0,0,0,0,0,0,LINE2-M02,2026-06-13T02:02:00,OP-101,MAT-8800
4249,L04249,L,304.5,315.1,1747,33.8,35,0,0,0,0,0,0,LINE2-M01,2026-06-13T02:06:00,OP-102,MAT-8802
4250,L04250,L,300.4,310.3,1501,49.9,37,0,0,0,0,0,0,LINE1-M01,2026-06-13T02:10:00,OP-108,MAT-8818
4251,L04251,L,300.7,310.8,1797,62.4,39,1,0,0,1,0,0,LINE2-M01,2026-06-13T02:12:00,OP-101,MAT-8800
4252,L04252,L,297.1,306.5,1168,40.3,41,0,0,0,0,0,0,LINE2-M02,2026-06-13T02:14:00,OP-107,MAT-8803
4253,H04253,H,300.3,309.3,1459,31.5,46,0,0,0,0,0,0,LINE1-M02,2026-06-13T02:17:00,OP-101,MAT-8808
4254,M04254,M,300.0,308.4,1666,33.4,49,0,0,0,0,0,0,LINE1-M01,2026-06-13T02:19:00,OP-104,MAT-8818
4255,L04255,L,299.7,310.4,1732,46.6,51,0,0,0,0,0,0,LINE1-M02,2026-06-13T02:25:00,OP-110,MAT-8805
4256,M04256,M,307.0,317.0,1735,33.8,54,0,0,0,0,0,0,LINE1-M02,2026-06-13T02:28:00,OP-106,MAT-8817
4257,H04257,H,299.0,307.3,1228,39.4,59,1,0,1,0,0,0,LINE1-M02,2026-06-13T02:33:00,OP-100,MAT-8810
4258,M04258,M,300.6,312.0,1697,38.2,62,0,0,0,0,0,0,LINE2-M01,2026-06-13T02:39:00,OP-100,MAT-8807
4259,M04259,M,296.9,307.3,1604,51.4,65,0,0,0,0,0,0,LINE3-M02,2026-06-13T02:43:00,OP-102,MAT-8807
4260,M04260,M,297.1,307.2,1307,40.6,68,0,0,0,0,0,0,LINE2-M02,2026-06-13T02:46:00,OP-105,MAT-8808
4261,L04261,L,298.6,308.1,1179,41.0,70,0,0,0,0,0,0,LINE2-M01,2026-06-13T02:52:00,OP-103,MAT-8807
4262,M04262,M,301.1,311.3,1580,43.1,73,0,0,0,0,0,0,LINE3-M02,2026-06-13T02:56:00,OP-110,MAT-8807
4263,M04263,M,301.1,311.2,1168,45.1,76,0,0,0,0,0,0,LINE2-M01,2026-06-13T02:58:00,OP-104,MAT-8816
4264,L04264,L,301.7,311.4,1501,48.7,78,0,0,0,0,0,0,LINE1-M01,2026-06-13T03:02:00,OP-103,MAT-8814
4265,M04265,M,301.9,312.6,1168,49.4,81,0,0,0,0,0,0,LINE2-M02,2026-06-13T03:06:00,OP-107,MAT-8818
4266,L04266,L,298.8,309.0,1376,34.2,83,0,0,0,0,0,0,LINE2-M01,2026-06-13T03:11:00,OP-100,MAT-8806
4267,M04267,M,302.5,311.7,1168,40.3,86,0,0,0,0,0,0,LINE3-M02,2026-06-13T03:15:00,OP-105,MAT-8815
4268,H04268,H,296.3,305.8,2164,36.8,91,0,0,0,0,0,0,LINE2-M01,2026-06-13T03:20:00,OP-107,MAT-8804
4269,M04269,M,302.7,313.1,1405,31.6,94,0,0,0,0,0,0,LINE2-M01,2026-06-13T03:25:00,OP-102,MAT-8800
4270,L04270,L,297.8,306.3,1480,38.2,96,0,0,0,0,0,0,LINE1-M01,2026-06-13T03:31:00,OP-105,MAT-8804
4271,L04271,L,301.1,309.6,1630,34.9,98,0,0,0,0,0,0,LINE1-M01,2026-06-13T03:35:00,OP-105,MAT-8803
4272,H04272,H,301.3,310.9,1860,35.5,103,0,0,0,0,0,0,LINE2-M02,2026-06-13T03:39:00,OP-105,MAT-8804
4273,L04273,L,299.7,309.1,1541,36.2,105,0,0,0,0,0,0,LINE1-M01,2026-06-13T03:41:00,OP-106,MAT-8806
4274,M04274,M,304.3,315.2,1492,41.1,108,0,0,0,0,0,0,LINE3-M01,2026-06-13T03:45:00,OP-103,MAT-8810
4275,L04275,L,300.5,311.1,1601,47.3,110,0,0,0,0,0,0,LINE1-M01,2026-06-13T03:51:00,OP-100,MAT-8806
4276,M04276,M,301.8,312.0,1216,15.7,113,1,0,0,1,0,0,LINE3-M02,2026-06-13T03:54:00,OP-100,MAT-8816
4277,M04277,M,300.0,310.8,1409,50.0,116,0,0,0,0,0,0,LINE3-M01,2026-06-13T03:58:00,OP-101,MAT-8802
4278,L04278,L,299.8,309.7,1168,39.7,118,0,0,0,0,0,0,LINE2-M02,2026-06-13T04:02:00,OP-104,MAT-8815
4279,M04279,M,298.9,309.0,1590,27.9,121,0,0,0,0,0,0,LINE2-M01,2026-06-13T04:04:00,OP-109,MAT-8813
4280,M04280,M,297.7,306.7,1168,45.7,124,0,0,0,0,0,0,LINE2-M02,2026-06-13T04:09:00,OP-107,MAT-8807
4281,L04281,L,301.7,311.7,1254,41.8,126,0,0,0,0,0,0,LINE3-M02,2026-06-13T04:12:00,OP-100,MAT-8810
4282,L04282,L,298.2,309.3,1816,35.8,128,0,0,0,0,0,0,LINE1-M01,2026-06-13T04:18:00,OP-108,MAT-8800
4283,L04283,L,297.3,307.7,1823,47.5,130,1,0,0,1,0,0,LINE2-M02,2026-06-13T04:22:00,OP-103,MAT-8801
4284,L04284,L,303.4,313.6,1563,49.1,132,0,0,0,0,0,0,LINE3-M02,2026-06-13T04:24:00,OP-109,MAT-8818
4285,M04285,M,301.2,311.9,1303,32.9,135,0,0,0,0,0,0,LINE1-M02,2026-06-13T04:29:00,OP-101,MAT-8803
4286,L04286,L,299.5,308.9,1429,44.1,137,0,0,0,0,0,0,LINE3-M02,2026-06-13T04:35:00,OP-107,MAT-8803
4287,L04287,L,300.7,311.1,2024,28.2,139,0,0,0,0,0,0,LINE1-M01,2026-06-13T04:41:00,OP-109,MAT-8803
4288,H04288,H,299.9,309.6,1201,43.2,144,0,0,0,0,0,0,LINE3-M02,2026-06-13T04:47:00,OP-110,MAT-8805
4289,L04289,L,297.6,306.3,1180,30.0,146,0,0,0,0,0,0,LINE1-M02,2026-06-13T04:52:00,OP-101,MAT-8811
4290,H04290,H,296.9,307.1,1559,28.0,151,0,0,0,0,0,0,LINE1-M02,2026-06-13T04:55:00,OP-103,MAT-8814
4291,H04291,H,302.0,309.4,1170,48.3,156,1,0,1,0,0,0,LINE2-M01,2026-06-13T05:00:00,OP-107,MAT-8803
4292,L04292,L,299.3,309.6,1407,49.1,158,0,0,0,0,0,0,LINE1-M01,2026-06-13T05:04:00,OP-100,MAT-8808
4293,M04293,M,301.7,312.1,1359,59.0,161,0,0,0,0,0,0,LINE1-M01,2026-06-13T05:07:00,OP-111,MAT-8813
4294,M04294,M,300.6,309.7,1813,56.2,164,1,0,0,1,0,0,LINE2-M01,2026-06-13T05:13:00,OP-109,MAT-8813
4295,H04295,H,301.3,310.8,1427,35.7,169,0,0,0,0,0,0,LINE2-M01,2026-06-13T05:16:00,OP-111,MAT-8808
4296,H04296,H,299.2,309.2,1319,63.5,174,0,0,0,0,0,0,LINE1-M02,2026-06-13T05:22:00,OP-101,MAT-8819
4297,M04297,M,299.0,308.3,1248,31.7,177,0,0,0,0,0,0,LINE2-M02,2026-06-13T05:26:00,OP-111,MAT-8811
4298,L04298,L,298.4,308.7,1333,37.0,179,0,0,0,0,0,0,LINE3-M02,2026-06-13T05:29:00,OP-101,MAT-8801
4299,L04299,L,301.5,311.3,1240,43.2,181,0,0,0,0,0,0,LINE3-M01,2026-06-13T05:33:00,OP-106,MAT-8815
4300,M04300,M,300.9,310.8,1853,32.8,184,0,0,0,0,0,0,LINE3-M01,2026-06-13T05:35:00,OP-107,MAT-8809
4301,L04301,L,298.6,308.2,1577,39.2,186,0,0,0,0,0,0,LINE2-M02,2026-06-13T05:38:00,OP-100,MAT-8801
4302,L04302,L,303.4,313.7,1594,57.2,188,1,0,0,1,0,0,LINE2-M02,2026-06-13T05:43:00,OP-105,MAT-8804
4303,L04303,L,298.2,308.5,1650,41.5,190,0,0,0,0,0,0,LINE1-M02,2026-06-13T05:48:00,OP-106,MAT-8806
4304,M04304,M,299.9,310.3,1784,42.1,193,0,0,0,0,0,0,LINE3-M02,2026-06-13T05:51:00,OP-102,MAT-8818
4305,M04305,M,302.3,311.3,1395,48.5,196,0,0,0,0,0,0,LINE3-M01,2026-06-13T05:57:00,OP-107,MAT-8813
4306,L04306,L,298.4,307.6,1546,43.9,198,0,0,0,0,0,0,LINE1-M01,2026-06-13T06:02:00,OP-111,MAT-8811
4307,L04307,L,300.8,308.5,1980,48.7,200,1,0,0,1,0,0,LINE3-M01,2026-06-13T06:05:00,OP-105,MAT-8816
4308,M04308,M,299.5,309.4,1270,42.0,203,0,0,0,0,0,0,LINE2-M01,2026-06-13T06:10:00,OP-110,MAT-8801
4309,M04309,M,302.6,311.1,1575,47.7,206,0,0,0,0,0,0,LINE2-M02,2026-06-13T06:12:00,OP-100,MAT-8805
4310,L04310,L,302.5,313.8,1539,32.4,208,0,0,0,0,0,0,LINE2-M01,2026-06-13T06:18:00,OP-101,MAT-8804
4311,L04311,L,298.8,310.4,1745,52.8,210,1,0,0,1,1,0,LINE2-M02,2026-06-13T06:23:00,OP-106,MAT-8812
4312,L04312,L,300.9,311.1,1596,50.0,212,0,0,0,0,0,0,LINE3-M02,2026-06-13T06:25:00,OP-109,MAT-8808
4313,H04313,H,297.3,307.4,1882,27.3,217,0,0,0,0,0,0,LINE3-M02,2026-06-13T06:31:00,OP-101,MAT-8814
4314,H04314,H,299.5,308.4,1220,47.0,222,1,1,0,0,0,0,LINE3-M01,2026-06-13T06:34:00,OP-105,MAT-8814
4315,L04315,L,299.6,308.4,1662,42.2,224,1,1,0,0,0,0,LINE2-M02,2026-06-13T06:38:00,OP-102,MAT-8813
4316,L04316,L,299.0,310.4,1442,51.9,226,1,1,0,0,1,0,LINE2-M01,2026-06-13T06:40:00,OP-109,MAT-8811
4317,L04317,L,296.1,307.3,1640,34.6,228,1,1,0,0,0,0,LINE2-M02,2026-06-13T06:43:00,OP-110,MAT-8805
4318,H04318,H,301.6,310.9,1400,44.2,233,1,1,0,0,0,0,LINE2-M01,2026-06-13T06:45:00,OP-105,MAT-8811
4319,M04319,M,301.0,312.9,1797,51.5,236,1,1,0,1,1,0,LINE3-M01,2026-06-13T06:47:00,OP-107,MAT-8816
4320,M04320,M,298.5,308.0,1798,44.3,239,1,1,0,0,0,0,LINE2-M01,2026-06-13T06:51:00,OP-110,MAT-8802
4321,L04321,L,299.7,310.2,1935,42.5,0,0,0,0,0,0,0,LINE2-M02,2026-06-13T06:53:00,OP-110,MAT-8812
4322,L04322,L,301.2,310.1,1438,49.2,2,0,0,0,0,0,0,LINE2-M01,2026-06-13T06:58:00,OP-102,MAT-8804
4323,M04323,M,302.2,312.2,1534,49.1,5,0,0,0,0,0,0,LINE1-M01,2026-06-13T07:03:00,OP-100,MAT-8803
4324,M04324,M,303.3,313.5,1764,45.7,8,0,0,0,0,0,0,LINE1-M02,2026-06-13T07:08:00,OP-100,MAT-8817
4325,L04325,L,301.0,310.6,1825,43.6,10,0,0,0,0,0,0,LINE3-M01,2026-06-13T07:12:00,OP-102,MAT-8812
4326,L04326,L,301.0,312.4,1777,23.7,12,0,0,0,0,0,0,LINE3-M01,2026-06-13T07:14:00,OP-108,MAT-8800
4327,H04327,H,300.1,309.2,1718,44.1,17,0,0,0,0,0,0,LINE2-M01,2026-06-13T07:16:00,OP-108,MAT-8803
4328,M04328,M,298.8,308.8,1674,27.1,20,0,0,0,0,0,0,LINE2-M01,2026-06-13T07:18:00,OP-108,MAT-8803
4329,L04329,L,301.4,313.1,1335,41.8,22,0,0,0,0,0,0,LINE3-M02,2026-06-13T07:22:00,OP-109,MAT-8818
4330,L04330,L,302.5,312.6,1314,62.0,24,0,0,0,0,0,0,LINE1-M02,2026-06-13T07:24:00,OP-111,MAT-8813
4331,H04331,H,304.2,315.3,1657,29.4,29,0,0,0,0,0,0,LINE1-M02,2026-06-13T07:26:00,OP-106,MAT-8814
4332,M04332,M,300.1,310.7,1498,53.5,32,0,0,0,0,0,0,LINE3-M01,2026-06-13T07:30:00,OP-106,MAT-8805
4333,L04333,L,300.3,310.3,1207,28.5,34,0,0,0,0,0,0,LINE2-M02,2026-06-13T07:36:00,OP-109,MAT-8802
4334,L04334,L,301.2,311.4,1796,17.5,36,1,0,0,1,0,0,LINE1-M01,2026-06-13T07:39:00,OP-111,MAT-8808
4335,M04335,M,301.6,310.1,1168,42.9,39,1,0,1,0,0,0,LINE2-M02,2026-06-13T07:44:00,OP-108,MAT-8803
4336,M04336,M,300.8,311.0,1402,41.2,42,0,0,0,0,0,0,LINE3-M02,2026-06-13T07:50:00,OP-104,MAT-8803
4337,L04337,L,298.0,307.7,1186,42.4,44,0,0,0,0,0,0,LINE2-M01,2026-06-13T07:56:00,OP-102,MAT-8804
4338,L04338,L,301.1,309.3,1767,60.9,46,1,0,0,1,0,0,LINE2-M02,2026-06-13T08:02:00,OP-104,MAT-8803
4339,L04339,L,297.1,307.9,1596,59.8,48,1,0,0,1,0,0,LINE2-M02,2026-06-13T08:06:00,OP-101,MAT-8816
4340,H04340,H,299.6,308.6,1351,41.6,53,0,0,0,0,0,0,LINE2-M02,2026-06-13T08:09:00,OP-110,MAT-8808
4341,L04341,L,296.1,307.0,1861,42.8,55,0,0,0,0,0,0,LINE3-M01,2026-06-13T08:15:00,OP-109,MAT-8805
4342,H04342,H,303.3,313.7,1251,41.1,60,0,0,0,0,0,0,LINE1-M02,2026-06-13T08:18:00,OP-110,MAT-8819
4343,L04343,L,300.5,309.2,1168,42.7,62,0,0,0,0,0,0,LINE1-M01,2026-06-13T08:21:00,OP-106,MAT-8817
4344,M04344,M,301.9,313.3,1757,41.9,65,0,0,0,0,0,0,LINE1-M01,2026-06-13T08:25:00,OP-109,MAT-8819
4345,M04345,M,297.8,307.4,1469,32.5,68,0,0,0,0,0,0,LINE3-M01,2026-06-13T08:31:00,OP-102,MAT-8804
4346,L04346,L,299.6,309.6,1436,34.2,70,0,0,0,0,0,0,LINE2-M01,2026-06-13T08:33:00,OP-109,MAT-8809
4347,L04347,L,302.3,311.1,1660,20.3,72,0,0,0,0,0,0,LINE2-M02,2026-06-13T08:39:00,OP-107,MAT-8807
4348,M04348,M,301.3,309.5,1560,37.6,75,0,0,0,0,0,0,LINE3-M01,2026-06-13T08:43:00,OP-109,MAT-8802
4349,L04349,L,301.0,309.4,1408,44.4,77,0,0,0,0,0,0,LINE3-M02,2026-06-13T08:45:00,OP-110,MAT-8813
4350,L04350,L,302.3,312.4,1611,49.7,79,0,0,0,0,0,0,LINE3-M02,2026-06-13T08:50:00,OP-111,MAT-8808
4351,L04351,L,303.8,314.7,1394,31.4,81,0,0,0,0,0,0,LINE1-M01,2026-06-13T08:52:00,OP-104,MAT-8800
4352,L04352,L,300.0,309.9,1291,49.4,83,0,0,0,0,0,0,LINE1-M02,2026-06-13T08:58:00,OP-100,MAT-8802
4353,H04353,H,301.7,312.7,1433,41.9,88,0,0,0,0,0,0,LINE3-M01,2026-06-13T09:02:00,OP-103,MAT-8809
4354,L04354,L,296.8,307.0,1168,39.2,90,0,0,0,0,0,0,LINE1-M01,2026-06-13T09:08:00,OP-104,MAT-8804
4355,L04355,L,301.0,310.2,1168,50.2,92,0,0,0,0,0,0,LINE2-M02,2026-06-13T09:11:00,OP-104,MAT-8811
4356,L04356,L,303.1,315.2,1953,41.8,94,0,0,0,0,0,0,LINE3-M02,2026-06-13T09:17:00,OP-102,MAT-8802
4357,H04357,H,302.8,310.2,1477,35.2,99,0,0,0,0,0,0,LINE1-M02,2026-06-13T09:19:00,OP-103,MAT-8816
4358,H04358,H,298.8,308.0,1529,34.9,104,0,0,0,0,0,0,LINE3-M02,2026-06-13T09:24:00,OP-102,MAT-8800
4359,L04359,L,298.2,307.2,1360,30.7,106,0,0,0,0,0,0,LINE3-M01,2026-06-13T09:30:00,OP-105,MAT-8816
4360,L04360,L,300.0,310.5,1513,37.5,108,0,0,0,0,0,0,LINE3-M01,2026-06-13T09:35:00,OP-110,MAT-8818
4361,M04361,M,298.8,308.3,1735,33.7,111,0,0,0,0,0,0,LINE1-M02,2026-06-13T09:37:00,OP-104,MAT-8813
4362,L04362,L,299.7,311.5,2013,31.4,113,0,0,0,0,0,0,LINE3-M02,2026-06-13T09:42:00,OP-106,MAT-8814
4363,L04363,L,299.5,309.2,1324,27.4,115,0,0,0,0,0,0,LINE3-M02,2026-06-13T09:48:00,OP-103,MAT-8813
4364,L04364,L,300.5,309.6,1529,34.2,117,0,0,0,0,0,0,LINE3-M02,2026-06-13T09:52:00,OP-109,MAT-8804
4365,M04365,M,300.4,310.8,1619,47.1,120,0,0,0,0,0,0,LINE1-M02,2026-06-13T09:55:00,OP-110,MAT-8801
4366,H04366,H,298.0,308.2,1292,28.3,125,0,0,0,0,0,0,LINE2-M01,2026-06-13T10:01:00,OP-106,MAT-8806
4367,L04367,L,300.1,311.4,1550,40.5,127,0,0,0,0,0,0,LINE2-M02,2026-06-13T10:05:00,OP-110,MAT-8814
4368,L04368,L,295.7,306.6,1574,37.1,129,0,0,0,0,0,0,LINE1-M01,2026-06-13T10:08:00,OP-100,MAT-8817
4369,L04369,L,300.7,311.4,1168,35.4,131,0,0,0,0,0,0,LINE3-M02,2026-06-13T10:11:00,OP-110,MAT-8813
4370,L04370,L,297.9,308.5,1471,46.5,133,0,0,0,0,0,0,LINE2-M02,2026-06-13T10:16:00,OP-101,MAT-8808
4371,L04371,L,296.0,307.9,1778,38.8,135,0,0,0,0,0,0,LINE2-M01,2026-06-13T10:21:00,OP-110,MAT-8800
4372,L04372,L,298.9,310.1,1424,42.6,137,0,0,0,0,0,0,LINE3-M02,2026-06-13T10:25:00,OP-102,MAT-8808
4373,L04373,L,300.9,312.4,1762,28.0,139,0,0,0,0,0,0,LINE3-M02,2026-06-13T10:29:00,OP-106,MAT-8811
4374,L04374,L,303.5,313.1,1486,32.9,141,0,0,0,0,0,0,LINE2-M01,2026-06-13T10:31:00,OP-107,MAT-8803
4375,L04375,L,297.8,307.5,2408,30.1,143,0,0,0,0,0,0,LINE2-M01,2026-06-13T10:34:00,OP-103,MAT-8810
4376,M04376,M,295.7,306.4,1496,42.5,146,0,0,0,0,0,0,LINE2-M02,2026-06-13T10:39:00,OP-103,MAT-8808
4377,L04377,L,295.5,305.5,1724,38.3,148,0,0,0,0,0,0,LINE2-M01,2026-06-13T10:44:00,OP-103,MAT-8802
4378,L04378,L,300.8,310.5,1655,39.2,150,0,0,0,0,0,0,LINE2-M01,2026-06-13T10:46:00,OP-107,MAT-8815
4379,H04379,H,300.3,311.0,1569,34.7,155,0,0,0,0,0,0,LINE1-M02,2026-06-13T10:52:00,OP-101,MAT-8818
4380,L04380,L,303.8,313.9,1168,50.1,157,0,0,0,0,0,0,LINE3-M02,2026-06-13T10:57:00,OP-109,MAT-8815
4381,L04381,L,297.7,308.8,2039,47.2,159,1,0,0,1,0,0,LINE2-M01,2026-06-13T10:59:00,OP-102,MAT-8809
4382,L04382,L,301.7,311.6,1733,54.0,161,1,0,0,1,0,0,LINE2-M01,2026-06-13T11:02:00,OP-106,MAT-8818
4383,L04383,L,297.1,306.8,1489,35.3,163,0,0,0,0,0,0,LINE2-M01,2026-06-13T11:05:00,OP-107,MAT-8817
4384,L04384,L,300.6,312.0,1342,43.0,165,0,0,0,0,0,0,LINE3-M02,2026-06-13T11:08:00,OP-107,MAT-8812
4385,M04385,M,300.8,310.4,1425,31.3,168,0,0,0,0,0,0,LINE1-M02,2026-06-13T11:10:00,OP-101,MAT-8808
4386,H04386,H,300.3,309.7,1367,48.4,173,0,0,0,0,0,0,LINE3-M01,2026-06-13T11:15:00,OP-101,MAT-8818
4387,L04387,L,299.8,308.1,1539,56.8,175,1,0,0,1,0,0,LINE3-M02,2026-06-13T11:20:00,OP-104,MAT-8807
4388,H04388,H,298.4,309.5,1268,52.7,180,0,0,0,0,0,0,LINE1-M01,2026-06-13T11:25:00,OP-100,MAT-8812
4389,M04389,M,298.4,309.6,1607,38.9,183,0,0,0,0,0,0,LINE2-M01,2026-06-13T11:27:00,OP-106,MAT-8808
4390,H04390,H,300.3,310.6,1185,42.5,188,0,0,0,0,0,0,LINE2-M01,2026-06-13T11:29:00,OP-101,MAT-8806
4391,L04391,L,299.8,310.5,1386,46.2,190,0,0,0,0,0,0,LINE3-M01,2026-06-13T11:34:00,OP-109,MAT-8813
4392,L04392,L,299.0,309.3,1761,31.6,192,0,0,0,0,0,0,LINE3-M02,2026-06-13T11:37:00,OP-109,MAT-8817
4393,M04393,M,299.1,309.0,1832,46.7,195,0,0,0,0,0,0,LINE2-M01,2026-06-13T11:41:00,OP-107,MAT-8802
4394,H04394,H,302.7,312.8,1587,36.4,200,0,0,0,0,0,0,LINE1-M02,2026-06-13T11:47:00,OP-104,MAT-8817
4395,H04395,H,297.1,306.8,1361,33.9,205,0,0,0,0,0,0,LINE3-M01,2026-06-13T11:50:00,OP-103,MAT-8803
4396,L04396,L,297.0,306.9,1874,49.1,207,1,1,0,1,0,0,LINE2-M02,2026-06-13T11:55:00,OP-100,MAT-8805
4397,M04397,M,300.7,310.4,1385,48.7,210,1,1,0,0,0,0,LINE1-M01,2026-06-13T12:00:00,OP-111,MAT-8819
4398,H04398,H,301.1,310.7,1414,42.8,215,0,0,0,0,0,0,LINE2-M02,2026-06-13T12:02:00,OP-110,MAT-8811
4399,L04399,L,300.0,309.6,1373,40.2,217,0,0,0,0,0,0,LINE2-M01,2026-06-13T12:06:00,OP-111,MAT-8817
4400,H04400,H,298.2,308.6,1325,37.0,222,1,1,0,0,0,0,LINE1-M01,2026-06-13T12:11:00,OP-110,MAT-8804
4401,L04401,L,301.2,310.0,1194,48.0,224,0,0,0,0,0,0,LINE3-M02,2026-06-13T12:14:00,OP-108,MAT-8819
4402,L04402,L,301.7,311.9,1267,56.0,226,1,1,0,0,1,0,LINE3-M02,2026-06-13T12:20:00,OP-104,MAT-8815
4403,M04403,M,299.9,312.1,1737,36.5,229,0,0,0,0,0,0,LINE2-M01,2026-06-13T12:24:00,OP-107,MAT-8804
4404,L04404,L,302.6,315.3,1488,32.3,231,0,0,0,0,0,0,LINE3-M02,2026-06-13T12:26:00,OP-111,MAT-8801
4405,L04405,L,300.4,309.6,1440,37.8,233,1,1,0,0,0,0,LINE3-M02,2026-06-13T12:31:00,OP-105,MAT-8800
4406,L04406,L,297.4,307.8,1748,27.5,235,1,1,0,0,0,0,LINE3-M02,2026-06-13T12:37:00,OP-107,MAT-8819
4407,H04407,H,301.5,311.3,1246,34.0,240,1,1,0,0,0,0,LINE3-M02,2026-06-13T12:43:00,OP-106,MAT-8806
4408,M04408,M,301.7,311.5,1233,32.7,0,0,0,0,0,0,0,LINE2-M02,2026-06-13T12:47:00,OP-104,MAT-8818
4409,M04409,M,298.6,308.0,1784,56.6,3,1,0,0,1,0,0,LINE1-M02,2026-06-13T12:50:00,OP-102,MAT-8816
4410,L04410,L,299.5,309.0,1168,51.4,5,0,0,0,0,0,0,LINE3-M02,2026-06-13T12:56:00,OP-103,MAT-8809
4411,L04411,L,298.5,308.2,1700,36.4,7,0,0,0,0,0,0,LINE1-M02,2026-06-13T13:00:00,OP-110,MAT-8800
4412,M04412,M,300.3,307.8,1198,24.7,10,1,0,1,1,0,0,LINE3-M02,2026-06-13T13:05:00,OP-102,MAT-8819
4413,L04413,L,297.7,307.9,1527,27.5,12,0,0,0,0,0,0,LINE3-M02,2026-06-13T13:07:00,OP-109,MAT-8803
4414,M04414,M,300.9,311.7,1343,54.6,15,0,0,0,0,0,0,LINE2-M02,2026-06-13T13:10:00,OP-105,MAT-8806
4415,H04415,H,299.8,308.8,1590,30.0,20,0,0,0,0,0,0,LINE2-M02,2026-06-13T13:15:00,OP-110,MAT-8811
4416,M04416,M,302.8,312.2,2030,26.9,23,0,0,0,0,0,0,LINE2-M02,2026-06-13T13:21:00,OP-104,MAT-8819
4417,L04417,L,299.0,309.4,1688,28.0,25,0,0,0,0,0,0,LINE1-M02,2026-06-13T13:25:00,OP-107,MAT-8808
4418,M04418,M,301.5,312.3,1561,47.8,28,0,0,0,0,0,0,LINE1-M01,2026-06-13T13:28:00,OP-103,MAT-8816
4419,H04419,H,302.2,311.1,1440,21.1,33,1,0,0,1,0,0,LINE3-M01,2026-06-13T13:30:00,OP-108,MAT-8818
4420,L04420,L,299.0,308.5,1541,40.9,35,0,0,0,0,0,0,LINE3-M01,2026-06-13T13:33:00,OP-110,MAT-8800
4421,M04421,M,300.2,309.8,1730,40.2,38,0,0,0,0,0,0,LINE2-M01,2026-06-13T13:35:00,OP-106,MAT-8810
4422,M04422,M,301.9,311.5,1392,32.5,41,0,0,0,0,0,0,LINE3-M01,2026-06-13T13:37:00,OP-104,MAT-8809
4423,M04423,M,302.3,313.5,2320,36.4,44,0,0,0,0,0,0,LINE1-M01,2026-06-13T13:42:00,OP-103,MAT-8819
4424,L04424,L,300.9,310.6,1355,64.6,46,1,0,0,1,0,0,LINE2-M01,2026-06-13T13:47:00,OP-103,MAT-8811
4425,L04425,L,301.4,311.0,1600,45.1,48,0,0,0,0,0,0,LINE1-M01,2026-06-13T13:52:00,OP-111,MAT-8803
4426,L04426,L,299.7,309.5,1497,31.8,50,0,0,0,0,0,0,LINE3-M02,2026-06-13T13:57:00,OP-110,MAT-8815
4427,M04427,M,297.0,307.0,1607,20.6,53,1,0,0,1,0,0,LINE1-M02,2026-06-13T14:02:00,OP-106,MAT-8807
4428,H04428,H,300.3,311.0,1587,33.3,58,0,0,0,0,0,0,LINE2-M01,2026-06-13T14:07:00,OP-109,MAT-8815
4429,M04429,M,298.4,308.7,1296,30.3,61,0,0,0,0,0,0,LINE1-M01,2026-06-13T14:11:00,OP-110,MAT-8809
4430,M04430,M,298.6,308.9,1581,51.2,64,0,0,0,0,0,0,LINE3-M02,2026-06-13T14:14:00,OP-102,MAT-8819
4431,L04431,L,303.6,314.3,1826,33.9,66,0,0,0,0,0,0,LINE3-M01,2026-06-13T14:17:00,OP-111,MAT-8804
4432,M04432,M,301.3,310.7,1168,40.9,69,0,0,0,0,0,0,LINE2-M01,2026-06-13T14:21:00,OP-100,MAT-8810
4433,L04433,L,299.4,310.2,1604,53.1,71,0,0,0,0,0,0,LINE1-M01,2026-06-13T14:26:00,OP-107,MAT-8814
4434,H04434,H,297.5,307.0,1394,22.1,76,1,0,0,1,0,0,LINE1-M02,2026-06-13T14:31:00,OP-110,MAT-8810
4435,H04435,H,296.5,307.9,1799,37.9,81,0,0,0,0,0,0,LINE3-M02,2026-06-13T14:37:00,OP-100,MAT-8815
4436,L04436,L,297.0,307.1,1284,35.1,83,0,0,0,0,0,0,LINE2-M01,2026-06-13T14:39:00,OP-111,MAT-8812
4437,M04437,M,300.8,311.4,1901,43.6,86,0,0,0,0,0,0,LINE3-M02,2026-06-13T14:42:00,OP-100,MAT-8814
4438,H04438,H,298.9,307.8,1704,36.7,91,0,0,0,0,0,0,LINE3-M02,2026-06-13T14:47:00,OP-107,MAT-8805
4439,H04439,H,301.2,311.4,1263,47.0,96,0,0,0,0,0,0,LINE1-M02,2026-06-13T14:53:00,OP-100,MAT-8805
4440,H04440,H,297.2,307.9,1307,37.9,101,0,0,0,0,0,0,LINE3-M01,2026-06-13T14:58:00,OP-101,MAT-8809
4441,L04441,L,298.3,307.7,1581,36.6,103,0,0,0,0,0,0,LINE1-M01,2026-06-13T15:03:00,OP-106,MAT-8806
4442,L04442,L,298.3,307.8,1799,38.0,105,0,0,0,0,0,0,LINE1-M02,2026-06-13T15:06:00,OP-108,MAT-8808
4443,H04443,H,298.6,309.8,1821,30.6,110,0,0,0,0,0,0,LINE1-M02,2026-06-13T15:12:00,OP-107,MAT-8805
4444,L04444,L,297.7,308.1,1660,51.6,112,0,0,0,0,0,0,LINE2-M02,2026-06-13T15:14:00,OP-107,MAT-8811
4445,H04445,H,298.6,306.3,1708,35.5,117,0,0,0,0,0,0,LINE2-M01,2026-06-13T15:18:00,OP-100,MAT-8810
4446,M04446,M,303.7,314.6,1404,23.4,120,1,0,0,1,0,0,LINE2-M01,2026-06-13T15:21:00,OP-104,MAT-8801
4447,L04447,L,300.5,311.0,1219,49.0,122,0,0,0,0,0,0,LINE2-M02,2026-06-13T15:27:00,OP-108,MAT-8814
4448,L04448,L,301.4,310.5,1168,44.9,124,0,0,0,0,0,0,LINE2-M01,2026-06-13T15:31:00,OP-100,MAT-8816
4449,L04449,L,301.1,310.3,1460,37.0,126,0,0,0,0,0,0,LINE1-M02,2026-06-13T15:35:00,OP-100,MAT-8814
4450,H04450,H,300.5,310.8,1382,35.4,131,0,0,0,0,0,0,LINE3-M01,2026-06-13T15:41:00,OP-106,MAT-8803
4451,L04451,L,298.6,308.1,1750,25.8,133,0,0,0,0,0,0,LINE1-M01,2026-06-13T15:46:00,OP-110,MAT-8809
4452,H04452,H,298.5,310.4,1684,32.6,138,0,0,0,0,0,0,LINE1-M01,2026-06-13T15:48:00,OP-104,MAT-8810
4453,M04453,M,295.5,305.3,1168,23.0,141,1,0,0,1,0,0,LINE1-M02,2026-06-13T15:51:00,OP-100,MAT-8812
4454,M04454,M,301.0,310.8,1725,36.5,144,0,0,0,0,0,0,LINE2-M02,2026-06-13T15:54:00,OP-110,MAT-8811
4455,L04455,L,299.2,308.3,1695,32.2,146,0,0,0,0,0,0,LINE1-M01,2026-06-13T15:59:00,OP-106,MAT-8809
4456,H04456,H,302.2,312.6,1809,61.7,151,1,0,0,1,0,0,LINE3-M01,2026-06-13T16:05:00,OP-107,MAT-8801
4457,H04457,H,300.4,310.0,1385,38.9,156,0,0,0,0,0,0,LINE2-M02,2026-06-13T16:09:00,OP-106,MAT-8807
4458,L04458,L,303.4,314.9,1423,39.2,158,0,0,0,0,0,0,LINE1-M01,2026-06-13T16:13:00,OP-104,MAT-8817
4459,L04459,L,298.2,309.7,1839,63.2,160,1,0,0,1,0,0,LINE1-M02,2026-06-13T16:17:00,OP-100,MAT-8818
4460,H04460,H,296.4,306.8,1440,46.8,165,0,0,0,0,0,0,LINE2-M01,2026-06-13T16:19:00,OP-109,MAT-8816
4461,M04461,M,300.0,308.5,1515,46.5,168,0,0,0,0,0,0,LINE1-M01,2026-06-13T16:25:00,OP-100,MAT-8807
4462,M04462,M,301.0,310.8,1866,41.8,171,0,0,0,0,0,0,LINE3-M01,2026-06-13T16:28:00,OP-105,MAT-8801
4463,M04463,M,295.8,305.5,1520,48.6,174,0,0,0,0,0,0,LINE1-M02,2026-06-13T16:33:00,OP-107,MAT-8807
4464,L04464,L,297.9,307.0,1541,47.0,176,0,0,0,0,0,0,LINE2-M02,2026-06-13T16:36:00,OP-109,MAT-8816
4465,L04465,L,298.8,309.6,1530,42.7,178,0,0,0,0,0,0,LINE2-M02,2026-06-13T16:42:00,OP-111,MAT-8818
4466,L04466,L,298.7,310.4,1529,37.7,180,0,0,0,0,0,0,LINE3-M02,2026-06-13T16:48:00,OP-101,MAT-8814
4467,L04467,L,296.5,305.1,1647,29.1,182,0,0,0,0,0,0,LINE1-M02,2026-06-13T16:53:00,OP-100,MAT-8808
4468,L04468,L,297.3,306.8,1354,39.1,184,0,0,0,0,0,0,LINE2-M01,2026-06-13T16:57:00,OP-106,MAT-8810
4469,L04469,L,301.5,310.8,1524,34.3,186,0,0,0,0,0,0,LINE2-M02,2026-06-13T17:00:00,OP-104,MAT-8811
4470,L04470,L,299.7,308.7,1342,40.6,188,0,0,0,0,0,0,LINE3-M02,2026-06-13T17:05:00,OP-111,MAT-8811
4471,L04471,L,301.0,310.0,1777,23.2,190,0,0,0,0,0,0,LINE1-M02,2026-06-13T17:07:00,OP-108,MAT-8801
4472,L04472,L,297.4,308.1,1180,37.8,192,0,0,0,0,0,0,LINE3-M01,2026-06-13T17:09:00,OP-108,MAT-8806
4473,M04473,M,302.3,311.9,1606,38.9,195,0,0,0,0,0,0,LINE2-M01,2026-06-13T17:12:00,OP-107,MAT-8813
4474,M04474,M,299.9,313.4,1602,39.0,198,0,0,0,0,0,0,LINE2-M02,2026-06-13T17:14:00,OP-104,MAT-8808
4475,M04475,M,300.4,312.4,1682,48.5,201,0,0,0,0,0,0,LINE1-M02,2026-06-13T17:18:00,OP-102,MAT-8810
4476,H04476,H,302.3,312.0,1445,44.5,206,0,0,0,0,0,0,LINE3-M01,2026-06-13T17:23:00,OP-101,MAT-8806
4477,L04477,L,300.9,312.1,1195,49.7,208,0,0,0,0,0,0,LINE1-M01,2026-06-13T17:27:00,OP-109,MAT-8811
4478,L04478,L,299.5,309.0,1169,34.9,210,0,0,0,0,0,0,LINE2-M02,2026-06-13T17:30:00,OP-100,MAT-8811
4479,M04479,M,301.3,314.3,1212,29.3,213,0,0,0,0,0,0,LINE3-M01,2026-06-13T17:34:00,OP-111,MAT-8800
4480,L04480,L,299.8,312.1,1706,37.2,215,0,0,0,0,0,0,LINE2-M01,2026-06-13T17:37:00,OP-111,MAT-8805
4481,L04481,L,299.4,308.9,1245,38.9,217,0,0,0,0,0,0,LINE1-M02,2026-06-13T17:40:00,OP-107,MAT-8805
4482,L04482,L,303.7,313.8,1489,60.1,219,1,0,0,1,1,0,LINE2-M02,2026-06-13T17:45:00,OP-107,MAT-8809
4483,M04483,M,301.3,311.0,1882,46.9,222,1,1,0,1,0,0,LINE2-M02,2026-06-13T17:49:00,OP-110,MAT-8814
4484,L04484,L,300.6,311.5,1776,27.9,224,1,1,0,0,0,0,LINE2-M02,2026-06-13T17:52:00,OP-105,MAT-8815
4485,L04485,L,298.1,308.0,1442,63.1,226,1,0,0,1,1,0,LINE3-M02,2026-06-13T17:54:00,OP-103,MAT-8812
4486,L04486,L,300.1,311.5,1569,23.0,228,1,1,0,0,0,0,LINE1-M01,2026-06-13T17:59:00,OP-101,MAT-8815
4487,M04487,M,299.3,308.4,1373,48.1,231,0,0,0,0,0,0,LINE1-M02,2026-06-13T18:02:00,OP-110,MAT-8803
4488,L04488,L,300.9,310.4,1431,48.9,233,1,0,0,0,1,0,LINE1-M01,2026-06-13T18:04:00,OP-106,MAT-8804
4489,L04489,L,302.4,313.4,1814,35.5,235,0,0,0,0,0,0,LINE1-M02,2026-06-13T18:06:00,OP-104,MAT-8807
4490,M04490,M,299.9,309.6,1528,63.7,238,1,1,0,1,1,0,LINE2-M01,2026-06-13T18:09:00,OP-105,MAT-8818
4491,L04491,L,301.8,312.7,1332,41.1,240,1,1,0,0,0,0,LINE2-M01,2026-06-13T18:14:00,OP-104,MAT-8812
4492,L04492,L,299.6,309.4,1179,49.9,0,0,0,0,0,0,0,LINE3-M01,2026-06-13T18:19:00,OP-102,MAT-8810
4493,M04493,M,301.7,312.5,1409,26.9,3,0,0,0,0,0,0,LINE3-M01,2026-06-13T18:24:00,OP-103,MAT-8810
4494,M04494,M,298.1,307.2,1486,44.5,6,0,0,0,0,0,0,LINE1-M01,2026-06-13T18:28:00,OP-105,MAT-8815
4495,L04495,L,298.3,308.9,1168,35.0,8,0,0,0,0,0,0,LINE1-M01,2026-06-13T18:33:00,OP-100,MAT-8818
4496,M04496,M,299.6,311.7,1966,37.2,11,0,0,0,0,0,0,LINE3-M02,2026-06-13T18:38:00,OP-106,MAT-8811
4497,L04497,L,297.3,304.9,1600,39.5,13,0,0,0,0,0,0,LINE3-M01,2026-06-13T18:43:00,OP-101,MAT-8809
4498,L04498,L,302.1,312.7,1680,37.5,15,0,0,0,0,0,0,LINE3-M02,2026-06-13T18:45:00,OP-101,MAT-8808
4499,L04499,L,297.4,307.8,1540,47.2,17,0,0,0,0,0,0,LINE1-M01,2026-06-13T18:48:00,OP-105,MAT-8812
4500,M04500,M,298.1,307.5,1409,30.0,20,0,0,0,0,0,0,LINE3-M02,2026-06-13T18:51:00,OP-107,MAT-8809
4501,L04501,L,295.6,305.2,1539,38.3,22,0,0,0,0,0,0,LINE3-M01,2026-06-13T18:57:00,OP-101,MAT-8807
4502,M04502,M,300.2,312.4,1490,35.9,25,0,0,0,0,0,0,LINE1-M01,2026-06-13T19:00:00,OP-102,MAT-8804
4503,M04503,M,302.0,311.8,1455,34.1,28,0,0,0,0,0,0,LINE2-M01,2026-06-13T19:04:00,OP-101,MAT-8809
4504,L04504,L,298.9,307.7,1640,42.5,30,0,0,0,0,0,0,LINE2-M02,2026-06-13T19:08:00,OP-104,MAT-8807
4505,L04505,L,300.5,309.9,1180,49.1,32,0,0,0,0,0,0,LINE2-M02,2026-06-13T19:14:00,OP-108,MAT-8801
4506,M04506,M,299.3,309.9,1334,35.4,35,0,0,0,0,0,0,LINE3-M02,2026-06-13T19:17:00,OP-106,MAT-8806
4507,L04507,L,299.1,311.3,1874,35.9,37,0,0,0,0,0,0,LINE2-M02,2026-06-13T19:22:00,OP-110,MAT-8811
4508,M04508,M,300.5,309.5,1613,26.2,40,0,0,0,0,0,0,LINE2-M02,2026-06-13T19:28:00,OP-100,MAT-8800
4509,M04509,M,303.6,313.4,1390,54.7,43,0,0,0,0,0,0,LINE3-M01,2026-06-13T19:30:00,OP-101,MAT-8814
4510,L04510,L,300.6,309.4,1254,26.8,45,0,0,0,0,0,0,LINE3-M01,2026-06-13T19:34:00,OP-104,MAT-8806
4511,L04511,L,298.8,308.4,1857,34.2,47,0,0,0,0,0,0,LINE3-M02,2026-06-13T19:39:00,OP-104,MAT-8800
4512,L04512,L,300.2,311.3,1361,35.7,49,0,0,0,0,0,0,LINE3-M01,2026-06-13T19:45:00,OP-103,MAT-8810
4513,M04513,M,298.1,307.1,1682,47.3,52,0,0,0,0,0,0,LINE2-M01,2026-06-13T19:48:00,OP-110,MAT-8818
4514,L04514,L,299.4,308.9,1434,41.9,54,0,0,0,0,0,0,LINE2-M01,2026-06-13T19:53:00,OP-103,MAT-8803
4515,M04515,M,300.3,309.8,1342,36.2,57,0,0,0,0,0,0,LINE1-M01,2026-06-13T19:56:00,OP-100,MAT-8802
4516,M04516,M,300.5,308.6,1744,42.7,60,0,0,0,0,0,0,LINE2-M02,2026-06-13T20:02:00,OP-107,MAT-8808
4517,M04517,M,304.0,317.0,1720,40.8,63,0,0,0,0,0,0,LINE2-M01,2026-06-13T20:08:00,OP-108,MAT-8802
4518,M04518,M,300.0,309.3,1836,23.7,66,0,0,0,0,0,0,LINE2-M02,2026-06-13T20:12:00,OP-103,MAT-8811
4519,H04519,H,298.5,307.4,1766,21.9,71,0,0,0,0,0,0,LINE1-M02,2026-06-13T20:16:00,OP-106,MAT-8807
4520,M04520,M,300.2,311.0,1889,22.9,74,0,0,0,0,0,0,LINE1-M01,2026-06-13T20:18:00,OP-108,MAT-8812
4521,L04521,L,301.3,312.5,1267,35.0,76,0,0,0,0,0,0,LINE1-M01,2026-06-13T20:23:00,OP-104,MAT-8818
4522,L04522,L,300.3,311.7,1258,44.8,78,0,0,0,0,0,0,LINE2-M01,2026-06-13T20:28:00,OP-110,MAT-8809
4523,H04523,H,300.9,309.5,1317,63.0,83,0,0,0,0,0,0,LINE1-M01,2026-06-13T20:31:00,OP-111,MAT-8815
4524,L04524,L,299.0,308.7,1788,43.4,85,0,0,0,0,0,0,LINE1-M02,2026-06-13T20:35:00,OP-101,MAT-8810
4525,M04525,M,302.1,312.5,1426,40.5,88,0,0,0,0,0,0,LINE3-M01,2026-06-13T20:41:00,OP-106,MAT-8817
4526,M04526,M,300.8,313.0,1228,37.0,91,0,0,0,0,0,0,LINE1-M01,2026-06-13T20:43:00,OP-104,MAT-8805
4527,M04527,M,299.9,309.6,1463,45.3,94,0,0,0,0,0,0,LINE2-M02,2026-06-13T20:47:00,OP-106,MAT-8814
4528,H04528,H,300.0,308.7,1168,55.3,99,0,0,0,0,0,0,LINE3-M02,2026-06-13T20:49:00,OP-111,MAT-8808
4529,L04529,L,300.1,311.4,1652,40.3,101,0,0,0,0,0,0,LINE3-M02,2026-06-13T20:54:00,OP-104,MAT-8810
4530,L04530,L,304.9,314.0,1870,44.7,103,0,0,0,0,0,0,LINE2-M01,2026-06-13T20:57:00,OP-101,MAT-8802
4531,L04531,L,298.3,308.2,1733,55.9,105,1,0,0,1,0,0,LINE1-M01,2026-06-13T21:02:00,OP-110,MAT-8801
4532,M04532,M,300.3,310.4,2122,25.6,108,0,0,0,0,0,0,LINE2-M01,2026-06-13T21:04:00,OP-100,MAT-8807
4533,L04533,L,300.4,309.5,1543,48.0,110,0,0,0,0,0,0,LINE2-M01,2026-06-13T21:09:00,OP-100,MAT-8802
4534,L04534,L,296.8,305.3,1419,27.3,112,0,0,0,0,0,0,LINE2-M01,2026-06-13T21:13:00,OP-106,MAT-8801
4535,H04535,H,301.8,311.8,1452,37.2,117,0,0,0,0,0,0,LINE1-M02,2026-06-13T21:15:00,OP-104,MAT-8806
4536,M04536,M,298.4,308.4,1298,68.6,120,1,0,0,1,0,0,LINE1-M02,2026-06-13T21:17:00,OP-107,MAT-8810
4537,L04537,L,299.9,309.8,1694,31.6,122,0,0,0,0,0,0,LINE1-M02,2026-06-13T21:20:00,OP-104,MAT-8804
4538,L04538,L,301.7,311.9,1834,49.2,124,1,0,0,1,0,0,LINE1-M01,2026-06-13T21:25:00,OP-108,MAT-8819
4539,L04539,L,300.6,311.2,1699,41.2,126,0,0,0,0,0,0,LINE1-M01,2026-06-13T21:29:00,OP-107,MAT-8809
4540,L04540,L,298.7,310.1,1562,35.5,128,0,0,0,0,0,0,LINE2-M02,2026-06-13T21:31:00,OP-109,MAT-8810
4541,H04541,H,301.9,311.4,1382,24.1,133,1,0,0,1,0,0,LINE1-M01,2026-06-13T21:35:00,OP-111,MAT-8806
4542,M04542,M,299.4,308.8,1672,26.6,136,0,0,0,0,0,0,LINE3-M01,2026-06-13T21:38:00,OP-110,MAT-8800
4543,L04543,L,301.6,311.6,1621,36.9,138,0,0,0,0,0,0,LINE3-M02,2026-06-13T21:43:00,OP-109,MAT-8810
4544,M04544,M,299.9,308.2,1465,46.5,141,0,0,0,0,0,0,LINE1-M01,2026-06-13T21:49:00,OP-104,MAT-8803
4545,M04545,M,297.4,306.9,2080,43.4,144,1,0,0,1,0,0,LINE2-M02,2026-06-13T21:54:00,OP-103,MAT-8807
4546,M04546,M,300.3,308.9,1356,21.3,147,1,0,1,1,0,0,LINE3-M02,2026-06-13T21:59:00,OP-100,MAT-8803
4547,M04547,M,298.1,308.8,1587,33.9,150,0,0,0,0,0,0,LINE2-M01,2026-06-13T22:04:00,OP-104,MAT-8800
4548,M04548,M,295.4,304.9,1564,44.9,153,0,0,0,0,0,0,LINE3-M02,2026-06-13T22:06:00,OP-109,MAT-8812
4549,L04549,L,300.4,310.9,1452,35.0,155,0,0,0,0,0,0,LINE2-M01,2026-06-13T22:12:00,OP-109,MAT-8800
4550,M04550,M,301.1,314.0,1434,19.9,158,1,0,0,1,0,0,LINE2-M02,2026-06-13T22:18:00,OP-109,MAT-8804
4551,H04551,H,303.1,314.3,1630,38.9,163,0,0,0,0,0,0,LINE3-M01,2026-06-13T22:21:00,OP-104,MAT-8802
4552,H04552,H,300.3,309.1,1700,49.3,168,0,0,0,0,0,0,LINE1-M02,2026-06-13T22:25:00,OP-102,MAT-8815
4553,L04553,L,301.0,310.9,1554,31.4,170,0,0,0,0,0,0,LINE3-M01,2026-06-13T22:31:00,OP-106,MAT-8816
4554,M04554,M,302.5,312.3,1354,34.1,173,0,0,0,0,0,0,LINE2-M02,2026-06-13T22:33:00,OP-109,MAT-8804
4555,M04555,M,301.0,309.4,1271,48.4,176,1,0,1,0,0,0,LINE1-M01,2026-06-13T22:36:00,OP-105,MAT-8812
4556,M04556,M,299.8,311.6,1669,37.8,179,0,0,0,0,0,0,LINE2-M01,2026-06-13T22:40:00,OP-106,MAT-8805
4557,L04557,L,300.9,310.9,1650,43.1,181,0,0,0,0,0,0,LINE2-M01,2026-06-13T22:43:00,OP-107,MAT-8815
4558,H04558,H,302.7,310.5,1277,48.0,186,1,0,1,0,0,0,LINE2-M01,2026-06-13T22:48:00,OP-101,MAT-8809
4559,L04559,L,300.4,311.0,1612,23.5,188,0,0,0,0,0,0,LINE2-M02,2026-06-13T22:50:00,OP-101,MAT-8819
4560,H04560,H,300.4,309.2,1482,45.5,193,0,0,0,0,0,0,LINE3-M01,2026-06-13T22:54:00,OP-110,MAT-8810
4561,M04561,M,299.9,309.1,1519,40.2,196,0,0,0,0,0,0,LINE3-M02,2026-06-13T22:56:00,OP-105,MAT-8817
4562,L04562,L,302.0,311.6,1530,30.2,198,0,0,0,0,0,0,LINE2-M02,2026-06-13T22:59:00,OP-110,MAT-8805
4563,L04563,L,301.9,313.7,1497,61.2,200,1,0,0,1,1,0,LINE3-M01,2026-06-13T23:02:00,OP-106,MAT-8802
4564,L04564,L,298.2,308.5,1424,31.7,202,0,0,0,0,0,0,LINE1-M01,2026-06-13T23:05:00,OP-100,MAT-8815
4565,M04565,M,301.9,312.7,1266,63.6,205,1,0,0,0,1,0,LINE2-M02,2026-06-13T23:08:00,OP-109,MAT-8808
4566,L04566,L,300.9,312.1,1811,38.0,207,0,0,0,0,0,0,LINE3-M01,2026-06-13T23:11:00,OP-102,MAT-8807
4567,L04567,L,298.9,308.2,1331,36.0,209,0,0,0,0,0,0,LINE2-M02,2026-06-13T23:17:00,OP-100,MAT-8818
4568,M04568,M,297.6,309.1,1473,41.1,212,0,0,0,0,0,0,LINE1-M02,2026-06-13T23:22:00,OP-108,MAT-8814
4569,L04569,L,304.5,315.7,1729,31.6,214,1,1,0,0,0,0,LINE2-M01,2026-06-13T23:24:00,OP-102,MAT-8812
4570,L04570,L,300.0,309.3,1389,47.8,216,0,0,0,0,0,0,LINE3-M01,2026-06-13T23:26:00,OP-101,MAT-8814
4571,H04571,H,301.1,310.9,1682,41.6,221,0,0,0,0,0,0,LINE3-M01,2026-06-13T23:29:00,OP-103,MAT-8814
4572,L04572,L,299.9,310.2,1307,38.5,223,1,1,0,0,0,0,LINE3-M01,2026-06-13T23:32:00,OP-101,MAT-8807
4573,L04573,L,297.6,308.1,1721,34.0,225,1,1,0,0,0,0,LINE2-M01,2026-06-13T23:36:00,OP-107,MAT-8815
4574,L04574,L,295.0,306.5,1202,53.3,227,1,0,0,0,1,0,LINE3-M01,2026-06-13T23:40:00,OP-110,MAT-8803
4575,L04575,L,300.2,312.1,1768,49.9,229,1,1,0,1,1,0,LINE1-M01,2026-06-13T23:44:00,OP-111,MAT-8817
4576,L04576,L,302.6,312.2,1484,24.9,231,1,1,0,0,0,0,LINE3-M02,2026-06-13T23:49:00,OP-103,MAT-8814
4577,L04577,L,297.8,307.0,1780,39.6,233,1,1,0,0,0,0,LINE2-M01,2026-06-13T23:51:00,OP-106,MAT-8813
4578,H04578,H,301.2,310.8,1607,35.1,238,1,1,0,0,0,0,LINE1-M01,2026-06-13T23:54:00,OP-109,MAT-8802
4579,L04579,L,299.2,309.6,1856,36.3,240,1,1,0,0,0,0,LINE3-M01,2026-06-13T23:56:00,OP-107,MAT-8806
4580,L04580,L,299.6,309.9,1489,35.5,0,0,0,0,0,0,0,LINE1-M02,2026-06-13T23:58:00,OP-109,MAT-8806
4581,L04581,L,297.6,310.6,1427,58.6,2,0,0,0,0,0,0,LINE1-M02,2026-06-14T00:00:00,OP-105,MAT-8816
4582,H04582,H,298.5,309.1,1436,54.0,7,0,0,0,0,0,0,LINE2-M02,2026-06-14T00:03:00,OP-111,MAT-8809
4583,M04583,M,298.2,306.7,1654,49.9,10,0,0,0,0,0,0,LINE1-M02,2026-06-14T00:06:00,OP-105,MAT-8801
4584,L04584,L,300.4,310.6,1451,43.2,12,0,0,0,0,0,0,LINE1-M02,2026-06-14T00:12:00,OP-111,MAT-8807
4585,L04585,L,300.9,310.4,1168,48.5,14,0,0,0,0,0,0,LINE1-M01,2026-06-14T00:14:00,OP-107,MAT-8805
4586,L04586,L,298.6,309.6,1568,39.8,16,0,0,0,0,0,0,LINE1-M01,2026-06-14T00:20:00,OP-105,MAT-8810
4587,M04587,M,299.4,309.4,1608,42.0,19,0,0,0,0,0,0,LINE3-M02,2026-06-14T00:25:00,OP-104,MAT-8810
4588,H04588,H,299.5,308.4,1356,59.5,24,0,0,0,0,0,0,LINE1-M02,2026-06-14T00:31:00,OP-104,MAT-8809
4589,L04589,L,300.5,310.2,1323,45.4,26,0,0,0,0,0,0,LINE1-M02,2026-06-14T00:35:00,OP-111,MAT-8810
4590,M04590,M,300.3,309.1,1620,40.0,29,0,0,0,0,0,0,LINE1-M01,2026-06-14T00:38:00,OP-111,MAT-8812
4591,M04591,M,299.2,308.1,1321,33.7,32,0,0,0,0,0,0,LINE1-M01,2026-06-14T00:41:00,OP-101,MAT-8807
4592,H04592,H,298.7,308.0,2075,42.6,37,1,0,0,1,0,0,LINE3-M01,2026-06-14T00:45:00,OP-106,MAT-8815
4593,M04593,M,300.2,310.9,1468,21.9,40,1,0,0,1,0,0,LINE3-M02,2026-06-14T00:49:00,OP-100,MAT-8801
4594,L04594,L,299.2,308.0,1633,28.3,42,0,0,0,0,0,0,LINE3-M02,2026-06-14T00:53:00,OP-106,MAT-8816
4595,M04595,M,295.5,306.3,1253,22.3,45,1,0,0,1,0,0,LINE1-M02,2026-06-14T00:57:00,OP-106,MAT-8800
4596,L04596,L,298.4,308.3,1555,57.1,47,1,0,0,1,0,0,LINE2-M02,2026-06-14T01:00:00,OP-106,MAT-8801
4597,H04597,H,301.8,310.8,1627,31.6,52,0,0,0,0,0,0,LINE1-M01,2026-06-14T01:06:00,OP-110,MAT-8803
4598,L04598,L,299.7,309.6,1734,38.1,54,0,0,0,0,0,0,LINE3-M01,2026-06-14T01:12:00,OP-105,MAT-8818
4599,L04599,L,302.1,311.4,1370,35.8,56,0,0,0,0,0,0,LINE2-M01,2026-06-14T01:14:00,OP-107,MAT-8808
4600,L04600,L,299.2,311.5,1471,45.3,58,0,0,0,0,0,0,LINE3-M02,2026-06-14T01:19:00,OP-103,MAT-8803
4601,L04601,L,297.1,307.4,1528,44.9,60,0,0,0,0,0,0,LINE3-M01,2026-06-14T01:22:00,OP-101,MAT-8818
4602,M04602,M,301.8,315.3,1168,57.6,63,0,0,0,0,0,0,LINE1-M02,2026-06-14T01:27:00,OP-108,MAT-8808
4603,L04603,L,300.9,309.3,1257,29.6,65,1,0,1,0,0,0,LINE3-M01,2026-06-14T01:33:00,OP-104,MAT-8809
4604,L04604,L,302.8,313.9,1846,44.7,67,0,0,0,0,0,0,LINE2-M01,2026-06-14T01:36:00,OP-104,MAT-8808
4605,L04605,L,301.0,312.6,1320,39.2,69,0,0,0,0,0,0,LINE2-M02,2026-06-14T01:42:00,OP-109,MAT-8802
4606,L04606,L,296.6,306.1,1426,36.9,71,0,0,0,0,0,0,LINE2-M01,2026-06-14T01:48:00,OP-100,MAT-8818
4607,L04607,L,300.5,310.6,1565,38.0,73,0,0,0,0,0,0,LINE2-M01,2026-06-14T01:52:00,OP-109,MAT-8804
4608,M04608,M,300.2,308.7,1168,45.8,76,1,0,1,0,0,0,LINE1-M02,2026-06-14T01:58:00,OP-103,MAT-8815
4609,H04609,H,298.1,306.3,2006,30.4,81,0,0,0,0,0,0,LINE3-M01,2026-06-14T02:03:00,OP-105,MAT-8807
4610,L04610,L,300.3,309.7,1235,40.4,83,0,0,0,0,0,0,LINE2-M01,2026-06-14T02:09:00,OP-106,MAT-8804
4611,M04611,M,299.3,309.3,1878,44.5,86,0,0,0,0,0,0,LINE2-M02,2026-06-14T02:14:00,OP-111,MAT-8812
4612,L04612,L,299.6,308.5,1168,28.0,88,1,0,0,1,0,0,LINE2-M01,2026-06-14T02:17:00,OP-106,MAT-8808
4613,L04613,L,299.8,309.8,1391,34.6,90,0,0,0,0,0,0,LINE1-M02,2026-06-14T02:22:00,OP-106,MAT-8814
4614,L04614,L,302.6,312.9,1592,51.0,92,0,0,0,0,0,0,LINE3-M01,2026-06-14T02:27:00,OP-111,MAT-8818
4615,L04615,L,300.0,309.4,1666,42.8,94,0,0,0,0,0,0,LINE2-M02,2026-06-14T02:32:00,OP-101,MAT-8808
4616,L04616,L,301.1,312.0,1557,50.5,96,0,0,0,0,0,0,LINE1-M02,2026-06-14T02:34:00,OP-111,MAT-8800
4617,L04617,L,298.4,309.2,1348,44.7,98,0,0,0,0,0,0,LINE1-M02,2026-06-14T02:38:00,OP-107,MAT-8810
4618,L04618,L,299.6,308.9,1350,36.4,100,0,0,0,0,0,0,LINE2-M02,2026-06-14T02:42:00,OP-105,MAT-8810
4619,L04619,L,301.0,311.4,1514,40.4,102,0,0,0,0,0,0,LINE1-M01,2026-06-14T02:47:00,OP-105,MAT-8808
4620,H04620,H,301.7,313.0,1451,42.8,107,0,0,0,0,0,0,LINE2-M01,2026-06-14T02:53:00,OP-100,MAT-8814
4621,H04621,H,301.8,311.5,1684,25.3,112,0,0,0,0,0,0,LINE2-M02,2026-06-14T02:56:00,OP-109,MAT-8810
4622,L04622,L,301.3,312.9,1968,30.9,114,0,0,0,0,0,0,LINE3-M02,2026-06-14T03:02:00,OP-102,MAT-8813
4623,L04623,L,301.7,311.5,1168,49.2,116,0,0,0,0,0,0,LINE3-M01,2026-06-14T03:08:00,OP-110,MAT-8805
4624,M04624,M,300.7,312.0,1718,31.5,119,0,0,0,0,0,0,LINE3-M02,2026-06-14T03:11:00,OP-103,MAT-8811
4625,L04625,L,300.3,311.5,1667,42.0,121,0,0,0,0,0,0,LINE2-M02,2026-06-14T03:13:00,OP-103,MAT-8815
4626,L04626,L,297.8,306.5,1788,41.8,123,0,0,0,0,0,0,LINE2-M02,2026-06-14T03:16:00,OP-101,MAT-8813
4627,L04627,L,297.6,306.5,1607,37.6,125,0,0,0,0,0,0,LINE3-M02,2026-06-14T03:19:00,OP-109,MAT-8810
4628,H04628,H,303.2,311.2,1438,50.8,130,0,0,0,0,0,0,LINE3-M01,2026-06-14T03:23:00,OP-105,MAT-8801
4629,H04629,H,301.5,310.4,1215,44.0,135,0,0,0,0,0,0,LINE3-M01,2026-06-14T03:28:00,OP-107,MAT-8819
4630,M04630,M,299.4,310.4,1377,39.0,138,0,0,0,0,0,0,LINE3-M01,2026-06-14T03:30:00,OP-103,MAT-8806
4631,L04631,L,300.9,311.2,1764,44.0,140,0,0,0,0,0,0,LINE2-M01,2026-06-14T03:35:00,OP-102,MAT-8813
4632,H04632,H,298.2,309.6,1875,51.2,145,1,0,0,1,0,0,LINE2-M01,2026-06-14T03:41:00,OP-108,MAT-8800
4633,M04633,M,299.8,310.2,1504,24.1,148,0,0,0,0,0,0,LINE3-M02,2026-06-14T03:44:00,OP-106,MAT-8808
4634,H04634,H,303.5,312.8,1245,63.0,153,0,0,0,0,0,0,LINE2-M01,2026-06-14T03:50:00,OP-104,MAT-8813
4635,L04635,L,301.4,312.4,1460,37.6,155,0,0,0,0,0,0,LINE1-M01,2026-06-14T03:53:00,OP-103,MAT-8818
4636,M04636,M,300.4,311.7,1444,33.1,158,0,0,0,0,0,0,LINE3-M02,2026-06-14T03:58:00,OP-110,MAT-8818
4637,L04637,L,299.9,310.0,1168,33.9,160,0,0,0,0,0,0,LINE3-M01,2026-06-14T04:01:00,OP-111,MAT-8815
4638,L04638,L,302.7,311.3,1356,43.3,162,0,0,0,0,0,0,LINE1-M02,2026-06-14T04:05:00,OP-106,MAT-8807
4639,L04639,L,301.0,310.3,1826,35.7,164,0,0,0,0,0,0,LINE1-M01,2026-06-14T04:09:00,OP-100,MAT-8805
4640,L04640,L,299.3,310.5,1762,25.0,166,0,0,0,0,0,0,LINE3-M01,2026-06-14T04:14:00,OP-101,MAT-8812
4641,L04641,L,298.9,310.4,1947,30.5,168,0,0,0,0,0,0,LINE1-M02,2026-06-14T04:17:00,OP-107,MAT-8819
4642,H04642,H,300.3,310.1,1875,34.4,173,0,0,0,0,0,0,LINE3-M01,2026-06-14T04:21:00,OP-111,MAT-8814
4643,H04643,H,297.8,307.3,1620,24.3,178,0,0,0,0,0,0,LINE3-M01,2026-06-14T04:26:00,OP-111,MAT-8816
4644,L04644,L,300.8,309.6,1706,48.0,180,0,0,0,0,0,0,LINE3-M02,2026-06-14T04:29:00,OP-107,MAT-8805
4645,M04645,M,296.9,307.0,1168,65.5,183,0,0,0,0,0,0,LINE3-M01,2026-06-14T04:34:00,OP-100,MAT-8809
4646,H04646,H,298.7,309.2,1839,37.4,188,0,0,0,0,0,0,LINE3-M02,2026-06-14T04:37:00,OP-109,MAT-8812
4647,L04647,L,301.7,310.1,1266,27.8,190,1,0,1,0,0,0,LINE2-M01,2026-06-14T04:41:00,OP-101,MAT-8816
4648,L04648,L,296.5,304.8,1394,53.5,192,0,0,0,0,0,0,LINE3-M01,2026-06-14T04:43:00,OP-102,MAT-8819
4649,H04649,H,299.0,307.3,1168,66.5,197,1,0,1,0,1,0,LINE2-M02,2026-06-14T04:46:00,OP-107,MAT-8816
4650,L04650,L,298.1,308.7,1267,33.3,199,0,0,0,0,0,0,LINE2-M01,2026-06-14T04:49:00,OP-101,MAT-8802
4651,H04651,H,300.9,310.6,1168,34.4,204,0,0,0,0,0,0,LINE2-M02,2026-06-14T04:53:00,OP-103,MAT-8802
4652,H04652,H,299.2,308.3,1168,36.6,209,0,0,0,0,0,0,LINE3-M02,2026-06-14T04:55:00,OP-104,MAT-8818
4653,H04653,H,300.0,308.6,1854,41.0,214,1,1,0,0,0,0,LINE2-M01,2026-06-14T04:57:00,OP-100,MAT-8805
4654,H04654,H,296.5,307.6,1484,34.9,219,1,1,0,0,0,0,LINE1-M02,2026-06-14T05:00:00,OP-110,MAT-8801
4655,H04655,H,303.2,313.4,1212,39.1,224,0,0,0,0,0,0,LINE2-M01,2026-06-14T05:03:00,OP-101,MAT-8817
4656,H04656,H,297.3,308.6,1598,45.3,229,1,1,0,0,0,0,LINE1-M01,2026-06-14T05:07:00,OP-106,MAT-8802
4657,L04657,L,301.6,311.8,1620,29.7,231,1,1,0,0,0,0,LINE3-M02,2026-06-14T05:10:00,OP-101,MAT-8808
4658,H04658,H,300.4,311.6,1532,19.5,236,1,1,0,1,0,0,LINE3-M01,2026-06-14T05:16:00,OP-100,MAT-8809
4659,M04659,M,299.2,309.8,1640,41.0,239,1,1,0,0,0,0,LINE3-M02,2026-06-14T05:20:00,OP-100,MAT-8804
4660,H04660,H,300.6,309.5,1357,35.9,0,0,0,0,0,0,0,LINE3-M02,2026-06-14T05:25:00,OP-106,MAT-8801
4661,M04661,M,303.1,314.9,1556,31.6,3,0,0,0,0,0,0,LINE1-M02,2026-06-14T05:30:00,OP-107,MAT-8811
4662,L04662,L,299.2,307.0,1329,52.7,5,1,0,1,0,0,0,LINE1-M02,2026-06-14T05:34:00,OP-109,MAT-8808
4663,M04663,M,299.1,308.5,1555,30.1,8,0,0,0,0,0,0,LINE1-M02,2026-06-14T05:40:00,OP-107,MAT-8803
4664,L04664,L,298.2,308.6,1497,43.8,10,0,0,0,0,0,0,LINE1-M02,2026-06-14T05:45:00,OP-108,MAT-8800
4665,L04665,L,299.9,308.7,1742,36.1,12,0,0,0,0,0,0,LINE2-M01,2026-06-14T05:49:00,OP-108,MAT-8805
4666,M04666,M,299.2,308.1,1478,35.5,15,0,0,0,0,0,0,LINE1-M02,2026-06-14T05:53:00,OP-104,MAT-8809
4667,L04667,L,300.0,309.6,1168,35.4,17,0,0,0,0,0,0,LINE3-M02,2026-06-14T05:56:00,OP-102,MAT-8812
4668,H04668,H,301.7,310.0,1374,50.2,22,1,0,1,0,0,0,LINE1-M01,2026-06-14T06:00:00,OP-105,MAT-8803
4669,L04669,L,297.2,307.6,1691,24.1,24,0,0,0,0,0,0,LINE2-M02,2026-06-14T06:06:00,OP-100,MAT-8809
4670,L04670,L,299.8,309.6,1569,36.5,26,0,0,0,0,0,0,LINE1-M02,2026-06-14T06:12:00,OP-102,MAT-8800
4671,L04671,L,298.0,308.9,1635,35.9,28,0,0,0,0,0,0,LINE1-M02,2026-06-14T06:14:00,OP-108,MAT-8802
4672,L04672,L,298.2,308.8,1451,37.4,30,0,0,0,0,0,0,LINE3-M02,2026-06-14T06:17:00,OP-106,MAT-8813
4673,M04673,M,300.5,311.5,1329,36.9,33,0,0,0,0,0,0,LINE1-M02,2026-06-14T06:22:00,OP-100,MAT-8800
4674,M04674,M,302.9,312.2,1736,34.5,36,0,0,0,0,0,0,LINE2-M01,2026-06-14T06:27:00,OP-111,MAT-8817
4675,L04675,L,300.0,310.4,1805,48.0,38,1,0,0,1,0,0,LINE1-M02,2026-06-14T06:31:00,OP-105,MAT-8811
4676,H04676,H,300.4,309.2,1378,47.6,43,0,0,0,0,0,0,LINE2-M01,2026-06-14T06:36:00,OP-111,MAT-8802
4677,H04677,H,299.2,308.0,1679,44.4,48,0,0,0,0,0,0,LINE2-M01,2026-06-14T06:39:00,OP-104,MAT-8806
4678,L04678,L,297.7,307.5,1414,34.6,50,0,0,0,0,0,0,LINE1-M02,2026-06-14T06:43:00,OP-102,MAT-8811
4679,L04679,L,300.7,310.7,1168,56.3,52,0,0,0,0,0,0,LINE2-M01,2026-06-14T06:48:00,OP-108,MAT-8818
4680,L04680,L,301.6,313.1,2336,40.2,54,1,0,0,1,0,0,LINE2-M02,2026-06-14T06:54:00,OP-111,MAT-8814
4681,L04681,L,300.3,311.3,1663,53.8,56,1,0,0,1,0,0,LINE3-M01,2026-06-14T06:57:00,OP-105,MAT-8812
4682,H04682,H,299.6,309.0,1172,45.0,61,0,0,0,0,0,0,LINE2-M01,2026-06-14T07:01:00,OP-101,MAT-8812
4683,M04683,M,296.6,306.5,1989,32.2,64,0,0,0,0,0,0,LINE2-M01,2026-06-14T07:04:00,OP-103,MAT-8811
4684,L04684,L,300.4,311.3,1441,53.7,66,0,0,0,0,0,0,LINE1-M02,2026-06-14T07:08:00,OP-107,MAT-8812
4685,L04685,L,298.0,307.9,1300,32.8,68,0,0,0,0,0,0,LINE2-M02,2026-06-14T07:13:00,OP-111,MAT-8806
4686,L04686,L,300.5,311.6,1445,19.4,70,1,0,0,1,0,0,LINE2-M02,2026-06-14T07:16:00,OP-103,MAT-8804
4687,M04687,M,299.6,310.1,1168,63.6,73,0,0,0,0,0,0,LINE2-M01,2026-06-14T07:22:00,OP-109,MAT-8814
4688,L04688,L,299.1,307.6,1353,51.8,75,1,0,1,0,0,0,LINE2-M01,2026-06-14T07:28:00,OP-108,MAT-8806
4689,L04689,L,296.5,305.6,1362,46.2,77,0,0,0,0,0,0,LINE2-M02,2026-06-14T07:33:00,OP-108,MAT-8809
4690,L04690,L,297.7,308.3,1431,53.3,79,0,0,0,0,0,0,LINE1-M01,2026-06-14T07:36:00,OP-104,MAT-8813
4691,L04691,L,297.1,306.0,1549,38.1,81,0,0,0,0,0,0,LINE1-M02,2026-06-14T07:41:00,OP-100,MAT-8812
4692,L04692,L,301.6,309.4,1307,27.1,83,1,0,1,0,0,0,LINE3-M01,2026-06-14T07:45:00,OP-104,MAT-8809
4693,H04693,H,301.3,308.6,1522,16.8,88,1,0,0,1,0,0,LINE2-M01,2026-06-14T07:49:00,OP-102,MAT-8815
4694,L04694,L,301.3,311.2,1747,50.8,90,1,0,0,1,0,0,LINE3-M01,2026-06-14T07:51:00,OP-105,MAT-8801
4695,M04695,M,300.9,311.5,1541,26.3,93,0,0,0,0,0,0,LINE1-M01,2026-06-14T07:56:00,OP-108,MAT-8809
4696,L04696,L,300.0,309.8,1168,32.8,95,0,0,0,0,0,0,LINE3-M02,2026-06-14T07:59:00,OP-100,MAT-8814
4697,L04697,L,299.2,308.1,1222,42.9,97,0,0,0,0,0,0,LINE3-M02,2026-06-14T08:02:00,OP-101,MAT-8810
4698,H04698,H,300.0,310.1,1560,54.8,102,0,0,0,0,0,0,LINE2-M01,2026-06-14T08:06:00,OP-101,MAT-8814
4699,H04699,H,299.8,308.6,1361,27.3,107,0,0,0,0,0,0,LINE1-M02,2026-06-14T08:10:00,OP-101,MAT-8806
4700,H04700,H,297.8,308.4,1473,57.6,112,0,0,0,0,0,0,LINE1-M01,2026-06-14T08:14:00,OP-105,MAT-8802
4701,H04701,H,299.6,308.3,1425,22.7,117,1,0,0,1,0,0,LINE2-M02,2026-06-14T08:16:00,OP-110,MAT-8801
4702,M04702,M,303.0,312.8,1534,26.6,120,0,0,0,0,0,0,LINE2-M02,2026-06-14T08:19:00,OP-111,MAT-8819
4703,L04703,L,302.5,311.7,1612,45.7,122,0,0,0,0,0,0,LINE2-M02,2026-06-14T08:25:00,OP-103,MAT-8816
4704,L04704,L,299.9,310.6,1679,31.0,124,0,0,0,0,0,0,LINE3-M02,2026-06-14T08:28:00,OP-102,MAT-8806
4705,M04705,M,297.7,308.6,1827,34.0,127,0,0,0,0,0,0,LINE2-M01,2026-06-14T08:31:00,OP-107,MAT-8802
4706,M04706,M,298.0,309.2,1956,40.9,130,0,0,0,0,0,0,LINE1-M02,2026-06-14T08:36:00,OP-109,MAT-8802
4707,L04707,L,301.9,312.2,1441,59.7,132,1,0,0,1,0,0,LINE1-M02,2026-06-14T08:42:00,OP-106,MAT-8818
4708,M04708,M,299.3,310.0,1386,51.4,135,0,0,0,0,0,0,LINE3-M02,2026-06-14T08:46:00,OP-111,MAT-8819
4709,L04709,L,300.0,309.3,1445,35.7,137,0,0,0,0,0,0,LINE1-M02,2026-06-14T08:50:00,OP-101,MAT-8809
4710,M04710,M,299.2,309.1,1349,57.4,140,0,0,0,0,0,0,LINE3-M02,2026-06-14T08:52:00,OP-109,MAT-8817
4711,L04711,L,301.5,310.5,1739,52.8,142,1,0,0,1,0,0,LINE1-M01,2026-06-14T08:54:00,OP-100,MAT-8808
4712,M04712,M,304.4,316.2,1551,60.9,145,1,0,0,1,0,0,LINE2-M01,2026-06-14T09:00:00,OP-102,MAT-8810
4713,L04713,L,299.3,310.6,1197,51.5,147,0,0,0,0,0,0,LINE1-M02,2026-06-14T09:04:00,OP-106,MAT-8813
4714,M04714,M,296.6,305.8,1331,41.8,150,0,0,0,0,0,0,LINE2-M01,2026-06-14T09:07:00,OP-111,MAT-8805
4715,L04715,L,301.6,312.8,1289,38.0,152,0,0,0,0,0,0,LINE1-M02,2026-06-14T09:12:00,OP-108,MAT-8800
4716,M04716,M,298.8,310.3,1327,45.7,155,0,0,0,0,0,0,LINE3-M01,2026-06-14T09:14:00,OP-103,MAT-8806
4717,M04717,M,299.8,308.9,1880,31.3,158,0,0,0,0,0,0,LINE3-M01,2026-06-14T09:20:00,OP-104,MAT-8814
4718,L04718,L,299.1,308.9,1719,57.6,160,1,0,0,1,0,0,LINE3-M02,2026-06-14T09:26:00,OP-102,MAT-8803
4719,M04719,M,302.7,311.7,1782,22.8,163,0,0,0,0,0,0,LINE2-M01,2026-06-14T09:31:00,OP-108,MAT-8802
4720,H04720,H,301.6,311.9,1168,47.2,168,0,0,0,0,0,0,LINE2-M01,2026-06-14T09:36:00,OP-102,MAT-8815
4721,L04721,L,306.7,315.6,1356,49.3,170,0,0,0,0,0,0,LINE3-M02,2026-06-14T09:39:00,OP-106,MAT-8810
4722,M04722,M,300.3,310.1,1168,29.5,173,0,0,0,0,0,0,LINE3-M01,2026-06-14T09:44:00,OP-102,MAT-8809
4723,L04723,L,300.6,311.6,1191,32.0,175,0,0,0,0,0,0,LINE2-M01,2026-06-14T09:50:00,OP-103,MAT-8803
4724,H04724,H,301.1,310.2,1577,57.4,180,1,0,0,1,0,0,LINE3-M02,2026-06-14T09:52:00,OP-111,MAT-8808
4725,H04725,H,299.5,310.3,1826,25.6,185,0,0,0,0,0,0,LINE1-M02,2026-06-14T09:55:00,OP-106,MAT-8810
4726,M04726,M,297.4,306.3,1858,34.1,188,0,0,0,0,0,0,LINE2-M01,2026-06-14T09:58:00,OP-102,MAT-8803
4727,L04727,L,301.9,311.7,1562,41.6,190,0,0,0,0,0,0,LINE3-M02,2026-06-14T10:03:00,OP-111,MAT-8813
4728,H04728,H,301.7,311.3,1193,51.7,195,0,0,0,0,0,0,LINE2-M02,2026-06-14T10:09:00,OP-103,MAT-8800
4729,L04729,L,299.7,311.6,1469,27.5,197,0,0,0,0,0,0,LINE2-M01,2026-06-14T10:12:00,OP-110,MAT-8810
4730,M04730,M,299.8,309.8,1476,41.2,200,0,0,0,0,0,0,LINE3-M02,2026-06-14T10:18:00,OP-100,MAT-8809
4731,H04731,H,296.9,306.5,1230,36.3,205,0,0,0,0,0,0,LINE1-M02,2026-06-14T10:20:00,OP-103,MAT-8802
4732,M04732,M,298.7,308.3,1172,40.4,208,0,0,0,0,0,0,LINE3-M02,2026-06-14T10:25:00,OP-106,MAT-8804
4733,M04733,M,298.8,308.3,1665,40.4,211,0,0,0,0,0,0,LINE1-M01,2026-06-14T10:29:00,OP-101,MAT-8815
4734,L04734,L,299.1,308.3,1832,31.2,213,1,1,0,0,0,0,LINE3-M02,2026-06-14T10:33:00,OP-106,MAT-8813
4735,H04735,H,301.4,311.7,1361,35.3,218,0,0,0,0,0,0,LINE1-M01,2026-06-14T10:37:00,OP-105,MAT-8814
4736,H04736,H,301.4,309.8,1374,36.7,223,1,0,1,0,0,0,LINE3-M02,2026-06-14T10:43:00,OP-108,MAT-8810
4737,L04737,L,300.4,310.1,1271,38.4,225,1,1,0,0,0,0,LINE2-M02,2026-06-14T10:47:00,OP-106,MAT-8814
4738,L04738,L,304.3,314.8,1859,55.8,227,1,1,0,1,1,0,LINE3-M02,2026-06-14T10:52:00,OP-100,MAT-8813
4739,H04739,H,303.8,312.0,1209,49.9,232,1,0,1,0,0,0,LINE3-M02,2026-06-14T10:55:00,OP-110,MAT-8817
4740,L04740,L,300.2,308.7,1792,41.0,234,1,1,0,0,0,0,LINE2-M02,2026-06-14T10:58:00,OP-106,MAT-8816
4741,M04741,M,300.9,310.6,1378,44.8,237,1,1,0,0,0,0,LINE2-M02,2026-06-14T11:03:00,OP-104,MAT-8817
4742,L04742,L,301.0,311.4,1289,58.4,239,1,0,0,0,1,0,LINE2-M01,2026-06-14T11:06:00,OP-107,MAT-8807
4743,L04743,L,298.1,309.2,1357,26.2,0,0,0,0,0,0,0,LINE2-M02,2026-06-14T11:11:00,OP-110,MAT-8801
4744,M04744,M,299.3,309.1,1168,37.4,3,0,0,0,0,0,0,LINE3-M01,2026-06-14T11:13:00,OP-100,MAT-8801
4745,H04745,H,304.3,314.2,1531,44.1,8,0,0,0,0,0,0,LINE2-M02,2026-06-14T11:19:00,OP-105,MAT-8809
4746,M04746,M,298.8,308.9,1292,49.3,11,0,0,0,0,0,0,LINE2-M01,2026-06-14T11:23:00,OP-110,MAT-8815
4747,L04747,L,299.8,309.5,1250,39.9,13,0,0,0,0,0,0,LINE3-M02,2026-06-14T11:25:00,OP-102,MAT-8804
4748,H04748,H,297.0,306.9,1814,29.1,18,0,0,0,0,0,0,LINE3-M01,2026-06-14T11:30:00,OP-100,MAT-8815
4749,M04749,M,299.0,308.3,1614,54.8,21,1,0,0,1,0,0,LINE3-M01,2026-06-14T11:35:00,OP-100,MAT-8814
4750,L04750,L,299.2,307.9,1168,44.9,23,0,0,0,0,0,0,LINE1-M02,2026-06-14T11:37:00,OP-100,MAT-8804
4751,L04751,L,300.2,311.2,1564,39.6,25,0,0,0,0,0,0,LINE2-M02,2026-06-14T11:40:00,OP-104,MAT-8807
4752,L04752,L,300.9,313.8,1797,38.5,27,0,0,0,0,0,0,LINE2-M01,2026-06-14T11:45:00,OP-106,MAT-8811
4753,M04753,M,296.6,306.7,1541,44.9,30,0,0,0,0,0,0,LINE3-M02,2026-06-14T11:50:00,OP-101,MAT-8802
4754,M04754,M,299.8,309.3,1590,28.7,33,0,0,0,0,0,0,LINE1-M02,2026-06-14T11:54:00,OP-105,MAT-8811
4755,H04755,H,299.8,309.7,1357,26.7,38,0,0,0,0,0,0,LINE3-M01,2026-06-14T12:00:00,OP-100,MAT-8808
4756,L04756,L,300.4,311.4,1291,46.6,40,0,0,0,0,0,0,LINE3-M01,2026-06-14T12:06:00,OP-103,MAT-8801
4757,L04757,L,298.5,307.4,1243,39.0,42,0,0,0,0,0,0,LINE3-M01,2026-06-14T12:08:00,OP-110,MAT-8804
4758,L04758,L,299.9,310.2,1251,24.5,44,1,0,0,1,0,0,LINE1-M01,2026-06-14T12:12:00,OP-111,MAT-8804
4759,L04759,L,298.4,308.1,1392,28.1,46,0,0,0,0,0,0,LINE2-M02,2026-06-14T12:14:00,OP-107,MAT-8804
4760,M04760,M,297.8,309.3,1951,14.2,49,1,0,0,1,0,0,LINE2-M01,2026-06-14T12:20:00,OP-111,MAT-8816
4761,H04761,H,300.7,311.0,1346,30.9,54,0,0,0,0,0,0,LINE1-M02,2026-06-14T12:22:00,OP-108,MAT-8809
4762,M04762,M,301.6,310.5,1458,51.3,57,0,0,0,0,0,0,LINE1-M01,2026-06-14T12:28:00,OP-106,MAT-8808
4763,H04763,H,302.1,313.9,1264,46.9,62,0,0,0,0,0,0,LINE2-M02,2026-06-14T12:34:00,OP-100,MAT-8805
4764,L04764,L,299.2,309.6,1640,29.7,64,0,0,0,0,0,0,LINE2-M01,2026-06-14T12:38:00,OP-105,MAT-8816
4765,M04765,M,305.7,315.0,1666,35.2,67,0,0,0,0,0,0,LINE2-M01,2026-06-14T12:43:00,OP-110,MAT-8804
4766,L04766,L,301.8,311.0,1337,40.1,69,0,0,0,0,0,0,LINE3-M01,2026-06-14T12:48:00,OP-108,MAT-8800
4767,L04767,L,295.9,306.7,1773,25.3,71,0,0,0,0,0,0,LINE3-M02,2026-06-14T12:51:00,OP-109,MAT-8809
4768,L04768,L,297.4,307.1,1366,40.2,73,0,0,0,0,0,0,LINE2-M01,2026-06-14T12:55:00,OP-111,MAT-8815
4769,L04769,L,298.9,309.8,1426,37.0,75,0,0,0,0,0,0,LINE1-M01,2026-06-14T13:01:00,OP-110,MAT-8803
4770,M04770,M,303.9,313.6,1366,60.5,78,0,0,0,0,0,0,LINE1-M02,2026-06-14T13:07:00,OP-104,MAT-8808
4771,L04771,L,302.0,311.6,1510,42.6,80,0,0,0,0,0,0,LINE3-M02,2026-06-14T13:12:00,OP-100,MAT-8815
4772,M04772,M,298.7,309.5,1716,28.3,83,0,0,0,0,0,0,LINE3-M01,2026-06-14T13:16:00,OP-110,MAT-8812
4773,M04773,M,303.2,313.5,1615,28.7,86,0,0,0,0,0,0,LINE2-M01,2026-06-14T13:19:00,OP-102,MAT-8813
4774,L04774,L,301.4,311.8,1614,28.7,88,0,0,0,0,0,0,LINE3-M01,2026-06-14T13:25:00,OP-104,MAT-8815
4775,L04775,L,302.6,312.0,1300,56.4,90,0,0,0,0,0,0,LINE2-M02,2026-06-14T13:28:00,OP-107,MAT-8810
4776,M04776,M,299.4,308.4,1745,55.6,93,1,0,0,1,0,0,LINE2-M01,2026-06-14T13:34:00,OP-106,MAT-8818
4777,H04777,H,300.7,310.6,1490,58.0,98,1,0,0,1,0,0,LINE2-M01,2026-06-14T13:38:00,OP-108,MAT-8805
4778,M04778,M,300.1,311.2,1462,28.9,101,0,0,0,0,0,0,LINE3-M02,2026-06-14T13:42:00,OP-102,MAT-8815
4779,H04779,H,302.2,311.4,1255,34.3,106,0,0,0,0,0,0,LINE1-M02,2026-06-14T13:47:00,OP-110,MAT-8810
4780,L04780,L,300.0,309.6,1638,24.7,108,0,0,0,0,0,0,LINE3-M01,2026-06-14T13:52:00,OP-101,MAT-8806
4781,M04781,M,299.3,310.1,1619,35.7,111,0,0,0,0,0,0,LINE3-M02,2026-06-14T13:54:00,OP-111,MAT-8803
4782,H04782,H,300.8,310.2,1848,38.0,116,0,0,0,0,0,0,LINE1-M01,2026-06-14T13:56:00,OP-102,MAT-8815
4783,L04783,L,298.2,308.7,1168,43.8,118,0,0,0,0,0,0,LINE3-M02,2026-06-14T14:00:00,OP-100,MAT-8800
4784,L04784,L,302.5,312.5,1318,62.8,120,0,0,0,0,0,0,LINE3-M01,2026-06-14T14:06:00,OP-110,MAT-8813
4785,H04785,H,302.3,312.3,1549,60.7,125,1,0,0,1,0,0,LINE2-M02,2026-06-14T14:09:00,OP-109,MAT-8806
4786,H04786,H,298.9,309.3,1544,37.1,130,0,0,0,0,0,0,LINE3-M02,2026-06-14T14:13:00,OP-102,MAT-8805
4787,M04787,M,297.4,306.4,1754,55.3,133,1,0,0,1,0,0,LINE1-M01,2026-06-14T14:16:00,OP-111,MAT-8811
4788,L04788,L,300.8,311.7,1461,38.8,135,0,0,0,0,0,0,LINE2-M01,2026-06-14T14:20:00,OP-111,MAT-8803
4789,M04789,M,298.1,304.9,1745,36.6,138,0,0,0,0,0,0,LINE1-M02,2026-06-14T14:24:00,OP-110,MAT-8808
4790,H04790,H,301.0,311.3,1261,19.5,143,1,0,0,1,0,0,LINE1-M02,2026-06-14T14:29:00,OP-110,MAT-8806
4791,L04791,L,303.6,315.1,1168,22.9,145,1,0,0,1,0,0,LINE3-M01,2026-06-14T14:34:00,OP-105,MAT-8814
4792,H04792,H,296.3,306.8,1444,29.9,150,0,0,0,0,0,0,LINE3-M01,2026-06-14T14:36:00,OP-105,MAT-8802
4793,M04793,M,300.6,311.5,1280,44.8,153,0,0,0,0,0,0,LINE2-M02,2026-06-14T14:42:00,OP-102,MAT-8800
4794,L04794,L,301.2,312.1,1525,45.9,155,0,0,0,0,0,0,LINE2-M02,2026-06-14T14:46:00,OP-101,MAT-8819
4795,L04795,L,302.8,312.1,1522,42.5,157,0,0,0,0,0,0,LINE1-M02,2026-06-14T14:48:00,OP-100,MAT-8808
4796,L04796,L,300.3,311.6,1550,50.4,159,0,0,0,0,0,0,LINE2-M02,2026-06-14T14:51:00,OP-105,MAT-8814
4797,M04797,M,301.4,311.0,1679,43.8,162,0,0,0,0,0,0,LINE2-M02,2026-06-14T14:56:00,OP-103,MAT-8804
4798,H04798,H,298.6,309.0,1729,39.1,167,0,0,0,0,0,0,LINE2-M01,2026-06-14T14:58:00,OP-106,MAT-8816
4799,M04799,M,298.3,308.0,1658,31.5,170,0,0,0,0,0,0,LINE1-M01,2026-06-14T15:01:00,OP-100,MAT-8819
4800,H04800,H,299.9,308.4,1906,44.7,175,0,0,0,0,0,0,LINE2-M02,2026-06-14T15:03:00,OP-110,MAT-8800
4801,M04801,M,299.4,307.1,1310,43.3,178,1,0,1,0,0,0,LINE1-M02,2026-06-14T15:07:00,OP-103,MAT-8800
4802,M04802,M,295.8,306.2,1381,37.0,181,0,0,0,0,0,0,LINE1-M02,2026-06-14T15:13:00,OP-102,MAT-8818
4803,L04803,L,299.9,310.6,1567,32.6,183,0,0,0,0,0,0,LINE2-M01,2026-06-14T15:15:00,OP-107,MAT-8803
4804,L04804,L,299.7,309.5,1502,41.1,185,0,0,0,0,0,0,LINE2-M02,2026-06-14T15:18:00,OP-100,MAT-8810
4805,L04805,L,299.7,309.7,1399,22.6,187,1,0,0,1,0,0,LINE3-M02,2026-06-14T15:24:00,OP-107,MAT-8819
4806,L04806,L,302.7,312.2,1470,49.2,189,0,0,0,0,0,0,LINE3-M02,2026-06-14T15:30:00,OP-110,MAT-8801
4807,H04807,H,294.8,305.0,1281,53.2,194,0,0,0,0,0,0,LINE1-M01,2026-06-14T15:33:00,OP-100,MAT-8816
4808,L04808,L,301.0,310.5,1765,19.0,196,0,0,0,0,0,0,LINE3-M01,2026-06-14T15:39:00,OP-104,MAT-8806
4809,L04809,L,295.4,304.6,1168,39.9,198,0,0,0,0,0,0,LINE3-M02,2026-06-14T15:44:00,OP-102,MAT-8814
4810,L04810,L,298.3,308.1,1573,32.3,200,0,0,0,0,0,0,LINE1-M02,2026-06-14T15:46:00,OP-101,MAT-8810
4811,L04811,L,300.0,310.8,1168,46.3,202,0,0,0,0,0,0,LINE1-M01,2026-06-14T15:48:00,OP-103,MAT-8812
4812,L04812,L,298.7,307.8,1327,13.5,204,1,1,0,1,0,0,LINE2-M02,2026-06-14T15:52:00,OP-111,MAT-8816
4813,L04813,L,300.6,312.5,1769,34.6,206,0,0,0,0,0,0,LINE3-M01,2026-06-14T15:56:00,OP-110,MAT-8807
4814,M04814,M,301.1,310.7,1889,35.6,209,1,1,0,0,0,0,LINE3-M01,2026-06-14T16:00:00,OP-110,MAT-8806
4815,L04815,L,300.9,310.7,1478,48.6,211,0,0,0,0,0,0,LINE3-M01,2026-06-14T16:02:00,OP-105,MAT-8803
4816,H04816,H,302.8,312.3,1320,50.1,216,0,0,0,0,0,0,LINE1-M01,2026-06-14T16:08:00,OP-104,MAT-8814
4817,L04817,L,305.0,316.1,1465,52.9,218,1,1,0,0,1,0,LINE2-M01,2026-06-14T16:14:00,OP-105,MAT-8817
4818,L04818,L,299.6,308.4,1458,32.4,220,0,0,0,0,0,0,LINE3-M01,2026-06-14T16:20:00,OP-111,MAT-8802
4819,M04819,M,301.0,312.0,1522,43.8,223,0,0,0,0,0,0,LINE3-M01,2026-06-14T16:26:00,OP-100,MAT-8819
4820,L04820,L,296.5,306.0,1173,42.5,225,1,1,0,0,0,0,LINE3-M01,2026-06-14T16:31:00,OP-104,MAT-8809
4821,L04821,L,298.5,309.7,1236,37.8,227,1,1,0,0,0,0,LINE3-M01,2026-06-14T16:36:00,OP-109,MAT-8808
4822,H04822,H,303.9,314.6,1527,54.1,232,1,1,0,0,0,0,LINE3-M02,2026-06-14T16:42:00,OP-108,MAT-8804
4823,L04823,L,298.9,309.0,1301,42.4,234,1,1,0,0,0,0,LINE2-M01,2026-06-14T16:45:00,OP-100,MAT-8807
4824,L04824,L,302.0,311.6,1201,46.6,236,1,1,0,0,0,0,LINE2-M02,2026-06-14T16:50:00,OP-102,MAT-8804
4825,L04825,L,303.4,314.1,1260,49.8,238,1,1,0,0,1,0,LINE3-M02,2026-06-14T16:54:00,OP-108,MAT-8806
4826,M04826,M,301.5,311.6,1381,40.5,0,0,0,0,0,0,0,LINE1-M02,2026-06-14T16:57:00,OP-109,MAT-8804
4827,M04827,M,300.6,311.0,1518,44.2,3,0,0,0,0,0,0,LINE1-M02,2026-06-14T17:02:00,OP-109,MAT-8809
4828,H04828,H,302.3,312.2,1726,42.4,8,0,0,0,0,0,0,LINE3-M02,2026-06-14T17:06:00,OP-104,MAT-8806
4829,H04829,H,299.2,308.4,1821,34.8,13,0,0,0,0,0,0,LINE3-M01,2026-06-14T17:12:00,OP-101,MAT-8803
4830,H04830,H,302.6,313.1,1545,37.7,18,0,0,0,0,0,0,LINE1-M02,2026-06-14T17:16:00,OP-101,MAT-8806
4831,L04831,L,296.9,306.9,1751,39.6,20,0,0,0,0,0,0,LINE1-M01,2026-06-14T17:19:00,OP-107,MAT-8811
4832,L04832,L,304.1,313.8,1519,45.7,22,0,0,0,0,0,0,LINE2-M02,2026-06-14T17:21:00,OP-102,MAT-8810
4833,L04833,L,300.1,311.1,2232,32.1,24,0,0,0,0,0,0,LINE2-M01,2026-06-14T17:24:00,OP-101,MAT-8806
4834,H04834,H,298.6,307.4,1240,35.7,29,0,0,0,0,0,0,LINE2-M02,2026-06-14T17:29:00,OP-102,MAT-8817
4835,M04835,M,301.4,310.9,1737,37.8,32,0,0,0,0,0,0,LINE2-M02,2026-06-14T17:31:00,OP-111,MAT-8810
4836,L04836,L,295.4,305.1,1465,26.4,34,0,0,0,0,0,0,LINE1-M02,2026-06-14T17:37:00,OP-100,MAT-8815
4837,L04837,L,299.3,310.2,1177,39.2,36,0,0,0,0,0,0,LINE3-M02,2026-06-14T17:41:00,OP-111,MAT-8805
4838,L04838,L,300.5,309.7,1188,46.7,38,0,0,0,0,0,0,LINE1-M02,2026-06-14T17:46:00,OP-108,MAT-8814
4839,H04839,H,297.4,307.5,1289,39.5,43,0,0,0,0,0,0,LINE1-M01,2026-06-14T17:52:00,OP-106,MAT-8804
4840,M04840,M,299.5,311.3,1500,56.3,46,0,0,0,0,0,0,LINE2-M01,2026-06-14T17:57:00,OP-101,MAT-8802
4841,H04841,H,301.0,312.2,1341,43.3,51,0,0,0,0,0,0,LINE1-M02,2026-06-14T17:59:00,OP-101,MAT-8809
4842,L04842,L,304.3,313.8,1604,34.5,53,0,0,0,0,0,0,LINE3-M02,2026-06-14T18:05:00,OP-103,MAT-8815
4843,L04843,L,300.1,310.6,1687,39.4,55,0,0,0,0,0,0,LINE2-M01,2026-06-14T18:11:00,OP-108,MAT-8800
4844,L04844,L,302.2,312.0,1412,60.9,57,1,0,0,1,0,0,LINE3-M01,2026-06-14T18:17:00,OP-102,MAT-8804
4845,L04845,L,300.5,310.8,1661,40.9,59,0,0,0,0,0,0,LINE3-M02,2026-06-14T18:20:00,OP-106,MAT-8808
4846,L04846,L,296.6,305.6,1414,61.1,61,1,0,0,1,0,0,LINE1-M01,2026-06-14T18:25:00,OP-102,MAT-8800
4847,M04847,M,300.4,312.1,1773,47.8,64,0,0,0,0,0,0,LINE3-M02,2026-06-14T18:28:00,OP-101,MAT-8806
4848,H04848,H,299.0,307.9,1676,38.1,69,0,0,0,0,0,0,LINE1-M02,2026-06-14T18:33:00,OP-109,MAT-8818
4849,L04849,L,294.7,304.1,1659,35.2,71,0,0,0,0,0,0,LINE3-M01,2026-06-14T18:38:00,OP-108,MAT-8804
4850,H04850,H,301.3,311.7,1674,20.4,76,0,0,0,0,0,0,LINE3-M02,2026-06-14T18:44:00,OP-100,MAT-8809
4851,L04851,L,296.4,304.0,1409,35.3,78,0,0,0,0,0,0,LINE1-M01,2026-06-14T18:46:00,OP-106,MAT-8806
4852,L04852,L,299.8,309.3,1214,39.2,80,0,0,0,0,0,0,LINE1-M02,2026-06-14T18:51:00,OP-110,MAT-8801
4853,L04853,L,298.7,309.5,1592,55.7,82,1,0,0,1,0,0,LINE1-M01,2026-06-14T18:55:00,OP-110,MAT-8817
4854,L04854,L,297.0,308.0,1543,61.7,84,1,0,0,1,0,0,LINE2-M01,2026-06-14T18:57:00,OP-104,MAT-8819
4855,L04855,L,298.2,310.0,1499,52.9,86,0,0,0,0,0,0,LINE3-M02,2026-06-14T18:59:00,OP-108,MAT-8816
4856,M04856,M,301.0,311.1,1797,46.6,89,0,0,0,0,0,0,LINE1-M01,2026-06-14T19:04:00,OP-103,MAT-8805
4857,L04857,L,299.7,311.6,1405,34.5,91,0,0,0,0,0,0,LINE2-M01,2026-06-14T19:09:00,OP-108,MAT-8807
4858,L04858,L,301.5,312.1,1168,34.8,93,0,0,0,0,0,0,LINE2-M01,2026-06-14T19:11:00,OP-108,MAT-8809
4859,H04859,H,299.1,308.5,1197,42.8,98,0,0,0,0,0,0,LINE2-M02,2026-06-14T19:16:00,OP-108,MAT-8808
4860,M04860,M,300.3,310.2,1177,40.2,101,0,0,0,0,0,0,LINE1-M02,2026-06-14T19:18:00,OP-104,MAT-8814
4861,L04861,L,303.2,312.5,1485,30.4,103,0,0,0,0,0,0,LINE1-M01,2026-06-14T19:21:00,OP-102,MAT-8812
4862,L04862,L,303.0,313.2,1562,29.6,105,0,0,0,0,0,0,LINE1-M01,2026-06-14T19:24:00,OP-110,MAT-8806
4863,M04863,M,300.1,309.7,1168,33.9,108,0,0,0,0,0,0,LINE2-M01,2026-06-14T19:26:00,OP-111,MAT-8807
4864,L04864,L,298.0,306.3,1168,42.3,110,1,0,1,0,0,0,LINE1-M02,2026-06-14T19:28:00,OP-109,MAT-8805
4865,M04865,M,296.4,306.8,1738,54.9,113,1,0,0,1,0,0,LINE2-M01,2026-06-14T19:31:00,OP-108,MAT-8818
4866,L04866,L,297.3,307.2,2312,9.6,115,1,0,0,1,0,0,LINE3-M01,2026-06-14T19:37:00,OP-105,MAT-8802
4867,L04867,L,300.5,309.8,1362,41.7,117,0,0,0,0,0,0,LINE3-M02,2026-06-14T19:40:00,OP-100,MAT-8805
4868,H04868,H,298.5,308.1,1497,38.3,122,0,0,0,0,0,0,LINE3-M02,2026-06-14T19:42:00,OP-100,MAT-8802
4869,L04869,L,299.9,309.5,1775,37.0,124,0,0,0,0,0,0,LINE2-M01,2026-06-14T19:45:00,OP-107,MAT-8815
4870,M04870,M,300.2,309.5,1312,45.6,127,0,0,0,0,0,0,LINE2-M01,2026-06-14T19:49:00,OP-111,MAT-8818
4871,L04871,L,298.7,309.4,1528,41.4,129,0,0,0,0,0,0,LINE1-M01,2026-06-14T19:53:00,OP-103,MAT-8811
4872,H04872,H,302.4,314.1,1300,37.6,134,0,0,0,0,0,0,LINE2-M01,2026-06-14T19:56:00,OP-100,MAT-8809
4873,L04873,L,299.5,308.5,1505,38.9,136,0,0,0,0,0,0,LINE2-M01,2026-06-14T19:58:00,OP-111,MAT-8810
4874,L04874,L,296.6,306.2,1839,41.5,138,0,0,0,0,0,0,LINE2-M01,2026-06-14T20:03:00,OP-100,MAT-8818
4875,L04875,L,302.8,312.5,1379,50.3,140,0,0,0,0,0,0,LINE2-M02,2026-06-14T20:06:00,OP-106,MAT-8810
4876,L04876,L,302.4,311.6,1892,45.9,142,1,0,0,1,0,0,LINE3-M02,2026-06-14T20:09:00,OP-107,MAT-8808
4877,M04877,M,298.2,307.7,1594,41.6,145,0,0,0,0,0,0,LINE2-M01,2026-06-14T20:15:00,OP-106,MAT-8804
4878,M04878,M,303.3,311.7,1270,41.9,148,1,0,1,0,0,0,LINE3-M01,2026-06-14T20:20:00,OP-110,MAT-8803
4879,L04879,L,299.9,309.3,1369,42.1,150,0,0,0,0,0,0,LINE3-M02,2026-06-14T20:24:00,OP-106,MAT-8809
4880,H04880,H,298.8,309.3,1538,52.1,155,0,0,0,0,0,0,LINE1-M01,2026-06-14T20:30:00,OP-103,MAT-8805
4881,M04881,M,301.4,311.4,1589,39.4,158,0,0,0,0,0,0,LINE3-M01,2026-06-14T20:36:00,OP-106,MAT-8800
4882,M04882,M,300.3,311.2,1933,37.2,161,0,0,0,0,0,0,LINE2-M01,2026-06-14T20:41:00,OP-111,MAT-8818
4883,L04883,L,295.2,304.4,1168,59.9,163,0,0,0,0,0,0,LINE1-M02,2026-06-14T20:45:00,OP-106,MAT-8803
4884,L04884,L,300.8,310.7,1610,22.5,165,0,0,0,0,0,0,LINE3-M02,2026-06-14T20:51:00,OP-103,MAT-8819
4885,L04885,L,300.6,310.3,1452,43.0,167,0,0,0,0,0,0,LINE3-M02,2026-06-14T20:57:00,OP-102,MAT-8800
4886,L04886,L,297.1,307.5,1369,45.8,169,0,0,0,0,0,0,LINE2-M01,2026-06-14T21:03:00,OP-100,MAT-8807
4887,H04887,H,299.7,310.7,1722,22.7,174,0,0,0,0,0,0,LINE2-M01,2026-06-14T21:08:00,OP-104,MAT-8809
4888,H04888,H,300.0,309.5,1664,43.4,179,0,0,0,0,0,0,LINE3-M02,2026-06-14T21:10:00,OP-104,MAT-8810
4889,L04889,L,297.7,307.3,1168,49.1,181,0,0,0,0,0,0,LINE1-M01,2026-06-14T21:14:00,OP-100,MAT-8804
4890,M04890,M,302.7,313.5,1515,57.1,184,1,0,0,1,0,0,LINE2-M02,2026-06-14T21:20:00,OP-107,MAT-8806
4891,H04891,H,302.1,309.7,1173,26.8,189,1,0,1,1,0,0,LINE1-M02,2026-06-14T21:24:00,OP-110,MAT-8802
4892,M04892,M,301.0,309.5,1847,34.0,192,0,0,0,0,0,0,LINE3-M01,2026-06-14T21:26:00,OP-104,MAT-8813
4893,L04893,L,299.9,310.0,1505,39.2,194,0,0,0,0,0,0,LINE2-M02,2026-06-14T21:28:00,OP-101,MAT-8815
4894,H04894,H,301.1,310.7,1398,48.6,199,0,0,0,0,0,0,LINE2-M02,2026-06-14T21:31:00,OP-103,MAT-8802
4895,L04895,L,303.7,313.6,1563,37.6,201,0,0,0,0,0,0,LINE3-M01,2026-06-14T21:34:00,OP-109,MAT-8811
4896,L04896,L,302.0,311.4,1168,37.7,203,0,0,0,0,0,0,LINE1-M02,2026-06-14T21:36:00,OP-103,MAT-8814
4897,M04897,M,297.7,307.5,1776,38.2,206,0,0,0,0,0,0,LINE3-M01,2026-06-14T21:39:00,OP-107,MAT-8806
4898,L04898,L,300.6,311.1,1667,38.6,208,0,0,0,0,0,0,LINE3-M01,2026-06-14T21:44:00,OP-100,MAT-8817
4899,L04899,L,297.5,306.5,1168,39.2,210,0,0,0,0,0,0,LINE2-M01,2026-06-14T21:48:00,OP-102,MAT-8801
4900,M04900,M,300.8,308.8,1379,36.1,213,1,0,1,0,0,0,LINE2-M02,2026-06-14T21:53:00,OP-107,MAT-8817
4901,L04901,L,299.3,310.9,1313,38.6,215,0,0,0,0,0,0,LINE3-M02,2026-06-14T21:55:00,OP-103,MAT-8818
4902,L04902,L,301.2,310.2,1348,31.7,217,1,1,0,0,0,0,LINE3-M01,2026-06-14T22:01:00,OP-108,MAT-8813
4903,L04903,L,299.3,310.1,1710,51.0,219,1,1,0,1,1,0,LINE3-M01,2026-06-14T22:04:00,OP-105,MAT-8810
4904,L04904,L,301.4,310.3,1728,23.9,221,1,1,0,0,0,0,LINE1-M01,2026-06-14T22:10:00,OP-109,MAT-8816
4905,L04905,L,300.4,309.5,1168,41.9,223,1,1,0,0,0,0,LINE1-M02,2026-06-14T22:13:00,OP-107,MAT-8807
4906,H04906,H,300.3,311.3,1502,32.4,228,0,0,0,0,0,0,LINE3-M02,2026-06-14T22:15:00,OP-110,MAT-8815
4907,L04907,L,298.3,308.5,2156,49.9,230,1,1,0,1,1,0,LINE3-M01,2026-06-14T22:17:00,OP-111,MAT-8800
4908,M04908,M,302.4,313.8,1357,48.0,233,1,1,0,0,0,0,LINE2-M02,2026-06-14T22:21:00,OP-111,MAT-8808
4909,L04909,L,301.0,311.3,1553,33.1,235,1,1,0,0,0,0,LINE2-M02,2026-06-14T22:27:00,OP-107,MAT-8806
4910,M04910,M,299.8,309.8,1215,52.7,238,1,1,0,0,1,0,LINE2-M02,2026-06-14T22:32:00,OP-109,MAT-8810
4911,L04911,L,300.0,310.3,1168,55.9,240,1,1,0,0,1,0,LINE3-M02,2026-06-14T22:35:00,OP-103,MAT-8805
4912,H04912,H,302.2,312.5,1362,54.6,0,0,0,0,0,0,0,LINE2-M02,2026-06-14T22:37:00,OP-106,MAT-8810
4913,M04913,M,302.2,310.5,1776,47.3,3,0,0,0,0,0,0,LINE1-M01,2026-06-14T22:41:00,OP-107,MAT-8812
4914,L04914,L,301.2,310.7,1529,31.8,5,0,0,0,0,0,0,LINE2-M02,2026-06-14T22:47:00,OP-111,MAT-8817
4915,L04915,L,300.8,309.4,1168,43.5,7,1,0,1,0,0,0,LINE3-M01,2026-06-14T22:51:00,OP-109,MAT-8803
4916,M04916,M,299.8,311.6,1278,39.6,10,0,0,0,0,0,0,LINE2-M01,2026-06-14T22:56:00,OP-107,MAT-8807
4917,L04917,L,300.4,311.1,1566,22.0,12,0,0,0,0,0,0,LINE1-M02,2026-06-14T23:00:00,OP-101,MAT-8806
4918,L04918,L,301.4,311.3,1202,44.6,14,0,0,0,0,0,0,LINE3-M01,2026-06-14T23:05:00,OP-106,MAT-8803
4919,L04919,L,297.5,308.6,1563,42.1,16,0,0,0,0,0,0,LINE1-M02,2026-06-14T23:08:00,OP-103,MAT-8808
4920,M04920,M,298.4,308.4,1239,42.5,19,0,0,0,0,0,0,LINE2-M01,2026-06-14T23:12:00,OP-104,MAT-8810
4921,M04921,M,301.5,312.4,1217,55.3,22,0,0,0,0,0,0,LINE1-M01,2026-06-14T23:15:00,OP-106,MAT-8816
4922,H04922,H,299.9,308.5,1258,44.3,27,0,0,0,0,0,0,LINE3-M01,2026-06-14T23:20:00,OP-100,MAT-8817
4923,M04923,M,299.8,310.9,1363,51.2,30,0,0,0,0,0,0,LINE1-M02,2026-06-14T23:22:00,OP-108,MAT-8811
4924,M04924,M,301.1,311.4,1762,18.9,33,1,0,0,1,0,0,LINE2-M01,2026-06-14T23:26:00,OP-108,MAT-8816
4925,L04925,L,302.1,309.6,1598,35.2,35,0,0,0,0,0,0,LINE2-M02,2026-06-14T23:30:00,OP-111,MAT-8805
4926,M04926,M,299.9,310.1,1348,49.3,38,0,0,0,0,0,0,LINE2-M02,2026-06-14T23:33:00,OP-100,MAT-8817
4927,H04927,H,300.8,311.5,1421,40.1,43,0,0,0,0,0,0,LINE2-M01,2026-06-14T23:35:00,OP-111,MAT-8802
4928,M04928,M,301.0,312.3,1701,53.3,46,1,0,0,1,0,0,LINE3-M01,2026-06-14T23:38:00,OP-108,MAT-8800
4929,M04929,M,300.0,307.3,1524,65.5,49,1,0,0,1,0,0,LINE1-M01,2026-06-14T23:44:00,OP-106,MAT-8809
4930,H04930,H,298.8,307.2,1405,29.3,54,0,0,0,0,0,0,LINE1-M01,2026-06-14T23:46:00,OP-111,MAT-8815
4931,L04931,L,298.2,309.1,1786,36.6,56,0,0,0,0,0,0,LINE1-M01,2026-06-14T23:52:00,OP-105,MAT-8811
4932,M04932,M,300.4,309.8,1317,35.9,59,0,0,0,0,0,0,LINE1-M01,2026-06-14T23:58:00,OP-102,MAT-8802
4933,M04933,M,298.7,308.9,1408,58.0,62,0,0,0,0,0,0,LINE1-M02,2026-06-15T00:01:00,OP-101,MAT-8815
4934,H04934,H,298.1,305.9,1168,37.8,67,1,0,1,0,0,0,LINE3-M01,2026-06-15T00:05:00,OP-107,MAT-8805
4935,L04935,L,301.3,311.6,1853,34.1,69,0,0,0,0,0,0,LINE3-M01,2026-06-15T00:08:00,OP-106,MAT-8815
4936,L04936,L,299.1,307.3,1382,34.1,71,0,0,0,0,0,0,LINE3-M01,2026-06-15T00:13:00,OP-109,MAT-8817
4937,L04937,L,298.3,310.3,1630,37.0,73,0,0,0,0,0,0,LINE3-M01,2026-06-15T00:15:00,OP-102,MAT-8814
4938,L04938,L,301.8,312.0,1312,44.1,75,0,0,0,0,0,0,LINE2-M01,2026-06-15T00:21:00,OP-106,MAT-8818
4939,L04939,L,298.3,308.0,1465,51.2,77,0,0,0,0,0,0,LINE1-M02,2026-06-15T00:24:00,OP-102,MAT-8809
4940,L04940,L,301.0,310.5,1256,40.7,79,0,0,0,0,0,0,LINE3-M01,2026-06-15T00:29:00,OP-103,MAT-8801
4941,M04941,M,298.4,307.5,1761,38.7,82,0,0,0,0,0,0,LINE2-M02,2026-06-15T00:33:00,OP-100,MAT-8802
4942,M04942,M,296.0,306.0,1238,42.3,85,0,0,0,0,0,0,LINE2-M02,2026-06-15T00:35:00,OP-107,MAT-8803
4943,L04943,L,302.0,313.3,1481,33.1,87,0,0,0,0,0,0,LINE2-M02,2026-06-15T00:38:00,OP-104,MAT-8816
4944,M04944,M,301.1,310.9,1657,32.3,90,0,0,0,0,0,0,LINE2-M01,2026-06-15T00:44:00,OP-107,MAT-8807
4945,L04945,L,301.0,311.2,1330,45.9,92,0,0,0,0,0,0,LINE1-M02,2026-06-15T00:49:00,OP-110,MAT-8802
4946,M04946,M,298.3,308.5,1262,23.8,95,1,0,0,1,0,0,LINE2-M02,2026-06-15T00:54:00,OP-104,MAT-8802
4947,M04947,M,301.8,310.8,1168,57.4,98,0,0,0,0,0,0,LINE2-M02,2026-06-15T00:57:00,OP-106,MAT-8802
4948,L04948,L,304.5,314.1,1168,53.7,100,0,0,0,0,0,0,LINE3-M02,2026-06-15T01:02:00,OP-108,MAT-8811
4949,M04949,M,299.5,309.0,1291,52.7,103,0,0,0,0,0,0,LINE1-M02,2026-06-15T01:08:00,OP-101,MAT-8817
4950,M04950,M,300.7,311.1,1517,44.2,106,0,0,0,0,0,0,LINE3-M01,2026-06-15T01:14:00,OP-103,MAT-8819
4951,H04951,H,298.7,308.8,1679,23.4,111,0,0,0,0,0,0,LINE1-M02,2026-06-15T01:16:00,OP-106,MAT-8815
4952,M04952,M,300.7,309.9,1821,37.3,114,0,0,0,0,0,0,LINE1-M02,2026-06-15T01:22:00,OP-109,MAT-8817
4953,L04953,L,300.6,309.1,1840,28.9,116,0,0,0,0,0,0,LINE1-M02,2026-06-15T01:24:00,OP-111,MAT-8813
4954,L04954,L,299.4,309.3,1779,30.5,118,0,0,0,0,0,0,LINE3-M01,2026-06-15T01:30:00,OP-104,MAT-8806
4955,H04955,H,297.8,307.8,1329,37.2,123,0,0,0,0,0,0,LINE1-M02,2026-06-15T01:36:00,OP-105,MAT-8810
4956,L04956,L,299.4,309.2,1266,45.7,125,0,0,0,0,0,0,LINE3-M02,2026-06-15T01:42:00,OP-100,MAT-8815
4957,L04957,L,305.3,315.8,1168,43.3,127,0,0,0,0,0,0,LINE1-M02,2026-06-15T01:45:00,OP-100,MAT-8805
4958,M04958,M,300.4,310.8,1168,40.8,130,0,0,0,0,0,0,LINE1-M02,2026-06-15T01:47:00,OP-105,MAT-8814
4959,M04959,M,299.0,307.7,1168,36.6,133,0,0,0,0,0,0,LINE3-M01,2026-06-15T01:50:00,OP-108,MAT-8802
4960,L04960,L,303.7,313.0,1312,43.5,135,0,0,0,0,0,0,LINE2-M02,2026-06-15T01:52:00,OP-100,MAT-8810
4961,M04961,M,298.5,309.1,1583,28.5,138,0,0,0,0,0,0,LINE1-M01,2026-06-15T01:56:00,OP-109,MAT-8812
4962,H04962,H,300.2,309.2,1606,32.8,143,0,0,0,0,0,0,LINE2-M01,2026-06-15T01:58:00,OP-110,MAT-8810
4963,H04963,H,296.7,307.0,1809,36.0,148,0,0,0,0,0,0,LINE2-M02,2026-06-15T02:01:00,OP-111,MAT-8811
4964,L04964,L,299.8,306.9,1692,50.9,150,1,0,0,1,0,0,LINE2-M01,2026-06-15T02:03:00,OP-103,MAT-8812
4965,L04965,L,300.8,311.2,1398,28.4,152,0,0,0,0,0,0,LINE2-M01,2026-06-15T02:05:00,OP-104,MAT-8805
4966,H04966,H,303.7,314.6,1530,45.3,157,0,0,0,0,0,0,LINE1-M02,2026-06-15T02:11:00,OP-109,MAT-8818
4967,M04967,M,301.7,312.2,1439,26.0,160,0,0,0,0,0,0,LINE3-M02,2026-06-15T02:13:00,OP-105,MAT-8816
4968,M04968,M,302.1,310.7,1298,48.4,163,1,0,1,0,0,0,LINE2-M01,2026-06-15T02:16:00,OP-104,MAT-8816
4969,L04969,L,299.4,310.8,1626,34.1,165,0,0,0,0,0,0,LINE1-M01,2026-06-15T02:22:00,OP-102,MAT-8819
4970,H04970,H,299.1,307.5,1641,28.0,170,0,0,0,0,0,0,LINE1-M01,2026-06-15T02:26:00,OP-110,MAT-8805
4971,M04971,M,301.5,311.5,1485,15.0,173,1,0,0,1,0,0,LINE2-M02,2026-06-15T02:30:00,OP-109,MAT-8819
4972,M04972,M,299.2,310.8,1168,60.0,176,0,0,0,0,0,0,LINE1-M02,2026-06-15T02:33:00,OP-110,MAT-8806
4973,L04973,L,302.5,313.9,1366,18.1,178,1,0,0,1,0,0,LINE3-M01,2026-06-15T02:38:00,OP-110,MAT-8811
4974,H04974,H,301.0,310.3,1310,59.2,183,0,0,0,0,0,0,LINE2-M02,2026-06-15T02:43:00,OP-109,MAT-8806
4975,L04975,L,297.9,305.7,1646,53.0,185,1,0,0,1,0,0,LINE2-M01,2026-06-15T02:48:00,OP-107,MAT-8802
4976,M04976,M,299.1,310.8,1986,26.1,188,0,0,0,0,0,0,LINE3-M02,2026-06-15T02:50:00,OP-105,MAT-8808
4977,L04977,L,300.2,309.8,1214,44.0,190,0,0,0,0,0,0,LINE2-M01,2026-06-15T02:54:00,OP-108,MAT-8816
4978,L04978,L,300.1,308.8,1392,17.2,192,1,0,0,1,0,0,LINE1-M01,2026-06-15T02:58:00,OP-110,MAT-8812
4979,H04979,H,299.5,309.4,1697,15.6,197,1,0,0,1,0,0,LINE3-M02,2026-06-15T03:00:00,OP-108,MAT-8813
4980,L04980,L,300.9,312.8,1460,54.3,199,0,0,0,0,0,0,LINE1-M02,2026-06-15T03:06:00,OP-109,MAT-8801
4981,M04981,M,298.5,310.5,1659,46.6,202,0,0,0,0,0,0,LINE1-M02,2026-06-15T03:11:00,OP-102,MAT-8811
4982,M04982,M,300.1,311.3,1578,49.6,205,0,0,0,0,0,0,LINE1-M01,2026-06-15T03:16:00,OP-109,MAT-8810
4983,H04983,H,300.0,309.2,1409,47.4,210,0,0,0,0,0,0,LINE1-M02,2026-06-15T03:20:00,OP-105,MAT-8802
4984,M04984,M,298.6,309.6,1280,32.3,213,0,0,0,0,0,0,LINE1-M02,2026-06-15T03:22:00,OP-108,MAT-8805
4985,L04985,L,301.8,311.7,1299,32.9,215,0,0,0,0,0,0,LINE3-M01,2026-06-15T03:28:00,OP-110,MAT-8800
4986,L04986,L,301.9,311.2,1814,37.3,217,1,1,0,0,0,0,LINE1-M02,2026-06-15T03:33:00,OP-105,MAT-8800
4987,H04987,H,300.9,312.3,1205,50.6,222,0,0,0,0,0,0,LINE2-M02,2026-06-15T03:38:00,OP-111,MAT-8809
4988,L04988,L,299.2,309.1,1168,43.7,224,0,0,0,0,0,0,LINE1-M02,2026-06-15T03:43:00,OP-102,MAT-8813
4989,M04989,M,301.3,310.9,1660,42.7,227,0,0,0,0,0,0,LINE1-M02,2026-06-15T03:48:00,OP-103,MAT-8807
4990,L04990,L,303.6,311.1,1367,34.4,229,1,1,1,0,0,0,LINE1-M01,2026-06-15T03:50:00,OP-111,MAT-8813
4991,L04991,L,299.4,307.3,1708,42.2,231,1,1,0,0,0,0,LINE2-M02,2026-06-15T03:55:00,OP-109,MAT-8815
4992,L04992,L,300.0,311.3,1449,53.6,233,1,1,0,0,1,0,LINE3-M02,2026-06-15T04:01:00,OP-104,MAT-8803
4993,L04993,L,300.2,309.6,1508,28.6,235,1,1,0,0,0,0,LINE3-M01,2026-06-15T04:04:00,OP-104,MAT-8816
4994,M04994,M,297.6,306.8,1594,37.7,238,0,0,0,0,0,0,LINE2-M02,2026-06-15T04:07:00,OP-100,MAT-8809
4995,M04995,M,302.9,313.0,1170,46.6,0,0,0,0,0,0,0,LINE1-M01,2026-06-15T04:13:00,OP-101,MAT-8819
4996,H04996,H,298.7,309.0,1168,34.5,5,0,0,0,0,0,0,LINE1-M02,2026-06-15T04:17:00,OP-100,MAT-8808
4997,M04997,M,298.1,307.7,1253,58.4,8,0,0,0,0,0,0,LINE3-M01,2026-06-15T04:21:00,OP-107,MAT-8813
4998,L04998,L,300.3,309.8,1168,46.6,10,0,0,0,0,0,0,LINE2-M02,2026-06-15T04:24:00,OP-111,MAT-8818
4999,L04999,L,302.5,311.4,1168,27.8,12,1,0,0,1,0,0,LINE3-M02,2026-06-15T04:29:00,OP-102,MAT-8800
5000,L05000,L,301.8,313.1,1350,34.6,14,0,0,0,0,0,0,LINE3-M01,2026-06-15T04:34:00,OP-109,MAT-8811
5001,L05001,L,298.9,310.9,1582,51.1,16,0,0,0,0,0,0,LINE3-M02,2026-06-15T04:36:00,OP-101,MAT-8815
5002,M05002,M,298.3,309.2,1436,31.7,19,0,0,0,0,0,0,LINE1-M02,2026-06-15T04:39:00,OP-110,MAT-8813
5003,M05003,M,296.8,306.7,1815,28.5,22,0,0,0,0,0,0,LINE1-M01,2026-06-15T04:41:00,OP-103,MAT-8817
5004,H05004,H,299.6,310.2,1611,45.5,27,0,0,0,0,0,0,LINE2-M02,2026-06-15T04:46:00,OP-110,MAT-8801
5005,L05005,L,299.1,308.9,1541,51.6,29,0,0,0,0,0,0,LINE1-M01,2026-06-15T04:52:00,OP-104,MAT-8806
5006,L05006,L,302.3,311.0,1585,32.3,31,0,0,0,0,0,0,LINE1-M02,2026-06-15T04:56:00,OP-110,MAT-8813
5007,L05007,L,297.2,306.2,1314,46.9,33,0,0,0,0,0,0,LINE2-M01,2026-06-15T04:58:00,OP-103,MAT-8816
5008,L05008,L,302.1,311.3,1318,54.3,35,0,0,0,0,0,0,LINE1-M02,2026-06-15T05:00:00,OP-100,MAT-8814
5009,L05009,L,300.9,310.7,1265,34.6,37,0,0,0,0,0,0,LINE2-M01,2026-06-15T05:02:00,OP-110,MAT-8808
5010,H05010,H,297.4,309.1,1611,40.3,42,0,0,0,0,0,0,LINE2-M02,2026-06-15T05:06:00,OP-101,MAT-8804
5011,H05011,H,299.9,310.7,1647,15.2,47,1,0,0,1,0,0,LINE1-M01,2026-06-15T05:11:00,OP-109,MAT-8811
5012,L05012,L,300.9,310.4,1374,41.3,49,0,0,0,0,0,0,LINE2-M02,2026-06-15T05:13:00,OP-106,MAT-8809
5013,H05013,H,300.2,309.7,1168,52.2,54,0,0,0,0,0,0,LINE3-M01,2026-06-15T05:16:00,OP-111,MAT-8810
5014,L05014,L,297.4,308.0,1521,33.1,56,0,0,0,0,0,0,LINE1-M02,2026-06-15T05:19:00,OP-100,MAT-8815
5015,M05015,M,300.3,310.1,1434,56.2,59,0,0,0,0,0,0,LINE3-M01,2026-06-15T05:22:00,OP-100,MAT-8807
5016,L05016,L,301.9,311.3,1403,35.8,61,0,0,0,0,0,0,LINE3-M01,2026-06-15T05:25:00,OP-106,MAT-8804
5017,H05017,H,295.8,305.4,1604,40.7,66,0,0,0,0,0,0,LINE3-M02,2026-06-15T05:29:00,OP-111,MAT-8812
5018,M05018,M,301.1,310.6,1406,46.4,69,0,0,0,0,0,0,LINE2-M02,2026-06-15T05:34:00,OP-108,MAT-8807
5019,L05019,L,296.6,307.4,1586,44.3,71,0,0,0,0,0,0,LINE1-M01,2026-06-15T05:37:00,OP-109,MAT-8811
5020,L05020,L,301.8,310.9,1355,37.7,73,0,0,0,0,0,0,LINE3-M02,2026-06-15T05:42:00,OP-108,MAT-8805
5021,L05021,L,302.7,310.2,1686,34.7,75,0,0,0,0,0,0,LINE2-M01,2026-06-15T05:46:00,OP-111,MAT-8816
5022,L05022,L,298.4,310.0,1834,35.9,77,0,0,0,0,0,0,LINE3-M02,2026-06-15T05:48:00,OP-105,MAT-8818
5023,H05023,H,295.9,305.2,1477,41.6,82,0,0,0,0,0,0,LINE2-M02,2026-06-15T05:50:00,OP-105,MAT-8813
5024,H05024,H,303.4,313.5,1399,48.8,87,0,0,0,0,0,0,LINE1-M01,2026-06-15T05:55:00,OP-102,MAT-8814
5025,M05025,M,297.5,307.6,1644,37.8,90,0,0,0,0,0,0,LINE3-M02,2026-06-15T05:59:00,OP-105,MAT-8801
5026,M05026,M,296.9,305.8,1384,45.5,93,0,0,0,0,0,0,LINE2-M01,2026-06-15T06:04:00,OP-100,MAT-8808
5027,M05027,M,299.0,308.1,1808,35.3,96,0,0,0,0,0,0,LINE2-M01,2026-06-15T06:09:00,OP-109,MAT-8800
5028,H05028,H,299.7,310.4,1168,34.1,101,0,0,0,0,0,0,LINE2-M01,2026-06-15T06:14:00,OP-109,MAT-8805
5029,L05029,L,300.4,309.6,1670,48.4,103,0,0,0,0,0,0,LINE1-M02,2026-06-15T06:18:00,OP-103,MAT-8803
5030,L05030,L,299.6,311.2,1781,29.1,105,0,0,0,0,0,0,LINE1-M01,2026-06-15T06:20:00,OP-102,MAT-8801
5031,L05031,L,295.8,306.8,1427,52.8,107,0,0,0,0,0,0,LINE3-M02,2026-06-15T06:22:00,OP-109,MAT-8808
5032,L05032,L,302.0,311.1,1407,28.8,109,0,0,0,0,0,0,LINE2-M02,2026-06-15T06:27:00,OP-104,MAT-8815
5033,M05033,M,298.9,307.4,1375,45.9,112,1,0,1,0,0,0,LINE1-M02,2026-06-15T06:31:00,OP-105,MAT-8813
5034,L05034,L,302.1,311.0,1552,33.7,114,0,0,0,0,0,0,LINE1-M02,2026-06-15T06:33:00,OP-101,MAT-8816
5035,L05035,L,300.8,310.6,1365,45.4,116,0,0,0,0,0,0,LINE1-M02,2026-06-15T06:35:00,OP-104,MAT-8802
5036,L05036,L,297.6,307.8,1709,41.0,118,0,0,0,0,0,0,LINE3-M02,2026-06-15T06:37:00,OP-100,MAT-8809
5037,L05037,L,299.0,309.6,1242,23.5,120,1,0,0,1,0,0,LINE1-M01,2026-06-15T06:42:00,OP-102,MAT-8809
5038,M05038,M,299.2,308.2,1558,33.4,123,0,0,0,0,0,0,LINE1-M02,2026-06-15T06:47:00,OP-107,MAT-8807
5039,L05039,L,302.0,311.4,1460,26.2,125,0,0,0,0,0,0,LINE1-M02,2026-06-15T06:50:00,OP-101,MAT-8817
5040,M05040,M,300.0,308.9,1562,26.1,128,0,0,0,0,0,0,LINE3-M02,2026-06-15T06:52:00,OP-107,MAT-8819
5041,M05041,M,299.4,308.9,1553,31.1,131,0,0,0,0,0,0,LINE1-M02,2026-06-15T06:57:00,OP-106,MAT-8808
5042,L05042,L,300.5,310.5,1410,49.3,133,0,0,0,0,0,0,LINE3-M02,2026-06-15T07:03:00,OP-107,MAT-8811
5043,L05043,L,300.6,308.9,1168,38.8,135,1,0,1,0,0,0,LINE2-M02,2026-06-15T07:06:00,OP-111,MAT-8810
5044,L05044,L,300.9,311.7,1538,32.5,137,0,0,0,0,0,0,LINE3-M01,2026-06-15T07:12:00,OP-111,MAT-8815
5045,L05045,L,300.3,310.5,1919,36.7,139,0,0,0,0,0,0,LINE1-M01,2026-06-15T07:15:00,OP-108,MAT-8800
5046,M05046,M,298.4,308.4,1599,40.1,142,0,0,0,0,0,0,LINE1-M02,2026-06-15T07:18:00,OP-109,MAT-8817
5047,H05047,H,299.8,308.6,1168,52.6,147,0,0,0,0,0,0,LINE1-M02,2026-06-15T07:20:00,OP-107,MAT-8811
5048,M05048,M,300.4,310.0,1445,15.7,150,1,0,0,1,0,0,LINE2-M02,2026-06-15T07:26:00,OP-111,MAT-8802
5049,M05049,M,297.4,308.3,1265,52.0,153,0,0,0,0,0,0,LINE1-M02,2026-06-15T07:28:00,OP-108,MAT-8805
5050,L05050,L,298.3,307.8,1357,47.3,155,0,0,0,0,0,0,LINE3-M01,2026-06-15T07:31:00,OP-100,MAT-8817
5051,L05051,L,300.3,312.0,1426,47.3,157,0,0,0,0,0,0,LINE3-M02,2026-06-15T07:33:00,OP-111,MAT-8802
5052,L05052,L,295.9,306.3,1656,26.7,159,0,0,0,0,0,0,LINE3-M01,2026-06-15T07:37:00,OP-100,MAT-8812
5053,L05053,L,298.1,306.6,2329,32.9,161,0,0,0,0,0,0,LINE1-M01,2026-06-15T07:40:00,OP-102,MAT-8814
5054,H05054,H,299.8,307.8,1745,50.5,166,1,0,0,1,0,0,LINE1-M02,2026-06-15T07:46:00,OP-106,MAT-8813
5055,M05055,M,300.7,311.5,1314,46.4,169,0,0,0,0,0,0,LINE1-M01,2026-06-15T07:51:00,OP-100,MAT-8814
5056,M05056,M,297.5,306.3,1712,42.8,172,0,0,0,0,0,0,LINE2-M02,2026-06-15T07:56:00,OP-111,MAT-8809
5057,L05057,L,302.9,312.0,1515,42.4,174,0,0,0,0,0,0,LINE2-M02,2026-06-15T08:02:00,OP-108,MAT-8818
5058,H05058,H,295.6,306.5,1421,32.8,179,0,0,0,0,0,0,LINE1-M02,2026-06-15T08:06:00,OP-107,MAT-8814
5059,L05059,L,297.6,306.8,1675,21.1,181,0,0,0,0,0,0,LINE3-M02,2026-06-15T08:11:00,OP-103,MAT-8818
5060,M05060,M,301.7,310.3,1706,44.1,184,0,0,0,0,0,0,LINE3-M01,2026-06-15T08:14:00,OP-110,MAT-8807
5061,L05061,L,297.9,306.5,1422,53.3,186,0,0,0,0,0,0,LINE3-M02,2026-06-15T08:16:00,OP-111,MAT-8801
5062,H05062,H,299.3,309.3,1547,43.0,191,0,0,0,0,0,0,LINE3-M02,2026-06-15T08:18:00,OP-111,MAT-8807
5063,M05063,M,297.1,308.0,1297,32.4,194,0,0,0,0,0,0,LINE1-M02,2026-06-15T08:23:00,OP-111,MAT-8818
5064,L05064,L,300.3,311.2,1168,40.3,196,0,0,0,0,0,0,LINE3-M02,2026-06-15T08:29:00,OP-110,MAT-8807
5065,L05065,L,299.3,308.4,1420,41.3,198,0,0,0,0,0,0,LINE1-M01,2026-06-15T08:34:00,OP-106,MAT-8805
5066,L05066,L,299.3,308.3,1597,60.1,200,1,0,0,1,1,0,LINE2-M01,2026-06-15T08:39:00,OP-110,MAT-8806
5067,L05067,L,300.0,308.2,1365,44.7,202,1,0,1,0,0,0,LINE2-M01,2026-06-15T08:42:00,OP-106,MAT-8807
5068,H05068,H,298.4,307.8,1570,29.8,207,0,0,0,0,0,0,LINE2-M02,2026-06-15T08:45:00,OP-102,MAT-8809
5069,M05069,M,302.2,312.8,1893,42.6,210,0,0,0,0,0,0,LINE3-M02,2026-06-15T08:47:00,OP-111,MAT-8809
5070,H05070,H,300.3,311.2,1429,31.6,215,0,0,0,0,0,0,LINE3-M01,2026-06-15T08:50:00,OP-102,MAT-8812
5071,H05071,H,304.4,314.7,1338,33.6,220,1,1,0,0,0,0,LINE3-M01,2026-06-15T08:56:00,OP-109,MAT-8810
5072,L05072,L,299.5,309.7,1372,51.3,222,1,0,0,0,1,0,LINE3-M01,2026-06-15T09:00:00,OP-106,MAT-8804
5073,M05073,M,298.7,309.3,1220,63.8,225,1,1,0,0,1,0,LINE1-M02,2026-06-15T09:02:00,OP-106,MAT-8812
5074,L05074,L,299.0,310.1,1168,53.7,227,1,1,0,0,1,0,LINE2-M02,2026-06-15T09:07:00,OP-111,MAT-8805
5075,L05075,L,302.2,311.9,1632,54.6,229,1,1,0,1,1,0,LINE1-M01,2026-06-15T09:13:00,OP-107,MAT-8811
5076,H05076,H,299.6,309.7,1673,44.7,234,1,1,0,0,0,0,LINE3-M02,2026-06-15T09:17:00,OP-100,MAT-8810
5077,L05077,L,302.6,314.2,1408,66.3,236,1,1,0,1,1,0,LINE2-M02,2026-06-15T09:19:00,OP-106,MAT-8809
5078,L05078,L,302.4,311.6,1696,40.8,238,1,1,0,0,0,0,LINE2-M01,2026-06-15T09:24:00,OP-107,MAT-8817
5079,L05079,L,301.7,311.4,1605,48.6,240,1,1,0,0,1,0,LINE1-M02,2026-06-15T09:28:00,OP-108,MAT-8817
5080,H05080,H,302.5,313.0,1244,37.2,0,0,0,0,0,0,0,LINE2-M02,2026-06-15T09:30:00,OP-111,MAT-8811
5081,M05081,M,296.5,305.6,1972,39.0,3,0,0,0,0,0,0,LINE3-M01,2026-06-15T09:36:00,OP-100,MAT-8803
5082,L05082,L,298.9,308.6,1415,34.1,5,0,0,0,0,0,0,LINE3-M01,2026-06-15T09:38:00,OP-109,MAT-8816
5083,H05083,H,300.1,310.1,1306,49.4,10,0,0,0,0,0,0,LINE3-M01,2026-06-15T09:44:00,OP-110,MAT-8803
5084,L05084,L,299.2,307.4,1326,53.6,12,1,0,1,0,0,0,LINE3-M01,2026-06-15T09:49:00,OP-105,MAT-8812
5085,M05085,M,297.5,306.8,1510,48.3,15,0,0,0,0,0,0,LINE2-M02,2026-06-15T09:53:00,OP-109,MAT-8808
5086,M05086,M,299.8,310.3,1826,51.6,18,1,0,0,1,0,0,LINE3-M01,2026-06-15T09:59:00,OP-102,MAT-8818
5087,L05087,L,298.7,309.5,1426,33.9,20,0,0,0,0,0,0,LINE3-M02,2026-06-15T10:05:00,OP-100,MAT-8804
5088,L05088,L,299.8,309.6,1628,32.7,22,0,0,0,0,0,0,LINE3-M02,2026-06-15T10:10:00,OP-108,MAT-8814
5089,M05089,M,301.8,312.0,1243,27.3,25,0,0,0,0,0,0,LINE2-M02,2026-06-15T10:15:00,OP-102,MAT-8813
5090,L05090,L,300.9,311.8,1342,47.7,27,0,0,0,0,0,0,LINE1-M01,2026-06-15T10:21:00,OP-108,MAT-8817
5091,L05091,L,301.2,310.4,1553,47.8,29,0,0,0,0,0,0,LINE1-M02,2026-06-15T10:25:00,OP-108,MAT-8804
5092,H05092,H,300.0,308.3,1226,53.7,34,1,0,1,0,0,0,LINE3-M01,2026-06-15T10:28:00,OP-100,MAT-8806
5093,H05093,H,299.1,308.8,1557,37.7,39,0,0,0,0,0,0,LINE1-M01,2026-06-15T10:31:00,OP-111,MAT-8818
5094,L05094,L,303.1,313.1,1344,37.9,41,0,0,0,0,0,0,LINE2-M01,2026-06-15T10:35:00,OP-105,MAT-8802
5095,L05095,L,298.1,306.7,1969,31.7,43,0,0,0,0,0,0,LINE2-M01,2026-06-15T10:38:00,OP-109,MAT-8805
5096,L05096,L,302.0,311.3,1453,21.0,45,1,0,0,1,0,0,LINE2-M01,2026-06-15T10:44:00,OP-105,MAT-8817
5097,L05097,L,297.3,307.2,1379,43.3,47,0,0,0,0,0,0,LINE2-M02,2026-06-15T10:50:00,OP-109,MAT-8802
5098,H05098,H,296.4,305.1,1579,40.0,52,0,0,0,0,0,0,LINE2-M02,2026-06-15T10:53:00,OP-108,MAT-8816
5099,H05099,H,298.8,308.1,1272,62.8,57,0,0,0,0,0,0,LINE2-M02,2026-06-15T10:56:00,OP-110,MAT-8806
5100,L05100,L,298.7,309.1,1257,54.3,59,0,0,0,0,0,0,LINE1-M02,2026-06-15T11:02:00,OP-105,MAT-8817
5101,L05101,L,293.6,304.8,1515,21.5,61,1,0,0,1,0,0,LINE2-M01,2026-06-15T11:08:00,OP-104,MAT-8818
5102,L05102,L,300.0,308.2,1420,38.1,63,0,0,0,0,0,0,LINE2-M02,2026-06-15T11:13:00,OP-110,MAT-8805
5103,L05103,L,299.3,310.2,1461,34.5,65,0,0,0,0,0,0,LINE3-M01,2026-06-15T11:19:00,OP-104,MAT-8810
5104,H05104,H,299.0,310.3,1694,31.1,70,0,0,0,0,0,0,LINE1-M02,2026-06-15T11:25:00,OP-110,MAT-8805
5105,M05105,M,297.9,308.8,1400,33.0,73,0,0,0,0,0,0,LINE2-M02,2026-06-15T11:30:00,OP-100,MAT-8801
5106,L05106,L,305.0,314.9,1235,27.6,75,0,0,0,0,0,0,LINE2-M02,2026-06-15T11:36:00,OP-111,MAT-8817
5107,M05107,M,297.9,308.2,1458,33.2,78,0,0,0,0,0,0,LINE1-M01,2026-06-15T11:38:00,OP-105,MAT-8814
5108,M05108,M,302.6,311.6,1591,35.4,81,0,0,0,0,0,0,LINE3-M02,2026-06-15T11:41:00,OP-107,MAT-8810
5109,H05109,H,295.6,305.1,1767,20.7,86,0,0,0,0,0,0,LINE3-M02,2026-06-15T11:45:00,OP-108,MAT-8800
5110,H05110,H,300.5,310.2,1304,54.6,91,0,0,0,0,0,0,LINE1-M02,2026-06-15T11:47:00,OP-111,MAT-8817
5111,L05111,L,299.9,309.2,1450,48.8,93,0,0,0,0,0,0,LINE3-M01,2026-06-15T11:51:00,OP-104,MAT-8819
5112,L05112,L,301.2,309.7,1611,30.4,95,0,0,0,0,0,0,LINE1-M01,2026-06-15T11:55:00,OP-106,MAT-8814
5113,M05113,M,299.2,307.2,1367,44.4,98,1,0,1,0,0,0,LINE2-M02,2026-06-15T12:01:00,OP-111,MAT-8815
5114,M05114,M,300.9,310.4,1489,42.7,101,0,0,0,0,0,0,LINE1-M02,2026-06-15T12:07:00,OP-107,MAT-8804
5115,M05115,M,299.2,307.9,1372,27.6,104,0,0,0,0,0,0,LINE1-M02,2026-06-15T12:09:00,OP-103,MAT-8808
5116,L05116,L,299.2,308.6,1653,51.7,106,0,0,0,0,0,0,LINE2-M01,2026-06-15T12:11:00,OP-100,MAT-8804
5117,L05117,L,298.2,308.2,1229,24.6,108,1,0,0,1,0,0,LINE2-M02,2026-06-15T12:16:00,OP-103,MAT-8806
5118,L05118,L,299.3,307.4,1442,59.7,110,1,0,0,1,0,0,LINE2-M02,2026-06-15T12:20:00,OP-111,MAT-8811
5119,H05119,H,299.8,309.5,1222,42.1,115,0,0,0,0,0,0,LINE2-M02,2026-06-15T12:25:00,OP-108,MAT-8815
5120,M05120,M,301.0,310.6,1783,49.1,118,1,0,0,1,0,0,LINE2-M01,2026-06-15T12:31:00,OP-103,MAT-8801
5121,L05121,L,303.4,314.5,1573,41.4,120,0,0,0,0,0,0,LINE2-M02,2026-06-15T12:34:00,OP-109,MAT-8816
5122,M05122,M,303.2,313.2,1708,40.5,123,0,0,0,0,0,0,LINE2-M02,2026-06-15T12:40:00,OP-107,MAT-8800
5123,H05123,H,298.2,306.5,1557,51.5,128,0,0,0,0,0,0,LINE2-M02,2026-06-15T12:42:00,OP-103,MAT-8806
5124,L05124,L,300.1,311.6,1531,42.1,130,0,0,0,0,0,0,LINE1-M01,2026-06-15T12:44:00,OP-109,MAT-8812
5125,L05125,L,297.3,306.8,1452,35.0,132,0,0,0,0,0,0,LINE3-M02,2026-06-15T12:48:00,OP-105,MAT-8818
5126,M05126,M,304.0,315.2,1229,46.2,135,0,0,0,0,0,0,LINE1-M01,2026-06-15T12:51:00,OP-104,MAT-8802
5127,L05127,L,298.3,309.6,1349,37.7,137,0,0,0,0,0,0,LINE3-M01,2026-06-15T12:56:00,OP-101,MAT-8816
5128,L05128,L,301.2,310.0,1459,44.8,139,0,0,0,0,0,0,LINE2-M01,2026-06-15T13:01:00,OP-106,MAT-8801
5129,M05129,M,295.6,304.8,1587,44.9,142,0,0,0,0,0,0,LINE2-M01,2026-06-15T13:07:00,OP-107,MAT-8803
5130,M05130,M,297.8,306.3,1421,25.0,145,0,0,0,0,0,0,LINE2-M01,2026-06-15T13:12:00,OP-110,MAT-8809
5131,L05131,L,300.4,311.2,1670,32.8,147,0,0,0,0,0,0,LINE3-M02,2026-06-15T13:15:00,OP-101,MAT-8812
5132,L05132,L,298.0,307.3,1338,38.4,149,0,0,0,0,0,0,LINE2-M02,2026-06-15T13:20:00,OP-104,MAT-8810
5133,L05133,L,298.1,307.7,1695,37.8,151,0,0,0,0,0,0,LINE2-M02,2026-06-15T13:26:00,OP-102,MAT-8802
5134,L05134,L,299.9,310.1,1510,46.7,153,0,0,0,0,0,0,LINE2-M01,2026-06-15T13:28:00,OP-110,MAT-8802
5135,L05135,L,300.7,310.2,1428,43.7,155,0,0,0,0,0,0,LINE2-M01,2026-06-15T13:33:00,OP-102,MAT-8817
5136,L05136,L,298.9,307.8,1168,43.6,157,0,0,0,0,0,0,LINE2-M02,2026-06-15T13:38:00,OP-105,MAT-8818
5137,L05137,L,297.7,307.7,1791,39.9,159,0,0,0,0,0,0,LINE2-M01,2026-06-15T13:40:00,OP-107,MAT-8806
5138,H05138,H,303.0,313.3,1591,48.9,164,0,0,0,0,0,0,LINE2-M01,2026-06-15T13:46:00,OP-102,MAT-8807
5139,L05139,L,298.1,308.3,1462,35.6,166,0,0,0,0,0,0,LINE3-M01,2026-06-15T13:50:00,OP-111,MAT-8805
5140,M05140,M,301.5,309.0,1266,19.0,169,1,0,1,1,0,0,LINE2-M01,2026-06-15T13:52:00,OP-111,MAT-8814
5141,L05141,L,298.9,306.1,1377,38.2,171,1,0,1,0,0,0,LINE1-M01,2026-06-15T13:57:00,OP-107,MAT-8801
5142,H05142,H,303.1,314.1,1426,40.7,176,0,0,0,0,0,0,LINE1-M02,2026-06-15T13:59:00,OP-100,MAT-8815
5143,M05143,M,299.5,308.3,1168,33.8,179,0,0,0,0,0,0,LINE3-M02,2026-06-15T14:03:00,OP-100,MAT-8805
5144,L05144,L,298.5,308.9,1684,44.1,181,0,0,0,0,0,0,LINE2-M01,2026-06-15T14:08:00,OP-111,MAT-8812
5145,L05145,L,301.4,310.9,1168,21.1,183,1,0,0,1,0,0,LINE1-M01,2026-06-15T14:13:00,OP-105,MAT-8804
5146,L05146,L,299.8,309.3,1496,36.3,185,0,0,0,0,0,0,LINE2-M01,2026-06-15T14:15:00,OP-110,MAT-8806
5147,M05147,M,301.8,313.0,1688,43.0,188,0,0,0,0,0,0,LINE3-M02,2026-06-15T14:19:00,OP-102,MAT-8812
5148,L05148,L,301.3,310.6,1168,44.5,190,0,0,0,0,0,0,LINE2-M02,2026-06-15T14:22:00,OP-110,MAT-8815
5149,L05149,L,296.4,305.9,1809,30.5,192,0,0,0,0,0,0,LINE1-M01,2026-06-15T14:26:00,OP-106,MAT-8802
5150,L05150,L,299.9,309.2,1291,21.2,194,1,0,0,1,0,0,LINE3-M01,2026-06-15T14:30:00,OP-107,MAT-8811
5151,L05151,L,300.6,311.2,1317,22.3,196,1,0,0,1,0,0,LINE3-M01,2026-06-15T14:36:00,OP-103,MAT-8810
5152,L05152,L,298.2,308.9,1822,30.9,198,0,0,0,0,0,0,LINE3-M02,2026-06-15T14:39:00,OP-103,MAT-8819
5153,L05153,L,301.4,310.7,1474,37.1,200,0,0,0,0,0,0,LINE3-M01,2026-06-15T14:45:00,OP-100,MAT-8811
5154,H05154,H,299.6,310.3,1316,38.4,205,0,0,0,0,0,0,LINE3-M01,2026-06-15T14:48:00,OP-107,MAT-8819
5155,M05155,M,296.5,307.7,1189,40.2,208,0,0,0,0,0,0,LINE1-M02,2026-06-15T14:52:00,OP-104,MAT-8814
5156,L05156,L,299.7,310.7,1716,38.0,210,0,0,0,0,0,0,LINE2-M02,2026-06-15T14:56:00,OP-105,MAT-8810
5157,H05157,H,299.3,309.5,1809,30.4,215,0,0,0,0,0,0,LINE3-M02,2026-06-15T14:58:00,OP-105,MAT-8817
5158,H05158,H,299.3,310.0,1806,50.9,220,1,1,0,1,0,0,LINE1-M01,2026-06-15T15:01:00,OP-102,MAT-8809
5159,H05159,H,301.4,310.6,1989,37.2,225,1,1,0,0,0,0,LINE1-M02,2026-06-15T15:03:00,OP-109,MAT-8815
5160,L05160,L,301.5,312.5,1659,40.7,227,0,0,0,0,0,0,LINE3-M01,2026-06-15T15:07:00,OP-100,MAT-8804
5161,L05161,L,301.4,310.3,1362,46.3,229,1,1,0,0,0,0,LINE3-M02,2026-06-15T15:10:00,OP-110,MAT-8803
5162,M05162,M,298.9,308.0,1401,28.0,232,1,1,0,0,0,0,LINE2-M01,2026-06-15T15:13:00,OP-102,MAT-8809
5163,M05163,M,298.4,307.6,1605,37.6,235,0,0,0,0,0,0,LINE1-M01,2026-06-15T15:15:00,OP-107,MAT-8816
5164,H05164,H,298.3,310.0,1514,49.0,240,1,1,0,0,0,0,LINE2-M01,2026-06-15T15:18:00,OP-110,MAT-8818
5165,L05165,L,300.2,310.7,1280,45.1,0,0,0,0,0,0,0,LINE2-M01,2026-06-15T15:22:00,OP-110,MAT-8815
5166,M05166,M,300.9,308.3,1343,35.0,3,1,0,1,0,0,0,LINE2-M02,2026-06-15T15:28:00,OP-111,MAT-8815
5167,L05167,L,300.6,310.2,1664,39.1,5,0,0,0,0,0,0,LINE2-M01,2026-06-15T15:34:00,OP-106,MAT-8802
5168,H05168,H,302.4,311.0,1650,47.9,10,0,0,0,0,0,0,LINE3-M01,2026-06-15T15:36:00,OP-106,MAT-8807
5169,L05169,L,296.6,306.9,2026,35.4,12,0,0,0,0,0,0,LINE3-M02,2026-06-15T15:38:00,OP-106,MAT-8815
5170,L05170,L,300.1,310.2,1378,23.7,14,1,0,0,1,0,0,LINE2-M01,2026-06-15T15:41:00,OP-109,MAT-8804
5171,L05171,L,300.0,310.1,1807,35.8,16,0,0,0,0,0,0,LINE3-M01,2026-06-15T15:44:00,OP-111,MAT-8809
5172,H05172,H,296.1,306.3,1631,42.0,21,0,0,0,0,0,0,LINE3-M01,2026-06-15T15:47:00,OP-102,MAT-8805
5173,H05173,H,301.4,312.9,1315,32.8,26,0,0,0,0,0,0,LINE1-M02,2026-06-15T15:49:00,OP-102,MAT-8805
5174,L05174,L,300.3,310.3,1447,52.6,28,0,0,0,0,0,0,LINE3-M01,2026-06-15T15:54:00,OP-109,MAT-8809
5175,L05175,L,300.5,310.7,1307,36.6,30,0,0,0,0,0,0,LINE1-M01,2026-06-15T15:58:00,OP-104,MAT-8810
5176,M05176,M,300.5,310.9,1624,43.3,33,0,0,0,0,0,0,LINE2-M02,2026-06-15T16:02:00,OP-110,MAT-8800
5177,H05177,H,303.4,311.8,1612,34.4,38,0,0,0,0,0,0,LINE3-M02,2026-06-15T16:05:00,OP-100,MAT-8808
5178,H05178,H,301.8,310.6,1468,36.0,43,0,0,0,0,0,0,LINE1-M02,2026-06-15T16:08:00,OP-104,MAT-8803
5179,L05179,L,302.1,311.4,1303,37.7,45,0,0,0,0,0,0,LINE1-M02,2026-06-15T16:11:00,OP-108,MAT-8818
5180,M05180,M,299.1,308.9,1564,54.0,48,0,0,0,0,0,0,LINE1-M02,2026-06-15T16:17:00,OP-103,MAT-8801
5181,H05181,H,300.1,310.8,1274,30.4,53,0,0,0,0,0,0,LINE3-M02,2026-06-15T16:21:00,OP-100,MAT-8816
5182,L05182,L,301.6,309.9,1476,49.3,55,0,0,0,0,0,0,LINE3-M01,2026-06-15T16:24:00,OP-100,MAT-8800
5183,H05183,H,302.3,312.7,1673,17.5,60,1,0,0,1,0,0,LINE2-M02,2026-06-15T16:30:00,OP-108,MAT-8809
5184,L05184,L,300.2,310.7,1617,30.0,62,0,0,0,0,0,0,LINE2-M01,2026-06-15T16:32:00,OP-111,MAT-8811
5185,L05185,L,300.0,310.1,1615,42.4,64,0,0,0,0,0,0,LINE3-M01,2026-06-15T16:37:00,OP-110,MAT-8804
5186,H05186,H,298.1,308.2,1432,41.9,69,0,0,0,0,0,0,LINE2-M01,2026-06-15T16:40:00,OP-110,MAT-8811
5187,L05187,L,301.8,313.0,1682,38.3,71,0,0,0,0,0,0,LINE3-M01,2026-06-15T16:42:00,OP-105,MAT-8811
5188,M05188,M,299.2,309.9,1909,34.3,74,0,0,0,0,0,0,LINE3-M02,2026-06-15T16:47:00,OP-107,MAT-8813
5189,M05189,M,299.9,309.9,1864,37.5,77,0,0,0,0,0,0,LINE1-M02,2026-06-15T16:51:00,OP-109,MAT-8812
5190,L05190,L,303.2,314.3,1448,39.5,79,0,0,0,0,0,0,LINE1-M02,2026-06-15T16:55:00,OP-105,MAT-8806
5191,L05191,L,299.4,310.3,1499,51.5,81,0,0,0,0,0,0,LINE1-M02,2026-06-15T16:58:00,OP-110,MAT-8802
5192,H05192,H,300.4,307.5,1168,50.9,86,1,0,1,0,0,0,LINE2-M01,2026-06-15T17:01:00,OP-105,MAT-8804
5193,L05193,L,297.7,308.4,1655,41.5,88,0,0,0,0,0,0,LINE3-M01,2026-06-15T17:04:00,OP-109,MAT-8811
5194,M05194,M,301.5,312.3,1239,51.4,91,0,0,0,0,0,0,LINE1-M02,2026-06-15T17:07:00,OP-102,MAT-8812
5195,L05195,L,296.9,308.0,1674,42.1,93,0,0,0,0,0,0,LINE2-M02,2026-06-15T17:09:00,OP-110,MAT-8812
5196,H05196,H,300.7,310.5,1858,43.0,98,0,0,0,0,0,0,LINE1-M02,2026-06-15T17:12:00,OP-110,MAT-8800
5197,L05197,L,300.1,309.6,1234,45.8,100,0,0,0,0,0,0,LINE1-M01,2026-06-15T17:14:00,OP-104,MAT-8809
5198,L05198,L,299.6,307.2,1168,31.0,102,1,0,1,0,0,0,LINE1-M01,2026-06-15T17:18:00,OP-101,MAT-8816
5199,L05199,L,302.1,312.5,1479,49.3,104,0,0,0,0,0,0,LINE2-M01,2026-06-15T17:20:00,OP-111,MAT-8806
5200,L05200,L,301.4,312.3,1568,40.4,106,0,0,0,0,0,0,LINE1-M02,2026-06-15T17:23:00,OP-109,MAT-8819
5201,L05201,L,298.1,309.6,1291,35.7,108,0,0,0,0,0,0,LINE1-M01,2026-06-15T17:27:00,OP-101,MAT-8801
5202,L05202,L,297.6,305.7,1755,24.6,110,0,0,0,0,0,0,LINE1-M01,2026-06-15T17:30:00,OP-105,MAT-8811
5203,H05203,H,300.9,310.3,1486,41.8,115,0,0,0,0,0,0,LINE3-M02,2026-06-15T17:35:00,OP-100,MAT-8812
5204,L05204,L,300.4,309.6,1482,44.4,117,0,0,0,0,0,0,LINE3-M01,2026-06-15T17:39:00,OP-104,MAT-8803
5205,L05205,L,300.8,310.5,1661,39.8,119,0,0,0,0,0,0,LINE1-M02,2026-06-15T17:44:00,OP-101,MAT-8808
5206,H05206,H,298.0,309.5,1324,51.5,124,0,0,0,0,0,0,LINE2-M01,2026-06-15T17:46:00,OP-108,MAT-8812
5207,H05207,H,299.5,310.2,1834,36.4,129,0,0,0,0,0,0,LINE1-M02,2026-06-15T17:51:00,OP-101,MAT-8808
5208,L05208,L,304.5,315.0,1514,35.1,131,0,0,0,0,0,0,LINE2-M01,2026-06-15T17:53:00,OP-110,MAT-8813
5209,L05209,L,301.0,311.8,1454,22.9,133,1,0,0,1,0,0,LINE1-M02,2026-06-15T17:58:00,OP-105,MAT-8806
5210,L05210,L,302.0,312.6,1543,66.4,135,1,0,0,1,0,0,LINE2-M01,2026-06-15T18:00:00,OP-105,MAT-8801
5211,L05211,L,302.5,310.9,1522,26.2,137,0,0,0,0,0,0,LINE3-M02,2026-06-15T18:06:00,OP-111,MAT-8801
5212,L05212,L,297.8,307.4,1491,51.9,139,0,0,0,0,0,0,LINE1-M02,2026-06-15T18:09:00,OP-100,MAT-8803
5213,L05213,L,300.0,308.7,1168,37.4,141,0,0,0,0,0,0,LINE1-M01,2026-06-15T18:15:00,OP-109,MAT-8803
5214,L05214,L,299.9,310.6,1468,37.0,143,0,0,0,0,0,0,LINE1-M01,2026-06-15T18:21:00,OP-111,MAT-8819
5215,M05215,M,298.4,308.2,1346,41.4,146,0,0,0,0,0,0,LINE3-M01,2026-06-15T18:24:00,OP-108,MAT-8816
5216,M05216,M,302.7,313.1,1325,28.3,149,0,0,0,0,0,0,LINE2-M01,2026-06-15T18:30:00,OP-105,MAT-8808
5217,L05217,L,298.3,309.1,1588,46.0,151,0,0,0,0,0,0,LINE2-M02,2026-06-15T18:33:00,OP-104,MAT-8805
5218,H05218,H,299.8,309.2,1847,16.4,156,1,0,0,1,0,0,LINE2-M02,2026-06-15T18:39:00,OP-104,MAT-8817
5219,L05219,L,295.6,305.9,1168,34.3,158,0,0,0,0,0,0,LINE2-M01,2026-06-15T18:42:00,OP-100,MAT-8813
5220,L05220,L,298.4,308.4,1454,48.5,160,0,0,0,0,0,0,LINE2-M02,2026-06-15T18:47:00,OP-108,MAT-8802
5221,M05221,M,299.7,311.5,1677,24.6,163,0,0,0,0,0,0,LINE1-M01,2026-06-15T18:51:00,OP-110,MAT-8811
5222,M05222,M,300.7,309.4,1649,45.6,166,0,0,0,0,0,0,LINE2-M02,2026-06-15T18:53:00,OP-109,MAT-8805
5223,L05223,L,299.3,308.6,1180,49.6,168,0,0,0,0,0,0,LINE1-M02,2026-06-15T18:58:00,OP-110,MAT-8805
5224,L05224,L,301.0,311.2,1292,41.9,170,0,0,0,0,0,0,LINE2-M01,2026-06-15T19:04:00,OP-110,MAT-8804
5225,L05225,L,300.1,310.1,2037,65.0,172,1,0,0,1,1,0,LINE2-M02,2026-06-15T19:10:00,OP-101,MAT-8802
5226,L05226,L,302.4,312.1,1921,32.3,174,0,0,0,0,0,0,LINE2-M01,2026-06-15T19:15:00,OP-106,MAT-8800
5227,L05227,L,298.4,306.9,1288,48.7,176,1,0,1,0,0,0,LINE3-M02,2026-06-15T19:21:00,OP-100,MAT-8812
5228,H05228,H,301.8,314.1,1542,33.5,181,0,0,0,0,0,0,LINE3-M01,2026-06-15T19:23:00,OP-110,MAT-8801
5229,M05229,M,299.3,310.5,1442,33.6,184,0,0,0,0,0,0,LINE1-M01,2026-06-15T19:29:00,OP-106,MAT-8819
5230,L05230,L,298.8,308.5,1449,38.8,186,0,0,0,0,0,0,LINE1-M02,2026-06-15T19:35:00,OP-105,MAT-8813
5231,L05231,L,301.8,312.1,1400,30.5,188,0,0,0,0,0,0,LINE1-M01,2026-06-15T19:39:00,OP-104,MAT-8806
5232,L05232,L,298.9,307.4,1520,46.6,190,0,0,0,0,0,0,LINE3-M01,2026-06-15T19:42:00,OP-107,MAT-8812
5233,L05233,L,298.6,309.6,1265,38.8,192,0,0,0,0,0,0,LINE3-M01,2026-06-15T19:46:00,OP-106,MAT-8815
5234,L05234,L,301.5,310.7,1168,44.4,194,0,0,0,0,0,0,LINE2-M02,2026-06-15T19:48:00,OP-104,MAT-8818
5235,L05235,L,300.0,311.3,2263,59.2,196,1,0,0,1,1,0,LINE2-M01,2026-06-15T19:52:00,OP-111,MAT-8801
5236,L05236,L,299.9,309.8,1489,47.8,198,0,0,0,0,0,0,LINE2-M01,2026-06-15T19:57:00,OP-102,MAT-8819
5237,L05237,L,299.9,308.4,1647,26.9,200,0,0,0,0,0,0,LINE1-M01,2026-06-15T20:02:00,OP-109,MAT-8801
5238,H05238,H,301.3,311.9,1661,38.7,205,0,0,0,0,0,0,LINE2-M02,2026-06-15T20:06:00,OP-105,MAT-8806
5239,H05239,H,298.3,309.6,2027,33.6,210,0,0,0,0,0,0,LINE2-M01,2026-06-15T20:11:00,OP-109,MAT-8804
5240,L05240,L,301.2,311.9,1438,50.2,212,0,0,0,0,0,0,LINE1-M01,2026-06-15T20:17:00,OP-103,MAT-8815
5241,H05241,H,302.7,312.3,1787,29.9,217,1,1,0,0,0,0,LINE1-M01,2026-06-15T20:20:00,OP-103,MAT-8808
5242,L05242,L,299.1,307.0,1168,63.3,219,1,0,1,0,1,0,LINE3-M02,2026-06-15T20:25:00,OP-101,MAT-8812
5243,H05243,H,297.9,307.6,1629,54.3,224,1,0,0,1,0,0,LINE2-M01,2026-06-15T20:27:00,OP-109,MAT-8809
5244,L05244,L,301.0,310.8,1168,39.0,226,1,1,0,0,0,0,LINE1-M02,2026-06-15T20:32:00,OP-101,MAT-8800
5245,L05245,L,301.2,310.5,1274,33.6,228,1,1,0,0,0,0,LINE3-M02,2026-06-15T20:35:00,OP-106,MAT-8811
5246,L05246,L,298.1,307.0,1470,38.1,230,1,1,0,0,0,0,LINE2-M02,2026-06-15T20:41:00,OP-109,MAT-8818
5247,M05247,M,299.6,309.0,1242,65.6,233,1,0,0,0,1,0,LINE3-M01,2026-06-15T20:43:00,OP-102,MAT-8807
5248,M05248,M,297.7,307.3,1605,26.7,236,1,1,0,0,0,0,LINE3-M01,2026-06-15T20:46:00,OP-110,MAT-8814
5249,M05249,M,299.1,309.2,1423,45.7,239,1,1,0,0,0,0,LINE2-M02,2026-06-15T20:50:00,OP-103,MAT-8814
5250,L05250,L,301.5,313.2,1234,39.0,0,0,0,0,0,0,0,LINE3-M01,2026-06-15T20:53:00,OP-100,MAT-8805
5251,L05251,L,300.8,310.5,1321,53.9,2,0,0,0,0,0,0,LINE1-M01,2026-06-15T20:57:00,OP-104,MAT-8812
5252,M05252,M,297.5,307.8,1389,49.9,5,0,0,0,0,0,0,LINE1-M02,2026-06-15T21:00:00,OP-107,MAT-8812
5253,L05253,L,301.9,311.9,1168,39.9,7,0,0,0,0,0,0,LINE1-M02,2026-06-15T21:02:00,OP-106,MAT-8810
5254,M05254,M,302.0,311.3,1869,39.8,10,0,0,0,0,0,0,LINE1-M02,2026-06-15T21:06:00,OP-106,MAT-8811
5255,M05255,M,298.5,310.4,1414,31.1,13,0,0,0,0,0,0,LINE2-M01,2026-06-15T21:10:00,OP-110,MAT-8809
5256,H05256,H,300.8,310.8,1229,31.7,18,0,0,0,0,0,0,LINE3-M02,2026-06-15T21:16:00,OP-103,MAT-8816
5257,M05257,M,299.8,310.5,1401,37.1,21,0,0,0,0,0,0,LINE3-M01,2026-06-15T21:21:00,OP-108,MAT-8803
5258,L05258,L,299.5,310.5,1744,42.3,23,0,0,0,0,0,0,LINE3-M02,2026-06-15T21:24:00,OP-105,MAT-8807
5259,L05259,L,298.5,307.2,1449,50.1,25,0,0,0,0,0,0,LINE2-M01,2026-06-15T21:26:00,OP-100,MAT-8815
5260,L05260,L,302.2,311.5,1331,41.2,27,0,0,0,0,0,0,LINE1-M02,2026-06-15T21:32:00,OP-111,MAT-8816
5261,L05261,L,301.4,311.8,1564,31.7,29,0,0,0,0,0,0,LINE3-M01,2026-06-15T21:34:00,OP-103,MAT-8808
5262,M05262,M,301.0,312.0,1585,57.3,32,1,0,0,1,0,0,LINE2-M02,2026-06-15T21:38:00,OP-101,MAT-8816
5263,M05263,M,302.0,310.8,1771,38.7,35,0,0,0,0,0,0,LINE2-M01,2026-06-15T21:41:00,OP-107,MAT-8809
5264,L05264,L,296.1,307.1,1444,36.1,37,0,0,0,0,0,0,LINE2-M01,2026-06-15T21:47:00,OP-110,MAT-8801
5265,L05265,L,297.5,306.0,1418,15.0,39,1,0,0,1,0,0,LINE1-M01,2026-06-15T21:51:00,OP-105,MAT-8806
5266,L05266,L,297.9,308.3,1209,41.8,41,0,0,0,0,0,0,LINE2-M02,2026-06-15T21:54:00,OP-103,MAT-8806
5267,L05267,L,300.4,310.1,1890,40.8,43,0,0,0,0,0,0,LINE1-M02,2026-06-15T21:58:00,OP-101,MAT-8813
5268,L05268,L,298.3,307.7,1975,35.0,45,0,0,0,0,0,0,LINE3-M02,2026-06-15T22:00:00,OP-108,MAT-8805
5269,M05269,M,298.8,307.0,1588,39.3,48,0,0,0,0,0,0,LINE2-M01,2026-06-15T22:02:00,OP-111,MAT-8814
5270,M05270,M,299.2,310.3,1357,59.1,51,0,0,0,0,0,0,LINE1-M02,2026-06-15T22:07:00,OP-106,MAT-8800
5271,M05271,M,299.5,310.7,1450,41.0,54,0,0,0,0,0,0,LINE2-M01,2026-06-15T22:12:00,OP-111,MAT-8801
5272,L05272,L,299.0,308.9,1725,42.9,56,0,0,0,0,0,0,LINE1-M02,2026-06-15T22:18:00,OP-109,MAT-8813
5273,H05273,H,297.3,307.8,1864,41.3,61,0,0,0,0,0,0,LINE2-M02,2026-06-15T22:24:00,OP-107,MAT-8812
5274,L05274,L,302.3,310.6,1533,50.9,63,0,0,0,0,0,0,LINE1-M02,2026-06-15T22:29:00,OP-105,MAT-8803
5275,H05275,H,305.8,316.2,1246,53.8,68,0,0,0,0,0,0,LINE3-M01,2026-06-15T22:32:00,OP-106,MAT-8811
5276,H05276,H,298.4,307.8,1226,34.8,73,0,0,0,0,0,0,LINE2-M02,2026-06-15T22:37:00,OP-106,MAT-8805
5277,L05277,L,302.6,314.3,1515,34.1,75,0,0,0,0,0,0,LINE1-M01,2026-06-15T22:41:00,OP-104,MAT-8818
5278,H05278,H,301.8,312.2,1309,41.2,80,0,0,0,0,0,0,LINE3-M02,2026-06-15T22:44:00,OP-105,MAT-8819
5279,L05279,L,305.3,317.0,1417,35.7,82,0,0,0,0,0,0,LINE1-M01,2026-06-15T22:47:00,OP-109,MAT-8808
5280,M05280,M,298.0,309.2,1588,39.4,85,0,0,0,0,0,0,LINE2-M01,2026-06-15T22:52:00,OP-109,MAT-8800
5281,L05281,L,297.2,307.2,1168,57.7,87,0,0,0,0,0,0,LINE1-M02,2026-06-15T22:58:00,OP-100,MAT-8808
5282,H05282,H,300.2,309.9,1416,32.3,92,0,0,0,0,0,0,LINE2-M01,2026-06-15T23:04:00,OP-105,MAT-8816
5283,M05283,M,294.1,304.4,1754,51.0,95,1,0,0,1,0,0,LINE1-M01,2026-06-15T23:07:00,OP-109,MAT-8819
5284,H05284,H,298.4,310.1,1467,48.7,100,0,0,0,0,0,0,LINE1-M02,2026-06-15T23:09:00,OP-108,MAT-8800
5285,H05285,H,302.5,313.0,1800,45.8,105,0,0,0,0,0,0,LINE3-M01,2026-06-15T23:15:00,OP-108,MAT-8814
5286,L05286,L,299.9,310.7,1250,40.6,107,0,0,0,0,0,0,LINE2-M01,2026-06-15T23:18:00,OP-104,MAT-8814
5287,L05287,L,300.3,311.1,1781,21.5,109,0,0,0,0,0,0,LINE2-M01,2026-06-15T23:21:00,OP-105,MAT-8813
5288,L05288,L,301.4,310.9,1505,20.7,111,1,0,0,1,0,0,LINE1-M02,2026-06-15T23:26:00,OP-107,MAT-8802
5289,M05289,M,298.1,308.6,1669,20.8,114,0,0,0,0,0,0,LINE3-M01,2026-06-15T23:32:00,OP-106,MAT-8813
5290,M05290,M,298.3,307.4,1567,56.2,117,1,0,0,1,0,0,LINE3-M02,2026-06-15T23:36:00,OP-109,MAT-8817
5291,L05291,L,296.5,304.6,1655,28.5,119,0,0,0,0,0,0,LINE3-M01,2026-06-15T23:38:00,OP-102,MAT-8809
5292,L05292,L,297.6,307.3,1168,63.2,121,0,0,0,0,0,0,LINE2-M02,2026-06-15T23:42:00,OP-110,MAT-8817
5293,L05293,L,298.0,307.7,1625,27.8,123,0,0,0,0,0,0,LINE2-M01,2026-06-15T23:47:00,OP-110,MAT-8808
5294,H05294,H,298.7,310.9,1343,23.0,128,1,0,0,1,0,0,LINE2-M02,2026-06-15T23:51:00,OP-111,MAT-8805
5295,M05295,M,299.4,308.0,1620,27.3,131,0,0,0,0,0,0,LINE2-M01,2026-06-15T23:54:00,OP-103,MAT-8814
5296,M05296,M,302.5,313.6,1360,45.3,134,0,0,0,0,0,0,LINE1-M01,2026-06-15T23:59:00,OP-105,MAT-8810
5297,H05297,H,297.4,307.0,1216,48.0,139,0,0,0,0,0,0,LINE1-M02,2026-06-16T00:05:00,OP-101,MAT-8814
5298,L05298,L,304.8,315.3,1446,64.1,141,1,0,0,1,0,0,LINE2-M02,2026-06-16T00:07:00,OP-107,MAT-8813
5299,L05299,L,298.7,308.8,1526,43.5,143,0,0,0,0,0,0,LINE1-M01,2026-06-16T00:11:00,OP-103,MAT-8812
5300,M05300,M,304.6,315.7,1351,41.9,146,0,0,0,0,0,0,LINE2-M01,2026-06-16T00:14:00,OP-103,MAT-8805
5301,M05301,M,300.7,311.2,2129,41.8,149,1,0,0,1,0,0,LINE2-M02,2026-06-16T00:19:00,OP-109,MAT-8802
5302,H05302,H,302.1,313.3,1577,45.2,154,0,0,0,0,0,0,LINE1-M01,2026-06-16T00:21:00,OP-111,MAT-8815
5303,M05303,M,299.1,309.3,2005,59.9,157,1,0,0,1,0,0,LINE3-M01,2026-06-16T00:25:00,OP-102,MAT-8801
5304,M05304,M,297.4,308.1,1489,42.1,160,0,0,0,0,0,0,LINE2-M01,2026-06-16T00:30:00,OP-106,MAT-8816
5305,L05305,L,297.0,305.7,1302,56.1,162,0,0,0,0,0,0,LINE3-M02,2026-06-16T00:34:00,OP-109,MAT-8816
5306,M05306,M,302.6,312.0,1853,37.6,165,0,0,0,0,0,0,LINE2-M02,2026-06-16T00:37:00,OP-103,MAT-8818
5307,H05307,H,300.2,310.7,1541,30.6,170,0,0,0,0,0,0,LINE2-M01,2026-06-16T00:39:00,OP-109,MAT-8809
5308,M05308,M,298.3,308.6,1509,40.9,173,0,0,0,0,0,0,LINE3-M01,2026-06-16T00:41:00,OP-104,MAT-8814
5309,L05309,L,299.0,309.8,1520,40.4,175,0,0,0,0,0,0,LINE1-M02,2026-06-16T00:45:00,OP-109,MAT-8815
5310,H05310,H,295.5,305.1,1395,41.2,180,0,0,0,0,0,0,LINE3-M02,2026-06-16T00:48:00,OP-102,MAT-8803
5311,L05311,L,298.7,309.8,1239,34.2,182,0,0,0,0,0,0,LINE3-M01,2026-06-16T00:54:00,OP-109,MAT-8819
5312,L05312,L,300.8,311.5,1280,35.5,184,0,0,0,0,0,0,LINE3-M02,2026-06-16T00:58:00,OP-104,MAT-8815
5313,L05313,L,302.0,311.3,1291,36.6,186,0,0,0,0,0,0,LINE3-M01,2026-06-16T01:03:00,OP-103,MAT-8801
5314,H05314,H,298.3,308.1,1572,53.6,191,0,0,0,0,0,0,LINE3-M02,2026-06-16T01:07:00,OP-106,MAT-8816
5315,L05315,L,299.9,309.3,1585,32.6,193,0,0,0,0,0,0,LINE1-M01,2026-06-16T01:11:00,OP-106,MAT-8800
5316,L05316,L,299.4,308.3,1575,50.4,195,0,0,0,0,0,0,LINE1-M02,2026-06-16T01:13:00,OP-104,MAT-8818
5317,L05317,L,300.9,311.7,1801,28.7,197,0,0,0,0,0,0,LINE3-M01,2026-06-16T01:16:00,OP-110,MAT-8815
5318,H05318,H,300.0,310.2,1459,40.5,202,0,0,0,0,0,0,LINE3-M01,2026-06-16T01:22:00,OP-109,MAT-8802
5319,L05319,L,300.3,309.7,1343,36.8,204,0,0,0,0,0,0,LINE3-M01,2026-06-16T01:26:00,OP-100,MAT-8811
5320,H05320,H,298.0,308.7,1339,43.6,209,0,0,0,0,0,0,LINE3-M01,2026-06-16T01:28:00,OP-101,MAT-8813
5321,M05321,M,301.2,311.3,1482,27.0,212,0,0,0,0,0,0,LINE3-M02,2026-06-16T01:31:00,OP-100,MAT-8819
5322,L05322,L,299.6,308.3,2005,40.6,214,1,1,0,0,0,0,LINE3-M02,2026-06-16T01:34:00,OP-109,MAT-8815
5323,H05323,H,297.3,305.9,1596,46.2,219,0,0,0,0,0,0,LINE2-M01,2026-06-16T01:37:00,OP-110,MAT-8800
5324,M05324,M,301.8,311.0,1555,35.3,222,0,0,0,0,0,0,LINE3-M01,2026-06-16T01:42:00,OP-104,MAT-8817
5325,L05325,L,299.0,309.1,1858,21.2,224,1,1,0,0,0,0,LINE1-M02,2026-06-16T01:48:00,OP-109,MAT-8815
5326,L05326,L,301.2,311.0,1647,33.1,226,1,1,0,0,0,0,LINE3-M01,2026-06-16T01:53:00,OP-102,MAT-8809
5327,H05327,H,305.5,316.2,1371,34.1,231,0,0,0,0,0,0,LINE3-M01,2026-06-16T01:55:00,OP-105,MAT-8806
5328,L05328,L,302.0,310.4,1423,43.4,233,1,1,0,0,0,0,LINE1-M02,2026-06-16T02:01:00,OP-106,MAT-8815
5329,L05329,L,301.1,309.6,1313,10.7,235,1,1,1,1,0,0,LINE3-M02,2026-06-16T02:05:00,OP-108,MAT-8801
5330,L05330,L,303.6,313.7,1824,29.9,237,0,0,0,0,0,0,LINE3-M01,2026-06-16T02:11:00,OP-105,MAT-8817
5331,M05331,M,297.1,307.2,1876,49.9,240,1,1,0,1,0,0,LINE1-M01,2026-06-16T02:17:00,OP-107,MAT-8800
5332,H05332,H,303.6,313.7,1689,41.1,0,0,0,0,0,0,0,LINE3-M02,2026-06-16T02:21:00,OP-103,MAT-8801
5333,M05333,M,301.0,310.0,1168,33.8,3,0,0,0,0,0,0,LINE2-M01,2026-06-16T02:24:00,OP-111,MAT-8818
5334,H05334,H,299.2,310.0,1408,40.4,8,0,0,0,0,0,0,LINE1-M01,2026-06-16T02:28:00,OP-108,MAT-8803
5335,M05335,M,298.5,307.9,1317,51.8,11,0,0,0,0,0,0,LINE1-M01,2026-06-16T02:30:00,OP-104,MAT-8816
5336,L05336,L,298.1,307.2,1245,35.5,13,0,0,0,0,0,0,LINE3-M01,2026-06-16T02:33:00,OP-110,MAT-8808
5337,M05337,M,302.0,312.3,1911,34.4,16,0,0,0,0,0,0,LINE3-M02,2026-06-16T02:37:00,OP-102,MAT-8810
5338,L05338,L,297.8,308.7,1585,19.3,18,1,0,0,1,0,0,LINE2-M02,2026-06-16T02:41:00,OP-101,MAT-8808
5339,L05339,L,298.8,307.0,1361,45.4,20,1,0,1,0,0,0,LINE1-M01,2026-06-16T02:43:00,OP-110,MAT-8804
5340,M05340,M,299.1,309.6,1915,41.3,23,0,0,0,0,0,0,LINE2-M01,2026-06-16T02:45:00,OP-102,MAT-8808
5341,M05341,M,297.0,306.9,1810,35.4,26,0,0,0,0,0,0,LINE3-M02,2026-06-16T02:48:00,OP-101,MAT-8804
5342,L05342,L,303.0,311.7,2069,47.5,28,1,0,0,1,0,0,LINE2-M01,2026-06-16T02:54:00,OP-111,MAT-8801
5343,M05343,M,299.2,310.4,1967,57.4,31,1,0,0,1,0,0,LINE2-M02,2026-06-16T02:59:00,OP-105,MAT-8811
5344,M05344,M,302.0,312.2,1871,24.9,34,0,0,0,0,0,0,LINE2-M01,2026-06-16T03:05:00,OP-104,MAT-8807
5345,L05345,L,295.1,305.2,1512,62.3,36,1,0,0,1,0,0,LINE1-M02,2026-06-16T03:11:00,OP-104,MAT-8819
5346,M05346,M,299.0,307.8,1238,40.1,39,0,0,0,0,0,0,LINE2-M01,2026-06-16T03:17:00,OP-109,MAT-8808
5347,L05347,L,298.0,308.4,2269,32.1,41,0,0,0,0,0,0,LINE1-M02,2026-06-16T03:22:00,OP-107,MAT-8815
5348,L05348,L,300.5,311.1,1477,42.4,43,0,0,0,0,0,0,LINE2-M01,2026-06-16T03:27:00,OP-100,MAT-8811
5349,M05349,M,301.1,312.3,1247,29.9,46,0,0,0,0,0,0,LINE3-M01,2026-06-16T03:32:00,OP-105,MAT-8810
5350,M05350,M,301.5,311.0,1758,31.7,49,0,0,0,0,0,0,LINE1-M02,2026-06-16T03:36:00,OP-104,MAT-8807
5351,M05351,M,299.6,309.5,1397,32.0,52,0,0,0,0,0,0,LINE3-M02,2026-06-16T03:39:00,OP-102,MAT-8808
5352,H05352,H,299.7,310.2,1555,37.2,57,0,0,0,0,0,0,LINE1-M01,2026-06-16T03:45:00,OP-100,MAT-8804
5353,L05353,L,297.3,307.7,1176,40.2,59,0,0,0,0,0,0,LINE2-M01,2026-06-16T03:50:00,OP-110,MAT-8807
5354,M05354,M,298.9,309.4,1524,34.1,62,0,0,0,0,0,0,LINE3-M01,2026-06-16T03:55:00,OP-103,MAT-8803
5355,M05355,M,299.8,308.4,1699,40.0,65,0,0,0,0,0,0,LINE1-M01,2026-06-16T03:59:00,OP-103,MAT-8801
5356,L05356,L,298.6,308.7,1418,42.0,67,0,0,0,0,0,0,LINE1-M01,2026-06-16T04:01:00,OP-101,MAT-8809
5357,L05357,L,300.8,311.3,1376,56.2,69,0,0,0,0,0,0,LINE2-M02,2026-06-16T04:04:00,OP-108,MAT-8800
5358,L05358,L,303.0,313.1,1362,48.9,71,0,0,0,0,0,0,LINE2-M02,2026-06-16T04:07:00,OP-100,MAT-8804
5359,L05359,L,298.4,309.7,1627,44.6,73,0,0,0,0,0,0,LINE3-M02,2026-06-16T04:13:00,OP-109,MAT-8818
5360,M05360,M,297.2,307.0,1467,39.3,76,0,0,0,0,0,0,LINE2-M02,2026-06-16T04:19:00,OP-101,MAT-8802
5361,L05361,L,299.9,309.9,1717,28.2,78,0,0,0,0,0,0,LINE3-M02,2026-06-16T04:23:00,OP-107,MAT-8805
5362,L05362,L,301.4,308.6,1763,38.3,80,0,0,0,0,0,0,LINE1-M01,2026-06-16T04:29:00,OP-107,MAT-8803
5363,L05363,L,297.5,308.7,1798,21.9,82,0,0,0,0,0,0,LINE3-M01,2026-06-16T04:33:00,OP-102,MAT-8801
5364,L05364,L,298.3,309.4,1540,41.6,84,0,0,0,0,0,0,LINE1-M02,2026-06-16T04:38:00,OP-102,MAT-8804
5365,L05365,L,300.5,309.3,1511,22.9,86,0,0,0,0,0,0,LINE1-M01,2026-06-16T04:41:00,OP-104,MAT-8807
5366,L05366,L,301.9,312.0,1738,45.8,88,0,0,0,0,0,0,LINE2-M02,2026-06-16T04:46:00,OP-104,MAT-8809
5367,H05367,H,301.8,311.3,1594,5.6,93,1,0,0,1,0,0,LINE3-M02,2026-06-16T04:52:00,OP-101,MAT-8803
5368,M05368,M,299.1,309.5,1564,41.6,96,0,0,0,0,0,0,LINE1-M02,2026-06-16T04:57:00,OP-110,MAT-8811
5369,H05369,H,299.9,310.5,1587,27.9,101,0,0,0,0,0,0,LINE2-M01,2026-06-16T05:00:00,OP-111,MAT-8809
5370,M05370,M,299.6,309.4,1762,56.7,104,1,0,0,1,0,0,LINE3-M01,2026-06-16T05:05:00,OP-107,MAT-8802
5371,L05371,L,300.4,310.7,1654,51.4,106,0,0,0,0,0,0,LINE3-M01,2026-06-16T05:10:00,OP-101,MAT-8815
5372,H05372,H,298.5,308.4,1168,31.5,111,0,0,0,0,0,0,LINE3-M02,2026-06-16T05:13:00,OP-104,MAT-8816
5373,M05373,M,301.2,311.8,1311,26.1,114,0,0,0,0,0,0,LINE3-M01,2026-06-16T05:18:00,OP-106,MAT-8812
5374,M05374,M,301.4,309.2,1617,42.6,117,0,0,0,0,0,0,LINE3-M02,2026-06-16T05:23:00,OP-101,MAT-8803
5375,L05375,L,298.8,307.1,1548,50.8,119,0,0,0,0,0,0,LINE3-M02,2026-06-16T05:28:00,OP-110,MAT-8807
5376,M05376,M,297.0,305.8,1888,56.2,122,1,0,0,1,0,0,LINE3-M02,2026-06-16T05:33:00,OP-105,MAT-8804
5377,L05377,L,301.0,312.2,1694,45.0,124,0,0,0,0,0,0,LINE1-M02,2026-06-16T05:39:00,OP-106,MAT-8815
5378,M05378,M,302.4,312.1,1345,50.8,127,0,0,0,0,0,0,LINE2-M02,2026-06-16T05:43:00,OP-105,MAT-8814
5379,L05379,L,304.8,314.6,1168,44.3,129,0,0,0,0,0,0,LINE3-M01,2026-06-16T05:49:00,OP-107,MAT-8814
5380,L05380,L,302.4,312.3,1371,48.2,131,0,0,0,0,0,0,LINE1-M01,2026-06-16T05:52:00,OP-101,MAT-8815
5381,L05381,L,299.2,308.9,1285,33.4,133,0,0,0,0,0,0,LINE1-M02,2026-06-16T05:57:00,OP-109,MAT-8805
5382,H05382,H,299.3,310.6,1709,31.9,138,0,0,0,0,0,0,LINE2-M01,2026-06-16T06:02:00,OP-104,MAT-8801
5383,M05383,M,298.6,308.5,1630,44.6,141,0,0,0,0,0,0,LINE2-M01,2026-06-16T06:05:00,OP-107,MAT-8815
5384,M05384,M,299.4,309.3,1336,35.4,144,0,0,0,0,0,0,LINE2-M01,2026-06-16T06:10:00,OP-111,MAT-8808
5385,M05385,M,301.5,313.1,1725,24.1,147,0,0,0,0,0,0,LINE1-M01,2026-06-16T06:13:00,OP-102,MAT-8801
5386,M05386,M,299.2,309.9,1504,54.4,150,0,0,0,0,0,0,LINE1-M02,2026-06-16T06:18:00,OP-102,MAT-8812
5387,L05387,L,298.0,307.9,1777,46.5,152,0,0,0,0,0,0,LINE3-M02,2026-06-16T06:20:00,OP-108,MAT-8814
5388,L05388,L,296.0,304.3,1287,37.5,154,1,0,1,0,0,0,LINE1-M02,2026-06-16T06:25:00,OP-100,MAT-8801
5389,L05389,L,298.3,308.9,1501,42.2,156,0,0,0,0,0,0,LINE1-M01,2026-06-16T06:28:00,OP-105,MAT-8800
5390,L05390,L,297.8,308.7,1512,44.1,158,0,0,0,0,0,0,LINE3-M01,2026-06-16T06:33:00,OP-110,MAT-8810
5391,M05391,M,300.7,310.5,1582,29.7,161,0,0,0,0,0,0,LINE2-M02,2026-06-16T06:36:00,OP-109,MAT-8808
5392,M05392,M,298.7,309.0,1611,39.4,164,0,0,0,0,0,0,LINE1-M02,2026-06-16T06:39:00,OP-107,MAT-8812
5393,H05393,H,299.5,309.9,1168,44.1,169,0,0,0,0,0,0,LINE1-M01,2026-06-16T06:42:00,OP-105,MAT-8803
5394,M05394,M,300.5,309.7,1695,34.6,172,0,0,0,0,0,0,LINE3-M02,2026-06-16T06:45:00,OP-100,MAT-8810
5395,M05395,M,298.0,307.7,1965,31.4,175,0,0,0,0,0,0,LINE2-M01,2026-06-16T06:48:00,OP-102,MAT-8801
5396,M05396,M,300.3,309.5,1925,27.3,178,0,0,0,0,0,0,LINE2-M02,2026-06-16T06:50:00,OP-102,MAT-8805
5397,M05397,M,300.3,309.1,1893,43.3,181,0,0,0,0,0,0,LINE2-M01,2026-06-16T06:56:00,OP-111,MAT-8812
5398,L05398,L,298.4,308.2,1364,41.0,183,0,0,0,0,0,0,LINE1-M02,2026-06-16T06:58:00,OP-106,MAT-8815
5399,L05399,L,298.5,307.7,1525,37.4,185,0,0,0,0,0,0,LINE1-M01,2026-06-16T07:04:00,OP-101,MAT-8802
5400,L05400,L,296.7,307.6,1526,66.7,187,1,0,0,1,1,0,LINE1-M01,2026-06-16T07:10:00,OP-108,MAT-8807
5401,L05401,L,303.6,314.0,1265,36.9,189,0,0,0,0,0,0,LINE3-M01,2026-06-16T07:14:00,OP-106,MAT-8807
5402,L05402,L,300.9,308.7,1945,17.9,191,0,0,0,0,0,0,LINE3-M02,2026-06-16T07:19:00,OP-106,MAT-8801
5403,L05403,L,300.8,310.6,1509,42.0,193,0,0,0,0,0,0,LINE1-M02,2026-06-16T07:24:00,OP-111,MAT-8811
5404,L05404,L,301.3,311.9,1322,38.9,195,0,0,0,0,0,0,LINE3-M02,2026-06-16T07:27:00,OP-100,MAT-8804
5405,L05405,L,301.7,312.4,1563,44.1,197,0,0,0,0,0,0,LINE3-M01,2026-06-16T07:32:00,OP-104,MAT-8815
5406,H05406,H,302.9,313.8,1698,61.4,202,1,0,0,1,0,0,LINE3-M02,2026-06-16T07:37:00,OP-104,MAT-8809
5407,L05407,L,298.4,309.3,1408,44.3,204,0,0,0,0,0,0,LINE3-M02,2026-06-16T07:40:00,OP-107,MAT-8801
5408,L05408,L,300.0,312.3,1879,47.8,206,1,0,0,1,0,0,LINE1-M02,2026-06-16T07:43:00,OP-102,MAT-8808
5409,L05409,L,297.9,308.6,1287,41.4,208,0,0,0,0,0,0,LINE2-M01,2026-06-16T07:49:00,OP-101,MAT-8818
5410,M05410,M,302.0,312.9,1168,41.4,211,0,0,0,0,0,0,LINE1-M01,2026-06-16T07:52:00,OP-110,MAT-8812
5411,L05411,L,300.4,311.9,1513,40.9,213,0,0,0,0,0,0,LINE3-M02,2026-06-16T07:57:00,OP-101,MAT-8805
5412,L05412,L,297.8,307.0,1736,34.5,215,1,1,0,0,0,0,LINE1-M02,2026-06-16T08:03:00,OP-109,MAT-8809
5413,L05413,L,300.5,311.2,1673,31.1,217,0,0,0,0,0,0,LINE2-M01,2026-06-16T08:09:00,OP-108,MAT-8814
5414,H05414,H,300.9,310.5,1715,29.3,222,1,1,0,0,0,0,LINE2-M02,2026-06-16T08:11:00,OP-105,MAT-8815
5415,M05415,M,302.0,310.9,1606,51.5,225,1,1,0,0,0,0,LINE1-M02,2026-06-16T08:16:00,OP-109,MAT-8817
5416,M05416,M,297.1,306.8,1864,22.4,228,1,1,0,0,0,0,LINE1-M02,2026-06-16T08:22:00,OP-110,MAT-8803
5417,H05417,H,302.9,312.8,1539,40.4,233,1,1,0,0,0,0,LINE1-M01,2026-06-16T08:28:00,OP-107,MAT-8818
5418,H05418,H,300.4,310.0,1717,34.4,238,1,1,0,0,0,0,LINE1-M01,2026-06-16T08:32:00,OP-111,MAT-8813
5419,M05419,M,301.0,309.1,1862,26.7,0,0,0,0,0,0,0,LINE1-M02,2026-06-16T08:37:00,OP-102,MAT-8803
5420,L05420,L,300.4,310.7,1481,46.6,2,0,0,0,0,0,0,LINE3-M01,2026-06-16T08:42:00,OP-109,MAT-8805
5421,L05421,L,301.4,310.7,1168,43.4,4,0,0,0,0,0,0,LINE3-M02,2026-06-16T08:48:00,OP-109,MAT-8810
5422,H05422,H,301.0,313.0,1740,36.6,9,0,0,0,0,0,0,LINE3-M01,2026-06-16T08:51:00,OP-111,MAT-8807
5423,L05423,L,301.1,311.4,1699,33.5,11,0,0,0,0,0,0,LINE2-M01,2026-06-16T08:54:00,OP-110,MAT-8815
5424,M05424,M,301.1,311.0,1775,41.9,14,0,0,0,0,0,0,LINE2-M01,2026-06-16T09:00:00,OP-110,MAT-8813
5425,L05425,L,302.0,313.1,1518,49.5,16,0,0,0,0,0,0,LINE3-M01,2026-06-16T09:02:00,OP-104,MAT-8800
5426,M05426,M,301.9,311.3,1168,53.2,19,0,0,0,0,0,0,LINE2-M02,2026-06-16T09:05:00,OP-105,MAT-8804
5427,L05427,L,299.6,310.3,1488,44.6,21,0,0,0,0,0,0,LINE1-M01,2026-06-16T09:10:00,OP-111,MAT-8815
5428,M05428,M,298.4,309.0,1410,53.9,24,0,0,0,0,0,0,LINE1-M01,2026-06-16T09:14:00,OP-105,MAT-8801
5429,H05429,H,298.3,308.7,1933,39.7,29,0,0,0,0,0,0,LINE3-M02,2026-06-16T09:17:00,OP-104,MAT-8811
5430,L05430,L,302.5,313.1,1697,44.9,31,0,0,0,0,0,0,LINE2-M01,2026-06-16T09:19:00,OP-108,MAT-8812
5431,M05431,M,300.9,312.1,1396,41.4,34,0,0,0,0,0,0,LINE1-M01,2026-06-16T09:23:00,OP-103,MAT-8818
5432,L05432,L,299.2,308.0,1168,44.8,36,0,0,0,0,0,0,LINE2-M02,2026-06-16T09:27:00,OP-102,MAT-8818
5433,L05433,L,302.5,314.5,1168,53.7,38,0,0,0,0,0,0,LINE3-M01,2026-06-16T09:29:00,OP-108,MAT-8802
5434,M05434,M,302.1,310.5,1946,48.9,41,1,0,0,1,0,0,LINE1-M01,2026-06-16T09:32:00,OP-109,MAT-8802
5435,M05435,M,304.4,314.4,1348,30.3,44,0,0,0,0,0,0,LINE3-M02,2026-06-16T09:37:00,OP-101,MAT-8812
5436,L05436,L,302.7,312.2,1401,34.8,46,0,0,0,0,0,0,LINE2-M01,2026-06-16T09:41:00,OP-109,MAT-8812
5437,L05437,L,301.3,310.4,1717,46.5,48,0,0,0,0,0,0,LINE1-M02,2026-06-16T09:44:00,OP-104,MAT-8809
5438,L05438,L,297.2,306.6,1532,29.0,50,0,0,0,0,0,0,LINE2-M01,2026-06-16T09:46:00,OP-107,MAT-8800
5439,M05439,M,300.2,310.9,1435,43.1,53,0,0,0,0,0,0,LINE3-M01,2026-06-16T09:50:00,OP-106,MAT-8804
5440,H05440,H,301.0,310.7,1356,31.0,58,0,0,0,0,0,0,LINE3-M02,2026-06-16T09:54:00,OP-102,MAT-8805
5441,L05441,L,298.8,308.5,1514,46.9,60,0,0,0,0,0,0,LINE3-M02,2026-06-16T09:56:00,OP-103,MAT-8816
5442,L05442,L,298.5,309.1,1356,47.7,62,0,0,0,0,0,0,LINE1-M02,2026-06-16T09:58:00,OP-107,MAT-8806
5443,L05443,L,300.5,311.1,1285,23.6,64,1,0,0,1,0,0,LINE2-M01,2026-06-16T10:04:00,OP-111,MAT-8817
5444,L05444,L,301.8,311.8,1168,23.7,66,1,0,0,1,0,0,LINE1-M02,2026-06-16T10:08:00,OP-101,MAT-8806
5445,L05445,L,296.4,305.9,2293,18.2,68,0,0,0,0,0,0,LINE1-M01,2026-06-16T10:13:00,OP-106,MAT-8807
5446,L05446,L,300.8,310.3,1182,40.0,70,0,0,0,0,0,0,LINE2-M01,2026-06-16T10:17:00,OP-103,MAT-8816
5447,M05447,M,297.5,307.9,1394,54.8,73,0,0,0,0,0,0,LINE3-M01,2026-06-16T10:23:00,OP-111,MAT-8804
5448,H05448,H,299.3,310.7,1533,47.1,78,0,0,0,0,0,0,LINE3-M02,2026-06-16T10:29:00,OP-105,MAT-8817
5449,H05449,H,296.7,306.1,1168,50.6,83,0,0,0,0,0,0,LINE1-M02,2026-06-16T10:34:00,OP-109,MAT-8803
5450,L05450,L,296.7,307.6,1444,41.1,85,0,0,0,0,0,0,LINE2-M02,2026-06-16T10:37:00,OP-109,MAT-8819
5451,H05451,H,298.2,307.1,1368,31.5,90,0,0,0,0,0,0,LINE2-M01,2026-06-16T10:42:00,OP-103,MAT-8806
5452,L05452,L,297.3,307.2,1168,39.7,92,0,0,0,0,0,0,LINE3-M02,2026-06-16T10:47:00,OP-106,MAT-8802
5453,L05453,L,297.2,307.9,1308,25.6,94,0,0,0,0,0,0,LINE1-M02,2026-06-16T10:50:00,OP-110,MAT-8800
5454,L05454,L,297.6,308.0,1483,46.6,96,0,0,0,0,0,0,LINE2-M01,2026-06-16T10:55:00,OP-102,MAT-8815
5455,L05455,L,299.7,311.2,1168,34.5,98,0,0,0,0,0,0,LINE1-M01,2026-06-16T10:59:00,OP-102,MAT-8803
5456,L05456,L,297.9,308.0,1623,33.5,100,0,0,0,0,0,0,LINE3-M02,2026-06-16T11:01:00,OP-109,MAT-8814
5457,L05457,L,302.6,311.4,1176,44.8,102,0,0,0,0,0,0,LINE2-M01,2026-06-16T11:03:00,OP-108,MAT-8813
5458,H05458,H,301.6,312.5,1461,29.0,107,0,0,0,0,0,0,LINE3-M02,2026-06-16T11:05:00,OP-107,MAT-8817
5459,M05459,M,301.6,309.4,1303,41.2,110,1,0,1,0,0,0,LINE3-M02,2026-06-16T11:10:00,OP-107,MAT-8808
5460,L05460,L,301.1,311.4,1859,39.1,112,0,0,0,0,0,0,LINE1-M02,2026-06-16T11:13:00,OP-105,MAT-8810
5461,L05461,L,300.5,310.8,1247,16.5,114,1,0,0,1,0,0,LINE3-M01,2026-06-16T11:17:00,OP-108,MAT-8808
5462,H05462,H,300.1,308.5,1913,29.5,119,0,0,0,0,0,0,LINE2-M02,2026-06-16T11:21:00,OP-109,MAT-8801
5463,M05463,M,302.2,313.0,1380,41.5,122,0,0,0,0,0,0,LINE3-M02,2026-06-16T11:23:00,OP-106,MAT-8806
5464,H05464,H,300.9,310.1,1346,35.8,127,0,0,0,0,0,0,LINE1-M01,2026-06-16T11:27:00,OP-103,MAT-8803
5465,L05465,L,296.4,306.0,1480,36.6,129,0,0,0,0,0,0,LINE1-M02,2026-06-16T11:33:00,OP-103,MAT-8811
5466,L05466,L,295.3,304.0,1358,54.6,131,0,0,0,0,0,0,LINE3-M02,2026-06-16T11:35:00,OP-107,MAT-8813
5467,H05467,H,300.8,310.6,1429,64.9,136,1,0,0,1,0,0,LINE1-M01,2026-06-16T11:41:00,OP-105,MAT-8808
5468,M05468,M,298.6,309.1,1168,44.3,139,0,0,0,0,0,0,LINE2-M01,2026-06-16T11:43:00,OP-106,MAT-8811
5469,H05469,H,299.2,309.5,1360,48.2,144,0,0,0,0,0,0,LINE1-M02,2026-06-16T11:47:00,OP-105,MAT-8801
5470,H05470,H,297.6,308.7,1742,25.4,149,0,0,0,0,0,0,LINE3-M02,2026-06-16T11:50:00,OP-108,MAT-8813
5471,H05471,H,302.2,310.0,1361,41.7,154,1,0,1,0,0,0,LINE3-M01,2026-06-16T11:55:00,OP-108,MAT-8810
5472,L05472,L,299.6,310.8,1473,31.7,156,0,0,0,0,0,0,LINE2-M01,2026-06-16T11:57:00,OP-104,MAT-8805
5473,M05473,M,300.6,310.9,1385,28.8,159,0,0,0,0,0,0,LINE3-M02,2026-06-16T11:59:00,OP-107,MAT-8812
5474,H05474,H,300.8,309.5,1193,36.9,164,0,0,0,0,0,0,LINE2-M02,2026-06-16T12:03:00,OP-100,MAT-8809
5475,L05475,L,302.1,312.3,1571,37.5,166,0,0,0,0,0,0,LINE3-M02,2026-06-16T12:08:00,OP-100,MAT-8806
5476,M05476,M,297.9,307.8,1219,37.9,169,0,0,0,0,0,0,LINE1-M02,2026-06-16T12:11:00,OP-110,MAT-8814
5477,M05477,M,301.2,313.1,1382,47.4,172,0,0,0,0,0,0,LINE3-M01,2026-06-16T12:13:00,OP-106,MAT-8811
5478,L05478,L,298.0,308.1,1337,40.2,174,0,0,0,0,0,0,LINE2-M02,2026-06-16T12:16:00,OP-101,MAT-8811
5479,L05479,L,301.2,310.9,1611,35.8,176,0,0,0,0,0,0,LINE3-M01,2026-06-16T12:18:00,OP-109,MAT-8804
5480,L05480,L,298.8,308.8,1200,49.9,178,0,0,0,0,0,0,LINE3-M01,2026-06-16T12:21:00,OP-100,MAT-8805
5481,L05481,L,297.4,307.9,1611,9.9,180,1,0,0,1,0,0,LINE2-M02,2026-06-16T12:23:00,OP-104,MAT-8814
5482,L05482,L,298.3,308.8,1168,38.0,182,0,0,0,0,0,0,LINE3-M01,2026-06-16T12:28:00,OP-111,MAT-8819
5483,M05483,M,298.7,308.2,1361,33.5,185,0,0,0,0,0,0,LINE3-M02,2026-06-16T12:33:00,OP-105,MAT-8812
5484,H05484,H,301.1,309.8,1168,42.6,190,0,0,0,0,0,0,LINE1-M01,2026-06-16T12:36:00,OP-110,MAT-8817
5485,L05485,L,300.7,310.8,1216,47.0,192,0,0,0,0,0,0,LINE1-M01,2026-06-16T12:40:00,OP-103,MAT-8809
5486,L05486,L,298.8,309.7,1338,43.4,194,0,0,0,0,0,0,LINE1-M01,2026-06-16T12:42:00,OP-101,MAT-8813
5487,L05487,L,303.0,314.2,1700,37.3,196,0,0,0,0,0,0,LINE3-M01,2026-06-16T12:46:00,OP-103,MAT-8811
5488,M05488,M,297.4,306.1,1840,33.4,199,0,0,0,0,0,0,LINE2-M02,2026-06-16T12:48:00,OP-111,MAT-8806
5489,L05489,L,297.3,308.3,1181,31.1,201,0,0,0,0,0,0,LINE3-M02,2026-06-16T12:50:00,OP-101,MAT-8817
5490,L05490,L,300.3,310.4,1168,50.9,203,0,0,0,0,0,0,LINE1-M02,2026-06-16T12:53:00,OP-110,MAT-8800
5491,H05491,H,297.4,307.7,1634,37.1,208,1,1,0,0,0,0,LINE3-M02,2026-06-16T12:55:00,OP-107,MAT-8816
5492,H05492,H,299.9,309.9,1562,50.9,213,0,0,0,0,0,0,LINE3-M01,2026-06-16T12:58:00,OP-106,MAT-8818
5493,L05493,L,300.2,311.5,1168,60.5,215,1,0,0,0,1,0,LINE2-M02,2026-06-16T13:02:00,OP-103,MAT-8811
5494,L05494,L,297.9,308.4,1388,26.6,217,1,1,0,0,0,0,LINE2-M01,2026-06-16T13:06:00,OP-108,MAT-8812
5495,M05495,M,301.3,311.2,1443,19.4,220,1,1,0,1,0,0,LINE3-M02,2026-06-16T13:09:00,OP-109,MAT-8804
5496,M05496,M,298.6,307.4,1439,19.5,223,1,0,0,1,0,0,LINE1-M01,2026-06-16T13:15:00,OP-110,MAT-8806
5497,L05497,L,304.2,313.9,1735,38.6,225,0,0,0,0,0,0,LINE1-M01,2026-06-16T13:19:00,OP-100,MAT-8812
5498,L05498,L,299.8,312.6,1328,37.6,227,0,0,0,0,0,0,LINE2-M02,2026-06-16T13:24:00,OP-103,MAT-8809
5499,L05499,L,301.4,312.7,1478,45.1,229,0,0,0,0,0,0,LINE2-M02,2026-06-16T13:30:00,OP-108,MAT-8819
5500,L05500,L,300.2,309.2,1407,36.8,231,1,1,0,0,0,0,LINE2-M02,2026-06-16T13:36:00,OP-111,MAT-8805
5501,L05501,L,301.9,313.0,1187,43.7,233,1,1,0,0,0,0,LINE2-M02,2026-06-16T13:40:00,OP-107,MAT-8819
5502,H05502,H,302.0,312.3,1303,25.5,238,1,1,0,1,0,0,LINE3-M01,2026-06-16T13:43:00,OP-102,MAT-8803
5503,M05503,M,298.3,307.7,1328,31.1,0,0,0,0,0,0,0,LINE1-M01,2026-06-16T13:49:00,OP-100,MAT-8806
5504,M05504,M,302.8,313.0,1232,30.0,3,0,0,0,0,0,0,LINE3-M02,2026-06-16T13:52:00,OP-102,MAT-8816
5505,L05505,L,301.5,312.9,1693,48.3,5,0,0,0,0,0,0,LINE2-M01,2026-06-16T13:58:00,OP-109,MAT-8810
5506,L05506,L,299.6,309.0,1168,58.2,7,0,0,0,0,0,0,LINE2-M01,2026-06-16T14:01:00,OP-107,MAT-8801
5507,M05507,M,298.2,310.2,1254,38.3,10,0,0,0,0,0,0,LINE1-M01,2026-06-16T14:04:00,OP-102,MAT-8805
5508,L05508,L,301.1,312.9,1363,60.2,12,0,0,0,0,0,0,LINE3-M01,2026-06-16T14:10:00,OP-101,MAT-8805
5509,L05509,L,303.6,313.2,1202,36.2,14,0,0,0,0,0,0,LINE2-M02,2026-06-16T14:13:00,OP-109,MAT-8811
5510,M05510,M,297.9,307.3,1168,63.3,17,0,0,0,0,0,0,LINE2-M02,2026-06-16T14:18:00,OP-102,MAT-8802
5511,H05511,H,302.1,311.6,1353,42.4,22,0,0,0,0,0,0,LINE1-M02,2026-06-16T14:24:00,OP-104,MAT-8802
5512,L05512,L,299.7,309.2,1469,41.5,24,0,0,0,0,0,0,LINE1-M02,2026-06-16T14:29:00,OP-108,MAT-8805
5513,L05513,L,299.3,310.5,1485,15.5,26,1,0,0,1,0,0,LINE3-M02,2026-06-16T14:33:00,OP-104,MAT-8815
5514,M05514,M,301.0,310.1,1760,44.3,29,0,0,0,0,0,0,LINE1-M02,2026-06-16T14:37:00,OP-105,MAT-8801
5515,L05515,L,298.4,309.9,1942,28.8,31,0,0,0,0,0,0,LINE2-M01,2026-06-16T14:41:00,OP-101,MAT-8811
5516,M05516,M,299.7,310.3,1464,36.2,34,0,0,0,0,0,0,LINE2-M02,2026-06-16T14:45:00,OP-100,MAT-8809
5517,L05517,L,297.7,307.6,1446,45.1,36,0,0,0,0,0,0,LINE2-M01,2026-06-16T14:51:00,OP-111,MAT-8817
5518,M05518,M,300.8,309.3,1232,51.2,39,1,0,1,0,0,0,LINE3-M02,2026-06-16T14:53:00,OP-103,MAT-8816
5519,L05519,L,301.4,310.7,1511,28.9,41,0,0,0,0,0,0,LINE3-M01,2026-06-16T14:55:00,OP-100,MAT-8819
5520,H05520,H,297.1,307.5,1549,47.4,46,0,0,0,0,0,0,LINE3-M01,2026-06-16T14:58:00,OP-102,MAT-8818
5521,L05521,L,296.9,306.4,1492,48.8,48,0,0,0,0,0,0,LINE2-M02,2026-06-16T15:01:00,OP-103,MAT-8810
5522,M05522,M,299.9,310.3,1749,36.4,51,0,0,0,0,0,0,LINE2-M01,2026-06-16T15:07:00,OP-105,MAT-8803
5523,L05523,L,298.9,308.2,1356,49.9,53,0,0,0,0,0,0,LINE3-M01,2026-06-16T15:13:00,OP-111,MAT-8817
5524,H05524,H,299.9,310.3,1606,10.7,58,1,0,0,1,0,0,LINE3-M02,2026-06-16T15:17:00,OP-109,MAT-8819
5525,L05525,L,299.6,308.9,1452,35.1,60,0,0,0,0,0,0,LINE3-M02,2026-06-16T15:21:00,OP-102,MAT-8804
5526,L05526,L,300.9,311.7,1545,34.3,62,0,0,0,0,0,0,LINE1-M01,2026-06-16T15:24:00,OP-101,MAT-8817
5527,L05527,L,300.6,311.6,1665,22.6,64,0,0,0,0,0,0,LINE1-M01,2026-06-16T15:27:00,OP-101,MAT-8809
5528,M05528,M,299.6,310.0,1257,70.6,67,1,0,0,1,0,0,LINE3-M01,2026-06-16T15:33:00,OP-100,MAT-8810
5529,L05529,L,302.3,312.9,1369,44.1,69,0,0,0,0,0,0,LINE3-M02,2026-06-16T15:38:00,OP-100,MAT-8800
5530,L05530,L,296.4,306.7,1440,48.9,71,0,0,0,0,0,0,LINE3-M02,2026-06-16T15:42:00,OP-105,MAT-8819
5531,M05531,M,297.1,307.1,1617,47.4,74,0,0,0,0,0,0,LINE3-M02,2026-06-16T15:44:00,OP-101,MAT-8816
5532,M05532,M,298.9,308.5,1555,42.0,77,0,0,0,0,0,0,LINE3-M01,2026-06-16T15:48:00,OP-107,MAT-8817
5533,M05533,M,298.7,308.1,1541,40.4,80,0,0,0,0,0,0,LINE1-M02,2026-06-16T15:52:00,OP-101,MAT-8819
5534,L05534,L,299.8,309.8,1545,50.2,82,0,0,0,0,0,0,LINE1-M02,2026-06-16T15:57:00,OP-109,MAT-8812
5535,H05535,H,301.8,312.1,1554,47.7,87,0,0,0,0,0,0,LINE3-M02,2026-06-16T16:02:00,OP-101,MAT-8806
5536,H05536,H,299.4,310.2,1225,39.4,92,0,0,0,0,0,0,LINE1-M02,2026-06-16T16:08:00,OP-109,MAT-8810
5537,H05537,H,304.3,315.4,1530,46.0,97,0,0,0,0,0,0,LINE2-M01,2026-06-16T16:13:00,OP-111,MAT-8813
5538,L05538,L,301.2,311.6,1551,14.1,99,1,0,0,1,0,0,LINE3-M01,2026-06-16T16:19:00,OP-105,MAT-8812
5539,L05539,L,299.9,310.3,1222,46.7,101,0,0,0,0,0,0,LINE2-M02,2026-06-16T16:22:00,OP-101,MAT-8800
5540,L05540,L,298.8,310.9,1840,17.7,103,1,0,0,1,0,0,LINE1-M02,2026-06-16T16:25:00,OP-105,MAT-8818
5541,L05541,L,298.3,306.8,1459,23.0,105,0,0,0,0,0,0,LINE1-M02,2026-06-16T16:29:00,OP-110,MAT-8813
5542,L05542,L,300.1,311.4,1169,42.1,107,0,0,0,0,0,0,LINE3-M01,2026-06-16T16:33:00,OP-103,MAT-8817
5543,M05543,M,302.4,311.4,1475,40.6,110,0,0,0,0,0,0,LINE3-M01,2026-06-16T16:35:00,OP-110,MAT-8802
5544,L05544,L,299.1,308.4,1168,46.2,112,0,0,0,0,0,0,LINE3-M01,2026-06-16T16:39:00,OP-103,MAT-8806
5545,H05545,H,298.0,307.7,1922,34.8,117,0,0,0,0,0,0,LINE1-M02,2026-06-16T16:44:00,OP-101,MAT-8804
5546,H05546,H,298.4,308.8,2022,36.3,122,0,0,0,0,0,0,LINE3-M02,2026-06-16T16:47:00,OP-109,MAT-8801
5547,H05547,H,298.0,308.6,1529,37.8,127,0,0,0,0,0,0,LINE3-M01,2026-06-16T16:50:00,OP-108,MAT-8804
5548,M05548,M,300.9,311.3,1792,36.7,130,0,0,0,0,0,0,LINE2-M01,2026-06-16T16:53:00,OP-109,MAT-8815
5549,M05549,M,300.2,308.5,1860,34.0,133,0,0,0,0,0,0,LINE3-M02,2026-06-16T16:57:00,OP-107,MAT-8803
5550,L05550,L,302.1,312.1,1392,46.5,135,0,0,0,0,0,0,LINE3-M01,2026-06-16T17:01:00,OP-100,MAT-8805
5551,L05551,L,298.1,307.0,1252,35.2,137,0,0,0,0,0,0,LINE1-M01,2026-06-16T17:06:00,OP-108,MAT-8807
5552,H05552,H,300.5,309.0,2039,11.0,142,1,0,0,1,0,0,LINE1-M02,2026-06-16T17:10:00,OP-100,MAT-8807
5553,L05553,L,301.6,311.9,1349,50.8,144,0,0,0,0,0,0,LINE1-M01,2026-06-16T17:13:00,OP-105,MAT-8816
5554,H05554,H,295.1,305.2,1523,44.6,149,0,0,0,0,0,0,LINE1-M02,2026-06-16T17:15:00,OP-102,MAT-8819
5555,L05555,L,298.9,307.8,1271,41.0,151,0,0,0,0,0,0,LINE1-M01,2026-06-16T17:20:00,OP-101,MAT-8812
5556,L05556,L,298.1,306.9,1316,36.4,153,0,0,0,0,0,0,LINE1-M01,2026-06-16T17:26:00,OP-102,MAT-8808
5557,H05557,H,300.5,311.5,1298,40.1,158,0,0,0,0,0,0,LINE3-M02,2026-06-16T17:30:00,OP-110,MAT-8806
5558,M05558,M,297.3,305.7,1761,47.2,161,0,0,0,0,0,0,LINE3-M02,2026-06-16T17:33:00,OP-100,MAT-8803
5559,L05559,L,296.6,306.4,1394,37.0,163,0,0,0,0,0,0,LINE3-M02,2026-06-16T17:39:00,OP-100,MAT-8818
5560,L05560,L,302.3,313.3,1535,53.7,165,0,0,0,0,0,0,LINE3-M02,2026-06-16T17:43:00,OP-105,MAT-8808
5561,L05561,L,300.8,310.3,1751,40.3,167,0,0,0,0,0,0,LINE2-M01,2026-06-16T17:47:00,OP-110,MAT-8801
5562,L05562,L,297.3,306.7,1168,45.2,169,0,0,0,0,0,0,LINE3-M01,2026-06-16T17:50:00,OP-107,MAT-8811
5563,L05563,L,296.6,306.9,1363,45.1,171,0,0,0,0,0,0,LINE2-M02,2026-06-16T17:54:00,OP-101,MAT-8809
5564,H05564,H,298.7,308.6,1740,32.5,176,0,0,0,0,0,0,LINE2-M01,2026-06-16T17:59:00,OP-104,MAT-8810
5565,M05565,M,301.6,311.9,1359,51.3,179,0,0,0,0,0,0,LINE3-M02,2026-06-16T18:05:00,OP-104,MAT-8812
5566,H05566,H,298.8,307.7,1300,42.1,184,0,0,0,0,0,0,LINE2-M01,2026-06-16T18:07:00,OP-101,MAT-8815
5567,L05567,L,305.2,315.8,1330,36.0,186,0,0,0,0,0,0,LINE1-M02,2026-06-16T18:09:00,OP-111,MAT-8819
5568,L05568,L,298.9,309.1,1474,47.8,188,0,0,0,0,0,0,LINE1-M02,2026-06-16T18:15:00,OP-107,MAT-8815
5569,L05569,L,300.2,309.7,1746,36.2,190,0,0,0,0,0,0,LINE2-M01,2026-06-16T18:19:00,OP-102,MAT-8808
5570,H05570,H,302.9,312.7,1632,37.3,195,0,0,0,0,0,0,LINE3-M01,2026-06-16T18:21:00,OP-108,MAT-8806
5571,L05571,L,300.2,311.6,1288,40.4,197,0,0,0,0,0,0,LINE1-M02,2026-06-16T18:24:00,OP-102,MAT-8801
5572,L05572,L,300.8,310.1,1425,21.7,199,1,0,0,1,0,0,LINE2-M01,2026-06-16T18:27:00,OP-110,MAT-8801
5573,L05573,L,294.5,304.3,1425,46.0,201,1,1,0,0,0,0,LINE1-M02,2026-06-16T18:30:00,OP-102,MAT-8803
5574,M05574,M,302.2,311.6,1521,38.9,204,0,0,0,0,0,0,LINE1-M02,2026-06-16T18:36:00,OP-103,MAT-8805
5575,H05575,H,302.8,312.3,1756,28.9,209,0,0,0,0,0,0,LINE1-M01,2026-06-16T18:40:00,OP-108,MAT-8816
5576,M05576,M,300.9,310.6,1603,36.5,212,1,1,0,0,0,0,LINE3-M01,2026-06-16T18:46:00,OP-108,MAT-8803
5577,H05577,H,299.8,310.0,1756,45.2,217,0,0,0,0,0,0,LINE2-M01,2026-06-16T18:49:00,OP-110,MAT-8800
5578,M05578,M,300.4,309.7,1168,43.4,220,1,1,0,0,0,0,LINE2-M01,2026-06-16T18:53:00,OP-104,MAT-8806
5579,H05579,H,297.5,309.3,1701,35.4,225,1,1,0,0,0,0,LINE2-M01,2026-06-16T18:55:00,OP-109,MAT-8806
5580,L05580,L,298.6,309.2,1424,19.2,227,1,1,0,1,0,0,LINE3-M01,2026-06-16T19:01:00,OP-110,MAT-8814
5581,L05581,L,298.3,309.0,1584,41.1,229,0,0,0,0,0,0,LINE1-M02,2026-06-16T19:06:00,OP-104,MAT-8815
5582,M05582,M,302.3,312.4,1560,40.4,232,1,1,0,0,0,0,LINE1-M01,2026-06-16T19:11:00,OP-101,MAT-8805
5583,H05583,H,298.0,307.3,1186,48.0,237,1,1,0,0,0,0,LINE2-M01,2026-06-16T19:14:00,OP-109,MAT-8816
5584,M05584,M,300.3,311.6,1168,34.0,240,1,1,0,0,0,0,LINE2-M02,2026-06-16T19:16:00,OP-109,MAT-8818
5585,M05585,M,299.1,308.5,1238,36.1,0,0,0,0,0,0,0,LINE2-M02,2026-06-16T19:22:00,OP-108,MAT-8818
5586,M05586,M,299.8,309.4,1212,57.3,3,0,0,0,0,0,0,LINE1-M01,2026-06-16T19:24:00,OP-100,MAT-8811
5587,M05587,M,300.2,309.1,1838,29.1,6,0,0,0,0,0,0,LINE2-M01,2026-06-16T19:29:00,OP-101,MAT-8804
5588,L05588,L,297.8,308.9,1231,51.9,8,0,0,0,0,0,0,LINE1-M01,2026-06-16T19:33:00,OP-100,MAT-8800
5589,H05589,H,299.6,310.6,1199,31.8,13,0,0,0,0,0,0,LINE2-M01,2026-06-16T19:38:00,OP-109,MAT-8815
5590,H05590,H,299.3,308.1,1393,10.6,18,1,0,0,1,0,0,LINE3-M02,2026-06-16T19:40:00,OP-105,MAT-8816
5591,L05591,L,300.6,312.0,1394,37.2,20,0,0,0,0,0,0,LINE3-M01,2026-06-16T19:42:00,OP-103,MAT-8813
5592,H05592,H,298.6,310.7,1348,43.1,25,0,0,0,0,0,0,LINE1-M01,2026-06-16T19:44:00,OP-109,MAT-8816
5593,H05593,H,300.7,309.8,1210,47.1,30,0,0,0,0,0,0,LINE1-M01,2026-06-16T19:46:00,OP-106,MAT-8804
5594,M05594,M,297.5,308.0,1329,46.1,33,0,0,0,0,0,0,LINE3-M02,2026-06-16T19:51:00,OP-108,MAT-8805
5595,L05595,L,299.5,309.8,1381,36.8,35,0,0,0,0,0,0,LINE2-M02,2026-06-16T19:55:00,OP-105,MAT-8808
5596,L05596,L,300.9,310.0,1513,45.6,37,0,0,0,0,0,0,LINE2-M02,2026-06-16T19:57:00,OP-105,MAT-8819
5597,L05597,L,303.1,311.6,1859,28.5,39,0,0,0,0,0,0,LINE1-M01,2026-06-16T20:01:00,OP-107,MAT-8805
5598,L05598,L,302.0,311.3,1651,38.8,41,0,0,0,0,0,0,LINE1-M02,2026-06-16T20:04:00,OP-111,MAT-8815
5599,L05599,L,297.6,307.9,1380,46.9,43,0,0,0,0,0,0,LINE2-M02,2026-06-16T20:06:00,OP-105,MAT-8805
5600,M05600,M,300.8,310.1,1232,35.6,46,0,0,0,0,0,0,LINE3-M02,2026-06-16T20:10:00,OP-104,MAT-8804
5601,L05601,L,300.1,309.6,1343,34.0,48,0,0,0,0,0,0,LINE1-M02,2026-06-16T20:14:00,OP-101,MAT-8819
5602,L05602,L,299.5,309.3,1617,40.1,50,0,0,0,0,0,0,LINE3-M02,2026-06-16T20:20:00,OP-103,MAT-8802
5603,L05603,L,296.9,307.3,1278,54.8,52,0,0,0,0,0,0,LINE1-M02,2026-06-16T20:24:00,OP-102,MAT-8802
5604,M05604,M,300.6,310.9,1168,40.3,55,0,0,0,0,0,0,LINE2-M01,2026-06-16T20:28:00,OP-104,MAT-8800
5605,L05605,L,299.5,312.1,1809,40.9,57,0,0,0,0,0,0,LINE3-M01,2026-06-16T20:33:00,OP-111,MAT-8816
5606,M05606,M,301.7,310.9,1442,40.4,60,0,0,0,0,0,0,LINE2-M02,2026-06-16T20:36:00,OP-105,MAT-8816
5607,M05607,M,293.6,303.8,1446,36.2,63,0,0,0,0,0,0,LINE2-M02,2026-06-16T20:41:00,OP-109,MAT-8818
5608,M05608,M,300.4,308.5,1723,51.2,66,1,0,0,1,0,0,LINE3-M01,2026-06-16T20:44:00,OP-111,MAT-8809
5609,H05609,H,296.5,307.1,1757,51.9,71,1,0,0,1,0,0,LINE3-M02,2026-06-16T20:49:00,OP-100,MAT-8814
5610,L05610,L,302.7,312.8,1612,47.3,73,0,0,0,0,0,0,LINE1-M01,2026-06-16T20:52:00,OP-105,MAT-8816
5611,L05611,L,302.5,311.5,1168,46.1,75,0,0,0,0,0,0,LINE2-M02,2026-06-16T20:58:00,OP-101,MAT-8803
5612,M05612,M,302.4,312.1,1540,30.8,78,0,0,0,0,0,0,LINE2-M02,2026-06-16T21:02:00,OP-101,MAT-8818
5613,L05613,L,300.9,310.8,1515,45.9,80,0,0,0,0,0,0,LINE1-M01,2026-06-16T21:07:00,OP-100,MAT-8804
5614,H05614,H,297.2,308.1,1571,26.9,85,0,0,0,0,0,0,LINE1-M02,2026-06-16T21:12:00,OP-101,MAT-8817
5615,L05615,L,300.4,310.0,1318,39.9,87,0,0,0,0,0,0,LINE1-M01,2026-06-16T21:15:00,OP-106,MAT-8802
5616,H05616,H,300.0,311.0,1834,47.3,92,1,0,0,1,0,0,LINE2-M01,2026-06-16T21:20:00,OP-109,MAT-8815
5617,L05617,L,301.5,312.1,1605,29.9,94,0,0,0,0,0,0,LINE2-M02,2026-06-16T21:25:00,OP-108,MAT-8800
5618,L05618,L,297.1,307.0,1560,30.8,96,0,0,0,0,0,0,LINE3-M02,2026-06-16T21:31:00,OP-100,MAT-8802
5619,L05619,L,298.6,309.6,1411,32.2,98,0,0,0,0,0,0,LINE3-M02,2026-06-16T21:34:00,OP-100,MAT-8819
5620,L05620,L,299.9,312.6,1446,50.8,100,0,0,0,0,0,0,LINE1-M02,2026-06-16T21:40:00,OP-107,MAT-8807
5621,L05621,L,299.0,309.5,1168,61.2,102,0,0,0,0,0,0,LINE1-M02,2026-06-16T21:46:00,OP-105,MAT-8819
5622,M05622,M,300.4,309.2,1835,54.8,105,1,0,0,1,0,0,LINE1-M02,2026-06-16T21:48:00,OP-110,MAT-8819
5623,L05623,L,301.5,312.1,1807,27.4,107,0,0,0,0,0,0,LINE1-M02,2026-06-16T21:51:00,OP-110,MAT-8812
5624,H05624,H,298.2,309.4,1567,47.2,112,0,0,0,0,0,0,LINE1-M02,2026-06-16T21:53:00,OP-103,MAT-8814
5625,L05625,L,295.7,305.1,1746,35.6,114,0,0,0,0,0,0,LINE1-M01,2026-06-16T21:55:00,OP-102,MAT-8803
5626,L05626,L,300.3,311.0,1526,35.4,116,0,0,0,0,0,0,LINE1-M02,2026-06-16T22:01:00,OP-101,MAT-8801
5627,L05627,L,301.8,311.4,2313,43.2,118,1,0,0,1,0,0,LINE1-M02,2026-06-16T22:07:00,OP-109,MAT-8806
5628,L05628,L,299.8,309.1,1522,42.6,120,0,0,0,0,0,0,LINE2-M01,2026-06-16T22:13:00,OP-100,MAT-8803
5629,L05629,L,299.6,309.7,1778,37.8,122,0,0,0,0,0,0,LINE1-M01,2026-06-16T22:18:00,OP-108,MAT-8804
5630,M05630,M,295.8,305.7,1334,34.1,125,0,0,0,0,0,0,LINE3-M02,2026-06-16T22:21:00,OP-108,MAT-8812
5631,L05631,L,302.9,313.3,1513,24.3,127,0,0,0,0,0,0,LINE1-M01,2026-06-16T22:26:00,OP-105,MAT-8808
5632,L05632,L,302.7,313.5,1363,26.2,129,0,0,0,0,0,0,LINE1-M02,2026-06-16T22:28:00,OP-111,MAT-8805
5633,L05633,L,296.8,305.7,1834,36.2,131,0,0,0,0,0,0,LINE2-M01,2026-06-16T22:32:00,OP-105,MAT-8814
5634,M05634,M,301.5,311.9,1578,43.5,134,0,0,0,0,0,0,LINE2-M01,2026-06-16T22:35:00,OP-104,MAT-8804
5635,H05635,H,297.4,308.1,1689,32.4,139,0,0,0,0,0,0,LINE3-M02,2026-06-16T22:37:00,OP-110,MAT-8810
5636,M05636,M,300.6,310.7,1284,47.6,142,0,0,0,0,0,0,LINE1-M01,2026-06-16T22:40:00,OP-102,MAT-8800
5637,H05637,H,301.3,309.7,1342,51.4,147,1,0,1,0,0,0,LINE1-M01,2026-06-16T22:43:00,OP-101,MAT-8816
5638,H05638,H,299.4,307.7,1377,40.1,152,1,0,1,0,0,0,LINE1-M02,2026-06-16T22:46:00,OP-108,MAT-8800
5639,L05639,L,302.5,312.9,1578,38.6,154,0,0,0,0,0,0,LINE1-M01,2026-06-16T22:51:00,OP-111,MAT-8818
5640,L05640,L,301.0,310.7,1168,53.7,156,0,0,0,0,0,0,LINE1-M02,2026-06-16T22:56:00,OP-100,MAT-8805
5641,M05641,M,300.9,310.1,1855,35.9,159,0,0,0,0,0,0,LINE3-M01,2026-06-16T23:02:00,OP-110,MAT-8801
5642,L05642,L,300.6,309.1,1793,31.2,161,0,0,0,0,0,0,LINE3-M02,2026-06-16T23:06:00,OP-104,MAT-8810
5643,L05643,L,296.1,306.3,1391,47.6,163,0,0,0,0,0,0,LINE2-M02,2026-06-16T23:11:00,OP-107,MAT-8803
5644,M05644,M,299.9,312.0,1168,23.9,166,1,0,0,1,0,0,LINE1-M02,2026-06-16T23:15:00,OP-102,MAT-8814
5645,M05645,M,301.3,311.5,1629,54.3,169,1,0,0,1,0,0,LINE1-M02,2026-06-16T23:18:00,OP-106,MAT-8813
5646,M05646,M,300.9,311.6,1168,41.9,172,0,0,0,0,0,0,LINE2-M02,2026-06-16T23:22:00,OP-105,MAT-8808
5647,L05647,L,303.6,313.6,1621,35.0,174,0,0,0,0,0,0,LINE3-M01,2026-06-16T23:25:00,OP-104,MAT-8807
5648,M05648,M,299.2,311.6,1730,41.1,177,0,0,0,0,0,0,LINE2-M02,2026-06-16T23:31:00,OP-103,MAT-8817
5649,L05649,L,299.3,308.6,1257,14.9,179,1,0,0,1,0,0,LINE2-M02,2026-06-16T23:34:00,OP-111,MAT-8807
5650,L05650,L,299.4,309.7,1245,28.4,181,0,0,0,0,0,0,LINE3-M02,2026-06-16T23:39:00,OP-104,MAT-8819
5651,H05651,H,301.0,311.4,1168,38.6,186,0,0,0,0,0,0,LINE3-M01,2026-06-16T23:42:00,OP-101,MAT-8806
5652,H05652,H,296.4,307.8,1519,24.4,191,0,0,0,0,0,0,LINE1-M02,2026-06-16T23:48:00,OP-110,MAT-8814
5653,L05653,L,298.5,310.1,1491,38.1,193,0,0,0,0,0,0,LINE1-M01,2026-06-16T23:50:00,OP-105,MAT-8816
5654,M05654,M,299.0,308.0,1722,40.5,196,0,0,0,0,0,0,LINE1-M02,2026-06-16T23:54:00,OP-102,MAT-8817
5655,M05655,M,299.5,308.8,1299,36.0,199,0,0,0,0,0,0,LINE2-M01,2026-06-16T23:59:00,OP-109,MAT-8802
5656,L05656,L,297.8,308.2,1443,48.0,201,0,0,0,0,0,0,LINE1-M02,2026-06-17T00:03:00,OP-107,MAT-8819
5657,L05657,L,299.8,310.4,1300,31.5,203,0,0,0,0,0,0,LINE3-M01,2026-06-17T00:09:00,OP-100,MAT-8800
5658,M05658,M,295.2,304.1,1430,57.0,206,1,1,0,0,0,0,LINE2-M02,2026-06-17T00:12:00,OP-103,MAT-8804
5659,L05659,L,302.3,310.2,1472,36.8,208,0,0,0,0,0,0,LINE1-M01,2026-06-17T00:18:00,OP-106,MAT-8806
5660,L05660,L,302.5,312.9,1168,50.9,210,0,0,0,0,0,0,LINE3-M01,2026-06-17T00:21:00,OP-101,MAT-8809
5661,L05661,L,300.6,310.9,1168,32.5,212,1,1,0,0,0,0,LINE3-M02,2026-06-17T00:27:00,OP-101,MAT-8808
5662,L05662,L,300.1,310.1,1525,42.4,214,0,0,0,0,0,0,LINE1-M01,2026-06-17T00:33:00,OP-106,MAT-8808
5663,M05663,M,298.5,311.4,1682,30.6,217,0,0,0,0,0,0,LINE3-M01,2026-06-17T00:36:00,OP-106,MAT-8815
5664,L05664,L,303.1,313.7,1783,42.0,219,0,0,0,0,0,0,LINE2-M02,2026-06-17T00:42:00,OP-100,MAT-8811
5665,H05665,H,300.9,310.6,2401,55.6,224,1,0,0,1,0,0,LINE2-M02,2026-06-17T00:48:00,OP-105,MAT-8804
5666,M05666,M,301.7,311.3,1474,51.7,227,1,1,0,0,0,0,LINE3-M01,2026-06-17T00:53:00,OP-102,MAT-8809
5667,L05667,L,297.2,308.0,1873,47.4,229,1,0,0,1,0,0,LINE1-M01,2026-06-17T00:55:00,OP-104,MAT-8818
5668,M05668,M,301.4,311.4,1450,38.3,232,1,1,0,0,0,0,LINE1-M01,2026-06-17T00:59:00,OP-111,MAT-8811
5669,L05669,L,301.4,310.9,1745,41.4,234,1,1,0,0,0,0,LINE1-M01,2026-06-17T01:02:00,OP-109,MAT-8810
5670,M05670,M,300.3,311.0,1760,23.3,237,0,0,0,0,0,0,LINE1-M02,2026-06-17T01:06:00,OP-110,MAT-8805
5671,M05671,M,302.3,311.4,1649,24.8,240,1,1,0,0,0,0,LINE3-M01,2026-06-17T01:11:00,OP-101,MAT-8805
5672,L05672,L,299.7,310.1,1391,43.5,0,0,0,0,0,0,0,LINE1-M01,2026-06-17T01:14:00,OP-101,MAT-8814
5673,H05673,H,297.8,308.0,1835,23.0,5,0,0,0,0,0,0,LINE1-M02,2026-06-17T01:20:00,OP-102,MAT-8809
5674,H05674,H,301.5,312.6,1378,47.1,10,0,0,0,0,0,0,LINE3-M02,2026-06-17T01:25:00,OP-104,MAT-8807
5675,H05675,H,298.8,307.7,1639,48.2,15,0,0,0,0,0,0,LINE1-M02,2026-06-17T01:27:00,OP-110,MAT-8819
5676,L05676,L,298.8,309.0,1748,39.6,17,0,0,0,0,0,0,LINE1-M01,2026-06-17T01:33:00,OP-105,MAT-8808
5677,L05677,L,301.0,309.5,1430,37.9,19,0,0,0,0,0,0,LINE1-M02,2026-06-17T01:38:00,OP-103,MAT-8819
5678,L05678,L,302.4,312.2,1740,30.8,21,0,0,0,0,0,0,LINE2-M01,2026-06-17T01:40:00,OP-102,MAT-8800
5679,H05679,H,301.5,311.6,1442,42.6,26,0,0,0,0,0,0,LINE3-M02,2026-06-17T01:46:00,OP-108,MAT-8809
5680,L05680,L,301.9,311.7,1385,51.7,28,0,0,0,0,0,0,LINE1-M02,2026-06-17T01:50:00,OP-110,MAT-8814
5681,H05681,H,299.8,309.3,1315,33.3,33,0,0,0,0,0,0,LINE1-M02,2026-06-17T01:54:00,OP-106,MAT-8819
5682,L05682,L,299.1,309.1,1893,37.9,35,0,0,0,0,0,0,LINE2-M02,2026-06-17T02:00:00,OP-108,MAT-8810
5683,M05683,M,298.5,309.2,1466,51.5,38,0,0,0,0,0,0,LINE1-M01,2026-06-17T02:06:00,OP-101,MAT-8802
5684,L05684,L,302.1,312.4,1459,27.5,40,0,0,0,0,0,0,LINE2-M01,2026-06-17T02:10:00,OP-102,MAT-8812
5685,L05685,L,297.8,306.3,1368,41.0,42,1,0,1,0,0,0,LINE3-M01,2026-06-17T02:12:00,OP-106,MAT-8807
5686,L05686,L,302.2,310.7,1701,61.2,44,1,0,0,1,0,0,LINE3-M01,2026-06-17T02:18:00,OP-106,MAT-8811
5687,L05687,L,300.7,309.0,1607,43.2,46,0,0,0,0,0,0,LINE2-M01,2026-06-17T02:24:00,OP-110,MAT-8809
5688,M05688,M,297.6,306.6,1335,57.2,49,0,0,0,0,0,0,LINE1-M01,2026-06-17T02:27:00,OP-107,MAT-8809
5689,L05689,L,296.1,305.3,1949,41.0,51,0,0,0,0,0,0,LINE2-M02,2026-06-17T02:32:00,OP-101,MAT-8809
5690,L05690,L,301.4,311.0,1465,46.1,53,0,0,0,0,0,0,LINE3-M01,2026-06-17T02:34:00,OP-101,MAT-8812
5691,M05691,M,301.2,312.2,1319,42.5,56,0,0,0,0,0,0,LINE3-M02,2026-06-17T02:37:00,OP-103,MAT-8801
5692,H05692,H,297.9,307.7,1620,57.9,61,1,0,0,1,0,0,LINE2-M01,2026-06-17T02:42:00,OP-107,MAT-8801
5693,L05693,L,300.9,311.3,1444,39.0,63,0,0,0,0,0,0,LINE1-M02,2026-06-17T02:47:00,OP-109,MAT-8811
5694,L05694,L,301.5,313.2,1958,28.7,65,0,0,0,0,0,0,LINE1-M02,2026-06-17T02:49:00,OP-108,MAT-8819
5695,M05695,M,294.0,303.4,1168,30.3,68,0,0,0,0,0,0,LINE2-M02,2026-06-17T02:52:00,OP-107,MAT-8808
5696,M05696,M,302.4,313.6,1429,42.0,71,0,0,0,0,0,0,LINE1-M02,2026-06-17T02:56:00,OP-103,MAT-8818
5697,L05697,L,297.6,308.8,1168,49.9,73,0,0,0,0,0,0,LINE2-M01,2026-06-17T03:02:00,OP-100,MAT-8800
5698,M05698,M,299.1,308.8,1895,32.3,76,0,0,0,0,0,0,LINE2-M01,2026-06-17T03:08:00,OP-106,MAT-8806
5699,M05699,M,298.9,308.3,1168,45.4,79,0,0,0,0,0,0,LINE3-M01,2026-06-17T03:14:00,OP-107,MAT-8802
5700,H05700,H,297.5,307.7,1543,48.4,84,0,0,0,0,0,0,LINE1-M02,2026-06-17T03:20:00,OP-109,MAT-8804
5701,M05701,M,303.3,313.6,1474,37.2,87,0,0,0,0,0,0,LINE2-M02,2026-06-17T03:22:00,OP-107,MAT-8813
5702,L05702,L,301.6,309.6,1632,43.1,89,0,0,0,0,0,0,LINE3-M02,2026-06-17T03:27:00,OP-111,MAT-8804
5703,M05703,M,298.7,308.6,1168,33.6,92,0,0,0,0,0,0,LINE1-M01,2026-06-17T03:31:00,OP-102,MAT-8816
5704,M05704,M,299.0,309.2,1593,50.9,95,0,0,0,0,0,0,LINE2-M01,2026-06-17T03:36:00,OP-107,MAT-8815
5705,M05705,M,300.8,312.4,1631,36.3,98,0,0,0,0,0,0,LINE2-M01,2026-06-17T03:41:00,OP-101,MAT-8807
5706,M05706,M,298.5,310.7,1585,38.2,101,0,0,0,0,0,0,LINE1-M02,2026-06-17T03:46:00,OP-105,MAT-8819
5707,H05707,H,297.4,306.0,1513,56.9,106,1,0,0,1,0,0,LINE3-M01,2026-06-17T03:48:00,OP-105,MAT-8813
5708,M05708,M,303.5,313.1,1224,54.0,109,0,0,0,0,0,0,LINE1-M02,2026-06-17T03:53:00,OP-104,MAT-8817
5709,L05709,L,297.1,306.8,1329,55.7,111,0,0,0,0,0,0,LINE2-M01,2026-06-17T03:56:00,OP-103,MAT-8810
5710,L05710,L,299.9,309.1,1333,33.1,113,0,0,0,0,0,0,LINE2-M02,2026-06-17T04:01:00,OP-110,MAT-8816
5711,L05711,L,304.0,314.1,1806,40.8,115,0,0,0,0,0,0,LINE3-M02,2026-06-17T04:06:00,OP-104,MAT-8808
5712,L05712,L,302.1,313.0,1185,38.5,117,0,0,0,0,0,0,LINE1-M01,2026-06-17T04:11:00,OP-101,MAT-8804
5713,L05713,L,302.8,314.2,1611,36.4,119,0,0,0,0,0,0,LINE2-M01,2026-06-17T04:16:00,OP-105,MAT-8801
5714,M05714,M,297.5,307.7,1396,37.6,122,0,0,0,0,0,0,LINE2-M01,2026-06-17T04:21:00,OP-108,MAT-8813
5715,M05715,M,300.8,309.3,1517,33.8,125,0,0,0,0,0,0,LINE3-M02,2026-06-17T04:24:00,OP-104,MAT-8809
5716,L05716,L,299.2,309.2,1561,52.0,127,0,0,0,0,0,0,LINE2-M01,2026-06-17T04:27:00,OP-110,MAT-8816
5717,H05717,H,297.5,305.6,1919,49.0,132,1,0,0,1,0,0,LINE2-M02,2026-06-17T04:32:00,OP-102,MAT-8819
5718,L05718,L,299.0,309.7,1624,31.9,134,0,0,0,0,0,0,LINE2-M01,2026-06-17T04:37:00,OP-103,MAT-8819
5719,M05719,M,297.3,307.8,1815,47.6,137,1,0,0,1,0,0,LINE2-M02,2026-06-17T04:42:00,OP-104,MAT-8803
5720,L05720,L,296.5,307.6,1768,18.6,139,1,0,0,1,0,0,LINE3-M01,2026-06-17T04:44:00,OP-111,MAT-8801
5721,L05721,L,299.7,308.6,1247,45.9,141,0,0,0,0,0,0,LINE1-M02,2026-06-17T04:50:00,OP-111,MAT-8803
5722,M05722,M,302.7,312.7,1790,21.6,144,0,0,0,0,0,0,LINE1-M01,2026-06-17T04:52:00,OP-110,MAT-8800
5723,L05723,L,298.9,309.5,1566,28.0,146,0,0,0,0,0,0,LINE1-M02,2026-06-17T04:56:00,OP-107,MAT-8816
5724,L05724,L,298.4,308.6,1831,39.2,148,0,0,0,0,0,0,LINE3-M02,2026-06-17T05:02:00,OP-105,MAT-8816
5725,L05725,L,299.2,309.9,1329,29.9,150,0,0,0,0,0,0,LINE2-M02,2026-06-17T05:06:00,OP-101,MAT-8803
5726,M05726,M,300.5,308.5,1648,48.9,153,0,0,0,0,0,0,LINE2-M02,2026-06-17T05:12:00,OP-101,MAT-8819
5727,M05727,M,301.1,311.2,1561,45.6,156,0,0,0,0,0,0,LINE1-M02,2026-06-17T05:15:00,OP-101,MAT-8800
5728,H05728,H,300.2,310.5,1698,50.7,161,1,0,0,1,0,0,LINE1-M02,2026-06-17T05:18:00,OP-110,MAT-8816
5729,L05729,L,301.3,310.2,1812,51.1,163,1,0,0,1,0,0,LINE1-M01,2026-06-17T05:20:00,OP-102,MAT-8812
5730,L05730,L,301.8,310.8,1437,34.4,165,0,0,0,0,0,0,LINE1-M02,2026-06-17T05:22:00,OP-102,MAT-8801
5731,L05731,L,301.4,312.0,1711,39.5,167,0,0,0,0,0,0,LINE1-M02,2026-06-17T05:25:00,OP-102,MAT-8818
5732,L05732,L,298.5,307.2,1642,32.1,169,0,0,0,0,0,0,LINE2-M01,2026-06-17T05:31:00,OP-100,MAT-8817
5733,L05733,L,296.6,307.4,1493,47.5,171,0,0,0,0,0,0,LINE3-M02,2026-06-17T05:34:00,OP-100,MAT-8809
5734,L05734,L,299.3,309.3,1669,30.9,173,0,0,0,0,0,0,LINE1-M01,2026-06-17T05:39:00,OP-111,MAT-8818
5735,M05735,M,301.8,311.9,1612,26.9,176,0,0,0,0,0,0,LINE2-M02,2026-06-17T05:42:00,OP-110,MAT-8810
5736,M05736,M,298.1,310.2,1744,38.7,179,0,0,0,0,0,0,LINE2-M01,2026-06-17T05:44:00,OP-110,MAT-8816
5737,H05737,H,299.9,308.9,1924,39.6,184,0,0,0,0,0,0,LINE3-M02,2026-06-17T05:50:00,OP-103,MAT-8802
5738,L05738,L,299.8,308.2,1471,36.0,186,0,0,0,0,0,0,LINE3-M01,2026-06-17T05:54:00,OP-104,MAT-8801
5739,L05739,L,301.1,311.5,1591,49.9,188,0,0,0,0,0,0,LINE1-M01,2026-06-17T05:59:00,OP-106,MAT-8808
5740,L05740,L,301.5,314.0,1281,42.5,190,0,0,0,0,0,0,LINE1-M01,2026-06-17T06:02:00,OP-104,MAT-8804
5741,L05741,L,298.8,308.0,1702,41.0,192,0,0,0,0,0,0,LINE3-M02,2026-06-17T06:08:00,OP-106,MAT-8805
5742,L05742,L,300.5,309.5,1709,44.6,194,0,0,0,0,0,0,LINE3-M01,2026-06-17T06:12:00,OP-110,MAT-8819
5743,M05743,M,301.5,309.9,1276,35.2,197,1,0,1,0,0,0,LINE2-M01,2026-06-17T06:17:00,OP-101,MAT-8810
5744,L05744,L,301.7,313.1,1691,25.4,199,0,0,0,0,0,0,LINE1-M01,2026-06-17T06:22:00,OP-103,MAT-8804
5745,M05745,M,299.0,310.0,1168,47.5,202,0,0,0,0,0,0,LINE3-M02,2026-06-17T06:26:00,OP-101,MAT-8819
5746,M05746,M,301.4,311.2,1168,41.0,205,1,1,0,0,0,0,LINE2-M02,2026-06-17T06:32:00,OP-102,MAT-8815
5747,L05747,L,299.0,309.5,1408,61.7,207,1,0,0,1,1,0,LINE1-M01,2026-06-17T06:37:00,OP-107,MAT-8816
5748,L05748,L,298.5,308.7,1955,41.1,209,1,1,0,0,0,0,LINE1-M01,2026-06-17T06:40:00,OP-111,MAT-8819
5749,L05749,L,295.4,306.5,1613,20.6,211,1,0,0,1,0,0,LINE1-M01,2026-06-17T06:42:00,OP-110,MAT-8814
5750,L05750,L,303.4,313.4,1846,46.4,213,0,0,0,0,0,0,LINE2-M01,2026-06-17T06:48:00,OP-100,MAT-8800
5751,L05751,L,298.5,308.7,1656,54.7,215,1,0,0,1,1,0,LINE2-M02,2026-06-17T06:50:00,OP-106,MAT-8810
5752,M05752,M,301.6,311.5,1250,51.8,218,0,0,0,0,0,0,LINE3-M02,2026-06-17T06:54:00,OP-111,MAT-8808
5753,H05753,H,297.2,307.6,1695,39.7,223,0,0,0,0,0,0,LINE1-M01,2026-06-17T07:00:00,OP-106,MAT-8817
5754,L05754,L,299.1,310.2,1773,38.6,225,0,0,0,0,0,0,LINE2-M02,2026-06-17T07:05:00,OP-111,MAT-8815
5755,L05755,L,301.4,310.0,1616,28.7,227,1,1,0,0,0,0,LINE2-M01,2026-06-17T07:10:00,OP-100,MAT-8818
5756,L05756,L,297.7,307.0,1528,54.1,229,1,1,0,0,1,0,LINE1-M01,2026-06-17T07:13:00,OP-105,MAT-8814
5757,M05757,M,298.8,309.0,1422,36.1,232,1,1,0,0,0,0,LINE3-M02,2026-06-17T07:15:00,OP-105,MAT-8811
5758,M05758,M,301.2,310.7,1698,42.3,235,1,1,0,0,0,0,LINE1-M02,2026-06-17T07:18:00,OP-107,MAT-8814
5759,H05759,H,301.1,311.1,1335,43.6,240,1,1,0,0,0,0,LINE1-M01,2026-06-17T07:20:00,OP-102,MAT-8808
5760,M05760,M,300.4,308.9,1640,31.5,0,0,0,0,0,0,0,LINE3-M01,2026-06-17T07:25:00,OP-109,MAT-8819
5761,M05761,M,298.3,306.0,1626,33.3,3,0,0,0,0,0,0,LINE3-M01,2026-06-17T07:28:00,OP-103,MAT-8816
5762,L05762,L,298.5,307.1,1597,9.9,5,1,0,0,1,0,0,LINE3-M01,2026-06-17T07:34:00,OP-108,MAT-8812
5763,M05763,M,301.0,310.8,1267,62.1,8,0,0,0,0,0,0,LINE3-M02,2026-06-17T07:40:00,OP-108,MAT-8803
5764,H05764,H,304.0,313.7,1741,61.0,13,1,0,0,1,0,0,LINE2-M01,2026-06-17T07:42:00,OP-107,MAT-8817
5765,L05765,L,296.6,306.6,1386,40.0,15,0,0,0,0,0,0,LINE2-M02,2026-06-17T07:48:00,OP-100,MAT-8806
5766,L05766,L,300.0,308.9,1287,30.8,17,0,0,0,0,0,0,LINE3-M02,2026-06-17T07:54:00,OP-100,MAT-8817
5767,L05767,L,299.0,309.4,1601,30.2,19,0,0,0,0,0,0,LINE1-M01,2026-06-17T07:59:00,OP-100,MAT-8814
5768,M05768,M,297.8,306.1,1312,42.7,22,1,0,1,0,0,0,LINE2-M02,2026-06-17T08:05:00,OP-110,MAT-8807
5769,H05769,H,298.5,308.6,1542,58.2,27,1,0,0,1,0,0,LINE2-M02,2026-06-17T08:10:00,OP-108,MAT-8818
5770,M05770,M,302.8,312.8,1406,39.8,30,0,0,0,0,0,0,LINE2-M01,2026-06-17T08:13:00,OP-106,MAT-8803
5771,H05771,H,296.2,306.9,1168,47.2,35,0,0,0,0,0,0,LINE3-M02,2026-06-17T08:19:00,OP-107,MAT-8806
5772,L05772,L,299.9,309.7,1419,52.9,37,0,0,0,0,0,0,LINE1-M02,2026-06-17T08:25:00,OP-106,MAT-8802
5773,M05773,M,301.4,310.9,1377,47.9,40,0,0,0,0,0,0,LINE2-M01,2026-06-17T08:29:00,OP-104,MAT-8814
5774,L05774,L,299.2,307.1,1346,49.8,42,1,0,1,0,0,0,LINE2-M02,2026-06-17T08:32:00,OP-100,MAT-8800
5775,H05775,H,299.8,310.4,1275,34.4,47,0,0,0,0,0,0,LINE1-M02,2026-06-17T08:34:00,OP-106,MAT-8818
5776,M05776,M,301.8,312.3,1378,51.9,50,0,0,0,0,0,0,LINE3-M01,2026-06-17T08:38:00,OP-105,MAT-8802
5777,M05777,M,300.1,308.9,1519,39.6,53,0,0,0,0,0,0,LINE2-M02,2026-06-17T08:41:00,OP-105,MAT-8808
5778,H05778,H,299.4,309.6,1529,27.5,58,0,0,0,0,0,0,LINE2-M02,2026-06-17T08:46:00,OP-101,MAT-8801
5779,H05779,H,299.1,310.1,1974,54.4,63,1,0,0,1,0,0,LINE2-M01,2026-06-17T08:51:00,OP-102,MAT-8805
5780,L05780,L,296.1,306.6,1168,36.7,65,0,0,0,0,0,0,LINE1-M01,2026-06-17T08:54:00,OP-100,MAT-8804
5781,L05781,L,300.1,308.5,1370,44.9,67,1,0,1,0,0,0,LINE2-M02,2026-06-17T08:56:00,OP-109,MAT-8815
5782,M05782,M,298.7,305.8,1460,44.8,70,0,0,0,0,0,0,LINE2-M01,2026-06-17T09:00:00,OP-108,MAT-8812
5783,H05783,H,296.5,306.5,1346,42.4,75,0,0,0,0,0,0,LINE1-M01,2026-06-17T09:02:00,OP-107,MAT-8810
5784,H05784,H,297.8,308.7,1614,47.7,80,0,0,0,0,0,0,LINE3-M01,2026-06-17T09:08:00,OP-105,MAT-8811
5785,L05785,L,299.0,308.4,1610,28.6,82,0,0,0,0,0,0,LINE3-M01,2026-06-17T09:14:00,OP-102,MAT-8808
5786,H05786,H,299.0,308.8,1168,64.2,87,0,0,0,0,0,0,LINE1-M01,2026-06-17T09:17:00,OP-101,MAT-8809
5787,H05787,H,297.9,307.6,1545,30.8,92,0,0,0,0,0,0,LINE3-M02,2026-06-17T09:20:00,OP-110,MAT-8802
5788,M05788,M,300.4,310.2,1480,59.0,95,1,0,0,1,0,0,LINE1-M01,2026-06-17T09:22:00,OP-105,MAT-8813
5789,M05789,M,300.5,311.9,1362,46.0,98,0,0,0,0,0,0,LINE3-M01,2026-06-17T09:26:00,OP-100,MAT-8813
5790,M05790,M,301.1,311.0,1271,38.1,101,0,0,0,0,0,0,LINE3-M02,2026-06-17T09:29:00,OP-104,MAT-8801
5791,H05791,H,300.3,310.3,1168,20.0,106,1,0,0,1,0,0,LINE3-M02,2026-06-17T09:31:00,OP-109,MAT-8819
5792,M05792,M,300.3,310.6,1249,33.0,109,0,0,0,0,0,0,LINE3-M02,2026-06-17T09:37:00,OP-102,MAT-8816
5793,H05793,H,302.2,312.9,1615,48.9,114,0,0,0,0,0,0,LINE3-M02,2026-06-17T09:40:00,OP-100,MAT-8811
5794,M05794,M,300.5,309.1,1648,44.2,117,0,0,0,0,0,0,LINE3-M01,2026-06-17T09:42:00,OP-111,MAT-8803
5795,M05795,M,294.4,304.9,1842,21.3,120,0,0,0,0,0,0,LINE2-M02,2026-06-17T09:48:00,OP-105,MAT-8808
5796,L05796,L,299.8,310.1,1769,48.1,122,0,0,0,0,0,0,LINE1-M01,2026-06-17T09:52:00,OP-108,MAT-8813
5797,M05797,M,300.5,310.5,1585,50.2,125,0,0,0,0,0,0,LINE2-M01,2026-06-17T09:55:00,OP-110,MAT-8811
5798,M05798,M,299.5,310.5,1441,49.5,128,0,0,0,0,0,0,LINE2-M02,2026-06-17T09:59:00,OP-102,MAT-8807
5799,M05799,M,297.8,306.7,1364,39.4,131,0,0,0,0,0,0,LINE2-M01,2026-06-17T10:03:00,OP-109,MAT-8809
5800,H05800,H,304.4,314.2,1579,30.0,136,0,0,0,0,0,0,LINE1-M01,2026-06-17T10:05:00,OP-105,MAT-8801
5801,M05801,M,302.7,312.4,1626,34.9,139,0,0,0,0,0,0,LINE2-M01,2026-06-17T10:07:00,OP-105,MAT-8819
5802,H05802,H,299.1,310.0,1168,42.2,144,0,0,0,0,0,0,LINE2-M02,2026-06-17T10:12:00,OP-107,MAT-8817
5803,L05803,L,303.0,313.0,1283,31.5,146,0,0,0,0,0,0,LINE3-M01,2026-06-17T10:15:00,OP-109,MAT-8809
5804,L05804,L,299.3,308.8,1899,28.3,148,0,0,0,0,0,0,LINE1-M01,2026-06-17T10:21:00,OP-105,MAT-8804
5805,L05805,L,297.2,306.6,1606,52.1,150,0,0,0,0,0,0,LINE1-M01,2026-06-17T10:26:00,OP-100,MAT-8804
5806,M05806,M,296.0,306.9,1391,34.1,153,0,0,0,0,0,0,LINE1-M02,2026-06-17T10:30:00,OP-110,MAT-8807
5807,M05807,M,296.8,307.8,1435,43.7,156,0,0,0,0,0,0,LINE1-M02,2026-06-17T10:32:00,OP-110,MAT-8813
5808,L05808,L,299.6,310.4,1934,37.5,158,0,0,0,0,0,0,LINE1-M01,2026-06-17T10:38:00,OP-103,MAT-8800
5809,L05809,L,298.7,309.1,1425,49.9,160,0,0,0,0,0,0,LINE2-M01,2026-06-17T10:42:00,OP-103,MAT-8815
5810,M05810,M,295.3,304.4,2113,53.8,163,1,0,0,1,0,0,LINE1-M01,2026-06-17T10:47:00,OP-111,MAT-8805
5811,L05811,L,298.2,310.5,1281,39.0,165,0,0,0,0,0,0,LINE2-M01,2026-06-17T10:52:00,OP-111,MAT-8810
5812,L05812,L,299.6,310.6,1383,43.7,167,0,0,0,0,0,0,LINE3-M02,2026-06-17T10:58:00,OP-111,MAT-8806
5813,L05813,L,299.7,309.7,1531,32.2,169,0,0,0,0,0,0,LINE1-M02,2026-06-17T11:00:00,OP-104,MAT-8807
5814,L05814,L,300.9,311.5,1954,43.3,171,0,0,0,0,0,0,LINE3-M01,2026-06-17T11:05:00,OP-108,MAT-8801
5815,M05815,M,300.2,310.6,1287,44.3,174,0,0,0,0,0,0,LINE3-M01,2026-06-17T11:09:00,OP-104,MAT-8816
5816,M05816,M,300.0,310.3,1442,40.9,177,0,0,0,0,0,0,LINE2-M02,2026-06-17T11:11:00,OP-106,MAT-8813
5817,L05817,L,301.6,311.0,1236,31.4,179,0,0,0,0,0,0,LINE2-M01,2026-06-17T11:13:00,OP-100,MAT-8800
5818,L05818,L,304.4,315.0,1453,47.5,181,0,0,0,0,0,0,LINE2-M02,2026-06-17T11:18:00,OP-108,MAT-8817
5819,L05819,L,301.2,310.9,1483,19.7,183,1,0,0,1,0,0,LINE3-M02,2026-06-17T11:21:00,OP-103,MAT-8815
5820,H05820,H,299.6,310.7,1193,67.1,188,0,0,0,0,0,0,LINE2-M02,2026-06-17T11:24:00,OP-102,MAT-8807
5821,H05821,H,301.5,312.4,1554,43.7,193,0,0,0,0,0,0,LINE2-M02,2026-06-17T11:29:00,OP-109,MAT-8803
5822,H05822,H,304.2,315.1,1168,49.0,198,0,0,0,0,0,0,LINE3-M01,2026-06-17T11:32:00,OP-106,MAT-8806
5823,M05823,M,300.1,310.4,1445,32.1,201,0,0,0,0,0,0,LINE1-M01,2026-06-17T11:35:00,OP-110,MAT-8811
5824,L05824,L,298.7,309.7,1323,61.5,203,1,1,0,0,1,0,LINE2-M01,2026-06-17T11:39:00,OP-101,MAT-8814
5825,L05825,L,295.7,305.8,1455,26.5,205,0,0,0,0,0,0,LINE2-M01,2026-06-17T11:42:00,OP-111,MAT-8805
5826,M05826,M,297.7,306.5,1168,45.8,208,0,0,0,0,0,0,LINE2-M01,2026-06-17T11:47:00,OP-109,MAT-8813
5827,M05827,M,297.9,309.7,1168,40.6,211,1,1,0,0,0,0,LINE3-M02,2026-06-17T11:51:00,OP-110,MAT-8806
5828,L05828,L,300.5,311.8,1710,16.9,213,1,0,0,1,0,0,LINE3-M02,2026-06-17T11:53:00,OP-104,MAT-8814
5829,H05829,H,303.4,312.1,1293,51.2,218,0,0,0,0,0,0,LINE2-M02,2026-06-17T11:58:00,OP-105,MAT-8814
5830,L05830,L,299.0,308.1,1562,25.7,220,1,1,0,0,0,0,LINE3-M01,2026-06-17T12:00:00,OP-111,MAT-8809
5831,H05831,H,300.8,311.2,1236,32.8,225,1,1,0,0,0,0,LINE1-M01,2026-06-17T12:04:00,OP-104,MAT-8803
5832,H05832,H,299.6,308.1,1565,40.1,230,1,1,0,0,0,0,LINE2-M01,2026-06-17T12:06:00,OP-110,MAT-8814
5833,L05833,L,300.0,308.2,1181,16.5,232,1,1,1,1,0,0,LINE2-M01,2026-06-17T12:10:00,OP-103,MAT-8815
5834,L05834,L,298.3,309.3,1625,38.8,234,1,1,0,0,0,0,LINE3-M01,2026-06-17T12:15:00,OP-106,MAT-8809
5835,L05835,L,300.9,309.9,1432,45.2,236,0,0,0,0,0,0,LINE1-M01,2026-06-17T12:21:00,OP-104,MAT-8802
5836,L05836,L,303.6,314.5,1628,60.3,238,1,1,0,1,1,0,LINE1-M02,2026-06-17T12:26:00,OP-107,MAT-8803
5837,L05837,L,298.3,309.0,1868,34.2,240,1,1,0,0,0,0,LINE1-M02,2026-06-17T12:32:00,OP-103,MAT-8812
5838,H05838,H,301.6,312.2,1225,39.2,0,0,0,0,0,0,0,LINE3-M02,2026-06-17T12:34:00,OP-103,MAT-8816
5839,M05839,M,300.6,311.5,1616,37.2,3,0,0,0,0,0,0,LINE1-M02,2026-06-17T12:40:00,OP-111,MAT-8805
5840,L05840,L,302.8,313.2,1168,37.2,5,0,0,0,0,0,0,LINE2-M01,2026-06-17T12:42:00,OP-104,MAT-8812
5841,H05841,H,300.3,310.4,1370,41.3,10,0,0,0,0,0,0,LINE2-M01,2026-06-17T12:44:00,OP-104,MAT-8811
5842,M05842,M,300.9,310.5,1751,42.1,13,0,0,0,0,0,0,LINE2-M01,2026-06-17T12:50:00,OP-103,MAT-8801
5843,M05843,M,298.5,307.7,1795,43.5,16,0,0,0,0,0,0,LINE2-M01,2026-06-17T12:53:00,OP-102,MAT-8806
5844,L05844,L,298.7,307.9,1213,60.1,18,0,0,0,0,0,0,LINE2-M01,2026-06-17T12:55:00,OP-102,MAT-8812
5845,M05845,M,298.8,309.6,1734,31.4,21,0,0,0,0,0,0,LINE1-M02,2026-06-17T12:59:00,OP-102,MAT-8805
5846,L05846,L,297.2,309.1,1372,36.7,23,0,0,0,0,0,0,LINE1-M01,2026-06-17T13:05:00,OP-105,MAT-8806
5847,L05847,L,301.9,312.5,1509,36.7,25,0,0,0,0,0,0,LINE1-M01,2026-06-17T13:09:00,OP-110,MAT-8811
5848,L05848,L,301.3,312.6,1399,28.6,27,0,0,0,0,0,0,LINE1-M01,2026-06-17T13:14:00,OP-109,MAT-8817
5849,H05849,H,298.6,307.5,1310,33.9,32,0,0,0,0,0,0,LINE3-M02,2026-06-17T13:16:00,OP-101,MAT-8808
5850,L05850,L,300.4,309.7,1657,28.4,34,0,0,0,0,0,0,LINE3-M01,2026-06-17T13:18:00,OP-111,MAT-8806
5851,M05851,M,304.2,316.9,1722,28.3,37,0,0,0,0,0,0,LINE3-M02,2026-06-17T13:21:00,OP-104,MAT-8805
5852,M05852,M,301.9,311.4,1773,24.8,40,0,0,0,0,0,0,LINE3-M01,2026-06-17T13:27:00,OP-102,MAT-8806
5853,H05853,H,300.3,309.8,1451,54.6,45,0,0,0,0,0,0,LINE1-M02,2026-06-17T13:33:00,OP-109,MAT-8809
5854,L05854,L,300.9,311.5,2609,26.1,47,0,0,0,0,0,0,LINE1-M02,2026-06-17T13:37:00,OP-104,MAT-8815
5855,H05855,H,302.3,313.1,1408,59.3,52,0,0,0,0,0,0,LINE2-M02,2026-06-17T13:41:00,OP-105,MAT-8803
5856,H05856,H,300.8,310.2,1637,25.4,57,0,0,0,0,0,0,LINE3-M02,2026-06-17T13:47:00,OP-106,MAT-8806
5857,L05857,L,297.3,306.5,1372,41.6,59,0,0,0,0,0,0,LINE1-M01,2026-06-17T13:52:00,OP-101,MAT-8800
5858,M05858,M,299.0,307.2,1531,55.2,62,0,0,0,0,0,0,LINE2-M02,2026-06-17T13:58:00,OP-103,MAT-8808
5859,M05859,M,298.7,309.4,1168,50.0,65,0,0,0,0,0,0,LINE2-M02,2026-06-17T14:02:00,OP-107,MAT-8809
5860,M05860,M,302.3,312.6,1681,37.2,68,0,0,0,0,0,0,LINE3-M01,2026-06-17T14:07:00,OP-108,MAT-8804
5861,L05861,L,300.1,312.0,1411,43.5,70,0,0,0,0,0,0,LINE1-M02,2026-06-17T14:13:00,OP-111,MAT-8807
5862,H05862,H,301.9,312.3,2029,35.5,75,0,0,0,0,0,0,LINE3-M02,2026-06-17T14:16:00,OP-106,MAT-8813
5863,L05863,L,299.7,311.2,1565,48.2,77,0,0,0,0,0,0,LINE3-M01,2026-06-17T14:22:00,OP-111,MAT-8808
5864,H05864,H,303.3,314.9,1531,46.3,82,0,0,0,0,0,0,LINE1-M01,2026-06-17T14:27:00,OP-108,MAT-8801
5865,H05865,H,300.7,308.8,1685,27.9,87,0,0,0,0,0,0,LINE1-M01,2026-06-17T14:30:00,OP-103,MAT-8818
5866,L05866,L,301.9,311.6,1168,40.6,89,0,0,0,0,0,0,LINE3-M01,2026-06-17T14:35:00,OP-102,MAT-8806
5867,M05867,M,300.1,310.9,1396,26.9,92,0,0,0,0,0,0,LINE1-M02,2026-06-17T14:38:00,OP-103,MAT-8804
5868,M05868,M,302.6,313.7,1450,39.2,95,0,0,0,0,0,0,LINE2-M01,2026-06-17T14:42:00,OP-107,MAT-8803
5869,L05869,L,304.4,315.0,1963,34.7,97,0,0,0,0,0,0,LINE2-M02,2026-06-17T14:48:00,OP-108,MAT-8814
5870,H05870,H,300.4,311.0,1535,24.6,102,0,0,0,0,0,0,LINE3-M01,2026-06-17T14:50:00,OP-110,MAT-8811
5871,M05871,M,300.3,309.8,1909,29.7,105,0,0,0,0,0,0,LINE1-M01,2026-06-17T14:53:00,OP-111,MAT-8812
5872,L05872,L,306.2,316.4,1675,49.5,107,0,0,0,0,0,0,LINE1-M01,2026-06-17T14:55:00,OP-111,MAT-8812
5873,H05873,H,298.0,309.3,1168,40.2,112,0,0,0,0,0,0,LINE2-M01,2026-06-17T14:59:00,OP-109,MAT-8814
5874,L05874,L,302.2,311.8,1484,31.7,114,0,0,0,0,0,0,LINE2-M02,2026-06-17T15:03:00,OP-102,MAT-8814
5875,L05875,L,297.8,307.1,1811,39.2,116,0,0,0,0,0,0,LINE1-M01,2026-06-17T15:08:00,OP-103,MAT-8810
5876,L05876,L,297.9,307.3,1483,58.2,118,1,0,0,1,0,0,LINE3-M02,2026-06-17T15:10:00,OP-108,MAT-8819
5877,L05877,L,298.6,308.4,1390,52.1,120,0,0,0,0,0,0,LINE3-M01,2026-06-17T15:15:00,OP-110,MAT-8816
5878,M05878,M,298.2,308.1,1744,25.1,123,0,0,0,0,0,0,LINE2-M02,2026-06-17T15:21:00,OP-104,MAT-8812
5879,M05879,M,303.9,315.3,1725,42.9,126,0,0,0,0,0,0,LINE1-M01,2026-06-17T15:23:00,OP-104,MAT-8802
5880,M05880,M,301.6,311.5,1168,54.3,129,0,0,0,0,0,0,LINE2-M01,2026-06-17T15:29:00,OP-107,MAT-8806
5881,L05881,L,297.3,305.5,1168,39.8,131,1,0,1,0,0,0,LINE3-M02,2026-06-17T15:32:00,OP-106,MAT-8813
5882,L05882,L,301.5,311.5,1584,37.6,133,0,0,0,0,0,0,LINE1-M02,2026-06-17T15:34:00,OP-102,MAT-8802
5883,M05883,M,301.9,311.9,1641,50.7,136,0,0,0,0,0,0,LINE2-M02,2026-06-17T15:36:00,OP-107,MAT-8806
5884,M05884,M,300.4,310.0,1930,28.7,139,0,0,0,0,0,0,LINE3-M01,2026-06-17T15:40:00,OP-101,MAT-8800
5885,H05885,H,299.0,308.6,1731,56.3,144,1,0,0,1,0,0,LINE3-M01,2026-06-17T15:43:00,OP-110,MAT-8804
5886,L05886,L,300.1,310.3,1833,17.9,146,1,0,0,1,0,0,LINE3-M02,2026-06-17T15:48:00,OP-109,MAT-8806
5887,L05887,L,302.7,312.8,1250,48.7,148,0,0,0,0,0,0,LINE2-M02,2026-06-17T15:54:00,OP-102,MAT-8803
5888,H05888,H,298.4,309.5,1398,46.3,153,0,0,0,0,0,0,LINE1-M02,2026-06-17T15:59:00,OP-102,MAT-8800
5889,L05889,L,302.9,312.3,1168,42.9,155,0,0,0,0,0,0,LINE1-M01,2026-06-17T16:03:00,OP-105,MAT-8803
5890,L05890,L,299.8,310.1,1597,37.0,157,0,0,0,0,0,0,LINE3-M02,2026-06-17T16:05:00,OP-100,MAT-8802
5891,M05891,M,298.3,310.4,1438,37.5,160,0,0,0,0,0,0,LINE3-M02,2026-06-17T16:08:00,OP-103,MAT-8813
5892,L05892,L,301.2,311.5,1214,59.4,162,0,0,0,0,0,0,LINE2-M01,2026-06-17T16:12:00,OP-105,MAT-8808
5893,L05893,L,300.0,309.5,1168,54.9,164,0,0,0,0,0,0,LINE1-M02,2026-06-17T16:16:00,OP-100,MAT-8809
5894,H05894,H,298.0,307.3,1405,22.1,169,1,0,0,1,0,0,LINE3-M02,2026-06-17T16:20:00,OP-102,MAT-8811
5895,M05895,M,300.2,308.8,1660,42.9,172,0,0,0,0,0,0,LINE3-M01,2026-06-17T16:24:00,OP-107,MAT-8813
5896,M05896,M,299.1,309.5,1349,35.0,175,0,0,0,0,0,0,LINE1-M01,2026-06-17T16:30:00,OP-102,MAT-8809
5897,L05897,L,298.1,306.6,1409,53.3,177,0,0,0,0,0,0,LINE1-M02,2026-06-17T16:36:00,OP-100,MAT-8805
5898,M05898,M,299.4,309.6,1412,33.8,180,0,0,0,0,0,0,LINE3-M02,2026-06-17T16:38:00,OP-110,MAT-8807
5899,L05899,L,299.0,310.4,1882,40.1,182,0,0,0,0,0,0,LINE3-M01,2026-06-17T16:42:00,OP-101,MAT-8815
5900,L05900,L,297.5,307.5,1449,44.8,184,0,0,0,0,0,0,LINE3-M02,2026-06-17T16:45:00,OP-103,MAT-8807
5901,H05901,H,297.4,306.9,1230,39.0,189,0,0,0,0,0,0,LINE3-M01,2026-06-17T16:49:00,OP-107,MAT-8815
5902,M05902,M,298.1,307.5,1623,46.4,192,0,0,0,0,0,0,LINE1-M02,2026-06-17T16:54:00,OP-102,MAT-8801
5903,L05903,L,298.4,309.4,1949,44.8,194,1,0,0,1,0,0,LINE1-M02,2026-06-17T16:57:00,OP-106,MAT-8818
5904,M05904,M,300.3,310.1,1312,35.3,197,0,0,0,0,0,0,LINE2-M01,2026-06-17T16:59:00,OP-109,MAT-8813
5905,M05905,M,300.4,309.2,1196,37.3,200,0,0,0,0,0,0,LINE1-M01,2026-06-17T17:03:00,OP-106,MAT-8813
5906,H05906,H,298.5,308.1,1354,39.2,205,0,0,0,0,0,0,LINE3-M01,2026-06-17T17:09:00,OP-103,MAT-8809
5907,M05907,M,300.3,310.9,1472,42.7,208,1,1,0,0,0,0,LINE1-M02,2026-06-17T17:13:00,OP-106,MAT-8815
5908,M05908,M,297.7,308.6,1683,34.5,211,0,0,0,0,0,0,LINE2-M01,2026-06-17T17:17:00,OP-102,MAT-8816
5909,H05909,H,300.5,310.0,1811,29.4,216,0,0,0,0,0,0,LINE2-M02,2026-06-17T17:20:00,OP-111,MAT-8805
5910,L05910,L,302.1,311.5,1678,37.2,218,0,0,0,0,0,0,LINE3-M02,2026-06-17T17:24:00,OP-105,MAT-8814
5911,M05911,M,300.5,309.8,1680,40.1,221,1,0,0,0,0,1,LINE1-M01,2026-06-17T17:28:00,OP-110,MAT-8819
5912,L05912,L,300.7,310.9,1358,39.4,223,1,1,0,0,0,0,LINE1-M01,2026-06-17T17:31:00,OP-105,MAT-8808
5913,H05913,H,300.7,309.8,1168,31.3,228,0,0,0,0,0,0,LINE1-M02,2026-06-17T17:33:00,OP-103,MAT-8804
5914,H05914,H,300.9,311.2,1335,44.1,233,1,1,0,0,0,0,LINE1-M02,2026-06-17T17:39:00,OP-101,MAT-8800
5915,L05915,L,296.6,306.5,1599,23.7,235,1,1,0,0,0,0,LINE2-M01,2026-06-17T17:42:00,OP-111,MAT-8802
5916,H05916,H,298.1,307.4,1427,27.9,240,1,1,0,0,0,0,LINE2-M02,2026-06-17T17:47:00,OP-108,MAT-8815
5917,H05917,H,300.7,309.9,1582,34.6,0,0,0,0,0,0,0,LINE3-M02,2026-06-17T17:53:00,OP-111,MAT-8806
5918,M05918,M,301.8,312.1,1534,33.6,3,0,0,0,0,0,0,LINE1-M02,2026-06-17T17:56:00,OP-109,MAT-8817
5919,L05919,L,300.3,310.6,1690,27.2,5,0,0,0,0,0,0,LINE1-M02,2026-06-17T17:58:00,OP-110,MAT-8815
5920,L05920,L,303.5,315.5,1436,41.3,7,0,0,0,0,0,0,LINE2-M01,2026-06-17T18:04:00,OP-108,MAT-8811
5921,L05921,L,302.0,311.5,1696,41.8,9,0,0,0,0,0,0,LINE2-M01,2026-06-17T18:06:00,OP-103,MAT-8817
5922,M05922,M,301.4,311.2,1668,39.1,12,0,0,0,0,0,0,LINE1-M02,2026-06-17T18:11:00,OP-108,MAT-8805
5923,L05923,L,299.0,309.2,1396,38.6,14,0,0,0,0,0,0,LINE1-M02,2026-06-17T18:16:00,OP-101,MAT-8800
5924,M05924,M,295.2,306.6,1293,48.2,17,0,0,0,0,0,0,LINE3-M01,2026-06-17T18:20:00,OP-109,MAT-8806
5925,L05925,L,302.5,313.0,1676,41.0,19,0,0,0,0,0,0,LINE1-M02,2026-06-17T18:26:00,OP-100,MAT-8813
5926,H05926,H,302.3,313.3,1168,47.6,24,0,0,0,0,0,0,LINE2-M02,2026-06-17T18:29:00,OP-111,MAT-8802
5927,L05927,L,299.9,310.1,1371,34.9,26,0,0,0,0,0,0,LINE1-M02,2026-06-17T18:32:00,OP-110,MAT-8818
5928,H05928,H,301.2,310.4,1168,29.0,31,0,0,0,0,0,0,LINE3-M01,2026-06-17T18:35:00,OP-100,MAT-8814
5929,L05929,L,302.3,310.4,1657,20.4,33,0,0,0,0,0,0,LINE3-M01,2026-06-17T18:39:00,OP-103,MAT-8807
5930,H05930,H,297.1,308.2,1396,32.1,38,0,0,0,0,0,0,LINE1-M02,2026-06-17T18:41:00,OP-111,MAT-8815
5931,H05931,H,303.7,314.4,1991,25.5,43,0,0,0,0,0,0,LINE3-M02,2026-06-17T18:46:00,OP-106,MAT-8814
5932,L05932,L,303.7,313.8,1284,50.4,45,0,0,0,0,0,0,LINE3-M02,2026-06-17T18:52:00,OP-102,MAT-8804
5933,H05933,H,298.4,308.1,1168,39.7,50,0,0,0,0,0,0,LINE2-M01,2026-06-17T18:57:00,OP-104,MAT-8808
5934,M05934,M,305.1,315.5,1615,23.9,53,0,0,0,0,0,0,LINE1-M02,2026-06-17T19:00:00,OP-102,MAT-8800
5935,L05935,L,298.6,307.4,1687,32.2,55,0,0,0,0,0,0,LINE3-M02,2026-06-17T19:06:00,OP-109,MAT-8819
5936,L05936,L,298.2,307.1,1397,24.5,57,0,0,0,0,0,0,LINE1-M01,2026-06-17T19:08:00,OP-101,MAT-8806
5937,H05937,H,297.1,305.9,1869,47.0,62,1,0,0,1,0,0,LINE3-M01,2026-06-17T19:11:00,OP-104,MAT-8802
5938,L05938,L,298.2,307.9,2066,41.8,64,1,0,0,1,0,0,LINE1-M01,2026-06-17T19:16:00,OP-100,MAT-8810
5939,L05939,L,300.2,311.7,1559,48.0,66,0,0,0,0,0,0,LINE1-M01,2026-06-17T19:20:00,OP-107,MAT-8803
5940,L05940,L,300.1,311.1,1410,53.7,68,0,0,0,0,0,0,LINE1-M02,2026-06-17T19:22:00,OP-110,MAT-8808
5941,H05941,H,296.2,306.8,1592,22.6,73,0,0,0,0,0,0,LINE1-M02,2026-06-17T19:28:00,OP-102,MAT-8808
5942,M05942,M,301.4,311.3,1761,41.7,76,0,0,0,0,0,0,LINE3-M02,2026-06-17T19:30:00,OP-103,MAT-8804
5943,M05943,M,302.4,312.4,1835,51.5,79,1,0,0,1,0,0,LINE2-M02,2026-06-17T19:34:00,OP-101,MAT-8801
5944,M05944,M,297.2,308.2,1767,30.6,82,0,0,0,0,0,0,LINE1-M02,2026-06-17T19:38:00,OP-102,MAT-8811
5945,L05945,L,300.5,309.0,1995,47.4,84,1,0,0,1,0,0,LINE2-M02,2026-06-17T19:41:00,OP-108,MAT-8802
5946,L05946,L,296.8,307.2,1863,30.4,86,0,0,0,0,0,0,LINE1-M01,2026-06-17T19:43:00,OP-110,MAT-8819
5947,L05947,L,298.0,308.1,1697,39.1,88,0,0,0,0,0,0,LINE3-M01,2026-06-17T19:46:00,OP-105,MAT-8816
5948,H05948,H,299.3,309.1,1261,32.6,93,0,0,0,0,0,0,LINE1-M01,2026-06-17T19:52:00,OP-100,MAT-8803
5949,M05949,M,300.7,310.0,1592,35.1,96,0,0,0,0,0,0,LINE1-M02,2026-06-17T19:56:00,OP-110,MAT-8818
5950,M05950,M,300.0,310.5,1168,53.3,99,0,0,0,0,0,0,LINE1-M01,2026-06-17T20:00:00,OP-102,MAT-8807
5951,L05951,L,301.6,311.5,1292,28.7,101,0,0,0,0,0,0,LINE2-M01,2026-06-17T20:05:00,OP-102,MAT-8814
5952,M05952,M,300.2,310.7,1544,29.5,104,0,0,0,0,0,0,LINE3-M02,2026-06-17T20:11:00,OP-107,MAT-8816
5953,M05953,M,301.2,311.2,1710,51.2,107,1,0,0,1,0,0,LINE3-M01,2026-06-17T20:14:00,OP-104,MAT-8815
5954,L05954,L,299.3,309.5,1354,32.3,109,0,0,0,0,0,0,LINE1-M01,2026-06-17T20:17:00,OP-102,MAT-8816
5955,H05955,H,300.2,313.0,1804,50.0,114,1,0,0,1,0,0,LINE3-M01,2026-06-17T20:21:00,OP-104,MAT-8802
5956,M05956,M,296.8,304.8,1367,46.9,117,1,0,1,0,0,0,LINE2-M01,2026-06-17T20:27:00,OP-105,MAT-8818
5957,L05957,L,295.9,306.3,1550,38.2,119,0,0,0,0,0,0,LINE2-M02,2026-06-17T20:33:00,OP-108,MAT-8819
5958,M05958,M,298.0,307.9,1220,53.1,122,0,0,0,0,0,0,LINE3-M02,2026-06-17T20:35:00,OP-101,MAT-8802
5959,L05959,L,303.3,313.3,1523,26.1,124,0,0,0,0,0,0,LINE2-M01,2026-06-17T20:40:00,OP-107,MAT-8800
5960,L05960,L,298.1,307.9,1835,34.6,126,0,0,0,0,0,0,LINE3-M02,2026-06-17T20:45:00,OP-106,MAT-8809
5961,M05961,M,301.3,312.7,1168,41.7,129,0,0,0,0,0,0,LINE3-M02,2026-06-17T20:47:00,OP-102,MAT-8816
5962,L05962,L,295.9,306.1,1810,40.0,131,0,0,0,0,0,0,LINE1-M02,2026-06-17T20:53:00,OP-109,MAT-8812
5963,L05963,L,302.5,313.0,1510,45.6,133,0,0,0,0,0,0,LINE1-M02,2026-06-17T20:57:00,OP-105,MAT-8814
5964,H05964,H,298.5,308.9,1305,21.5,138,1,0,0,1,0,0,LINE1-M01,2026-06-17T21:00:00,OP-109,MAT-8813
5965,M05965,M,301.6,310.4,1823,42.0,141,0,0,0,0,0,0,LINE3-M02,2026-06-17T21:02:00,OP-109,MAT-8809
5966,M05966,M,297.6,309.6,1321,48.0,144,0,0,0,0,0,0,LINE3-M01,2026-06-17T21:04:00,OP-101,MAT-8814
5967,H05967,H,300.7,310.2,1255,33.0,149,0,0,0,0,0,0,LINE2-M01,2026-06-17T21:10:00,OP-107,MAT-8804
5968,H05968,H,298.6,308.2,1505,43.9,154,0,0,0,0,0,0,LINE1-M02,2026-06-17T21:16:00,OP-108,MAT-8808
5969,L05969,L,300.2,310.8,1168,34.4,156,0,0,0,0,0,0,LINE3-M02,2026-06-17T21:20:00,OP-101,MAT-8805
5970,L05970,L,295.8,307.2,1579,52.9,158,0,0,0,0,0,0,LINE1-M02,2026-06-17T21:24:00,OP-105,MAT-8812
5971,L05971,L,300.8,311.5,1168,51.9,160,0,0,0,0,0,0,LINE1-M01,2026-06-17T21:26:00,OP-102,MAT-8801
5972,L05972,L,299.8,309.8,1951,5.1,162,1,0,0,1,0,0,LINE3-M01,2026-06-17T21:30:00,OP-105,MAT-8818
5973,L05973,L,297.4,307.4,1493,30.0,164,0,0,0,0,0,0,LINE3-M02,2026-06-17T21:34:00,OP-102,MAT-8811
5974,M05974,M,300.6,310.6,1727,37.5,167,0,0,0,0,0,0,LINE1-M02,2026-06-17T21:37:00,OP-109,MAT-8816
5975,H05975,H,298.7,309.7,1351,40.2,172,0,0,0,0,0,0,LINE2-M01,2026-06-17T21:43:00,OP-100,MAT-8808
5976,M05976,M,298.9,308.6,1592,15.1,175,1,0,0,1,0,0,LINE3-M02,2026-06-17T21:48:00,OP-103,MAT-8804
5977,L05977,L,301.3,311.2,1674,42.2,177,0,0,0,0,0,0,LINE1-M02,2026-06-17T21:54:00,OP-100,MAT-8801
5978,M05978,M,298.2,308.6,1242,59.4,180,0,0,0,0,0,0,LINE2-M01,2026-06-17T22:00:00,OP-101,MAT-8809
5979,L05979,L,301.2,311.0,1645,27.2,182,0,0,0,0,0,0,LINE2-M02,2026-06-17T22:03:00,OP-108,MAT-8815
5980,H05980,H,301.9,311.1,1639,50.4,187,0,0,0,0,0,0,LINE2-M01,2026-06-17T22:09:00,OP-102,MAT-8814
5981,L05981,L,299.8,310.4,1407,26.7,189,0,0,0,0,0,0,LINE1-M01,2026-06-17T22:15:00,OP-108,MAT-8806
5982,L05982,L,299.9,310.4,1168,39.5,191,0,0,0,0,0,0,LINE2-M01,2026-06-17T22:18:00,OP-106,MAT-8818
5983,M05983,M,303.8,313.6,1581,25.4,194,0,0,0,0,0,0,LINE3-M02,2026-06-17T22:23:00,OP-101,MAT-8814
5984,M05984,M,302.6,312.1,1860,48.4,197,1,0,0,1,0,0,LINE3-M02,2026-06-17T22:29:00,OP-110,MAT-8805
5985,M05985,M,299.1,309.8,1418,65.3,200,1,0,0,1,1,0,LINE3-M01,2026-06-17T22:35:00,OP-110,MAT-8808
5986,L05986,L,299.9,312.1,1822,39.2,202,1,1,0,0,0,0,LINE1-M02,2026-06-17T22:39:00,OP-105,MAT-8810
5987,H05987,H,300.1,310.1,1392,47.0,207,0,0,0,0,0,0,LINE3-M02,2026-06-17T22:45:00,OP-107,MAT-8816
5988,L05988,L,300.9,309.8,1651,36.1,209,1,1,0,0,0,0,LINE1-M01,2026-06-17T22:51:00,OP-108,MAT-8814
5989,M05989,M,299.7,307.4,1362,50.2,212,1,0,1,0,0,0,LINE1-M02,2026-06-17T22:53:00,OP-109,MAT-8817
5990,L05990,L,300.9,309.0,1747,46.8,214,0,0,0,0,0,0,LINE2-M02,2026-06-17T22:55:00,OP-102,MAT-8809
5991,L05991,L,301.3,312.2,1699,47.8,216,1,1,0,0,0,0,LINE2-M01,2026-06-17T22:59:00,OP-103,MAT-8813
5992,M05992,M,296.8,305.0,1528,30.8,219,0,0,0,0,0,0,LINE2-M02,2026-06-17T23:03:00,OP-104,MAT-8812
5993,L05993,L,299.1,308.7,1168,35.1,221,1,1,0,0,0,0,LINE1-M01,2026-06-17T23:06:00,OP-109,MAT-8810
5994,L05994,L,296.6,306.7,1334,37.7,223,1,1,0,0,0,0,LINE3-M01,2026-06-17T23:11:00,OP-109,MAT-8819
5995,L05995,L,299.0,309.6,1507,44.1,225,0,0,0,0,0,0,LINE2-M01,2026-06-17T23:16:00,OP-107,MAT-8800
5996,L05996,L,297.0,305.5,1446,39.1,227,1,1,0,0,0,0,LINE3-M02,2026-06-17T23:19:00,OP-106,MAT-8805
5997,H05997,H,300.7,310.7,1561,28.7,232,1,1,0,0,0,0,LINE1-M02,2026-06-17T23:25:00,OP-107,MAT-8818
5998,L05998,L,297.8,306.5,1802,32.7,234,1,1,0,0,0,0,LINE2-M02,2026-06-17T23:29:00,OP-110,MAT-8807
5999,L05999,L,298.6,307.4,1489,35.5,236,1,1,0,0,0,0,LINE1-M01,2026-06-17T23:32:00,OP-102,MAT-8803
6000,M06000,M,299.8,310.5,1894,64.2,239,1,1,0,1,1,0,LINE2-M01,2026-06-17T23:35:00,OP-101,MAT-8807
6001,L06001,L,301.4,311.1,1219,49.4,0,0,0,0,0,0,0,LINE3-M01,2026-06-17T23:37:00,OP-102,MAT-8808
6002,L06002,L,300.4,311.8,1526,29.7,2,0,0,0,0,0,0,LINE3-M02,2026-06-17T23:40:00,OP-107,MAT-8811
6003,L06003,L,299.4,309.1,1594,43.2,4,0,0,0,0,0,0,LINE2-M02,2026-06-17T23:45:00,OP-103,MAT-8805
6004,H06004,H,297.7,308.0,1384,36.5,9,0,0,0,0,0,0,LINE2-M01,2026-06-17T23:48:00,OP-107,MAT-8814
6005,H06005,H,299.6,311.2,1813,40.2,14,0,0,0,0,0,0,LINE3-M02,2026-06-17T23:52:00,OP-110,MAT-8814
6006,L06006,L,298.6,308.1,1236,41.5,16,0,0,0,0,0,0,LINE1-M02,2026-06-17T23:58:00,OP-102,MAT-8814
6007,M06007,M,300.6,309.9,1556,45.8,19,0,0,0,0,0,0,LINE3-M02,2026-06-18T00:04:00,OP-101,MAT-8812
6008,M06008,M,297.9,307.4,1610,21.9,22,0,0,0,0,0,0,LINE2-M01,2026-06-18T00:07:00,OP-101,MAT-8817
6009,M06009,M,301.3,310.3,1931,22.5,25,0,0,0,0,0,0,LINE2-M02,2026-06-18T00:09:00,OP-108,MAT-8815
6010,M06010,M,298.3,310.2,1710,42.3,28,0,0,0,0,0,0,LINE3-M02,2026-06-18T00:12:00,OP-110,MAT-8802
6011,L06011,L,301.4,312.6,1665,41.5,30,0,0,0,0,0,0,LINE2-M02,2026-06-18T00:15:00,OP-109,MAT-8813
6012,M06012,M,301.1,309.0,1746,44.1,33,0,0,0,0,0,0,LINE3-M02,2026-06-18T00:21:00,OP-107,MAT-8809
6013,L06013,L,298.2,306.8,1168,63.5,35,0,0,0,0,0,0,LINE2-M02,2026-06-18T00:25:00,OP-106,MAT-8805
6014,M06014,M,296.2,306.1,2018,42.5,38,0,0,0,0,0,0,LINE2-M01,2026-06-18T00:30:00,OP-108,MAT-8812
6015,L06015,L,301.0,313.5,1276,40.6,40,0,0,0,0,0,0,LINE2-M01,2026-06-18T00:32:00,OP-110,MAT-8807
6016,M06016,M,300.6,312.4,1534,39.8,43,0,0,0,0,0,0,LINE3-M01,2026-06-18T00:37:00,OP-108,MAT-8813
6017,H06017,H,299.2,309.5,1285,33.4,48,0,0,0,0,0,0,LINE2-M02,2026-06-18T00:41:00,OP-100,MAT-8803
6018,M06018,M,300.9,311.2,1436,42.5,51,0,0,0,0,0,0,LINE3-M02,2026-06-18T00:44:00,OP-107,MAT-8801
6019,M06019,M,302.3,313.8,1485,43.1,54,0,0,0,0,0,0,LINE1-M02,2026-06-18T00:47:00,OP-104,MAT-8802
6020,L06020,L,294.2,303.8,1168,37.8,56,0,0,0,0,0,0,LINE1-M02,2026-06-18T00:51:00,OP-111,MAT-8815
6021,H06021,H,299.5,309.2,1326,28.0,61,0,0,0,0,0,0,LINE1-M02,2026-06-18T00:55:00,OP-108,MAT-8807
6022,L06022,L,300.2,311.2,1694,56.7,63,1,0,0,1,0,0,LINE3-M01,2026-06-18T01:00:00,OP-101,MAT-8806
6023,L06023,L,300.1,311.6,1226,28.9,65,0,0,0,0,0,0,LINE2-M02,2026-06-18T01:06:00,OP-110,MAT-8810
6024,L06024,L,299.1,307.9,1437,31.4,67,0,0,0,0,0,0,LINE1-M01,2026-06-18T01:09:00,OP-103,MAT-8819
6025,L06025,L,296.0,306.1,1383,43.4,69,0,0,0,0,0,0,LINE3-M01,2026-06-18T01:11:00,OP-106,MAT-8812
6026,L06026,L,301.7,312.8,1407,43.6,71,0,0,0,0,0,0,LINE2-M01,2026-06-18T01:14:00,OP-108,MAT-8808
6027,L06027,L,303.3,313.3,1579,26.0,73,0,0,0,0,0,0,LINE3-M02,2026-06-18T01:17:00,OP-105,MAT-8816
6028,H06028,H,303.5,314.2,1448,39.6,78,0,0,0,0,0,0,LINE2-M01,2026-06-18T01:20:00,OP-110,MAT-8804
6029,H06029,H,299.0,307.0,1459,32.9,83,0,0,0,0,0,0,LINE2-M01,2026-06-18T01:24:00,OP-109,MAT-8801
6030,M06030,M,298.4,309.0,1388,39.5,86,0,0,0,0,0,0,LINE3-M01,2026-06-18T01:29:00,OP-100,MAT-8813
6031,M06031,M,297.3,308.4,1532,30.6,89,0,0,0,0,0,0,LINE3-M02,2026-06-18T01:33:00,OP-102,MAT-8808
6032,M06032,M,301.3,311.4,1693,32.6,92,0,0,0,0,0,0,LINE1-M01,2026-06-18T01:36:00,OP-111,MAT-8816
6033,L06033,L,299.0,310.7,1220,52.5,94,0,0,0,0,0,0,LINE2-M02,2026-06-18T01:39:00,OP-109,MAT-8807
6034,H06034,H,299.4,308.0,1636,46.3,99,0,0,0,0,0,0,LINE1-M01,2026-06-18T01:41:00,OP-100,MAT-8805
6035,L06035,L,299.7,309.8,1479,47.8,101,0,0,0,0,0,0,LINE2-M01,2026-06-18T01:47:00,OP-103,MAT-8812
6036,M06036,M,299.4,310.1,1553,42.7,104,0,0,0,0,0,0,LINE3-M02,2026-06-18T01:52:00,OP-102,MAT-8807
6037,M06037,M,302.0,311.1,1492,41.5,107,0,0,0,0,0,0,LINE2-M02,2026-06-18T01:57:00,OP-105,MAT-8802
6038,H06038,H,300.2,310.7,1438,42.2,112,0,0,0,0,0,0,LINE1-M02,2026-06-18T02:02:00,OP-103,MAT-8809
6039,L06039,L,298.4,308.1,1922,46.9,114,1,0,0,1,0,0,LINE2-M02,2026-06-18T02:07:00,OP-106,MAT-8808
6040,M06040,M,299.1,308.8,1379,21.3,117,1,0,0,1,0,0,LINE3-M02,2026-06-18T02:10:00,OP-104,MAT-8807
6041,H06041,H,299.2,308.3,1668,19.0,122,1,0,0,1,0,0,LINE3-M01,2026-06-18T02:14:00,OP-101,MAT-8819
6042,L06042,L,298.9,307.8,1469,44.8,124,0,0,0,0,0,0,LINE1-M02,2026-06-18T02:17:00,OP-103,MAT-8802
6043,M06043,M,299.8,309.1,1369,41.3,127,0,0,0,0,0,0,LINE3-M01,2026-06-18T02:21:00,OP-111,MAT-8819
6044,H06044,H,302.2,311.8,1804,29.9,132,0,0,0,0,0,0,LINE1-M01,2026-06-18T02:25:00,OP-105,MAT-8814
6045,L06045,L,298.3,309.8,1713,33.1,134,0,0,0,0,0,0,LINE3-M01,2026-06-18T02:30:00,OP-104,MAT-8808
6046,H06046,H,300.6,310.7,1560,18.8,139,1,0,0,1,0,0,LINE2-M01,2026-06-18T02:36:00,OP-101,MAT-8807
6047,H06047,H,299.1,309.7,1541,31.7,144,0,0,0,0,0,0,LINE3-M01,2026-06-18T02:38:00,OP-102,MAT-8809
6048,H06048,H,299.7,311.2,1544,35.2,149,0,0,0,0,0,0,LINE1-M02,2026-06-18T02:43:00,OP-106,MAT-8816
6049,L06049,L,299.2,309.4,1641,33.7,151,0,0,0,0,0,0,LINE3-M01,2026-06-18T02:45:00,OP-103,MAT-8811
6050,L06050,L,299.1,308.2,1594,47.8,153,0,0,0,0,0,0,LINE1-M01,2026-06-18T02:50:00,OP-111,MAT-8815
6051,L06051,L,302.1,312.5,1249,49.9,155,0,0,0,0,0,0,LINE1-M02,2026-06-18T02:56:00,OP-104,MAT-8805
6052,L06052,L,300.4,309.6,1168,42.3,157,0,0,0,0,0,0,LINE1-M01,2026-06-18T03:01:00,OP-107,MAT-8807
6053,M06053,M,297.8,306.2,1168,47.7,160,1,0,1,0,0,0,LINE3-M02,2026-06-18T03:05:00,OP-100,MAT-8812
6054,L06054,L,299.1,309.3,1688,40.7,162,0,0,0,0,0,0,LINE3-M02,2026-06-18T03:10:00,OP-103,MAT-8807
6055,L06055,L,300.9,310.2,1715,43.4,164,0,0,0,0,0,0,LINE1-M01,2026-06-18T03:12:00,OP-101,MAT-8803
6056,L06056,L,299.1,308.9,1168,54.0,166,0,0,0,0,0,0,LINE3-M01,2026-06-18T03:14:00,OP-102,MAT-8804
6057,H06057,H,301.6,312.4,1355,38.5,171,0,0,0,0,0,0,LINE3-M01,2026-06-18T03:20:00,OP-109,MAT-8811
6058,M06058,M,296.5,306.2,1703,28.0,174,0,0,0,0,0,0,LINE2-M02,2026-06-18T03:22:00,OP-106,MAT-8802
6059,H06059,H,299.2,309.3,1535,19.9,179,1,0,0,1,0,0,LINE2-M01,2026-06-18T03:26:00,OP-104,MAT-8814
6060,L06060,L,303.5,312.4,1699,34.1,181,0,0,0,0,0,0,LINE1-M02,2026-06-18T03:32:00,OP-106,MAT-8810
6061,M06061,M,300.7,310.0,2071,41.6,184,1,0,0,1,0,0,LINE2-M02,2026-06-18T03:38:00,OP-111,MAT-8813
6062,M06062,M,299.7,311.3,1589,54.1,187,1,0,0,1,0,0,LINE1-M02,2026-06-18T03:40:00,OP-105,MAT-8800
6063,L06063,L,300.0,309.9,1706,33.9,189,0,0,0,0,0,0,LINE2-M01,2026-06-18T03:43:00,OP-110,MAT-8813
6064,M06064,M,298.4,308.1,1188,42.9,192,0,0,0,0,0,0,LINE2-M02,2026-06-18T03:47:00,OP-106,MAT-8817
6065,M06065,M,301.3,310.9,1427,53.7,195,0,0,0,0,0,0,LINE2-M01,2026-06-18T03:51:00,OP-104,MAT-8805
6066,L06066,L,300.3,309.7,1497,29.0,197,0,0,0,0,0,0,LINE3-M01,2026-06-18T03:53:00,OP-103,MAT-8814
6067,H06067,H,299.0,310.3,1747,29.2,202,0,0,0,0,0,0,LINE1-M02,2026-06-18T03:55:00,OP-103,MAT-8816
6068,H06068,H,298.6,309.6,1668,37.6,207,0,0,0,0,0,0,LINE3-M01,2026-06-18T04:01:00,OP-103,MAT-8815
6069,M06069,M,301.4,311.6,1168,43.5,210,1,1,0,0,0,0,LINE1-M01,2026-06-18T04:04:00,OP-104,MAT-8810
6070,L06070,L,297.6,307.5,1758,40.9,212,1,1,0,0,0,0,LINE2-M01,2026-06-18T04:09:00,OP-100,MAT-8801
6071,L06071,L,299.2,309.6,1903,30.3,214,0,0,0,0,0,0,LINE2-M01,2026-06-18T04:13:00,OP-109,MAT-8806
6072,L06072,L,296.1,308.3,1486,51.6,216,1,0,0,0,1,0,LINE1-M02,2026-06-18T04:19:00,OP-100,MAT-8804
6073,M06073,M,300.2,310.6,1697,54.4,219,1,0,0,1,0,0,LINE3-M02,2026-06-18T04:23:00,OP-110,MAT-8811
6074,H06074,H,297.3,305.9,1275,36.3,224,1,1,1,0,0,0,LINE1-M01,2026-06-18T04:27:00,OP-101,MAT-8816
6075,H06075,H,302.9,312.1,1231,39.8,229,1,1,0,0,0,0,LINE2-M02,2026-06-18T04:31:00,OP-100,MAT-8803
6076,M06076,M,300.4,311.9,1726,49.6,232,1,1,0,0,0,0,LINE2-M01,2026-06-18T04:37:00,OP-109,MAT-8807
6077,L06077,L,301.0,309.6,1554,37.4,234,1,1,0,0,0,0,LINE1-M01,2026-06-18T04:42:00,OP-107,MAT-8801
6078,H06078,H,297.8,307.3,1326,44.3,239,1,1,0,0,0,0,LINE2-M01,2026-06-18T04:45:00,OP-101,MAT-8801
6079,L06079,L,297.6,306.7,1196,36.1,0,0,0,0,0,0,0,LINE3-M01,2026-06-18T04:51:00,OP-106,MAT-8800
6080,M06080,M,303.1,313.7,1168,54.2,3,0,0,0,0,0,0,LINE3-M02,2026-06-18T04:53:00,OP-106,MAT-8812
6081,M06081,M,299.7,309.7,1601,33.4,6,0,0,0,0,0,0,LINE3-M01,2026-06-18T04:59:00,OP-101,MAT-8800
6082,H06082,H,297.8,308.4,1663,36.7,11,0,0,0,0,0,0,LINE1-M01,2026-06-18T05:05:00,OP-109,MAT-8815
6083,L06083,L,301.6,309.6,1551,40.5,13,0,0,0,0,0,0,LINE2-M01,2026-06-18T05:07:00,OP-108,MAT-8818
6084,M06084,M,296.4,308.5,1518,45.3,16,0,0,0,0,0,0,LINE3-M02,2026-06-18T05:09:00,OP-105,MAT-8812
6085,L06085,L,302.6,312.7,1386,32.8,18,0,0,0,0,0,0,LINE3-M02,2026-06-18T05:13:00,OP-104,MAT-8805
6086,H06086,H,299.9,308.9,1168,28.4,23,1,0,0,1,0,0,LINE3-M01,2026-06-18T05:19:00,OP-105,MAT-8810
6087,H06087,H,298.9,309.2,1447,44.7,28,0,0,0,0,0,0,LINE2-M02,2026-06-18T05:24:00,OP-110,MAT-8807
6088,L06088,L,295.7,307.1,1665,51.9,30,1,0,0,1,0,0,LINE3-M02,2026-06-18T05:26:00,OP-103,MAT-8809
6089,L06089,L,299.8,310.3,1594,60.3,32,1,0,0,1,0,0,LINE2-M02,2026-06-18T05:29:00,OP-108,MAT-8806
6090,L06090,L,296.2,307.4,1247,47.1,34,0,0,0,0,0,0,LINE3-M01,2026-06-18T05:31:00,OP-106,MAT-8815
6091,H06091,H,299.6,310.5,1607,49.5,39,0,0,0,0,0,0,LINE1-M01,2026-06-18T05:33:00,OP-104,MAT-8801
6092,L06092,L,299.4,309.2,1295,40.4,41,0,0,0,0,0,0,LINE1-M02,2026-06-18T05:38:00,OP-104,MAT-8810
6093,M06093,M,298.2,308.0,1284,43.9,44,0,0,0,0,0,0,LINE1-M02,2026-06-18T05:44:00,OP-110,MAT-8816
6094,L06094,L,300.1,308.9,1776,44.0,46,0,0,0,0,0,0,LINE1-M01,2026-06-18T05:46:00,OP-100,MAT-8805
6095,M06095,M,299.5,309.0,1839,46.4,49,0,0,0,0,0,0,LINE1-M01,2026-06-18T05:48:00,OP-111,MAT-8807
6096,H06096,H,299.4,309.6,1694,35.3,54,0,0,0,0,0,0,LINE3-M01,2026-06-18T05:50:00,OP-107,MAT-8815
6097,H06097,H,303.4,313.9,1687,36.3,59,0,0,0,0,0,0,LINE2-M02,2026-06-18T05:55:00,OP-106,MAT-8802
6098,M06098,M,301.8,310.8,1931,29.8,62,0,0,0,0,0,0,LINE3-M01,2026-06-18T06:00:00,OP-105,MAT-8817
6099,H06099,H,299.4,308.6,1915,35.9,67,0,0,0,0,0,0,LINE2-M02,2026-06-18T06:05:00,OP-100,MAT-8818
6100,L06100,L,298.2,308.1,1763,22.0,69,0,0,0,0,0,0,LINE3-M01,2026-06-18T06:07:00,OP-111,MAT-8819
6101,L06101,L,300.9,313.1,1415,57.4,71,0,0,0,0,0,0,LINE1-M02,2026-06-18T06:13:00,OP-105,MAT-8813
6102,L06102,L,301.2,312.3,1300,26.6,73,0,0,0,0,0,0,LINE2-M01,2026-06-18T06:19:00,OP-102,MAT-8812
6103,L06103,L,298.4,307.5,1749,41.0,75,0,0,0,0,0,0,LINE3-M01,2026-06-18T06:25:00,OP-111,MAT-8814
6104,L06104,L,299.3,312.2,1548,41.8,77,0,0,0,0,0,0,LINE3-M02,2026-06-18T06:30:00,OP-105,MAT-8814
6105,L06105,L,297.5,307.5,1168,54.6,79,0,0,0,0,0,0,LINE2-M02,2026-06-18T06:36:00,OP-110,MAT-8810
6106,M06106,M,298.3,309.6,1330,43.8,82,0,0,0,0,0,0,LINE3-M01,2026-06-18T06:39:00,OP-100,MAT-8814
6107,M06107,M,298.8,309.5,1735,36.8,85,0,0,0,0,0,0,LINE3-M01,2026-06-18T06:42:00,OP-107,MAT-8807
6108,M06108,M,300.3,311.2,1168,35.3,88,0,0,0,0,0,0,LINE3-M01,2026-06-18T06:44:00,OP-106,MAT-8815
6109,M06109,M,300.8,311.8,1277,52.8,91,0,0,0,0,0,0,LINE1-M02,2026-06-18T06:49:00,OP-104,MAT-8812
6110,L06110,L,300.9,310.3,1555,37.9,93,0,0,0,0,0,0,LINE1-M01,2026-06-18T06:54:00,OP-101,MAT-8807
6111,M06111,M,296.7,307.0,1505,50.1,96,0,0,0,0,0,0,LINE3-M01,2026-06-18T07:00:00,OP-110,MAT-8816
6112,M06112,M,296.5,307.9,1462,35.8,99,0,0,0,0,0,0,LINE3-M02,2026-06-18T07:03:00,OP-105,MAT-8815
6113,L06113,L,301.9,312.6,1168,35.7,101,0,0,0,0,0,0,LINE1-M02,2026-06-18T07:09:00,OP-110,MAT-8801
6114,H06114,H,300.6,310.6,1168,38.6,106,0,0,0,0,0,0,LINE3-M01,2026-06-18T07:15:00,OP-106,MAT-8804
6115,L06115,L,298.5,308.5,1574,32.1,108,0,0,0,0,0,0,LINE1-M02,2026-06-18T07:19:00,OP-104,MAT-8819
6116,L06116,L,298.8,309.4,1179,14.7,110,1,0,0,1,0,0,LINE1-M02,2026-06-18T07:24:00,OP-108,MAT-8812
6117,L06117,L,298.6,307.6,1383,48.1,112,0,0,0,0,0,0,LINE1-M02,2026-06-18T07:29:00,OP-103,MAT-8813
6118,L06118,L,299.8,309.6,1430,42.0,114,0,0,0,0,0,0,LINE2-M01,2026-06-18T07:35:00,OP-106,MAT-8804
6119,M06119,M,298.4,309.4,1495,35.1,117,0,0,0,0,0,0,LINE1-M02,2026-06-18T07:40:00,OP-100,MAT-8816
6120,M06120,M,297.6,306.3,1551,41.1,120,0,0,0,0,0,0,LINE3-M01,2026-06-18T07:42:00,OP-102,MAT-8803
6121,L06121,L,301.4,311.1,1272,49.3,122,0,0,0,0,0,0,LINE3-M01,2026-06-18T07:44:00,OP-108,MAT-8814
6122,H06122,H,301.9,313.3,1322,51.8,127,0,0,0,0,0,0,LINE3-M01,2026-06-18T07:50:00,OP-111,MAT-8801
6123,H06123,H,297.7,308.5,1473,44.9,132,0,0,0,0,0,0,LINE3-M01,2026-06-18T07:56:00,OP-102,MAT-8805
6124,H06124,H,304.6,314.0,1350,43.8,137,0,0,0,0,0,0,LINE1-M02,2026-06-18T08:01:00,OP-100,MAT-8806
6125,L06125,L,297.5,308.6,1371,49.1,139,0,0,0,0,0,0,LINE1-M02,2026-06-18T08:06:00,OP-101,MAT-8815
6126,H06126,H,296.8,307.5,1966,54.2,144,1,0,0,1,0,0,LINE2-M02,2026-06-18T08:10:00,OP-105,MAT-8802
6127,H06127,H,303.3,314.7,1923,49.6,149,1,0,0,1,0,0,LINE3-M01,2026-06-18T08:14:00,OP-105,MAT-8813
6128,L06128,L,300.8,309.3,1281,35.8,151,1,0,1,0,0,0,LINE2-M02,2026-06-18T08:20:00,OP-100,MAT-8801
6129,M06129,M,300.1,311.1,1168,51.5,154,0,0,0,0,0,0,LINE3-M01,2026-06-18T08:22:00,OP-106,MAT-8811
6130,M06130,M,299.1,310.9,1777,32.0,157,0,0,0,0,0,0,LINE3-M02,2026-06-18T08:27:00,OP-110,MAT-8815
6131,M06131,M,302.4,312.8,1922,26.9,160,0,0,0,0,0,0,LINE1-M02,2026-06-18T08:31:00,OP-105,MAT-8804
6132,L06132,L,299.0,310.4,1722,34.5,162,0,0,0,0,0,0,LINE3-M01,2026-06-18T08:35:00,OP-110,MAT-8810
6133,H06133,H,302.4,312.2,1168,45.8,167,0,0,0,0,0,0,LINE1-M02,2026-06-18T08:39:00,OP-111,MAT-8802
6134,M06134,M,300.8,310.4,1257,46.3,170,0,0,0,0,0,0,LINE3-M01,2026-06-18T08:42:00,OP-109,MAT-8808
6135,L06135,L,298.7,309.6,1304,44.4,172,0,0,0,0,0,0,LINE1-M02,2026-06-18T08:45:00,OP-101,MAT-8801
6136,L06136,L,305.4,315.5,1873,39.5,174,0,0,0,0,0,0,LINE2-M02,2026-06-18T08:48:00,OP-103,MAT-8816
6137,L06137,L,300.1,309.8,1601,34.3,176,0,0,0,0,0,0,LINE1-M01,2026-06-18T08:54:00,OP-110,MAT-8800
6138,H06138,H,299.5,307.2,1887,35.9,181,0,0,0,0,0,0,LINE1-M01,2026-06-18T08:57:00,OP-110,MAT-8807
6139,H06139,H,301.6,312.6,1684,46.5,186,0,0,0,0,0,0,LINE2-M02,2026-06-18T09:03:00,OP-107,MAT-8803
6140,L06140,L,299.9,309.0,1673,47.4,188,0,0,0,0,0,0,LINE3-M01,2026-06-18T09:07:00,OP-102,MAT-8816
6141,L06141,L,300.0,309.6,1525,46.0,190,0,0,0,0,0,0,LINE3-M01,2026-06-18T09:10:00,OP-108,MAT-8806
6142,L06142,L,298.9,308.7,1472,28.0,192,0,0,0,0,0,0,LINE1-M02,2026-06-18T09:16:00,OP-107,MAT-8812
6143,L06143,L,302.3,311.5,1533,34.9,194,0,0,0,0,0,0,LINE1-M01,2026-06-18T09:22:00,OP-107,MAT-8804
6144,M06144,M,299.9,309.7,1402,32.2,197,0,0,0,0,0,0,LINE3-M01,2026-06-18T09:26:00,OP-103,MAT-8806
6145,H06145,H,303.8,313.0,1590,50.6,202,0,0,0,0,0,0,LINE1-M02,2026-06-18T09:31:00,OP-111,MAT-8804
6146,L06146,L,298.3,305.9,1546,56.8,204,1,0,0,1,1,0,LINE3-M01,2026-06-18T09:35:00,OP-109,MAT-8808
6147,H06147,H,300.9,311.0,1834,42.5,209,1,1,0,0,0,0,LINE3-M01,2026-06-18T09:38:00,OP-101,MAT-8817
6148,L06148,L,302.2,313.0,1168,36.9,211,0,0,0,0,0,0,LINE1-M02,2026-06-18T09:43:00,OP-100,MAT-8806
6149,L06149,L,298.2,309.5,1501,33.3,213,1,1,0,0,0,0,LINE1-M01,2026-06-18T09:48:00,OP-111,MAT-8805
6150,L06150,L,297.1,307.1,1456,51.5,215,1,1,0,0,1,0,LINE3-M01,2026-06-18T09:54:00,OP-106,MAT-8816
6151,L06151,L,298.7,308.4,1247,43.6,217,1,1,0,0,0,0,LINE2-M02,2026-06-18T09:58:00,OP-109,MAT-8800
6152,H06152,H,301.7,312.6,1467,46.7,222,0,0,0,0,0,0,LINE1-M01,2026-06-18T10:02:00,OP-105,MAT-8814
6153,L06153,L,299.9,308.4,1670,34.1,224,0,0,0,0,0,0,LINE1-M02,2026-06-18T10:06:00,OP-103,MAT-8805
6154,M06154,M,298.7,307.1,1263,31.4,227,1,1,1,0,0,0,LINE3-M01,2026-06-18T10:10:00,OP-104,MAT-8811
6155,L06155,L,301.6,312.6,1901,44.3,229,1,1,0,0,0,0,LINE2-M02,2026-06-18T10:14:00,OP-102,MAT-8817
6156,M06156,M,304.1,313.6,1990,33.5,232,1,1,0,0,0,0,LINE1-M02,2026-06-18T10:16:00,OP-102,MAT-8805
6157,L06157,L,297.7,307.2,1754,27.4,234,1,1,0,0,0,0,LINE3-M02,2026-06-18T10:20:00,OP-102,MAT-8809
6158,H06158,H,300.7,310.8,1525,57.2,239,1,1,0,1,1,0,LINE2-M01,2026-06-18T10:24:00,OP-111,MAT-8801
6159,L06159,L,298.3,309.1,1478,50.2,0,0,0,0,0,0,0,LINE3-M01,2026-06-18T10:30:00,OP-102,MAT-8801
6160,L06160,L,297.3,308.5,1385,44.5,2,0,0,0,0,0,0,LINE3-M02,2026-06-18T10:32:00,OP-102,MAT-8806
6161,M06161,M,299.5,308.9,1203,59.4,5,0,0,0,0,0,0,LINE1-M01,2026-06-18T10:35:00,OP-107,MAT-8818
6162,H06162,H,301.2,308.9,1775,37.2,10,0,0,0,0,0,0,LINE1-M01,2026-06-18T10:39:00,OP-100,MAT-8805
6163,M06163,M,299.8,310.7,1619,26.7,13,0,0,0,0,0,0,LINE2-M01,2026-06-18T10:43:00,OP-105,MAT-8819
6164,H06164,H,301.1,312.5,1567,41.3,18,0,0,0,0,0,0,LINE1-M01,2026-06-18T10:46:00,OP-104,MAT-8801
6165,L06165,L,300.6,312.4,1650,52.0,20,0,0,0,0,0,0,LINE1-M01,2026-06-18T10:48:00,OP-107,MAT-8817
6166,M06166,M,297.2,307.4,1385,17.0,23,1,0,0,1,0,0,LINE3-M02,2026-06-18T10:53:00,OP-102,MAT-8809
6167,M06167,M,301.3,311.1,1435,36.9,26,0,0,0,0,0,0,LINE3-M01,2026-06-18T10:56:00,OP-108,MAT-8810
6168,M06168,M,303.1,311.9,1626,29.1,29,0,0,0,0,0,0,LINE2-M02,2026-06-18T11:02:00,OP-100,MAT-8800
6169,M06169,M,297.9,307.7,1823,40.0,32,0,0,0,0,0,0,LINE3-M02,2026-06-18T11:06:00,OP-101,MAT-8803
6170,L06170,L,301.0,311.7,1498,30.4,34,0,0,0,0,0,0,LINE2-M02,2026-06-18T11:09:00,OP-108,MAT-8815
6171,L06171,L,300.5,311.2,1168,29.2,36,0,0,0,0,0,0,LINE1-M01,2026-06-18T11:11:00,OP-105,MAT-8819
6172,M06172,M,296.0,306.0,1429,37.5,39,0,0,0,0,0,0,LINE1-M01,2026-06-18T11:15:00,OP-109,MAT-8814
6173,M06173,M,297.5,307.5,1333,53.5,42,0,0,0,0,0,0,LINE2-M01,2026-06-18T11:19:00,OP-111,MAT-8818
6174,L06174,L,297.9,309.0,1304,42.6,44,0,0,0,0,0,0,LINE2-M01,2026-06-18T11:23:00,OP-109,MAT-8809
6175,H06175,H,298.8,309.5,1728,35.7,49,0,0,0,0,0,0,LINE1-M01,2026-06-18T11:28:00,OP-111,MAT-8801
6176,H06176,H,300.7,311.4,1439,33.1,54,0,0,0,0,0,0,LINE3-M01,2026-06-18T11:32:00,OP-101,MAT-8815
6177,H06177,H,299.5,310.6,1168,37.3,59,0,0,0,0,0,0,LINE2-M02,2026-06-18T11:34:00,OP-108,MAT-8817
6178,H06178,H,298.7,309.3,1674,33.0,64,0,0,0,0,0,0,LINE3-M01,2026-06-18T11:38:00,OP-108,MAT-8814
6179,L06179,L,300.1,309.9,1642,28.4,66,0,0,0,0,0,0,LINE1-M02,2026-06-18T11:40:00,OP-109,MAT-8808
6180,L06180,L,305.7,314.7,1589,49.3,68,0,0,0,0,0,0,LINE2-M02,2026-06-18T11:45:00,OP-101,MAT-8815
6181,L06181,L,298.2,307.9,1835,42.8,70,0,0,0,0,0,0,LINE1-M02,2026-06-18T11:51:00,OP-103,MAT-8802
6182,L06182,L,300.8,311.7,1426,33.3,72,0,0,0,0,0,0,LINE3-M01,2026-06-18T11:53:00,OP-109,MAT-8817
6183,H06183,H,299.3,307.8,1273,42.3,77,1,0,1,0,0,0,LINE1-M01,2026-06-18T11:58:00,OP-102,MAT-8808
6184,M06184,M,297.6,306.2,1843,40.6,80,0,0,0,0,0,0,LINE3-M01,2026-06-18T12:04:00,OP-110,MAT-8818
6185,M06185,M,298.8,308.5,1268,51.2,83,0,0,0,0,0,0,LINE2-M01,2026-06-18T12:06:00,OP-105,MAT-8809
6186,M06186,M,302.7,310.7,1886,39.2,86,0,0,0,0,0,0,LINE2-M02,2026-06-18T12:09:00,OP-109,MAT-8808
6187,M06187,M,303.2,313.4,1712,52.3,89,1,0,0,1,0,0,LINE3-M02,2026-06-18T12:13:00,OP-100,MAT-8816
6188,H06188,H,297.7,307.2,1818,38.8,94,0,0,0,0,0,0,LINE3-M01,2026-06-18T12:19:00,OP-109,MAT-8817
6189,M06189,M,301.7,310.7,1669,30.1,97,0,0,0,0,0,0,LINE2-M02,2026-06-18T12:21:00,OP-109,MAT-8805
6190,L06190,L,300.5,310.5,1424,31.9,99,0,0,0,0,0,0,LINE3-M01,2026-06-18T12:24:00,OP-107,MAT-8811
6191,L06191,L,297.9,306.7,1285,51.0,101,0,0,0,0,0,0,LINE2-M01,2026-06-18T12:29:00,OP-108,MAT-8803
6192,L06192,L,299.5,309.3,1915,23.7,103,0,0,0,0,0,0,LINE3-M02,2026-06-18T12:34:00,OP-105,MAT-8803
6193,M06193,M,298.7,308.1,1376,40.3,106,0,0,0,0,0,0,LINE3-M02,2026-06-18T12:36:00,OP-105,MAT-8806
6194,H06194,H,302.1,311.4,1501,45.0,111,0,0,0,0,0,0,LINE1-M01,2026-06-18T12:42:00,OP-101,MAT-8816
6195,M06195,M,299.2,309.5,1835,52.6,114,1,0,0,1,0,0,LINE2-M01,2026-06-18T12:46:00,OP-104,MAT-8814
6196,M06196,M,298.4,308.5,1337,59.1,117,0,0,0,0,0,0,LINE3-M02,2026-06-18T12:51:00,OP-111,MAT-8807
6197,H06197,H,302.5,311.5,1672,47.7,122,0,0,0,0,0,0,LINE1-M02,2026-06-18T12:54:00,OP-110,MAT-8816
6198,L06198,L,298.0,308.1,1614,46.6,124,0,0,0,0,0,0,LINE2-M02,2026-06-18T12:57:00,OP-108,MAT-8817
6199,L06199,L,299.2,310.1,1468,25.0,126,0,0,0,0,0,0,LINE1-M02,2026-06-18T12:59:00,OP-107,MAT-8813
6200,L06200,L,299.0,308.5,1168,56.0,128,0,0,0,0,0,0,LINE3-M02,2026-06-18T13:04:00,OP-104,MAT-8804
6201,L06201,L,299.3,307.8,1965,23.4,130,0,0,0,0,0,0,LINE1-M02,2026-06-18T13:06:00,OP-110,MAT-8804
6202,L06202,L,302.8,312.7,1494,36.9,132,0,0,0,0,0,0,LINE1-M02,2026-06-18T13:08:00,OP-104,MAT-8809
6203,H06203,H,296.7,306.7,1566,34.4,137,0,0,0,0,0,0,LINE1-M02,2026-06-18T13:12:00,OP-101,MAT-8808
6204,M06204,M,298.3,308.2,1434,50.1,140,0,0,0,0,0,0,LINE3-M02,2026-06-18T13:14:00,OP-100,MAT-8818
6205,L06205,L,299.4,309.8,1541,29.0,142,0,0,0,0,0,0,LINE2-M01,2026-06-18T13:20:00,OP-110,MAT-8811
6206,L06206,L,300.1,310.1,1742,40.6,144,0,0,0,0,0,0,LINE2-M01,2026-06-18T13:26:00,OP-109,MAT-8801
6207,L06207,L,302.1,311.4,1257,24.8,146,1,0,0,1,0,0,LINE3-M01,2026-06-18T13:30:00,OP-104,MAT-8809
6208,L06208,L,299.4,308.6,1927,41.5,148,0,0,0,0,0,0,LINE3-M02,2026-06-18T13:36:00,OP-100,MAT-8812
6209,L06209,L,294.8,304.5,1744,33.4,150,0,0,0,0,0,0,LINE2-M01,2026-06-18T13:40:00,OP-107,MAT-8814
6210,M06210,M,300.5,311.3,1662,30.6,153,0,0,0,0,0,0,LINE2-M01,2026-06-18T13:46:00,OP-101,MAT-8818
6211,L06211,L,299.2,309.6,1752,40.0,155,0,0,0,0,0,0,LINE2-M01,2026-06-18T13:51:00,OP-103,MAT-8819
6212,M06212,M,301.7,312.7,1245,46.4,158,0,0,0,0,0,0,LINE3-M02,2026-06-18T13:56:00,OP-102,MAT-8813
6213,L06213,L,304.0,312.0,1522,12.7,160,1,0,0,1,0,0,LINE2-M01,2026-06-18T13:59:00,OP-103,MAT-8810
6214,H06214,H,296.5,308.0,1513,41.6,165,0,0,0,0,0,0,LINE1-M01,2026-06-18T14:02:00,OP-110,MAT-8804
6215,M06215,M,301.0,310.8,1874,35.1,168,0,0,0,0,0,0,LINE1-M02,2026-06-18T14:05:00,OP-111,MAT-8812
6216,M06216,M,300.5,309.4,1794,30.7,171,0,0,0,0,0,0,LINE3-M02,2026-06-18T14:11:00,OP-103,MAT-8807
6217,M06217,M,298.9,307.5,1346,34.8,174,0,0,0,0,0,0,LINE1-M02,2026-06-18T14:17:00,OP-106,MAT-8805
6218,H06218,H,299.7,310.5,1542,63.0,179,1,0,0,1,0,0,LINE2-M01,2026-06-18T14:23:00,OP-103,MAT-8812
6219,L06219,L,300.4,311.2,1652,41.2,181,0,0,0,0,0,0,LINE3-M02,2026-06-18T14:27:00,OP-101,MAT-8812
6220,H06220,H,299.0,309.1,1558,38.8,186,0,0,0,0,0,0,LINE1-M01,2026-06-18T14:30:00,OP-101,MAT-8813
6221,M06221,M,302.2,311.7,1434,35.8,189,0,0,0,0,0,0,LINE3-M01,2026-06-18T14:32:00,OP-101,MAT-8810
6222,H06222,H,299.1,309.4,1342,42.1,194,0,0,0,0,0,0,LINE1-M02,2026-06-18T14:34:00,OP-101,MAT-8805
6223,H06223,H,299.8,309.0,1535,34.3,199,0,0,0,0,0,0,LINE2-M01,2026-06-18T14:37:00,OP-110,MAT-8802
6224,L06224,L,299.4,309.8,1542,43.1,201,0,0,0,0,0,0,LINE3-M02,2026-06-18T14:41:00,OP-110,MAT-8811
6225,L06225,L,300.3,310.8,1940,27.9,203,0,0,0,0,0,0,LINE1-M02,2026-06-18T14:46:00,OP-103,MAT-8813
6226,L06226,L,299.8,307.8,1439,52.3,205,0,0,0,0,0,0,LINE1-M01,2026-06-18T14:49:00,OP-104,MAT-8811
6227,L06227,L,299.2,308.6,1168,44.6,207,0,0,0,0,0,0,LINE2-M02,2026-06-18T14:54:00,OP-105,MAT-8819
6228,L06228,L,298.2,308.2,1475,57.1,209,1,0,0,0,1,0,LINE2-M01,2026-06-18T14:57:00,OP-102,MAT-8807
6229,H06229,H,297.4,306.9,1365,20.0,214,1,1,0,1,0,0,LINE3-M02,2026-06-18T14:59:00,OP-110,MAT-8805
6230,M06230,M,300.2,309.5,1262,42.1,217,0,0,0,0,0,0,LINE3-M01,2026-06-18T15:05:00,OP-111,MAT-8801
6231,M06231,M,300.3,310.1,1599,33.9,220,0,0,0,0,0,0,LINE3-M01,2026-06-18T15:07:00,OP-111,MAT-8802
6232,H06232,H,299.5,308.5,1277,37.6,225,0,0,0,0,0,0,LINE1-M01,2026-06-18T15:10:00,OP-101,MAT-8801
6233,L06233,L,298.7,309.0,1442,43.0,227,1,1,0,0,0,0,LINE2-M01,2026-06-18T15:14:00,OP-100,MAT-8810
6234,L06234,L,302.0,311.6,1710,45.3,229,1,1,0,0,0,0,LINE3-M02,2026-06-18T15:19:00,OP-101,MAT-8800
6235,M06235,M,298.1,306.8,1515,42.3,232,0,0,0,0,0,0,LINE3-M01,2026-06-18T15:24:00,OP-109,MAT-8805
6236,L06236,L,299.1,309.8,1214,38.1,234,0,0,0,0,0,0,LINE2-M01,2026-06-18T15:28:00,OP-107,MAT-8813
6237,L06237,L,302.6,313.3,1572,27.2,236,1,1,0,0,0,0,LINE2-M02,2026-06-18T15:33:00,OP-104,MAT-8806
6238,L06238,L,301.7,311.2,1287,36.7,238,1,1,0,0,0,0,LINE1-M01,2026-06-18T15:36:00,OP-110,MAT-8809
6239,L06239,L,302.0,311.6,1457,50.7,240,1,1,0,0,1,0,LINE1-M02,2026-06-18T15:41:00,OP-110,MAT-8814
6240,M06240,M,297.6,309.0,1329,24.6,0,1,0,0,1,0,0,LINE2-M02,2026-06-18T15:47:00,OP-107,MAT-8809
6241,L06241,L,300.5,309.6,1380,57.6,2,0,0,0,0,0,0,LINE1-M02,2026-06-18T15:51:00,OP-102,MAT-8803
6242,H06242,H,301.3,311.0,1168,27.9,7,1,0,0,1,0,0,LINE2-M01,2026-06-18T15:53:00,OP-106,MAT-8801
6243,H06243,H,301.7,311.6,1396,62.4,12,1,0,0,1,0,0,LINE2-M02,2026-06-18T15:58:00,OP-101,MAT-8804
6244,M06244,M,297.3,307.9,1674,42.5,15,0,0,0,0,0,0,LINE1-M01,2026-06-18T16:04:00,OP-107,MAT-8805
6245,H06245,H,298.7,309.8,1444,47.3,20,0,0,0,0,0,0,LINE1-M02,2026-06-18T16:07:00,OP-108,MAT-8800
6246,M06246,M,299.2,310.6,1864,31.9,23,0,0,0,0,0,0,LINE3-M02,2026-06-18T16:12:00,OP-102,MAT-8801
6247,L06247,L,300.4,310.4,1247,49.3,25,0,0,0,0,0,0,LINE3-M01,2026-06-18T16:14:00,OP-110,MAT-8818
6248,L06248,L,303.4,314.0,1292,42.2,27,0,0,0,0,0,0,LINE1-M01,2026-06-18T16:20:00,OP-111,MAT-8810
6249,L06249,L,299.1,307.9,1587,42.3,29,0,0,0,0,0,0,LINE2-M01,2026-06-18T16:24:00,OP-105,MAT-8801
6250,L06250,L,298.8,309.5,1234,52.3,31,0,0,0,0,0,0,LINE2-M01,2026-06-18T16:28:00,OP-107,MAT-8816
6251,H06251,H,298.2,308.1,1335,50.0,36,0,0,0,0,0,0,LINE2-M02,2026-06-18T16:30:00,OP-102,MAT-8814
6252,H06252,H,304.0,312.7,1417,28.1,41,0,0,0,0,0,0,LINE2-M02,2026-06-18T16:34:00,OP-106,MAT-8811
6253,H06253,H,303.3,313.6,1915,57.2,46,1,0,0,1,0,0,LINE2-M01,2026-06-18T16:39:00,OP-110,MAT-8801
6254,L06254,L,299.2,308.5,1926,36.1,48,0,0,0,0,0,0,LINE2-M01,2026-06-18T16:43:00,OP-101,MAT-8804
6255,L06255,L,300.6,310.0,1488,41.4,50,0,0,0,0,0,0,LINE3-M02,2026-06-18T16:49:00,OP-108,MAT-8803
6256,M06256,M,300.5,310.7,1255,68.6,53,1,0,0,1,0,0,LINE1-M01,2026-06-18T16:55:00,OP-108,MAT-8818
6257,H06257,H,303.0,313.0,1436,55.2,58,0,0,0,0,0,0,LINE1-M02,2026-06-18T16:57:00,OP-101,MAT-8815
6258,L06258,L,301.1,310.3,1742,35.0,60,0,0,0,0,0,0,LINE3-M01,2026-06-18T17:02:00,OP-111,MAT-8817
6259,H06259,H,301.3,312.1,1656,25.3,65,0,0,0,0,0,0,LINE1-M01,2026-06-18T17:06:00,OP-110,MAT-8800
6260,H06260,H,301.1,310.9,1283,41.0,70,0,0,0,0,0,0,LINE3-M02,2026-06-18T17:10:00,OP-109,MAT-8813
6261,H06261,H,296.4,304.8,2040,42.5,75,1,0,0,1,0,0,LINE3-M01,2026-06-18T17:12:00,OP-102,MAT-8802
6262,M06262,M,301.8,310.0,1548,36.7,78,0,0,0,0,0,0,LINE2-M02,2026-06-18T17:15:00,OP-106,MAT-8813
6263,L06263,L,299.3,309.2,1356,43.3,80,0,0,0,0,0,0,LINE2-M02,2026-06-18T17:19:00,OP-104,MAT-8800
6264,L06264,L,300.8,310.8,1522,43.7,82,0,0,0,0,0,0,LINE1-M02,2026-06-18T17:21:00,OP-105,MAT-8815
6265,M06265,M,298.9,310.1,1168,58.1,85,0,0,0,0,0,0,LINE1-M01,2026-06-18T17:24:00,OP-106,MAT-8817
6266,M06266,M,298.6,308.5,1434,33.9,88,0,0,0,0,0,0,LINE3-M02,2026-06-18T17:29:00,OP-105,MAT-8800
6267,H06267,H,299.6,310.5,1365,42.3,93,0,0,0,0,0,0,LINE2-M01,2026-06-18T17:31:00,OP-102,MAT-8817
6268,H06268,H,300.5,310.1,1527,36.1,98,0,0,0,0,0,0,LINE1-M02,2026-06-18T17:37:00,OP-106,MAT-8816
6269,L06269,L,298.4,307.3,1420,39.5,100,0,0,0,0,0,0,LINE3-M01,2026-06-18T17:41:00,OP-108,MAT-8811
6270,H06270,H,299.6,310.4,1645,49.7,105,0,0,0,0,0,0,LINE3-M01,2026-06-18T17:44:00,OP-111,MAT-8813
6271,L06271,L,297.8,309.1,1457,47.2,107,0,0,0,0,0,0,LINE1-M02,2026-06-18T17:49:00,OP-100,MAT-8814
6272,M06272,M,302.2,314.0,1447,46.5,110,0,0,0,0,0,0,LINE1-M02,2026-06-18T17:51:00,OP-100,MAT-8805
6273,M06273,M,301.7,314.7,1411,32.6,113,0,0,0,0,0,0,LINE3-M01,2026-06-18T17:56:00,OP-109,MAT-8814
6274,H06274,H,300.0,308.4,1316,33.2,118,1,0,1,0,0,0,LINE3-M02,2026-06-18T18:00:00,OP-109,MAT-8803
6275,H06275,H,298.3,309.6,1561,27.0,123,0,0,0,0,0,0,LINE3-M02,2026-06-18T18:05:00,OP-110,MAT-8801
6276,H06276,H,298.9,307.7,1300,29.0,128,0,0,0,0,0,0,LINE1-M02,2026-06-18T18:09:00,OP-107,MAT-8818
6277,L06277,L,302.3,313.0,1820,44.3,130,0,0,0,0,0,0,LINE3-M01,2026-06-18T18:14:00,OP-102,MAT-8818
6278,M06278,M,300.7,311.0,1755,50.8,133,1,0,0,1,0,0,LINE1-M01,2026-06-18T18:20:00,OP-106,MAT-8817
6279,M06279,M,296.7,308.3,1503,34.6,136,0,0,0,0,0,0,LINE3-M02,2026-06-18T18:22:00,OP-107,MAT-8819
6280,H06280,H,299.5,309.6,1168,38.2,141,0,0,0,0,0,0,LINE1-M02,2026-06-18T18:28:00,OP-102,MAT-8814
6281,L06281,L,302.0,312.8,1215,42.4,143,0,0,0,0,0,0,LINE2-M01,2026-06-18T18:33:00,OP-107,MAT-8808
6282,M06282,M,299.0,308.3,1544,33.9,146,0,0,0,0,0,0,LINE2-M01,2026-06-18T18:37:00,OP-110,MAT-8814
6283,M06283,M,301.7,311.0,1359,41.4,149,0,0,0,0,0,0,LINE1-M02,2026-06-18T18:39:00,OP-108,MAT-8811
6284,M06284,M,300.5,311.3,1522,54.6,152,0,0,0,0,0,0,LINE2-M01,2026-06-18T18:41:00,OP-106,MAT-8816
6285,H06285,H,298.9,307.6,1168,28.1,157,1,0,0,1,0,0,LINE2-M01,2026-06-18T18:44:00,OP-102,MAT-8810
6286,L06286,L,299.9,310.7,1435,48.5,159,0,0,0,0,0,0,LINE3-M01,2026-06-18T18:48:00,OP-104,MAT-8802
6287,L06287,L,300.3,311.7,1397,33.3,161,0,0,0,0,0,0,LINE3-M02,2026-06-18T18:50:00,OP-104,MAT-8814
6288,L06288,L,301.1,312.2,1245,28.2,163,0,0,0,0,0,0,LINE3-M02,2026-06-18T18:55:00,OP-101,MAT-8818
6289,H06289,H,298.1,308.3,1933,48.2,168,1,0,0,1,0,0,LINE3-M01,2026-06-18T18:58:00,OP-102,MAT-8808
6290,L06290,L,299.2,308.1,1580,41.4,170,0,0,0,0,0,0,LINE3-M02,2026-06-18T19:00:00,OP-100,MAT-8818
6291,M06291,M,301.0,311.2,1636,42.4,173,0,0,0,0,0,0,LINE3-M01,2026-06-18T19:04:00,OP-106,MAT-8809
6292,L06292,L,299.0,310.2,1480,48.2,175,0,0,0,0,0,0,LINE1-M01,2026-06-18T19:09:00,OP-106,MAT-8819
6293,H06293,H,300.7,312.1,1527,43.4,180,0,0,0,0,0,0,LINE2-M02,2026-06-18T19:14:00,OP-109,MAT-8804
6294,M06294,M,302.1,311.2,1296,25.9,183,0,0,0,0,0,0,LINE1-M01,2026-06-18T19:17:00,OP-111,MAT-8803
6295,L06295,L,298.9,308.2,1573,37.3,185,0,0,0,0,0,0,LINE3-M01,2026-06-18T19:22:00,OP-103,MAT-8809
6296,M06296,M,296.7,307.2,1168,41.3,188,0,0,0,0,0,0,LINE3-M01,2026-06-18T19:24:00,OP-109,MAT-8800
6297,L06297,L,302.4,312.6,2128,46.0,190,1,0,0,1,0,0,LINE3-M01,2026-06-18T19:30:00,OP-102,MAT-8817
6298,L06298,L,302.1,311.0,1619,42.6,192,0,0,0,0,0,0,LINE3-M02,2026-06-18T19:35:00,OP-109,MAT-8809
6299,M06299,M,299.9,311.0,1239,44.2,195,0,0,0,0,0,0,LINE3-M01,2026-06-18T19:40:00,OP-104,MAT-8809
6300,L06300,L,302.8,312.5,1168,42.5,197,0,0,0,0,0,0,LINE1-M02,2026-06-18T19:46:00,OP-110,MAT-8800
6301,L06301,L,301.8,312.6,1470,22.9,199,0,0,0,0,0,0,LINE1-M01,2026-06-18T19:49:00,OP-100,MAT-8800
6302,H06302,H,301.3,311.8,1780,31.7,204,0,0,0,0,0,0,LINE2-M02,2026-06-18T19:51:00,OP-111,MAT-8817
6303,L06303,L,301.4,310.4,1803,40.4,206,0,0,0,0,0,0,LINE1-M01,2026-06-18T19:54:00,OP-102,MAT-8805
6304,L06304,L,302.1,310.9,1617,60.9,208,1,0,0,1,1,0,LINE1-M01,2026-06-18T20:00:00,OP-105,MAT-8817
6305,M06305,M,301.6,310.7,1168,47.8,211,0,0,0,0,0,0,LINE1-M02,2026-06-18T20:03:00,OP-104,MAT-8804
6306,H06306,H,300.6,310.0,1379,44.4,216,1,1,0,0,0,0,LINE3-M01,2026-06-18T20:05:00,OP-108,MAT-8816
6307,M06307,M,300.1,309.9,1485,28.2,219,0,0,0,0,0,0,LINE3-M01,2026-06-18T20:08:00,OP-102,MAT-8805
6308,L06308,L,299.8,310.6,1687,49.2,221,0,0,0,0,0,0,LINE1-M02,2026-06-18T20:13:00,OP-101,MAT-8801
6309,L06309,L,296.8,305.6,1500,29.3,223,0,0,0,0,0,0,LINE1-M01,2026-06-18T20:16:00,OP-110,MAT-8807
6310,M06310,M,300.1,309.3,1436,36.7,226,1,1,0,0,0,0,LINE1-M02,2026-06-18T20:19:00,OP-105,MAT-8811
6311,M06311,M,300.6,311.3,1922,33.5,229,1,1,0,0,0,0,LINE3-M02,2026-06-18T20:25:00,OP-104,MAT-8808
6312,H06312,H,302.9,312.0,1168,47.4,234,1,1,0,0,0,0,LINE2-M02,2026-06-18T20:28:00,OP-108,MAT-8811
6313,L06313,L,298.7,307.3,1583,26.8,236,1,1,0,0,0,0,LINE1-M02,2026-06-18T20:30:00,OP-110,MAT-8800
6314,L06314,L,297.2,306.3,1322,39.6,238,1,1,0,0,0,0,LINE2-M02,2026-06-18T20:35:00,OP-109,MAT-8816
6315,H06315,H,301.8,310.8,1543,33.6,0,0,0,0,0,0,0,LINE1-M01,2026-06-18T20:38:00,OP-105,MAT-8807
6316,H06316,H,300.7,310.3,1435,48.3,5,0,0,0,0,0,0,LINE1-M01,2026-06-18T20:40:00,OP-108,MAT-8818
6317,L06317,L,302.0,311.2,2055,36.1,7,0,0,0,0,0,0,LINE3-M02,2026-06-18T20:44:00,OP-106,MAT-8803
6318,M06318,M,298.4,308.4,1443,44.2,10,0,0,0,0,0,0,LINE1-M01,2026-06-18T20:46:00,OP-107,MAT-8819
6319,M06319,M,300.0,311.5,1687,45.4,13,0,0,0,0,0,0,LINE3-M02,2026-06-18T20:52:00,OP-102,MAT-8805
6320,H06320,H,299.5,310.1,1487,24.2,18,0,0,0,0,0,0,LINE2-M01,2026-06-18T20:54:00,OP-107,MAT-8804
6321,H06321,H,296.3,304.6,1229,41.3,23,1,0,1,0,0,0,LINE1-M01,2026-06-18T20:56:00,OP-107,MAT-8810
6322,L06322,L,301.3,311.6,1215,72.2,25,1,0,0,1,0,0,LINE1-M01,2026-06-18T21:00:00,OP-106,MAT-8814
6323,L06323,L,296.3,306.7,1722,39.5,27,0,0,0,0,0,0,LINE3-M02,2026-06-18T21:02:00,OP-107,MAT-8815
6324,L06324,L,299.4,310.1,1724,35.2,29,0,0,0,0,0,0,LINE1-M01,2026-06-18T21:05:00,OP-104,MAT-8818
6325,L06325,L,301.6,313.0,1279,47.0,31,0,0,0,0,0,0,LINE3-M01,2026-06-18T21:07:00,OP-103,MAT-8809
6326,L06326,L,299.1,309.0,1670,37.7,33,0,0,0,0,0,0,LINE3-M02,2026-06-18T21:11:00,OP-110,MAT-8800
6327,L06327,L,296.3,305.5,1440,33.0,35,0,0,0,0,0,0,LINE3-M01,2026-06-18T21:14:00,OP-103,MAT-8811
6328,M06328,M,299.3,308.9,1751,40.2,38,0,0,0,0,0,0,LINE1-M01,2026-06-18T21:17:00,OP-111,MAT-8818
6329,L06329,L,302.6,312.0,1676,32.8,40,0,0,0,0,0,0,LINE3-M01,2026-06-18T21:23:00,OP-109,MAT-8817
6330,L06330,L,304.0,315.6,1414,56.3,42,0,0,0,0,0,0,LINE1-M01,2026-06-18T21:28:00,OP-111,MAT-8805
6331,L06331,L,301.9,313.4,1325,58.1,44,0,0,0,0,0,0,LINE3-M01,2026-06-18T21:34:00,OP-108,MAT-8807
6332,L06332,L,298.0,307.6,1440,56.7,46,0,0,0,0,0,0,LINE3-M01,2026-06-18T21:36:00,OP-106,MAT-8805
6333,H06333,H,301.1,311.3,1505,39.2,51,0,0,0,0,0,0,LINE1-M01,2026-06-18T21:41:00,OP-103,MAT-8817
6334,L06334,L,297.3,306.3,1168,43.5,53,0,0,0,0,0,0,LINE3-M02,2026-06-18T21:45:00,OP-107,MAT-8801
6335,M06335,M,303.4,313.2,1374,48.3,56,0,0,0,0,0,0,LINE2-M02,2026-06-18T21:50:00,OP-104,MAT-8818
6336,L06336,L,302.5,311.5,1776,54.4,58,1,0,0,1,0,0,LINE2-M01,2026-06-18T21:54:00,OP-107,MAT-8805
6337,M06337,M,300.0,309.6,1270,58.8,61,0,0,0,0,0,0,LINE1-M02,2026-06-18T21:59:00,OP-108,MAT-8809
6338,M06338,M,297.5,307.6,1516,48.9,64,0,0,0,0,0,0,LINE1-M02,2026-06-18T22:04:00,OP-111,MAT-8811
6339,L06339,L,300.9,310.9,1320,33.0,66,0,0,0,0,0,0,LINE3-M01,2026-06-18T22:09:00,OP-103,MAT-8802
6340,M06340,M,297.6,306.9,1430,31.2,69,0,0,0,0,0,0,LINE2-M01,2026-06-18T22:14:00,OP-108,MAT-8805
6341,H06341,H,301.4,311.2,1581,50.9,74,0,0,0,0,0,0,LINE1-M02,2026-06-18T22:19:00,OP-107,MAT-8814
6342,L06342,L,300.5,310.1,1247,54.5,76,0,0,0,0,0,0,LINE2-M01,2026-06-18T22:21:00,OP-111,MAT-8809
6343,L06343,L,299.0,309.0,1516,36.4,78,0,0,0,0,0,0,LINE1-M02,2026-06-18T22:25:00,OP-108,MAT-8807
6344,M06344,M,302.9,311.4,1891,17.4,81,1,0,0,1,0,0,LINE3-M02,2026-06-18T22:31:00,OP-101,MAT-8813
6345,M06345,M,305.2,315.1,1168,35.1,84,0,0,0,0,0,0,LINE1-M02,2026-06-18T22:36:00,OP-100,MAT-8810
6346,L06346,L,298.6,307.0,1409,41.6,86,0,0,0,0,0,0,LINE1-M01,2026-06-18T22:42:00,OP-100,MAT-8800
6347,L06347,L,297.3,308.0,1379,29.7,88,0,0,0,0,0,0,LINE3-M01,2026-06-18T22:44:00,OP-111,MAT-8813
6348,H06348,H,300.9,310.5,1622,58.5,93,1,0,0,1,0,0,LINE3-M01,2026-06-18T22:49:00,OP-103,MAT-8805
6349,L06349,L,302.4,314.4,1543,28.0,95,0,0,0,0,0,0,LINE2-M02,2026-06-18T22:54:00,OP-105,MAT-8808
6350,M06350,M,299.7,309.0,1323,44.8,98,0,0,0,0,0,0,LINE1-M02,2026-06-18T22:59:00,OP-108,MAT-8815
6351,L06351,L,298.9,308.0,1811,38.1,100,0,0,0,0,0,0,LINE1-M02,2026-06-18T23:04:00,OP-104,MAT-8800
6352,L06352,L,300.0,310.2,1603,24.8,102,0,0,0,0,0,0,LINE3-M02,2026-06-18T23:10:00,OP-102,MAT-8800
6353,M06353,M,303.4,313.4,1527,35.4,105,0,0,0,0,0,0,LINE1-M01,2026-06-18T23:16:00,OP-107,MAT-8812
6354,L06354,L,299.6,310.7,1728,30.6,107,0,0,0,0,0,0,LINE1-M01,2026-06-18T23:22:00,OP-108,MAT-8815
6355,M06355,M,302.1,312.9,1194,47.1,110,0,0,0,0,0,0,LINE1-M01,2026-06-18T23:24:00,OP-102,MAT-8802
6356,H06356,H,299.4,309.0,1168,47.1,115,0,0,0,0,0,0,LINE1-M02,2026-06-18T23:30:00,OP-106,MAT-8815
6357,L06357,L,299.6,311.5,1542,58.5,117,1,0,0,1,0,0,LINE3-M02,2026-06-18T23:33:00,OP-111,MAT-8803
6358,M06358,M,294.9,304.9,1433,49.4,120,0,0,0,0,0,0,LINE2-M01,2026-06-18T23:36:00,OP-108,MAT-8805
6359,L06359,L,299.6,308.2,1535,41.5,122,0,0,0,0,0,0,LINE2-M01,2026-06-18T23:39:00,OP-100,MAT-8801
6360,M06360,M,299.3,308.2,1497,30.5,125,0,0,0,0,0,0,LINE1-M01,2026-06-18T23:45:00,OP-102,MAT-8809
6361,M06361,M,300.9,310.3,1707,20.8,128,0,0,0,0,0,0,LINE3-M01,2026-06-18T23:50:00,OP-100,MAT-8806
6362,M06362,M,299.6,309.2,1577,38.2,131,0,0,0,0,0,0,LINE3-M01,2026-06-18T23:56:00,OP-107,MAT-8811
6363,M06363,M,299.7,309.4,1549,55.2,134,0,0,0,0,0,0,LINE2-M01,2026-06-19T00:02:00,OP-104,MAT-8803
6364,L06364,L,296.4,307.8,1177,52.3,136,0,0,0,0,0,0,LINE3-M02,2026-06-19T00:04:00,OP-105,MAT-8802
6365,M06365,M,297.6,306.7,1168,39.0,139,0,0,0,0,0,0,LINE3-M02,2026-06-19T00:10:00,OP-105,MAT-8807
6366,L06366,L,300.0,310.3,1177,37.6,141,0,0,0,0,0,0,LINE2-M02,2026-06-19T00:14:00,OP-110,MAT-8811
6367,L06367,L,297.2,307.1,1497,55.9,143,0,0,0,0,0,0,LINE1-M01,2026-06-19T00:18:00,OP-100,MAT-8814
6368,H06368,H,302.0,310.3,1937,38.0,148,0,0,0,0,0,0,LINE3-M02,2026-06-19T00:24:00,OP-102,MAT-8804
6369,H06369,H,300.3,310.2,1520,21.8,153,1,0,0,1,0,0,LINE1-M01,2026-06-19T00:26:00,OP-105,MAT-8819
6370,M06370,M,302.7,313.9,1592,29.7,156,0,0,0,0,0,0,LINE2-M02,2026-06-19T00:29:00,OP-104,MAT-8818
6371,L06371,L,298.4,309.4,1415,62.9,158,1,0,0,1,0,0,LINE2-M02,2026-06-19T00:31:00,OP-108,MAT-8804
6372,L06372,L,305.8,316.3,1456,35.6,160,0,0,0,0,0,0,LINE3-M01,2026-06-19T00:36:00,OP-109,MAT-8800
6373,M06373,M,298.9,308.2,1612,14.8,163,1,0,0,1,0,0,LINE2-M02,2026-06-19T00:38:00,OP-102,MAT-8812
6374,M06374,M,299.3,310.2,1468,48.1,166,0,0,0,0,0,0,LINE2-M01,2026-06-19T00:41:00,OP-102,MAT-8819
6375,L06375,L,300.7,310.9,1405,27.5,168,0,0,0,0,0,0,LINE1-M02,2026-06-19T00:46:00,OP-110,MAT-8811
6376,M06376,M,301.9,312.8,1354,33.5,171,0,0,0,0,0,0,LINE3-M02,2026-06-19T00:48:00,OP-106,MAT-8810
6377,L06377,L,302.1,311.9,1504,34.0,173,0,0,0,0,0,0,LINE2-M01,2026-06-19T00:54:00,OP-110,MAT-8808
6378,L06378,L,302.2,311.6,1379,51.7,175,0,0,0,0,0,0,LINE3-M02,2026-06-19T00:58:00,OP-100,MAT-8804
6379,M06379,M,298.3,308.6,1331,30.6,178,0,0,0,0,0,0,LINE1-M02,2026-06-19T01:00:00,OP-104,MAT-8816
6380,L06380,L,299.8,308.9,1736,36.1,180,0,0,0,0,0,0,LINE3-M01,2026-06-19T01:06:00,OP-105,MAT-8817
6381,H06381,H,299.0,308.7,1547,41.5,185,0,0,0,0,0,0,LINE1-M02,2026-06-19T01:10:00,OP-110,MAT-8803
6382,L06382,L,300.6,312.6,1773,41.9,187,0,0,0,0,0,0,LINE1-M01,2026-06-19T01:15:00,OP-108,MAT-8808
6383,L06383,L,298.6,307.8,1785,44.9,189,0,0,0,0,0,0,LINE2-M02,2026-06-19T01:19:00,OP-101,MAT-8805
6384,L06384,L,297.3,306.9,1341,34.0,191,0,0,0,0,0,0,LINE2-M02,2026-06-19T01:25:00,OP-105,MAT-8816
6385,M06385,M,301.6,309.7,1417,31.8,194,0,0,0,0,0,0,LINE3-M01,2026-06-19T01:30:00,OP-106,MAT-8813
6386,L06386,L,303.5,312.5,1350,20.2,196,1,0,0,1,0,0,LINE3-M02,2026-06-19T01:32:00,OP-104,MAT-8809
6387,M06387,M,301.2,311.0,1651,33.3,199,0,0,0,0,0,0,LINE2-M02,2026-06-19T01:36:00,OP-107,MAT-8814
6388,L06388,L,299.0,309.5,1623,43.0,201,0,0,0,0,0,0,LINE3-M02,2026-06-19T01:40:00,OP-108,MAT-8816
6389,M06389,M,299.9,308.9,1267,27.5,204,0,0,0,0,0,0,LINE3-M01,2026-06-19T01:44:00,OP-102,MAT-8814
6390,M06390,M,301.2,308.9,1489,33.1,207,0,0,0,0,0,0,LINE2-M02,2026-06-19T01:48:00,OP-102,MAT-8815
6391,H06391,H,300.0,310.5,1983,41.1,212,0,0,0,0,0,0,LINE1-M02,2026-06-19T01:53:00,OP-106,MAT-8819
6392,H06392,H,303.4,313.3,1433,37.1,217,0,0,0,0,0,0,LINE2-M01,2026-06-19T01:56:00,OP-100,MAT-8801
6393,L06393,L,299.4,312.4,1850,45.7,219,1,1,0,0,0,0,LINE3-M02,2026-06-19T02:01:00,OP-111,MAT-8813
6394,M06394,M,296.8,306.6,1739,39.8,222,1,1,0,0,0,0,LINE2-M02,2026-06-19T02:04:00,OP-105,MAT-8817
6395,M06395,M,300.8,312.0,1489,33.6,225,0,0,0,0,0,0,LINE1-M01,2026-06-19T02:10:00,OP-105,MAT-8809
6396,M06396,M,297.0,308.2,1523,16.4,228,1,1,0,1,0,0,LINE3-M01,2026-06-19T02:13:00,OP-106,MAT-8813
6397,M06397,M,300.4,311.7,1411,42.1,231,1,1,0,0,0,1,LINE1-M01,2026-06-19T02:19:00,OP-102,MAT-8817
6398,M06398,M,299.0,310.0,1186,48.1,234,1,1,0,0,0,0,LINE2-M01,2026-06-19T02:21:00,OP-108,MAT-8816
6399,L06399,L,301.6,311.7,1552,14.1,236,1,1,0,1,0,0,LINE2-M02,2026-06-19T02:24:00,OP-106,MAT-8811
6400,M06400,M,299.9,312.0,1615,49.3,239,1,1,0,0,0,0,LINE1-M01,2026-06-19T02:26:00,OP-102,MAT-8818
6401,M06401,M,301.3,311.6,1858,50.0,0,1,0,0,1,0,0,LINE3-M02,2026-06-19T02:28:00,OP-106,MAT-8812
6402,L06402,L,301.1,311.6,1218,25.1,2,1,0,0,1,0,0,LINE1-M01,2026-06-19T02:30:00,OP-107,MAT-8801
6403,H06403,H,304.3,312.8,1910,50.5,7,1,0,0,1,0,0,LINE2-M02,2026-06-19T02:33:00,OP-104,MAT-8818
6404,L06404,L,301.4,310.1,1535,51.2,9,0,0,0,0,0,0,LINE1-M01,2026-06-19T02:36:00,OP-101,MAT-8810
6405,L06405,L,299.6,310.0,1440,41.7,11,0,0,0,0,0,0,LINE2-M01,2026-06-19T02:41:00,OP-110,MAT-8800
6406,L06406,L,299.0,309.5,1568,51.7,13,0,0,0,0,0,0,LINE2-M02,2026-06-19T02:46:00,OP-111,MAT-8812
6407,L06407,L,300.1,311.0,1659,39.9,15,0,0,0,0,0,0,LINE3-M02,2026-06-19T02:49:00,OP-110,MAT-8806
6408,L06408,L,302.2,313.7,1642,47.0,17,0,0,0,0,0,0,LINE2-M02,2026-06-19T02:55:00,OP-103,MAT-8811
6409,M06409,M,301.1,310.1,1168,44.8,20,0,0,0,0,0,0,LINE1-M01,2026-06-19T02:57:00,OP-110,MAT-8819
6410,M06410,M,306.3,317.0,1402,37.8,23,0,0,0,0,0,0,LINE2-M01,2026-06-19T03:03:00,OP-105,MAT-8806
6411,L06411,L,298.5,309.1,1570,32.9,25,0,0,0,0,0,0,LINE2-M02,2026-06-19T03:09:00,OP-104,MAT-8818
6412,L06412,L,294.9,304.1,1552,26.3,27,0,0,0,0,0,0,LINE2-M02,2026-06-19T03:13:00,OP-110,MAT-8818
6413,M06413,M,302.6,313.5,1249,44.9,30,0,0,0,0,0,0,LINE1-M01,2026-06-19T03:15:00,OP-100,MAT-8806
6414,M06414,M,298.5,308.7,2005,30.8,33,0,0,0,0,0,0,LINE1-M02,2026-06-19T03:17:00,OP-100,MAT-8809
6415,L06415,L,297.9,307.1,1168,46.5,35,0,0,0,0,0,0,LINE1-M02,2026-06-19T03:19:00,OP-106,MAT-8817
6416,L06416,L,301.2,312.4,1168,45.5,37,0,0,0,0,0,0,LINE3-M02,2026-06-19T03:21:00,OP-108,MAT-8813
6417,L06417,L,299.6,309.8,1747,18.4,39,1,0,0,1,0,0,LINE3-M02,2026-06-19T03:26:00,OP-102,MAT-8805
6418,M06418,M,298.4,306.8,1187,26.2,42,1,0,1,1,0,0,LINE1-M01,2026-06-19T03:31:00,OP-105,MAT-8812
6419,L06419,L,300.5,309.6,1627,49.4,44,0,0,0,0,0,0,LINE2-M01,2026-06-19T03:33:00,OP-106,MAT-8808
6420,M06420,M,301.3,310.6,1289,46.5,47,0,0,0,0,0,0,LINE3-M01,2026-06-19T03:39:00,OP-108,MAT-8818
6421,L06421,L,303.9,312.8,1839,29.2,49,0,0,0,0,0,0,LINE2-M02,2026-06-19T03:41:00,OP-107,MAT-8800
6422,H06422,H,298.5,308.6,1424,39.3,54,0,0,0,0,0,0,LINE2-M01,2026-06-19T03:46:00,OP-107,MAT-8807
6423,L06423,L,303.7,313.0,1204,45.0,56,0,0,0,0,0,0,LINE1-M01,2026-06-19T03:50:00,OP-102,MAT-8812
6424,L06424,L,299.4,308.8,1835,23.4,58,0,0,0,0,0,0,LINE2-M01,2026-06-19T03:53:00,OP-107,MAT-8807
6425,M06425,M,300.9,310.4,1792,22.4,61,0,0,0,0,0,0,LINE2-M02,2026-06-19T03:57:00,OP-106,MAT-8815
6426,M06426,M,299.9,310.3,1649,47.9,64,0,0,0,0,0,0,LINE3-M02,2026-06-19T03:59:00,OP-111,MAT-8809
6427,L06427,L,303.8,313.3,1415,56.4,66,0,0,0,0,0,0,LINE2-M01,2026-06-19T04:05:00,OP-100,MAT-8803
6428,L06428,L,300.4,312.8,1597,36.0,68,0,0,0,0,0,0,LINE1-M01,2026-06-19T04:09:00,OP-109,MAT-8818
6429,M06429,M,296.9,306.8,1168,31.0,71,0,0,0,0,0,0,LINE3-M01,2026-06-19T04:14:00,OP-100,MAT-8816
6430,L06430,L,304.3,313.9,2094,20.4,73,0,0,0,0,0,0,LINE2-M02,2026-06-19T04:20:00,OP-105,MAT-8816
6431,H06431,H,298.5,308.7,1530,40.1,78,0,0,0,0,0,0,LINE2-M02,2026-06-19T04:25:00,OP-107,MAT-8810
6432,L06432,L,301.2,310.6,1168,48.0,80,0,0,0,0,0,0,LINE1-M01,2026-06-19T04:29:00,OP-107,MAT-8815
6433,M06433,M,300.9,309.9,1205,38.8,83,0,0,0,0,0,0,LINE1-M02,2026-06-19T04:33:00,OP-107,MAT-8809
6434,M06434,M,299.2,308.9,1323,53.9,86,0,0,0,0,0,0,LINE1-M02,2026-06-19T04:36:00,OP-106,MAT-8801
6435,M06435,M,296.5,304.9,1710,20.6,89,0,0,0,0,0,0,LINE2-M02,2026-06-19T04:38:00,OP-101,MAT-8809
6436,L06436,L,298.4,308.4,1519,30.8,91,0,0,0,0,0,0,LINE2-M02,2026-06-19T04:42:00,OP-107,MAT-8819
6437,H06437,H,300.1,310.8,1327,42.8,96,0,0,0,0,0,0,LINE3-M02,2026-06-19T04:45:00,OP-111,MAT-8806
6438,M06438,M,297.0,306.9,1860,42.0,99,0,0,0,0,0,0,LINE2-M02,2026-06-19T04:50:00,OP-103,MAT-8806
6439,L06439,L,302.9,311.3,1222,35.9,101,1,0,1,0,0,0,LINE3-M02,2026-06-19T04:55:00,OP-103,MAT-8801
6440,L06440,L,298.1,308.2,1655,36.3,103,0,0,0,0,0,0,LINE3-M02,2026-06-19T04:59:00,OP-109,MAT-8818
6441,L06441,L,299.7,310.0,1629,24.0,105,0,0,0,0,0,0,LINE1-M01,2026-06-19T05:04:00,OP-110,MAT-8807
6442,M06442,M,298.6,308.7,1497,36.6,108,0,0,0,0,0,0,LINE2-M02,2026-06-19T05:06:00,OP-110,MAT-8804
6443,L06443,L,299.5,309.2,1168,47.0,110,0,0,0,0,0,0,LINE2-M01,2026-06-19T05:11:00,OP-109,MAT-8800
6444,H06444,H,296.8,305.6,1180,39.3,115,0,0,0,0,0,0,LINE2-M02,2026-06-19T05:15:00,OP-101,MAT-8801
6445,L06445,L,302.0,312.8,1168,33.9,117,0,0,0,0,0,0,LINE3-M02,2026-06-19T05:17:00,OP-109,MAT-8812
6446,L06446,L,299.6,310.1,1273,43.1,119,0,0,0,0,0,0,LINE2-M01,2026-06-19T05:19:00,OP-111,MAT-8816
6447,L06447,L,297.9,308.8,1698,37.1,121,0,0,0,0,0,0,LINE3-M01,2026-06-19T05:21:00,OP-106,MAT-8816
6448,L06448,L,300.0,310.6,1238,29.0,123,0,0,0,0,0,0,LINE1-M01,2026-06-19T05:25:00,OP-106,MAT-8801
6449,L06449,L,301.1,310.6,1539,36.0,125,0,0,0,0,0,0,LINE3-M02,2026-06-19T05:30:00,OP-106,MAT-8819
6450,L06450,L,301.0,310.7,1197,69.3,127,0,0,0,0,0,0,LINE3-M01,2026-06-19T05:35:00,OP-111,MAT-8802
6451,H06451,H,299.8,308.5,1662,36.0,132,0,0,0,0,0,0,LINE3-M01,2026-06-19T05:41:00,OP-111,MAT-8804
6452,L06452,L,302.0,313.0,1168,55.8,134,0,0,0,0,0,0,LINE1-M01,2026-06-19T05:46:00,OP-105,MAT-8814
6453,H06453,H,298.7,309.5,1168,54.7,139,0,0,0,0,0,0,LINE1-M01,2026-06-19T05:49:00,OP-104,MAT-8816
6454,M06454,M,305.8,315.2,1505,29.6,142,0,0,0,0,0,0,LINE3-M02,2026-06-19T05:54:00,OP-103,MAT-8802
6455,M06455,M,299.0,309.8,1569,33.2,145,0,0,0,0,0,0,LINE2-M01,2026-06-19T05:58:00,OP-101,MAT-8802
6456,M06456,M,297.4,308.4,1588,40.9,148,0,0,0,0,0,0,LINE3-M01,2026-06-19T06:00:00,OP-109,MAT-8817
6457,M06457,M,299.3,310.7,1503,57.7,151,1,0,0,1,0,0,LINE2-M02,2026-06-19T06:04:00,OP-105,MAT-8819
6458,M06458,M,296.9,307.0,1809,26.9,154,0,0,0,0,0,0,LINE3-M02,2026-06-19T06:06:00,OP-103,MAT-8808
6459,H06459,H,301.8,312.1,1411,60.9,159,0,0,0,0,0,0,LINE2-M01,2026-06-19T06:10:00,OP-107,MAT-8813
6460,L06460,L,298.1,309.4,1656,29.5,161,0,0,0,0,0,0,LINE3-M01,2026-06-19T06:15:00,OP-110,MAT-8818
6461,L06461,L,301.9,311.0,1757,28.3,163,0,0,0,0,0,0,LINE2-M02,2026-06-19T06:17:00,OP-103,MAT-8819
6462,L06462,L,299.3,308.0,1458,34.2,165,0,0,0,0,0,0,LINE1-M02,2026-06-19T06:20:00,OP-108,MAT-8808
6463,L06463,L,299.4,309.7,1224,40.3,167,0,0,0,0,0,0,LINE1-M01,2026-06-19T06:24:00,OP-102,MAT-8805
6464,M06464,M,304.9,314.0,1479,44.0,170,0,0,0,0,0,0,LINE1-M01,2026-06-19T06:27:00,OP-106,MAT-8813
6465,L06465,L,300.6,310.5,1575,47.3,172,0,0,0,0,0,0,LINE2-M02,2026-06-19T06:31:00,OP-105,MAT-8803
6466,H06466,H,300.7,312.1,1456,33.3,177,0,0,0,0,0,0,LINE1-M01,2026-06-19T06:34:00,OP-108,MAT-8806
6467,L06467,L,300.0,310.5,1311,53.0,179,0,0,0,0,0,0,LINE1-M01,2026-06-19T06:39:00,OP-110,MAT-8816
6468,M06468,M,300.7,310.6,1237,26.9,182,1,0,0,1,0,0,LINE2-M01,2026-06-19T06:43:00,OP-103,MAT-8814
6469,L06469,L,299.3,310.2,1168,40.0,184,0,0,0,0,0,0,LINE3-M01,2026-06-19T06:48:00,OP-102,MAT-8805
6470,L06470,L,300.1,308.9,1601,53.7,186,1,0,0,1,0,0,LINE1-M01,2026-06-19T06:50:00,OP-107,MAT-8814
6471,M06471,M,299.0,309.5,1867,38.8,189,0,0,0,0,0,0,LINE1-M02,2026-06-19T06:52:00,OP-100,MAT-8810
6472,M06472,M,300.9,310.2,1525,41.9,192,0,0,0,0,0,0,LINE1-M01,2026-06-19T06:56:00,OP-102,MAT-8802
6473,L06473,L,301.7,313.0,1872,30.1,194,0,0,0,0,0,0,LINE3-M02,2026-06-19T06:58:00,OP-100,MAT-8804
6474,L06474,L,297.6,307.2,1706,44.9,196,0,0,0,0,0,0,LINE1-M01,2026-06-19T07:00:00,OP-110,MAT-8817
6475,L06475,L,300.0,308.2,1723,57.8,198,1,0,0,1,1,0,LINE2-M01,2026-06-19T07:03:00,OP-100,MAT-8804
6476,L06476,L,298.2,307.6,1797,49.6,200,1,0,0,1,0,0,LINE2-M01,2026-06-19T07:09:00,OP-106,MAT-8810
6477,H06477,H,302.2,313.0,1686,28.0,205,0,0,0,0,0,0,LINE3-M01,2026-06-19T07:13:00,OP-103,MAT-8809
6478,L06478,L,298.1,308.7,1573,32.0,207,0,0,0,0,0,0,LINE3-M02,2026-06-19T07:16:00,OP-107,MAT-8815
6479,H06479,H,300.1,310.0,1869,27.5,212,0,0,0,0,0,0,LINE3-M01,2026-06-19T07:19:00,OP-101,MAT-8816
6480,L06480,L,299.9,309.3,1413,49.3,214,1,1,0,0,0,0,LINE2-M01,2026-06-19T07:24:00,OP-103,MAT-8809
6481,H06481,H,303.8,313.4,1751,58.6,219,1,0,0,1,0,0,LINE3-M01,2026-06-19T07:29:00,OP-104,MAT-8819
6482,L06482,L,299.9,311.3,1344,57.1,221,1,0,0,0,1,0,LINE1-M02,2026-06-19T07:33:00,OP-105,MAT-8808
6483,L06483,L,298.1,309.2,1410,35.4,223,1,1,0,0,0,0,LINE1-M02,2026-06-19T07:39:00,OP-105,MAT-8807
6484,L06484,L,298.8,308.8,1483,26.9,225,1,1,0,0,0,0,LINE1-M02,2026-06-19T07:42:00,OP-110,MAT-8819
6485,L06485,L,303.6,315.0,1798,43.8,227,1,1,0,0,0,0,LINE3-M02,2026-06-19T07:44:00,OP-107,MAT-8812
6486,M06486,M,296.6,308.1,1782,44.5,230,1,1,0,0,0,0,LINE1-M02,2026-06-19T07:46:00,OP-109,MAT-8817
6487,H06487,H,299.4,311.1,1584,42.6,235,1,1,0,0,0,0,LINE3-M01,2026-06-19T07:51:00,OP-108,MAT-8818
6488,M06488,M,300.8,310.3,1427,44.8,238,1,1,0,0,0,0,LINE2-M01,2026-06-19T07:54:00,OP-109,MAT-8801
6489,H06489,H,300.3,310.9,1589,42.1,0,0,0,0,0,0,0,LINE2-M02,2026-06-19T07:58:00,OP-108,MAT-8813
6490,H06490,H,298.6,310.7,1694,42.0,5,0,0,0,0,0,0,LINE3-M01,2026-06-19T08:00:00,OP-101,MAT-8812
6491,H06491,H,299.9,310.1,1597,35.4,10,0,0,0,0,0,0,LINE2-M02,2026-06-19T08:03:00,OP-110,MAT-8802
6492,L06492,L,300.3,309.6,1376,43.1,12,0,0,0,0,0,0,LINE2-M01,2026-06-19T08:05:00,OP-111,MAT-8818
6493,L06493,L,301.9,312.0,1279,51.6,14,0,0,0,0,0,0,LINE2-M01,2026-06-19T08:09:00,OP-109,MAT-8802
6494,H06494,H,298.5,309.8,1473,40.7,19,0,0,0,0,0,0,LINE3-M02,2026-06-19T08:15:00,OP-110,MAT-8803
6495,L06495,L,297.8,308.4,2000,45.5,21,1,0,0,1,0,0,LINE1-M01,2026-06-19T08:19:00,OP-107,MAT-8809
6496,L06496,L,297.2,306.7,1601,53.7,23,1,0,0,1,0,0,LINE3-M01,2026-06-19T08:25:00,OP-110,MAT-8814
6497,H06497,H,304.4,314.6,1313,24.9,28,1,0,0,1,0,0,LINE3-M01,2026-06-19T08:27:00,OP-100,MAT-8800
6498,H06498,H,301.5,312.5,1694,23.6,33,0,0,0,0,0,0,LINE3-M02,2026-06-19T08:33:00,OP-104,MAT-8818
6499,M06499,M,297.7,308.7,1276,50.3,36,0,0,0,0,0,0,LINE2-M01,2026-06-19T08:36:00,OP-101,MAT-8810
6500,M06500,M,299.9,310.2,1247,50.4,39,0,0,0,0,0,0,LINE1-M02,2026-06-19T08:41:00,OP-110,MAT-8804
6501,L06501,L,299.4,310.1,1527,51.8,41,0,0,0,0,0,0,LINE2-M02,2026-06-19T08:44:00,OP-110,MAT-8801
6502,M06502,M,302.9,312.5,1685,28.3,44,0,0,0,0,0,0,LINE2-M02,2026-06-19T08:47:00,OP-108,MAT-8816
6503,M06503,M,300.0,309.3,1657,48.2,47,0,0,0,0,0,0,LINE2-M02,2026-06-19T08:52:00,OP-101,MAT-8805
6504,L06504,L,302.7,313.5,1552,49.5,49,0,0,0,0,0,0,LINE3-M01,2026-06-19T08:56:00,OP-107,MAT-8801
6505,H06505,H,297.3,306.6,1335,43.3,54,0,0,0,0,0,0,LINE2-M01,2026-06-19T09:01:00,OP-106,MAT-8802
6506,L06506,L,300.7,310.6,1168,34.1,56,0,0,0,0,0,0,LINE2-M01,2026-06-19T09:07:00,OP-111,MAT-8810
6507,M06507,M,303.8,314.1,1245,43.1,59,0,0,0,0,0,0,LINE3-M02,2026-06-19T09:13:00,OP-107,MAT-8811
6508,H06508,H,297.1,307.6,1711,35.4,64,0,0,0,0,0,0,LINE3-M02,2026-06-19T09:15:00,OP-104,MAT-8813
6509,M06509,M,300.9,311.9,1485,32.0,67,0,0,0,0,0,0,LINE3-M02,2026-06-19T09:18:00,OP-106,MAT-8801
6510,H06510,H,299.0,307.9,1785,16.1,72,1,0,0,1,0,0,LINE2-M02,2026-06-19T09:23:00,OP-108,MAT-8819
6511,H06511,H,303.3,313.1,1743,37.6,77,0,0,0,0,0,0,LINE1-M01,2026-06-19T09:26:00,OP-110,MAT-8812
6512,L06512,L,299.3,308.6,1226,61.5,79,0,0,0,0,0,0,LINE3-M01,2026-06-19T09:31:00,OP-103,MAT-8817
6513,H06513,H,300.6,312.3,1660,35.4,84,0,0,0,0,0,0,LINE1-M01,2026-06-19T09:35:00,OP-106,MAT-8817
6514,M06514,M,297.9,308.9,1450,41.8,87,0,0,0,0,0,0,LINE1-M02,2026-06-19T09:40:00,OP-101,MAT-8817
6515,L06515,L,299.4,310.0,1738,31.2,89,0,0,0,0,0,0,LINE2-M01,2026-06-19T09:44:00,OP-111,MAT-8804
6516,H06516,H,300.1,310.7,1429,31.7,94,0,0,0,0,0,0,LINE2-M02,2026-06-19T09:49:00,OP-106,MAT-8807
6517,M06517,M,300.6,308.7,1291,33.0,97,1,0,1,0,0,0,LINE3-M01,2026-06-19T09:55:00,OP-103,MAT-8819
6518,L06518,L,294.7,304.0,1251,55.2,99,0,0,0,0,0,0,LINE1-M01,2026-06-19T09:58:00,OP-103,MAT-8815
6519,L06519,L,298.6,308.4,1596,17.8,101,1,0,0,1,0,0,LINE1-M02,2026-06-19T10:01:00,OP-110,MAT-8817
6520,M06520,M,303.8,311.9,1728,29.4,104,0,0,0,0,0,0,LINE1-M02,2026-06-19T10:04:00,OP-107,MAT-8818
6521,H06521,H,302.5,313.5,1626,51.7,109,0,0,0,0,0,0,LINE3-M01,2026-06-19T10:08:00,OP-101,MAT-8805
6522,H06522,H,300.4,308.9,1443,42.3,114,0,0,0,0,0,0,LINE1-M01,2026-06-19T10:14:00,OP-101,MAT-8807
6523,L06523,L,297.6,308.1,1903,57.9,116,1,0,0,1,0,0,LINE2-M01,2026-06-19T10:19:00,OP-110,MAT-8817
6524,M06524,M,297.2,306.7,1181,54.0,119,0,0,0,0,0,0,LINE3-M01,2026-06-19T10:22:00,OP-108,MAT-8804
6525,M06525,M,301.3,311.1,1684,51.7,122,1,0,0,1,0,0,LINE3-M01,2026-06-19T10:26:00,OP-108,MAT-8804
6526,L06526,L,303.6,312.9,1168,35.4,124,0,0,0,0,0,0,LINE1-M01,2026-06-19T10:32:00,OP-106,MAT-8814
6527,M06527,M,300.4,311.2,1477,39.7,127,0,0,0,0,0,0,LINE2-M02,2026-06-19T10:34:00,OP-110,MAT-8813
6528,M06528,M,302.1,313.2,1500,41.1,130,0,0,0,0,0,0,LINE1-M02,2026-06-19T10:39:00,OP-108,MAT-8803
6529,L06529,L,299.0,308.5,1605,34.2,132,0,0,0,0,0,0,LINE3-M02,2026-06-19T10:45:00,OP-110,MAT-8804
6530,M06530,M,299.5,310.7,1510,37.5,135,0,0,0,0,0,0,LINE2-M02,2026-06-19T10:51:00,OP-111,MAT-8816
6531,L06531,L,303.3,313.0,1925,44.3,137,0,0,0,0,0,0,LINE3-M01,2026-06-19T10:53:00,OP-100,MAT-8815
6532,L06532,L,301.1,311.1,1324,48.6,139,0,0,0,0,0,0,LINE2-M02,2026-06-19T10:58:00,OP-108,MAT-8807
6533,H06533,H,302.3,313.5,1647,29.0,144,0,0,0,0,0,0,LINE1-M01,2026-06-19T11:00:00,OP-104,MAT-8808
6534,M06534,M,300.4,310.3,1425,53.3,147,0,0,0,0,0,0,LINE3-M02,2026-06-19T11:04:00,OP-101,MAT-8815
6535,M06535,M,297.9,309.9,1580,39.4,150,0,0,0,0,0,0,LINE1-M01,2026-06-19T11:06:00,OP-109,MAT-8804
6536,L06536,L,301.3,310.1,1593,37.2,152,0,0,0,0,0,0,LINE2-M02,2026-06-19T11:08:00,OP-101,MAT-8819
6537,L06537,L,301.5,311.9,1228,46.1,154,0,0,0,0,0,0,LINE3-M01,2026-06-19T11:13:00,OP-103,MAT-8809
6538,M06538,M,300.3,310.9,1743,30.2,157,0,0,0,0,0,0,LINE1-M02,2026-06-19T11:17:00,OP-100,MAT-8810
6539,M06539,M,300.1,308.6,1326,34.3,160,1,0,1,0,0,0,LINE1-M02,2026-06-19T11:22:00,OP-108,MAT-8809
6540,L06540,L,300.3,310.2,1753,50.4,162,1,0,0,1,0,0,LINE2-M01,2026-06-19T11:28:00,OP-111,MAT-8815
6541,L06541,L,303.1,312.3,1488,31.9,164,0,0,0,0,0,0,LINE1-M02,2026-06-19T11:32:00,OP-105,MAT-8817
6542,H06542,H,299.0,309.2,1694,45.1,169,0,0,0,0,0,0,LINE1-M01,2026-06-19T11:36:00,OP-111,MAT-8800
6543,L06543,L,302.1,311.5,1944,35.8,171,0,0,0,0,0,0,LINE1-M01,2026-06-19T11:39:00,OP-106,MAT-8811
6544,M06544,M,301.0,309.7,1573,49.0,174,0,0,0,0,0,0,LINE1-M02,2026-06-19T11:43:00,OP-102,MAT-8816
6545,H06545,H,297.1,307.1,1669,38.6,179,0,0,0,0,0,0,LINE1-M02,2026-06-19T11:48:00,OP-104,MAT-8813
6546,H06546,H,301.0,313.5,1275,36.8,184,0,0,0,0,0,0,LINE3-M02,2026-06-19T11:54:00,OP-110,MAT-8802
6547,H06547,H,301.0,309.1,1409,47.2,189,0,0,0,0,0,0,LINE2-M02,2026-06-19T11:56:00,OP-103,MAT-8800
6548,M06548,M,295.0,307.2,1168,30.3,192,0,0,0,0,0,0,LINE1-M02,2026-06-19T12:00:00,OP-103,MAT-8805
6549,L06549,L,297.5,307.6,1661,37.6,194,0,0,0,0,0,0,LINE1-M01,2026-06-19T12:02:00,OP-110,MAT-8806
6550,L06550,L,300.5,309.1,1783,32.1,196,0,0,0,0,0,0,LINE1-M01,2026-06-19T12:04:00,OP-107,MAT-8815
6551,L06551,L,300.4,311.0,1559,46.0,198,0,0,0,0,0,0,LINE1-M01,2026-06-19T12:10:00,OP-105,MAT-8800
6552,M06552,M,301.8,312.9,1574,41.1,201,0,0,0,0,0,0,LINE2-M01,2026-06-19T12:14:00,OP-108,MAT-8816
6553,L06553,L,298.2,309.3,1942,39.3,203,0,0,0,0,0,0,LINE1-M02,2026-06-19T12:18:00,OP-101,MAT-8809
6554,M06554,M,300.6,309.6,1168,36.5,206,0,0,0,0,0,0,LINE3-M01,2026-06-19T12:22:00,OP-111,MAT-8816
6555,L06555,L,302.0,311.8,1593,32.0,208,0,0,0,0,0,0,LINE2-M02,2026-06-19T12:26:00,OP-110,MAT-8813
6556,M06556,M,300.8,311.1,1168,38.6,211,0,0,0,0,0,0,LINE2-M01,2026-06-19T12:28:00,OP-103,MAT-8801
6557,L06557,L,301.4,311.7,1168,65.7,213,1,0,0,0,1,0,LINE2-M01,2026-06-19T12:34:00,OP-105,MAT-8800
6558,H06558,H,300.4,312.0,1264,19.2,218,1,1,0,1,0,0,LINE2-M01,2026-06-19T12:40:00,OP-109,MAT-8808
6559,H06559,H,299.8,310.8,1315,47.0,223,0,0,0,0,0,0,LINE3-M02,2026-06-19T12:45:00,OP-105,MAT-8812
6560,L06560,L,302.2,312.7,1697,41.2,225,0,0,0,0,0,0,LINE1-M01,2026-06-19T12:48:00,OP-105,MAT-8806
6561,L06561,L,301.1,309.2,1614,36.5,227,1,1,0,0,0,0,LINE3-M01,2026-06-19T12:54:00,OP-107,MAT-8819
6562,M06562,M,296.7,308.5,1702,37.5,230,0,0,0,0,0,0,LINE3-M01,2026-06-19T12:56:00,OP-110,MAT-8811
6563,M06563,M,301.2,311.5,1293,36.0,233,0,0,0,0,0,0,LINE1-M02,2026-06-19T12:58:00,OP-100,MAT-8814
6564,M06564,M,302.5,312.8,1507,41.4,236,0,0,0,0,0,0,LINE2-M02,2026-06-19T13:00:00,OP-101,MAT-8813
6565,L06565,L,298.4,308.5,1649,42.3,238,1,1,0,0,0,0,LINE1-M02,2026-06-19T13:03:00,OP-103,MAT-8809
6566,H06566,H,301.3,311.0,1860,49.6,0,1,0,0,1,0,0,LINE2-M02,2026-06-19T13:09:00,OP-103,MAT-8803
6567,M06567,M,302.9,313.7,1646,36.5,3,0,0,0,0,0,0,LINE3-M01,2026-06-19T13:12:00,OP-104,MAT-8800
6568,L06568,L,301.1,312.1,1374,33.3,5,0,0,0,0,0,0,LINE3-M01,2026-06-19T13:16:00,OP-108,MAT-8807
6569,M06569,M,301.1,311.1,1390,17.2,8,1,0,0,1,0,0,LINE3-M02,2026-06-19T13:21:00,OP-100,MAT-8816
6570,M06570,M,301.0,309.9,1665,35.0,11,0,0,0,0,0,0,LINE2-M01,2026-06-19T13:24:00,OP-110,MAT-8817
6571,L06571,L,300.2,311.2,1468,48.3,13,0,0,0,0,0,0,LINE1-M02,2026-06-19T13:27:00,OP-109,MAT-8804
6572,L06572,L,301.2,311.1,1359,32.4,15,0,0,0,0,0,0,LINE3-M02,2026-06-19T13:30:00,OP-104,MAT-8815
6573,L06573,L,303.8,311.5,1484,26.7,17,0,0,0,0,0,0,LINE2-M01,2026-06-19T13:36:00,OP-109,MAT-8804
6574,L06574,L,296.4,308.1,1535,53.7,19,0,0,0,0,0,0,LINE3-M02,2026-06-19T13:40:00,OP-100,MAT-8808
6575,M06575,M,296.8,308.3,1323,36.1,22,0,0,0,0,0,0,LINE2-M01,2026-06-19T13:42:00,OP-104,MAT-8819
6576,M06576,M,298.7,308.5,1616,46.6,25,0,0,0,0,0,0,LINE1-M02,2026-06-19T13:48:00,OP-108,MAT-8815
6577,L06577,L,301.5,310.3,1746,40.4,27,0,0,0,0,0,0,LINE1-M02,2026-06-19T13:51:00,OP-110,MAT-8800
6578,L06578,L,302.3,313.5,1322,45.9,29,0,0,0,0,0,0,LINE1-M01,2026-06-19T13:57:00,OP-103,MAT-8819
6579,L06579,L,297.9,306.6,1210,53.8,31,0,0,0,0,0,0,LINE2-M02,2026-06-19T14:01:00,OP-108,MAT-8813
6580,L06580,L,298.6,307.8,1445,45.5,33,0,0,0,0,0,0,LINE2-M02,2026-06-19T14:07:00,OP-103,MAT-8801
6581,M06581,M,302.5,311.6,1610,30.6,36,0,0,0,0,0,0,LINE2-M02,2026-06-19T14:12:00,OP-100,MAT-8816
6582,H06582,H,299.6,309.3,1783,39.9,41,0,0,0,0,0,0,LINE3-M01,2026-06-19T14:18:00,OP-106,MAT-8802
6583,H06583,H,302.0,312.5,1615,42.8,46,0,0,0,0,0,0,LINE3-M01,2026-06-19T14:22:00,OP-107,MAT-8807
6584,L06584,L,299.6,310.0,1256,45.2,48,0,0,0,0,0,0,LINE2-M02,2026-06-19T14:26:00,OP-102,MAT-8817
6585,M06585,M,302.6,312.5,1434,53.2,51,0,0,0,0,0,0,LINE2-M01,2026-06-19T14:32:00,OP-100,MAT-8806
6586,M06586,M,298.3,306.4,1168,47.9,54,1,0,1,0,0,0,LINE2-M01,2026-06-19T14:35:00,OP-104,MAT-8819
6587,L06587,L,298.3,308.9,1627,44.8,56,0,0,0,0,0,0,LINE2-M02,2026-06-19T14:40:00,OP-108,MAT-8810
6588,L06588,L,302.7,313.1,1324,39.5,58,0,0,0,0,0,0,LINE1-M01,2026-06-19T14:43:00,OP-101,MAT-8800
6589,L06589,L,299.3,311.1,1400,38.7,60,0,0,0,0,0,0,LINE3-M01,2026-06-19T14:49:00,OP-105,MAT-8802
6590,M06590,M,294.8,305.3,1785,47.0,63,0,0,0,0,0,0,LINE1-M02,2026-06-19T14:54:00,OP-110,MAT-8808
6591,L06591,L,299.2,308.9,1168,52.5,65,0,0,0,0,0,0,LINE1-M01,2026-06-19T14:59:00,OP-111,MAT-8806
6592,M06592,M,298.0,309.0,1570,45.0,68,0,0,0,0,0,0,LINE3-M02,2026-06-19T15:01:00,OP-106,MAT-8803
6593,L06593,L,299.4,310.4,1545,40.5,70,0,0,0,0,0,0,LINE2-M01,2026-06-19T15:04:00,OP-102,MAT-8810
6594,L06594,L,296.2,307.3,1168,58.2,72,0,0,0,0,0,0,LINE2-M01,2026-06-19T15:07:00,OP-104,MAT-8803
6595,L06595,L,297.9,307.5,1495,43.1,74,0,0,0,0,0,0,LINE1-M02,2026-06-19T15:13:00,OP-104,MAT-8818
6596,L06596,L,303.0,314.7,1835,30.3,76,0,0,0,0,0,0,LINE3-M02,2026-06-19T15:16:00,OP-106,MAT-8811
6597,M06597,M,302.3,311.0,1280,32.1,79,0,0,0,0,0,0,LINE1-M01,2026-06-19T15:20:00,OP-108,MAT-8805
6598,L06598,L,298.8,308.3,1521,53.1,81,0,0,0,0,0,0,LINE2-M01,2026-06-19T15:25:00,OP-105,MAT-8800
6599,M06599,M,302.1,311.4,1403,47.8,84,0,0,0,0,0,0,LINE2-M02,2026-06-19T15:28:00,OP-103,MAT-8811
6600,L06600,L,299.4,310.5,1768,41.0,86,0,0,0,0,0,0,LINE1-M02,2026-06-19T15:31:00,OP-100,MAT-8801
6601,M06601,M,299.7,309.6,1678,40.0,89,0,0,0,0,0,0,LINE1-M02,2026-06-19T15:35:00,OP-103,MAT-8804
6602,H06602,H,302.8,312.0,1625,50.7,94,0,0,0,0,0,0,LINE2-M02,2026-06-19T15:39:00,OP-107,MAT-8808
6603,M06603,M,303.8,314.6,1424,44.2,97,0,0,0,0,0,0,LINE1-M01,2026-06-19T15:43:00,OP-106,MAT-8800
6604,M06604,M,301.8,312.7,1822,35.0,100,0,0,0,0,0,0,LINE3-M02,2026-06-19T15:49:00,OP-104,MAT-8800
6605,L06605,L,298.8,309.1,1523,44.4,102,0,0,0,0,0,0,LINE3-M02,2026-06-19T15:53:00,OP-104,MAT-8815
6606,L06606,L,300.6,310.7,1544,30.6,104,0,0,0,0,0,0,LINE2-M01,2026-06-19T15:57:00,OP-101,MAT-8810
6607,H06607,H,300.8,310.5,1168,23.0,109,1,0,0,1,0,0,LINE2-M01,2026-06-19T16:02:00,OP-108,MAT-8817
6608,L06608,L,302.5,312.7,1306,39.1,111,0,0,0,0,0,0,LINE2-M01,2026-06-19T16:05:00,OP-109,MAT-8802
6609,H06609,H,299.5,308.0,1866,45.9,116,0,0,0,0,0,0,LINE3-M02,2026-06-19T16:07:00,OP-110,MAT-8814
6610,H06610,H,300.8,311.2,1642,40.0,121,0,0,0,0,0,0,LINE2-M01,2026-06-19T16:12:00,OP-100,MAT-8808
6611,H06611,H,301.8,313.3,1243,38.1,126,0,0,0,0,0,0,LINE3-M02,2026-06-19T16:17:00,OP-109,MAT-8803
6612,L06612,L,299.6,309.3,1284,30.9,128,0,0,0,0,0,0,LINE1-M02,2026-06-19T16:21:00,OP-110,MAT-8801
6613,L06613,L,300.9,311.8,1522,30.8,130,0,0,0,0,0,0,LINE1-M01,2026-06-19T16:27:00,OP-111,MAT-8806
6614,H06614,H,303.0,313.0,1707,40.5,135,0,0,0,0,0,0,LINE2-M02,2026-06-19T16:29:00,OP-103,MAT-8811
6615,M06615,M,301.5,312.0,1489,32.7,138,0,0,0,0,0,0,LINE3-M01,2026-06-19T16:34:00,OP-111,MAT-8812
6616,L06616,L,298.5,306.6,1254,47.0,140,1,0,1,0,0,0,LINE2-M01,2026-06-19T16:39:00,OP-105,MAT-8803
6617,M06617,M,296.4,307.8,1470,36.0,143,0,0,0,0,0,0,LINE2-M02,2026-06-19T16:43:00,OP-100,MAT-8801
6618,L06618,L,299.3,309.0,1484,46.4,145,0,0,0,0,0,0,LINE1-M01,2026-06-19T16:49:00,OP-110,MAT-8812
6619,L06619,L,300.7,311.1,1317,45.7,147,0,0,0,0,0,0,LINE1-M02,2026-06-19T16:55:00,OP-109,MAT-8804
6620,M06620,M,301.2,311.6,1800,19.0,150,0,0,0,0,0,0,LINE3-M02,2026-06-19T17:00:00,OP-107,MAT-8813
6621,L06621,L,300.8,311.3,1744,43.7,152,0,0,0,0,0,0,LINE2-M01,2026-06-19T17:03:00,OP-106,MAT-8800
6622,L06622,L,297.8,307.0,1573,55.5,154,1,0,0,1,0,0,LINE1-M02,2026-06-19T17:07:00,OP-101,MAT-8806
6623,M06623,M,300.1,310.8,1548,33.9,157,0,0,0,0,0,0,LINE3-M01,2026-06-19T17:13:00,OP-100,MAT-8815
6624,H06624,H,297.4,305.9,1556,32.7,162,0,0,0,0,0,0,LINE3-M02,2026-06-19T17:19:00,OP-101,MAT-8816
6625,L06625,L,300.4,309.8,1264,40.0,164,0,0,0,0,0,0,LINE1-M01,2026-06-19T17:23:00,OP-108,MAT-8800
6626,L06626,L,299.7,310.4,1356,37.3,166,0,0,0,0,0,0,LINE3-M02,2026-06-19T17:26:00,OP-104,MAT-8812
6627,M06627,M,299.6,311.0,1295,43.5,169,0,0,0,0,0,0,LINE3-M02,2026-06-19T17:31:00,OP-108,MAT-8813
6628,M06628,M,301.5,309.7,1518,36.5,172,0,0,0,0,0,0,LINE1-M02,2026-06-19T17:36:00,OP-103,MAT-8817
6629,L06629,L,300.7,310.7,1601,34.2,174,0,0,0,0,0,0,LINE2-M01,2026-06-19T17:42:00,OP-109,MAT-8818
6630,M06630,M,299.2,309.8,1317,49.2,177,0,0,0,0,0,0,LINE2-M02,2026-06-19T17:47:00,OP-109,MAT-8817
6631,H06631,H,300.5,311.3,1756,41.7,182,0,0,0,0,0,0,LINE1-M02,2026-06-19T17:52:00,OP-109,MAT-8817
6632,L06632,L,301.3,311.8,1747,51.3,184,1,0,0,1,0,0,LINE1-M02,2026-06-19T17:57:00,OP-104,MAT-8814
6633,L06633,L,298.6,308.4,1318,32.9,186,0,0,0,0,0,0,LINE3-M02,2026-06-19T18:00:00,OP-107,MAT-8819
6634,L06634,L,300.5,311.0,1386,43.8,188,0,0,0,0,0,0,LINE3-M02,2026-06-19T18:02:00,OP-106,MAT-8817
6635,L06635,L,301.1,311.9,1329,43.9,190,0,0,0,0,0,0,LINE1-M01,2026-06-19T18:04:00,OP-107,MAT-8818
6636,H06636,H,300.4,310.2,1816,51.6,195,1,0,0,1,0,0,LINE1-M01,2026-06-19T18:06:00,OP-100,MAT-8800
6637,M06637,M,302.2,312.0,1369,52.4,198,0,0,0,0,0,0,LINE2-M02,2026-06-19T18:09:00,OP-102,MAT-8804
6638,M06638,M,299.7,311.0,1441,36.7,201,0,0,0,0,0,0,LINE3-M02,2026-06-19T18:13:00,OP-102,MAT-8803
6639,L06639,L,298.4,309.7,1461,40.9,203,0,0,0,0,0,0,LINE3-M01,2026-06-19T18:17:00,OP-109,MAT-8808
6640,L06640,L,301.9,311.3,1380,39.0,205,0,0,0,0,0,0,LINE2-M02,2026-06-19T18:21:00,OP-102,MAT-8810
6641,M06641,M,299.9,309.7,1168,45.5,208,0,0,0,0,0,0,LINE3-M01,2026-06-19T18:27:00,OP-106,MAT-8809
6642,L06642,L,300.0,310.9,1559,45.4,210,0,0,0,0,0,0,LINE2-M01,2026-06-19T18:30:00,OP-108,MAT-8819
6643,L06643,L,298.5,309.3,2055,23.2,212,1,1,0,0,0,0,LINE3-M01,2026-06-19T18:33:00,OP-104,MAT-8806
6644,H06644,H,300.4,310.0,1392,52.0,217,0,0,0,0,0,0,LINE3-M02,2026-06-19T18:39:00,OP-107,MAT-8801
6645,L06645,L,300.9,312.2,1618,45.6,219,1,1,0,0,0,0,LINE3-M01,2026-06-19T18:45:00,OP-108,MAT-8818
6646,H06646,H,300.4,309.8,1895,35.5,224,1,1,0,0,0,0,LINE3-M01,2026-06-19T18:47:00,OP-103,MAT-8813
6647,L06647,L,301.4,312.1,1543,31.7,226,1,1,0,0,0,0,LINE3-M01,2026-06-19T18:51:00,OP-103,MAT-8819
6648,M06648,M,300.3,309.3,1466,39.4,229,0,0,0,0,0,0,LINE3-M02,2026-06-19T18:54:00,OP-105,MAT-8802
6649,L06649,L,299.2,308.4,1411,33.4,231,1,1,0,0,0,0,LINE1-M02,2026-06-19T18:58:00,OP-110,MAT-8801
6650,H06650,H,299.4,308.7,1310,34.2,236,1,1,0,0,0,0,LINE1-M01,2026-06-19T19:04:00,OP-104,MAT-8802
6651,H06651,H,298.7,308.3,1361,32.4,0,0,0,0,0,0,0,LINE3-M02,2026-06-19T19:08:00,OP-101,MAT-8800
6652,L06652,L,299.1,309.4,1655,48.0,2,0,0,0,0,0,0,LINE1-M02,2026-06-19T19:10:00,OP-105,MAT-8817
6653,H06653,H,299.7,310.3,1448,20.8,7,1,0,0,1,0,0,LINE2-M02,2026-06-19T19:13:00,OP-108,MAT-8802
6654,L06654,L,299.0,309.3,1416,37.8,9,0,0,0,0,0,0,LINE2-M02,2026-06-19T19:17:00,OP-105,MAT-8815
6655,L06655,L,301.0,310.2,1948,29.5,11,0,0,0,0,0,0,LINE1-M02,2026-06-19T19:21:00,OP-106,MAT-8802
6656,L06656,L,297.4,307.4,1532,26.7,13,0,0,0,0,0,0,LINE1-M01,2026-06-19T19:24:00,OP-111,MAT-8818
6657,H06657,H,299.2,308.3,1745,32.2,18,0,0,0,0,0,0,LINE1-M02,2026-06-19T19:29:00,OP-104,MAT-8801
6658,L06658,L,299.9,309.6,1342,32.5,20,0,0,0,0,0,0,LINE2-M02,2026-06-19T19:31:00,OP-108,MAT-8808
6659,L06659,L,300.4,310.2,1168,24.4,22,1,0,0,1,0,0,LINE2-M02,2026-06-19T19:33:00,OP-105,MAT-8808
6660,H06660,H,297.8,308.0,1588,45.9,27,0,0,0,0,0,0,LINE1-M01,2026-06-19T19:37:00,OP-102,MAT-8819
6661,L06661,L,301.3,309.1,1668,34.0,29,0,0,0,0,0,0,LINE1-M02,2026-06-19T19:40:00,OP-100,MAT-8808
6662,H06662,H,299.9,310.2,1348,40.3,34,0,0,0,0,0,0,LINE2-M01,2026-06-19T19:46:00,OP-107,MAT-8805
6663,H06663,H,299.8,312.6,1314,44.6,39,0,0,0,0,0,0,LINE1-M02,2026-06-19T19:51:00,OP-105,MAT-8803
6664,M06664,M,299.5,309.0,1261,42.8,42,0,0,0,0,0,0,LINE3-M02,2026-06-19T19:54:00,OP-105,MAT-8817
6665,H06665,H,303.0,312.5,1540,34.6,47,0,0,0,0,0,0,LINE3-M01,2026-06-19T19:56:00,OP-107,MAT-8816
6666,M06666,M,301.3,312.4,1835,59.7,50,1,0,0,1,0,0,LINE2-M02,2026-06-19T20:01:00,OP-111,MAT-8812
6667,H06667,H,302.2,312.7,1942,39.1,55,0,0,0,0,0,0,LINE1-M01,2026-06-19T20:04:00,OP-100,MAT-8819
6668,M06668,M,297.6,307.1,1639,34.6,58,0,0,0,0,0,0,LINE2-M02,2026-06-19T20:09:00,OP-111,MAT-8817
6669,H06669,H,300.0,309.8,1830,15.3,63,1,0,0,1,0,0,LINE1-M01,2026-06-19T20:11:00,OP-109,MAT-8804
6670,L06670,L,297.9,307.8,1168,33.9,65,0,0,0,0,0,0,LINE3-M01,2026-06-19T20:15:00,OP-104,MAT-8814
6671,L06671,L,298.3,308.6,1865,35.5,67,0,0,0,0,0,0,LINE1-M02,2026-06-19T20:19:00,OP-105,MAT-8808
6672,L06672,L,299.8,310.8,1168,48.3,69,0,0,0,0,0,0,LINE2-M01,2026-06-19T20:21:00,OP-104,MAT-8807
6673,L06673,L,296.7,306.2,1547,44.1,71,0,0,0,0,0,0,LINE3-M02,2026-06-19T20:27:00,OP-109,MAT-8817
6674,L06674,L,299.3,311.0,1426,47.1,73,0,0,0,0,0,0,LINE2-M01,2026-06-19T20:30:00,OP-109,MAT-8811
6675,H06675,H,297.6,308.4,1686,43.9,78,0,0,0,0,0,0,LINE3-M01,2026-06-19T20:32:00,OP-102,MAT-8800
6676,L06676,L,302.7,312.2,1506,28.7,80,0,0,0,0,0,0,LINE1-M02,2026-06-19T20:38:00,OP-103,MAT-8800
6677,L06677,L,299.8,309.8,1504,49.6,82,0,0,0,0,0,0,LINE2-M02,2026-06-19T20:43:00,OP-100,MAT-8811
6678,H06678,H,301.3,313.6,1477,25.4,87,0,0,0,0,0,0,LINE2-M01,2026-06-19T20:49:00,OP-111,MAT-8804
6679,H06679,H,304.0,314.5,1491,36.5,92,0,0,0,0,0,0,LINE1-M01,2026-06-19T20:53:00,OP-102,MAT-8811
6680,M06680,M,299.5,310.2,1168,44.4,95,0,0,0,0,0,0,LINE2-M01,2026-06-19T20:55:00,OP-106,MAT-8805
6681,M06681,M,297.8,308.6,1781,22.3,98,0,0,0,0,0,0,LINE1-M02,2026-06-19T20:57:00,OP-104,MAT-8808
6682,L06682,L,296.4,308.6,1489,22.8,100,0,0,0,0,0,0,LINE3-M02,2026-06-19T21:00:00,OP-106,MAT-8802
6683,L06683,L,301.6,313.0,1609,42.6,102,0,0,0,0,0,0,LINE1-M02,2026-06-19T21:02:00,OP-101,MAT-8807
6684,M06684,M,300.4,310.1,1242,52.4,105,0,0,0,0,0,0,LINE1-M02,2026-06-19T21:05:00,OP-101,MAT-8809
6685,M06685,M,294.8,305.0,1687,49.7,108,0,0,0,0,0,0,LINE1-M01,2026-06-19T21:10:00,OP-104,MAT-8801
6686,M06686,M,299.6,309.6,1168,38.5,111,0,0,0,0,0,0,LINE2-M02,2026-06-19T21:12:00,OP-100,MAT-8803
6687,M06687,M,297.8,306.4,1168,37.9,114,1,0,1,0,0,0,LINE3-M02,2026-06-19T21:15:00,OP-103,MAT-8812
6688,H06688,H,298.0,308.0,1821,41.2,119,0,0,0,0,0,0,LINE1-M01,2026-06-19T21:18:00,OP-108,MAT-8813
6689,M06689,M,300.0,309.4,2002,26.2,122,0,0,0,0,0,0,LINE2-M02,2026-06-19T21:23:00,OP-109,MAT-8816
6690,L06690,L,301.9,311.3,1571,30.5,124,0,0,0,0,0,0,LINE3-M02,2026-06-19T21:25:00,OP-108,MAT-8803
6691,M06691,M,297.6,306.8,1351,41.6,127,0,0,0,0,0,0,LINE3-M01,2026-06-19T21:31:00,OP-111,MAT-8816
6692,L06692,L,300.0,309.3,1168,28.9,129,0,0,0,0,0,0,LINE2-M01,2026-06-19T21:35:00,OP-108,MAT-8815
6693,L06693,L,301.2,311.5,1168,40.3,131,0,0,0,0,0,0,LINE3-M01,2026-06-19T21:38:00,OP-104,MAT-8812
6694,M06694,M,298.2,308.4,1168,42.7,134,0,0,0,0,0,0,LINE2-M01,2026-06-19T21:43:00,OP-105,MAT-8800
6695,L06695,L,296.6,306.4,1689,21.7,136,0,0,0,0,0,0,LINE3-M01,2026-06-19T21:47:00,OP-109,MAT-8813
6696,L06696,L,297.9,308.2,1662,33.9,138,0,0,0,0,0,0,LINE3-M02,2026-06-19T21:52:00,OP-103,MAT-8804
6697,M06697,M,299.8,308.5,1402,39.8,141,0,0,0,0,0,0,LINE3-M01,2026-06-19T21:55:00,OP-110,MAT-8802
6698,L06698,L,296.9,306.2,1480,27.7,143,0,0,0,0,0,0,LINE1-M02,2026-06-19T22:00:00,OP-110,MAT-8819
6699,H06699,H,299.1,308.7,1344,47.1,148,0,0,0,0,0,0,LINE2-M02,2026-06-19T22:03:00,OP-105,MAT-8800
6700,M06700,M,302.3,312.7,1469,43.6,151,0,0,0,0,0,0,LINE1-M02,2026-06-19T22:09:00,OP-101,MAT-8813
6701,L06701,L,301.4,312.7,1462,20.8,153,1,0,0,1,0,0,LINE3-M01,2026-06-19T22:15:00,OP-102,MAT-8810
6702,M06702,M,301.5,310.4,1481,33.1,156,0,0,0,0,0,0,LINE2-M01,2026-06-19T22:20:00,OP-104,MAT-8809
6703,L06703,L,299.8,307.7,1258,30.8,158,1,0,1,0,0,0,LINE2-M02,2026-06-19T22:25:00,OP-102,MAT-8813
6704,L06704,L,300.4,310.1,1541,47.5,160,0,0,0,0,0,0,LINE2-M02,2026-06-19T22:28:00,OP-106,MAT-8812
6705,M06705,M,303.4,312.4,1581,54.9,163,1,0,0,1,0,0,LINE1-M02,2026-06-19T22:30:00,OP-108,MAT-8806
6706,M06706,M,299.0,309.7,1573,24.1,166,0,0,0,0,0,0,LINE3-M02,2026-06-19T22:35:00,OP-102,MAT-8809
6707,M06707,M,302.3,312.5,1540,33.6,169,0,0,0,0,0,0,LINE1-M02,2026-06-19T22:37:00,OP-110,MAT-8813
6708,M06708,M,302.3,313.7,1388,44.0,172,0,0,0,0,0,0,LINE1-M02,2026-06-19T22:39:00,OP-111,MAT-8818
6709,L06709,L,303.5,313.5,1736,28.9,174,0,0,0,0,0,0,LINE3-M02,2026-06-19T22:45:00,OP-110,MAT-8816
6710,L06710,L,301.5,311.7,1671,53.1,176,1,0,0,1,0,0,LINE1-M01,2026-06-19T22:51:00,OP-107,MAT-8811
6711,M06711,M,301.6,311.9,1536,40.9,179,0,0,0,0,0,0,LINE1-M02,2026-06-19T22:54:00,OP-108,MAT-8812
6712,M06712,M,302.5,310.9,1495,48.6,182,0,0,0,0,0,0,LINE2-M02,2026-06-19T22:57:00,OP-101,MAT-8812
6713,L06713,L,296.2,306.7,1545,46.7,184,0,0,0,0,0,0,LINE3-M02,2026-06-19T23:03:00,OP-105,MAT-8802
6714,L06714,L,298.7,308.4,1291,41.8,186,0,0,0,0,0,0,LINE3-M01,2026-06-19T23:06:00,OP-111,MAT-8815
6715,L06715,L,298.2,307.8,1645,40.3,188,0,0,0,0,0,0,LINE1-M01,2026-06-19T23:11:00,OP-106,MAT-8818
6716,H06716,H,301.7,311.9,1875,37.3,193,0,0,0,0,0,0,LINE3-M01,2026-06-19T23:14:00,OP-103,MAT-8812
6717,L06717,L,298.0,306.6,1673,31.4,195,0,0,0,0,0,0,LINE3-M01,2026-06-19T23:17:00,OP-103,MAT-8815
6718,L06718,L,304.1,312.2,1443,48.3,197,0,0,0,0,0,0,LINE2-M02,2026-06-19T23:20:00,OP-103,MAT-8811
6719,H06719,H,299.0,309.5,1291,40.5,202,0,0,0,0,0,0,LINE3-M02,2026-06-19T23:26:00,OP-103,MAT-8817
6720,L06720,L,301.6,311.9,1318,42.7,204,0,0,0,0,0,0,LINE2-M01,2026-06-19T23:28:00,OP-100,MAT-8808
6721,L06721,L,300.8,311.2,1576,49.1,206,0,0,0,0,0,0,LINE3-M02,2026-06-19T23:33:00,OP-106,MAT-8800
6722,L06722,L,301.6,310.8,1483,43.1,208,0,0,0,0,0,0,LINE3-M02,2026-06-19T23:36:00,OP-103,MAT-8818
6723,M06723,M,302.1,313.1,1734,37.6,211,0,0,0,0,0,0,LINE3-M01,2026-06-19T23:42:00,OP-102,MAT-8804
6724,H06724,H,300.5,311.0,1934,54.1,216,1,1,0,1,0,0,LINE3-M02,2026-06-19T23:47:00,OP-106,MAT-8801
6725,L06725,L,300.2,310.7,1606,24.2,218,0,0,0,0,0,0,LINE3-M02,2026-06-19T23:53:00,OP-105,MAT-8813
6726,L06726,L,297.5,308.3,1168,47.5,220,1,1,0,0,0,0,LINE1-M02,2026-06-19T23:59:00,OP-104,MAT-8817
6727,L06727,L,300.3,309.3,1256,29.3,222,1,1,0,0,0,0,LINE1-M02,2026-06-20T00:02:00,OP-106,MAT-8809
6728,L06728,L,296.5,305.9,1812,31.1,224,1,1,0,0,0,0,LINE2-M02,2026-06-20T00:05:00,OP-108,MAT-8808
6729,M06729,M,301.7,310.2,1704,42.1,227,0,0,0,0,0,0,LINE3-M01,2026-06-20T00:10:00,OP-106,MAT-8800
6730,M06730,M,300.7,310.7,1642,35.0,230,1,1,0,0,0,0,LINE3-M02,2026-06-20T00:15:00,OP-106,MAT-8813
6731,M06731,M,300.8,309.9,1319,36.9,233,1,1,0,0,0,0,LINE1-M02,2026-06-20T00:20:00,OP-111,MAT-8815
6732,L06732,L,303.5,313.4,1776,51.8,235,1,1,0,1,1,0,LINE3-M01,2026-06-20T00:25:00,OP-107,MAT-8806
6733,L06733,L,301.1,309.7,1549,43.4,237,1,1,0,0,0,0,LINE1-M01,2026-06-20T00:29:00,OP-107,MAT-8809
6734,M06734,M,298.1,307.0,1239,47.6,240,1,1,0,0,0,0,LINE2-M02,2026-06-20T00:35:00,OP-104,MAT-8807
6735,M06735,M,297.3,308.5,1282,40.1,0,0,0,0,0,0,0,LINE3-M02,2026-06-20T00:40:00,OP-105,MAT-8814
6736,L06736,L,303.6,314.7,1806,45.2,2,0,0,0,0,0,0,LINE3-M02,2026-06-20T00:45:00,OP-110,MAT-8804
6737,L06737,L,298.4,308.3,1996,33.1,4,0,0,0,0,0,0,LINE1-M01,2026-06-20T00:47:00,OP-102,MAT-8815
6738,M06738,M,301.9,310.3,1816,59.6,7,1,0,0,1,0,0,LINE2-M02,2026-06-20T00:53:00,OP-103,MAT-8818
6739,M06739,M,299.3,310.3,1578,28.6,10,0,0,0,0,0,0,LINE1-M01,2026-06-20T00:58:00,OP-110,MAT-8815
6740,H06740,H,300.8,312.4,1571,41.9,15,0,0,0,0,0,0,LINE3-M02,2026-06-20T01:00:00,OP-110,MAT-8811
6741,L06741,L,300.9,310.9,1562,33.4,17,0,0,0,0,0,0,LINE2-M02,2026-06-20T01:03:00,OP-100,MAT-8813
6742,M06742,M,301.2,311.8,1837,16.7,20,1,0,0,1,0,0,LINE1-M02,2026-06-20T01:08:00,OP-109,MAT-8813
6743,L06743,L,297.7,306.1,1679,43.8,22,0,0,0,0,0,0,LINE1-M02,2026-06-20T01:11:00,OP-103,MAT-8815
6744,M06744,M,299.1,307.7,1581,55.6,25,1,0,0,1,0,0,LINE1-M02,2026-06-20T01:15:00,OP-109,MAT-8816
6745,L06745,L,297.4,306.9,1426,42.3,27,0,0,0,0,0,0,LINE2-M01,2026-06-20T01:20:00,OP-105,MAT-8813
6746,H06746,H,303.3,313.3,1655,24.1,32,0,0,0,0,0,0,LINE1-M01,2026-06-20T01:22:00,OP-109,MAT-8817
6747,L06747,L,304.0,313.8,1644,28.3,34,0,0,0,0,0,0,LINE3-M02,2026-06-20T01:26:00,OP-104,MAT-8802
6748,L06748,L,300.0,312.6,1847,30.1,36,0,0,0,0,0,0,LINE1-M01,2026-06-20T01:30:00,OP-106,MAT-8812
6749,M06749,M,299.6,309.5,1355,48.7,39,0,0,0,0,0,0,LINE1-M02,2026-06-20T01:32:00,OP-105,MAT-8811
6750,L06750,L,300.1,309.8,1871,23.9,41,0,0,0,0,0,0,LINE3-M01,2026-06-20T01:36:00,OP-102,MAT-8804
6751,H06751,H,302.2,311.5,1554,39.8,46,0,0,0,0,0,0,LINE2-M02,2026-06-20T01:41:00,OP-110,MAT-8814
6752,L06752,L,301.6,311.4,1557,36.1,48,0,0,0,0,0,0,LINE1-M01,2026-06-20T01:43:00,OP-103,MAT-8809
6753,L06753,L,301.0,312.6,1545,28.5,50,0,0,0,0,0,0,LINE2-M01,2026-06-20T01:49:00,OP-101,MAT-8815
6754,H06754,H,301.1,310.3,1514,36.9,55,0,0,0,0,0,0,LINE3-M01,2026-06-20T01:54:00,OP-110,MAT-8817
6755,H06755,H,301.1,309.6,1876,30.0,60,0,0,0,0,0,0,LINE2-M02,2026-06-20T01:56:00,OP-101,MAT-8804
6756,L06756,L,302.0,313.2,1348,49.7,62,0,0,0,0,0,0,LINE2-M02,2026-06-20T01:59:00,OP-109,MAT-8819
6757,M06757,M,300.3,310.2,1870,44.3,65,0,0,0,0,0,0,LINE2-M02,2026-06-20T02:01:00,OP-105,MAT-8817
6758,L06758,L,297.3,306.5,1611,37.1,67,0,0,0,0,0,0,LINE1-M01,2026-06-20T02:04:00,OP-100,MAT-8817
6759,L06759,L,298.6,310.7,1188,49.3,69,0,0,0,0,0,0,LINE1-M02,2026-06-20T02:07:00,OP-100,MAT-8818
6760,L06760,L,300.4,310.3,1747,42.8,71,0,0,0,0,0,0,LINE1-M02,2026-06-20T02:13:00,OP-108,MAT-8817
6761,M06761,M,298.8,308.2,1486,23.5,74,0,0,0,0,0,0,LINE1-M02,2026-06-20T02:19:00,OP-111,MAT-8814
6762,L06762,L,298.1,310.0,1329,22.6,76,1,0,0,1,0,0,LINE1-M02,2026-06-20T02:23:00,OP-104,MAT-8809
6763,M06763,M,300.6,311.7,1518,47.1,79,0,0,0,0,0,0,LINE2-M01,2026-06-20T02:29:00,OP-101,MAT-8807
6764,H06764,H,297.3,305.6,1764,39.6,84,0,0,0,0,0,0,LINE2-M01,2026-06-20T02:35:00,OP-101,MAT-8818
6765,H06765,H,297.7,306.2,1320,39.2,89,1,0,1,0,0,0,LINE1-M02,2026-06-20T02:38:00,OP-105,MAT-8816
6766,H06766,H,300.8,312.2,1568,35.3,94,0,0,0,0,0,0,LINE3-M01,2026-06-20T02:40:00,OP-109,MAT-8807
6767,L06767,L,301.3,311.5,1942,37.1,96,0,0,0,0,0,0,LINE2-M02,2026-06-20T02:42:00,OP-110,MAT-8816
6768,M06768,M,302.5,314.4,1664,28.1,99,0,0,0,0,0,0,LINE1-M01,2026-06-20T02:48:00,OP-100,MAT-8808
6769,H06769,H,294.0,303.8,1562,25.5,104,0,0,0,0,0,0,LINE3-M01,2026-06-20T02:52:00,OP-105,MAT-8805
6770,L06770,L,300.3,308.3,1733,39.5,106,0,0,0,0,0,0,LINE2-M02,2026-06-20T02:57:00,OP-107,MAT-8805
6771,L06771,L,299.4,311.0,1658,41.3,108,0,0,0,0,0,0,LINE3-M01,2026-06-20T03:01:00,OP-111,MAT-8807
6772,L06772,L,299.1,307.5,1475,49.5,110,0,0,0,0,0,0,LINE2-M01,2026-06-20T03:07:00,OP-102,MAT-8805
6773,M06773,M,300.4,310.0,1955,41.3,113,0,0,0,0,0,0,LINE1-M02,2026-06-20T03:11:00,OP-106,MAT-8802
6774,L06774,L,299.7,309.0,1398,28.3,115,0,0,0,0,0,0,LINE3-M02,2026-06-20T03:13:00,OP-106,MAT-8808
6775,H06775,H,302.6,310.7,2084,48.5,120,1,0,0,1,0,0,LINE1-M02,2026-06-20T03:19:00,OP-105,MAT-8818
6776,H06776,H,298.9,308.0,1242,37.2,125,0,0,0,0,0,0,LINE2-M02,2026-06-20T03:23:00,OP-111,MAT-8801
6777,L06777,L,302.7,311.7,1168,44.3,127,0,0,0,0,0,0,LINE3-M02,2026-06-20T03:25:00,OP-101,MAT-8814
6778,L06778,L,301.9,312.1,1530,40.4,129,0,0,0,0,0,0,LINE1-M02,2026-06-20T03:29:00,OP-107,MAT-8806
6779,L06779,L,298.7,309.3,1667,52.0,131,1,0,0,1,0,0,LINE2-M01,2026-06-20T03:33:00,OP-111,MAT-8807
6780,L06780,L,297.6,307.4,1558,32.5,133,0,0,0,0,0,0,LINE2-M01,2026-06-20T03:36:00,OP-109,MAT-8800
6781,M06781,M,301.6,310.7,1240,47.3,136,0,0,0,0,0,0,LINE3-M01,2026-06-20T03:42:00,OP-101,MAT-8814
6782,H06782,H,300.4,311.1,1574,27.7,141,0,0,0,0,0,0,LINE1-M02,2026-06-20T03:44:00,OP-111,MAT-8802
6783,M06783,M,300.2,309.9,1380,42.8,144,0,0,0,0,0,0,LINE2-M01,2026-06-20T03:47:00,OP-102,MAT-8804
6784,L06784,L,299.1,309.6,1300,47.7,146,0,0,0,0,0,0,LINE1-M01,2026-06-20T03:49:00,OP-100,MAT-8817
6785,M06785,M,295.3,304.0,1949,48.2,149,1,0,0,1,0,0,LINE1-M02,2026-06-20T03:55:00,OP-111,MAT-8807
6786,M06786,M,302.8,310.2,1830,55.9,152,1,0,0,1,0,0,LINE1-M01,2026-06-20T03:59:00,OP-110,MAT-8802
6787,L06787,L,299.1,308.8,1543,44.1,154,0,0,0,0,0,0,LINE1-M02,2026-06-20T04:04:00,OP-102,MAT-8816
6788,L06788,L,304.2,314.8,1168,50.9,156,0,0,0,0,0,0,LINE2-M01,2026-06-20T04:06:00,OP-103,MAT-8816
6789,L06789,L,302.3,313.2,1177,54.7,158,0,0,0,0,0,0,LINE1-M01,2026-06-20T04:12:00,OP-111,MAT-8815
6790,L06790,L,300.6,309.4,1962,26.3,160,0,0,0,0,0,0,LINE3-M01,2026-06-20T04:17:00,OP-109,MAT-8814
6791,L06791,L,298.2,308.3,1780,38.3,162,0,0,0,0,0,0,LINE3-M01,2026-06-20T04:23:00,OP-103,MAT-8816
6792,L06792,L,300.5,311.0,1597,26.7,164,0,0,0,0,0,0,LINE3-M02,2026-06-20T04:28:00,OP-104,MAT-8817
6793,M06793,M,300.4,311.2,1420,34.7,167,0,0,0,0,0,0,LINE2-M01,2026-06-20T04:32:00,OP-110,MAT-8807
6794,L06794,L,300.1,309.0,1210,47.0,169,0,0,0,0,0,0,LINE3-M02,2026-06-20T04:38:00,OP-105,MAT-8802
6795,L06795,L,300.8,312.5,1613,35.7,171,0,0,0,0,0,0,LINE2-M01,2026-06-20T04:40:00,OP-100,MAT-8816
6796,L06796,L,302.0,314.1,1469,30.0,173,0,0,0,0,0,0,LINE3-M02,2026-06-20T04:46:00,OP-104,MAT-8812
6797,L06797,L,300.1,310.1,1829,20.6,175,0,0,0,0,0,0,LINE2-M02,2026-06-20T04:50:00,OP-107,MAT-8815
6798,L06798,L,299.0,308.0,1168,41.1,177,0,0,0,0,0,0,LINE3-M02,2026-06-20T04:52:00,OP-106,MAT-8817
6799,L06799,L,302.9,311.4,1699,27.9,179,0,0,0,0,0,0,LINE3-M01,2026-06-20T04:54:00,OP-100,MAT-8803
6800,M06800,M,296.4,307.3,1394,32.4,182,0,0,0,0,0,0,LINE2-M02,2026-06-20T04:59:00,OP-106,MAT-8818
6801,L06801,L,299.9,311.8,1577,48.7,184,0,0,0,0,0,0,LINE3-M01,2026-06-20T05:03:00,OP-106,MAT-8809
6802,L06802,L,301.3,311.8,1526,41.0,186,0,0,0,0,0,0,LINE2-M02,2026-06-20T05:07:00,OP-101,MAT-8819
6803,L06803,L,302.7,314.1,1746,47.6,188,0,0,0,0,0,0,LINE2-M02,2026-06-20T05:09:00,OP-101,MAT-8819
6804,M06804,M,299.3,309.0,1419,35.2,191,0,0,0,0,0,0,LINE1-M02,2026-06-20T05:13:00,OP-102,MAT-8808
6805,L06805,L,303.8,314.8,1564,36.1,193,0,0,0,0,0,0,LINE1-M02,2026-06-20T05:16:00,OP-111,MAT-8809
6806,L06806,L,302.7,313.0,1505,34.7,195,0,0,0,0,0,0,LINE2-M02,2026-06-20T05:22:00,OP-103,MAT-8810
6807,H06807,H,298.3,308.6,1168,33.0,200,0,0,0,0,0,0,LINE1-M02,2026-06-20T05:26:00,OP-110,MAT-8819
6808,H06808,H,302.4,312.8,1622,36.0,205,0,0,0,0,0,0,LINE1-M01,2026-06-20T05:29:00,OP-111,MAT-8813
6809,L06809,L,301.6,311.6,2218,63.5,207,1,0,0,1,1,0,LINE2-M02,2026-06-20T05:32:00,OP-109,MAT-8807
6810,L06810,L,300.1,309.5,1168,33.3,209,0,0,0,0,0,0,LINE2-M01,2026-06-20T05:37:00,OP-100,MAT-8809
6811,M06811,M,300.4,310.0,1770,49.3,212,1,1,0,1,0,0,LINE3-M02,2026-06-20T05:43:00,OP-102,MAT-8814
6812,H06812,H,299.9,308.8,1774,30.3,217,1,1,0,0,0,0,LINE3-M01,2026-06-20T05:46:00,OP-108,MAT-8808
6813,H06813,H,305.3,315.5,1866,46.9,222,1,0,0,1,0,0,LINE3-M02,2026-06-20T05:50:00,OP-104,MAT-8800
6814,L06814,L,300.0,309.3,1341,45.3,224,1,1,0,0,0,0,LINE3-M01,2026-06-20T05:53:00,OP-106,MAT-8818
6815,L06815,L,297.3,307.5,1732,36.5,226,1,1,0,0,0,0,LINE3-M01,2026-06-20T05:55:00,OP-109,MAT-8817
6816,M06816,M,297.8,307.0,1319,19.9,229,1,0,0,1,0,0,LINE2-M01,2026-06-20T05:59:00,OP-110,MAT-8806
6817,L06817,L,304.7,314.6,1760,45.5,231,1,1,0,0,0,0,LINE1-M01,2026-06-20T06:05:00,OP-111,MAT-8813
6818,H06818,H,303.2,314.6,1463,44.9,236,1,1,0,0,0,0,LINE3-M02,2026-06-20T06:07:00,OP-100,MAT-8809
6819,L06819,L,296.7,306.9,1813,37.8,238,1,1,0,0,0,0,LINE2-M01,2026-06-20T06:12:00,OP-106,MAT-8807
6820,L06820,L,302.8,312.1,1185,26.3,240,1,1,0,1,0,0,LINE2-M01,2026-06-20T06:17:00,OP-102,MAT-8807
6821,L06821,L,301.4,311.3,1425,37.0,0,0,0,0,0,0,0,LINE3-M01,2026-06-20T06:19:00,OP-108,MAT-8818
6822,L06822,L,301.4,311.5,1383,62.9,2,1,0,0,1,0,0,LINE1-M02,2026-06-20T06:21:00,OP-101,MAT-8819
6823,L06823,L,298.4,309.1,1512,37.3,4,0,0,0,0,0,0,LINE2-M01,2026-06-20T06:25:00,OP-103,MAT-8806
6824,L06824,L,302.6,313.3,1328,36.3,6,0,0,0,0,0,0,LINE2-M02,2026-06-20T06:30:00,OP-111,MAT-8808
6825,M06825,M,299.4,309.9,2049,36.4,9,0,0,0,0,0,0,LINE2-M01,2026-06-20T06:34:00,OP-109,MAT-8810
6826,H06826,H,300.9,312.2,1590,54.5,14,1,0,0,1,0,0,LINE1-M01,2026-06-20T06:39:00,OP-103,MAT-8800
6827,L06827,L,298.1,308.1,1369,52.8,16,0,0,0,0,0,0,LINE2-M01,2026-06-20T06:42:00,OP-105,MAT-8807
6828,L06828,L,300.2,309.1,1596,33.3,18,0,0,0,0,0,0,LINE3-M02,2026-06-20T06:44:00,OP-100,MAT-8800
6829,M06829,M,300.4,309.4,1168,52.3,21,0,0,0,0,0,0,LINE3-M01,2026-06-20T06:49:00,OP-108,MAT-8815
6830,M06830,M,302.8,313.0,1168,41.5,24,0,0,0,0,0,0,LINE3-M01,2026-06-20T06:54:00,OP-107,MAT-8801
6831,H06831,H,298.3,309.9,1674,30.8,29,0,0,0,0,0,0,LINE1-M02,2026-06-20T06:59:00,OP-111,MAT-8811
6832,L06832,L,297.2,308.9,1536,55.3,31,0,0,0,0,0,0,LINE2-M02,2026-06-20T07:03:00,OP-106,MAT-8805
6833,L06833,L,298.3,308.3,1355,19.6,33,1,0,0,1,0,0,LINE2-M02,2026-06-20T07:08:00,OP-100,MAT-8801
6834,H06834,H,296.1,306.6,1439,51.5,38,0,0,0,0,0,0,LINE1-M01,2026-06-20T07:13:00,OP-105,MAT-8817
6835,M06835,M,302.3,311.6,1415,33.2,41,0,0,0,0,0,0,LINE3-M02,2026-06-20T07:17:00,OP-100,MAT-8801
6836,H06836,H,300.0,310.1,1510,45.2,46,0,0,0,0,0,0,LINE2-M01,2026-06-20T07:21:00,OP-108,MAT-8808
6837,L06837,L,303.2,312.9,1596,44.6,48,0,0,0,0,0,0,LINE2-M02,2026-06-20T07:25:00,OP-107,MAT-8811
6838,L06838,L,298.7,308.7,1934,46.8,50,1,0,0,1,0,0,LINE2-M01,2026-06-20T07:28:00,OP-100,MAT-8802
6839,L06839,L,302.9,311.4,1360,19.9,52,1,0,1,1,0,0,LINE2-M02,2026-06-20T07:30:00,OP-102,MAT-8818
6840,L06840,L,300.8,311.1,1214,29.9,54,0,0,0,0,0,0,LINE2-M01,2026-06-20T07:36:00,OP-104,MAT-8805
6841,L06841,L,302.5,313.4,1452,42.0,56,0,0,0,0,0,0,LINE3-M02,2026-06-20T07:38:00,OP-107,MAT-8814
6842,M06842,M,303.3,315.7,1871,36.6,59,0,0,0,0,0,0,LINE2-M01,2026-06-20T07:41:00,OP-103,MAT-8801
6843,L06843,L,299.9,311.9,1585,31.5,61,0,0,0,0,0,0,LINE3-M01,2026-06-20T07:46:00,OP-108,MAT-8814
6844,M06844,M,303.3,313.3,1448,23.1,64,0,0,0,0,0,0,LINE2-M01,2026-06-20T07:52:00,OP-111,MAT-8811
6845,L06845,L,299.3,310.6,1517,50.0,66,0,0,0,0,0,0,LINE2-M02,2026-06-20T07:56:00,OP-101,MAT-8810
6846,L06846,L,301.2,311.7,1199,38.2,68,0,0,0,0,0,0,LINE2-M01,2026-06-20T07:58:00,OP-108,MAT-8815
6847,L06847,L,300.5,310.3,1695,52.6,70,1,0,0,1,0,0,LINE2-M02,2026-06-20T08:04:00,OP-111,MAT-8801
6848,M06848,M,297.1,306.6,1623,42.4,73,0,0,0,0,0,0,LINE3-M02,2026-06-20T08:06:00,OP-109,MAT-8806
6849,M06849,M,299.2,308.5,1468,48.8,76,0,0,0,0,0,0,LINE1-M02,2026-06-20T08:08:00,OP-105,MAT-8800
6850,M06850,M,300.9,310.1,1718,37.7,79,0,0,0,0,0,0,LINE3-M02,2026-06-20T08:12:00,OP-105,MAT-8808
6851,M06851,M,303.6,315.0,1685,23.1,82,0,0,0,0,0,0,LINE3-M02,2026-06-20T08:15:00,OP-105,MAT-8807
6852,L06852,L,301.2,310.4,1512,42.0,84,0,0,0,0,0,0,LINE3-M01,2026-06-20T08:20:00,OP-109,MAT-8817
6853,L06853,L,301.0,311.1,1168,59.9,86,0,0,0,0,0,0,LINE1-M02,2026-06-20T08:24:00,OP-101,MAT-8816
6854,L06854,L,300.1,310.0,1650,38.5,88,0,0,0,0,0,0,LINE2-M02,2026-06-20T08:28:00,OP-110,MAT-8815
6855,M06855,M,302.8,312.5,1168,43.6,91,0,0,0,0,0,0,LINE2-M01,2026-06-20T08:34:00,OP-103,MAT-8806
6856,H06856,H,302.4,311.8,1384,53.4,96,0,0,0,0,0,0,LINE1-M01,2026-06-20T08:36:00,OP-101,MAT-8800
6857,M06857,M,298.2,308.2,1453,49.5,99,0,0,0,0,0,0,LINE2-M01,2026-06-20T08:40:00,OP-106,MAT-8811
6858,L06858,L,297.3,307.7,1240,58.0,101,0,0,0,0,0,0,LINE2-M02,2026-06-20T08:46:00,OP-106,MAT-8806
6859,L06859,L,301.5,311.4,1902,46.6,103,1,0,0,1,0,0,LINE3-M02,2026-06-20T08:50:00,OP-107,MAT-8814
6860,M06860,M,298.4,308.5,1299,34.3,106,0,0,0,0,0,0,LINE1-M01,2026-06-20T08:55:00,OP-103,MAT-8802
6861,L06861,L,299.8,310.0,1667,55.0,108,1,0,0,1,0,0,LINE3-M01,2026-06-20T08:58:00,OP-111,MAT-8801
6862,M06862,M,299.7,309.3,1985,53.2,111,1,0,0,1,0,0,LINE3-M01,2026-06-20T09:01:00,OP-100,MAT-8814
6863,H06863,H,301.0,309.1,1239,54.7,116,1,0,1,0,0,0,LINE1-M02,2026-06-20T09:06:00,OP-106,MAT-8813
6864,M06864,M,298.9,309.3,1445,49.8,119,0,0,0,0,0,0,LINE1-M01,2026-06-20T09:10:00,OP-103,MAT-8817
6865,L06865,L,302.8,313.9,1565,42.8,121,0,0,0,0,0,0,LINE3-M01,2026-06-20T09:16:00,OP-101,MAT-8808
6866,M06866,M,301.2,310.5,1182,47.8,124,0,0,0,0,0,0,LINE2-M02,2026-06-20T09:20:00,OP-107,MAT-8807
6867,H06867,H,300.0,310.4,1181,55.7,129,0,0,0,0,0,0,LINE2-M01,2026-06-20T09:23:00,OP-105,MAT-8816
6868,H06868,H,295.5,307.2,1286,49.9,134,0,0,0,0,0,0,LINE3-M02,2026-06-20T09:27:00,OP-109,MAT-8813
6869,L06869,L,301.2,312.5,1375,50.5,136,0,0,0,0,0,0,LINE1-M01,2026-06-20T09:30:00,OP-100,MAT-8803
6870,L06870,L,301.3,312.5,1494,54.2,138,0,0,0,0,0,0,LINE1-M01,2026-06-20T09:35:00,OP-107,MAT-8807
6871,H06871,H,300.9,311.7,1168,30.6,143,0,0,0,0,0,0,LINE2-M01,2026-06-20T09:37:00,OP-110,MAT-8817
6872,L06872,L,301.1,311.4,1387,56.5,145,0,0,0,0,0,0,LINE1-M02,2026-06-20T09:42:00,OP-102,MAT-8812
6873,L06873,L,300.4,310.9,2041,48.3,147,1,0,0,1,0,0,LINE3-M01,2026-06-20T09:47:00,OP-104,MAT-8802
6874,L06874,L,303.4,312.8,1403,27.4,149,0,0,0,0,0,0,LINE1-M01,2026-06-20T09:53:00,OP-105,MAT-8818
6875,L06875,L,300.4,309.0,1706,45.4,151,0,0,0,0,0,0,LINE2-M02,2026-06-20T09:57:00,OP-102,MAT-8811
6876,M06876,M,299.0,308.2,1497,48.4,154,0,0,0,0,0,0,LINE3-M01,2026-06-20T10:02:00,OP-100,MAT-8811
6877,L06877,L,299.6,310.8,1492,39.2,156,0,0,0,0,0,0,LINE1-M01,2026-06-20T10:07:00,OP-107,MAT-8806
6878,M06878,M,300.0,309.9,1560,37.6,159,0,0,0,0,0,0,LINE3-M01,2026-06-20T10:09:00,OP-100,MAT-8800
6879,L06879,L,300.1,310.0,1331,58.1,161,0,0,0,0,0,0,LINE1-M02,2026-06-20T10:11:00,OP-107,MAT-8812
6880,H06880,H,296.2,306.2,1284,24.5,166,1,0,0,1,0,0,LINE3-M02,2026-06-20T10:15:00,OP-107,MAT-8817
6881,H06881,H,296.4,306.3,1276,35.9,171,0,0,0,0,0,0,LINE2-M01,2026-06-20T10:17:00,OP-107,MAT-8808
6882,H06882,H,297.7,307.9,1270,46.1,176,0,0,0,0,0,0,LINE3-M02,2026-06-20T10:19:00,OP-107,MAT-8817
6883,L06883,L,300.0,310.7,1733,48.9,178,0,0,0,0,0,0,LINE1-M02,2026-06-20T10:24:00,OP-101,MAT-8813
6884,M06884,M,300.7,310.7,1168,36.4,181,0,0,0,0,0,0,LINE3-M01,2026-06-20T10:30:00,OP-110,MAT-8804
6885,L06885,L,297.6,307.0,1679,43.9,183,0,0,0,0,0,0,LINE2-M02,2026-06-20T10:33:00,OP-101,MAT-8809
6886,L06886,L,297.6,305.7,1168,48.0,185,1,0,1,0,0,0,LINE1-M01,2026-06-20T10:38:00,OP-103,MAT-8801
6887,M06887,M,299.5,310.5,1293,48.9,188,0,0,0,0,0,0,LINE3-M02,2026-06-20T10:41:00,OP-111,MAT-8804
6888,M06888,M,299.0,308.9,1280,30.2,191,0,0,0,0,0,0,LINE2-M02,2026-06-20T10:44:00,OP-104,MAT-8812
6889,M06889,M,300.0,311.2,1724,33.9,194,0,0,0,0,0,0,LINE3-M02,2026-06-20T10:48:00,OP-105,MAT-8818
6890,L06890,L,302.1,311.6,1406,42.0,196,0,0,0,0,0,0,LINE1-M01,2026-06-20T10:52:00,OP-111,MAT-8802
6891,H06891,H,302.4,314.2,1637,25.2,201,0,0,0,0,0,0,LINE3-M01,2026-06-20T10:56:00,OP-102,MAT-8806
6892,M06892,M,301.2,310.5,1334,41.4,204,0,0,0,0,0,0,LINE1-M01,2026-06-20T11:01:00,OP-103,MAT-8804
6893,L06893,L,299.4,309.4,1656,18.8,206,1,0,0,1,0,0,LINE2-M01,2026-06-20T11:07:00,OP-102,MAT-8810
6894,M06894,M,295.8,305.4,1666,45.6,209,0,0,0,0,0,0,LINE3-M01,2026-06-20T11:12:00,OP-100,MAT-8802
6895,M06895,M,299.2,309.9,1244,14.8,212,1,0,0,1,0,0,LINE1-M01,2026-06-20T11:17:00,OP-108,MAT-8803
6896,H06896,H,299.6,307.9,1179,16.8,217,1,1,1,1,0,0,LINE2-M01,2026-06-20T11:21:00,OP-107,MAT-8807
6897,H06897,H,298.9,308.2,1224,36.1,222,1,1,0,0,0,0,LINE2-M01,2026-06-20T11:25:00,OP-105,MAT-8818
6898,L06898,L,299.3,308.0,1755,42.5,224,1,1,0,0,0,0,LINE1-M02,2026-06-20T11:30:00,OP-104,MAT-8804
6899,H06899,H,304.4,316.0,1956,58.3,229,1,0,0,1,1,0,LINE1-M01,2026-06-20T11:35:00,OP-110,MAT-8804
6900,L06900,L,302.6,312.1,1361,35.0,231,1,1,0,0,0,0,LINE3-M02,2026-06-20T11:40:00,OP-101,MAT-8812
6901,L06901,L,301.7,311.8,1439,60.0,233,1,1,0,1,1,0,LINE1-M02,2026-06-20T11:42:00,OP-111,MAT-8807
6902,L06902,L,299.6,310.0,1389,32.6,235,0,0,0,0,0,0,LINE3-M02,2026-06-20T11:47:00,OP-111,MAT-8803
6903,L06903,L,298.8,309.1,1573,57.2,237,1,1,0,1,1,0,LINE3-M02,2026-06-20T11:53:00,OP-105,MAT-8818
6904,M06904,M,298.3,308.8,1569,38.0,240,1,1,0,0,0,0,LINE2-M02,2026-06-20T11:55:00,OP-104,MAT-8818
6905,M06905,M,303.2,312.9,1337,52.6,0,0,0,0,0,0,0,LINE3-M02,2026-06-20T12:01:00,OP-106,MAT-8815
6906,L06906,L,301.4,310.4,1658,16.6,2,1,0,0,1,0,0,LINE1-M01,2026-06-20T12:04:00,OP-108,MAT-8811
6907,M06907,M,299.9,311.0,1523,49.9,5,0,0,0,0,0,0,LINE3-M01,2026-06-20T12:08:00,OP-110,MAT-8811
6908,L06908,L,301.0,309.3,1168,55.0,7,1,0,1,0,0,0,LINE1-M01,2026-06-20T12:10:00,OP-101,MAT-8812
6909,L06909,L,300.0,311.3,1308,45.1,9,0,0,0,0,0,0,LINE1-M02,2026-06-20T12:14:00,OP-109,MAT-8812
6910,H06910,H,303.3,313.1,1603,23.0,14,0,0,0,0,0,0,LINE3-M02,2026-06-20T12:19:00,OP-104,MAT-8800
6911,L06911,L,300.3,308.0,1478,45.1,16,0,0,0,0,0,0,LINE1-M02,2026-06-20T12:23:00,OP-108,MAT-8806
6912,L06912,L,299.1,309.8,1471,40.5,18,0,0,0,0,0,0,LINE2-M01,2026-06-20T12:27:00,OP-103,MAT-8819
6913,L06913,L,300.1,309.7,1615,31.5,20,0,0,0,0,0,0,LINE2-M01,2026-06-20T12:31:00,OP-110,MAT-8804
6914,L06914,L,302.0,312.2,1418,49.9,22,0,0,0,0,0,0,LINE1-M02,2026-06-20T12:34:00,OP-108,MAT-8819
6915,H06915,H,299.0,307.8,1283,33.6,27,0,0,0,0,0,0,LINE2-M01,2026-06-20T12:39:00,OP-104,MAT-8800
6916,H06916,H,301.4,312.0,2027,36.3,32,0,0,0,0,0,0,LINE1-M01,2026-06-20T12:44:00,OP-102,MAT-8811
6917,L06917,L,300.0,310.7,1605,53.4,34,0,0,0,0,0,0,LINE1-M01,2026-06-20T12:49:00,OP-100,MAT-8818
6918,L06918,L,296.9,307.4,1708,40.8,36,0,0,0,0,0,0,LINE2-M01,2026-06-20T12:52:00,OP-100,MAT-8813
6919,L06919,L,295.5,306.4,1467,59.3,38,1,0,0,1,0,0,LINE2-M02,2026-06-20T12:54:00,OP-103,MAT-8800
6920,L06920,L,299.2,308.8,1718,21.4,40,0,0,0,0,0,0,LINE1-M01,2026-06-20T13:00:00,OP-111,MAT-8812
6921,M06921,M,300.2,309.7,1890,34.3,43,0,0,0,0,0,0,LINE1-M02,2026-06-20T13:05:00,OP-109,MAT-8813
6922,L06922,L,297.0,305.2,1296,53.3,45,1,0,1,0,0,0,LINE1-M01,2026-06-20T13:11:00,OP-106,MAT-8806
6923,H06923,H,300.6,309.4,1358,48.7,50,0,0,0,0,0,0,LINE1-M01,2026-06-20T13:13:00,OP-103,MAT-8818
6924,L06924,L,300.0,309.6,1530,31.4,52,0,0,0,0,0,0,LINE2-M02,2026-06-20T13:19:00,OP-100,MAT-8802
6925,M06925,M,301.0,311.0,1502,36.7,55,0,0,0,0,0,0,LINE2-M02,2026-06-20T13:22:00,OP-103,MAT-8802
6926,L06926,L,297.1,309.6,1478,42.6,57,0,0,0,0,0,0,LINE1-M01,2026-06-20T13:25:00,OP-103,MAT-8812
6927,M06927,M,299.2,309.8,1716,19.7,60,0,0,0,0,0,0,LINE1-M02,2026-06-20T13:31:00,OP-110,MAT-8808
6928,L06928,L,300.6,309.8,1508,29.7,62,0,0,0,0,0,0,LINE3-M01,2026-06-20T13:33:00,OP-108,MAT-8801
6929,L06929,L,294.0,304.6,1842,46.4,64,0,0,0,0,0,0,LINE2-M01,2026-06-20T13:35:00,OP-100,MAT-8810
6930,H06930,H,295.7,305.4,1687,47.0,69,0,0,0,0,0,0,LINE2-M02,2026-06-20T13:38:00,OP-110,MAT-8819
6931,L06931,L,301.5,312.7,1436,34.2,71,0,0,0,0,0,0,LINE1-M02,2026-06-20T13:44:00,OP-104,MAT-8816
6932,L06932,L,297.1,307.7,1513,42.5,73,0,0,0,0,0,0,LINE2-M01,2026-06-20T13:49:00,OP-102,MAT-8806
6933,M06933,M,301.0,310.9,1775,57.1,76,1,0,0,1,0,0,LINE2-M01,2026-06-20T13:52:00,OP-104,MAT-8813
6934,L06934,L,301.1,309.4,1531,39.6,78,0,0,0,0,0,0,LINE2-M02,2026-06-20T13:55:00,OP-108,MAT-8817
6935,M06935,M,299.5,310.2,1559,24.7,81,0,0,0,0,0,0,LINE1-M02,2026-06-20T13:57:00,OP-105,MAT-8800
6936,L06936,L,303.4,314.3,1570,42.0,83,0,0,0,0,0,0,LINE3-M02,2026-06-20T14:00:00,OP-111,MAT-8803
6937,L06937,L,299.9,310.1,1656,56.6,85,1,0,0,1,0,0,LINE1-M01,2026-06-20T14:05:00,OP-100,MAT-8818
6938,H06938,H,300.5,310.8,1493,26.1,90,0,0,0,0,0,0,LINE2-M02,2026-06-20T14:11:00,OP-102,MAT-8800
6939,M06939,M,297.4,307.6,1567,23.1,93,0,0,0,0,0,0,LINE1-M01,2026-06-20T14:13:00,OP-104,MAT-8808
6940,L06940,L,300.9,310.9,1168,48.4,95,0,0,0,0,0,0,LINE1-M02,2026-06-20T14:17:00,OP-106,MAT-8816
6941,L06941,L,295.2,306.9,1755,36.9,97,0,0,0,0,0,0,LINE3-M02,2026-06-20T14:19:00,OP-102,MAT-8808
6942,H06942,H,299.6,309.9,1530,50.4,102,0,0,0,0,0,0,LINE1-M02,2026-06-20T14:22:00,OP-100,MAT-8813
6943,M06943,M,302.4,311.7,1506,35.3,105,0,0,0,0,0,0,LINE2-M02,2026-06-20T14:27:00,OP-111,MAT-8811
6944,M06944,M,301.0,311.9,1168,27.4,108,1,0,0,1,0,0,LINE1-M02,2026-06-20T14:32:00,OP-111,MAT-8804
6945,L06945,L,302.1,314.1,1602,38.0,110,0,0,0,0,0,0,LINE1-M02,2026-06-20T14:34:00,OP-110,MAT-8812
6946,L06946,L,296.9,305.5,1168,38.8,112,0,0,0,0,0,0,LINE1-M01,2026-06-20T14:36:00,OP-109,MAT-8809
6947,H06947,H,300.7,312.2,1580,41.2,117,0,0,0,0,0,0,LINE1-M02,2026-06-20T14:40:00,OP-107,MAT-8801
6948,H06948,H,301.2,310.5,1168,34.1,122,0,0,0,0,0,0,LINE1-M01,2026-06-20T14:43:00,OP-105,MAT-8814
6949,L06949,L,302.1,313.5,1363,50.8,124,0,0,0,0,0,0,LINE2-M02,2026-06-20T14:45:00,OP-102,MAT-8808
6950,H06950,H,304.7,314.5,1587,53.8,129,0,0,0,0,0,0,LINE2-M02,2026-06-20T14:49:00,OP-106,MAT-8812
6951,L06951,L,300.0,311.6,2186,47.1,131,1,0,0,1,0,0,LINE1-M01,2026-06-20T14:51:00,OP-106,MAT-8806
6952,H06952,H,298.3,308.6,1419,45.4,136,0,0,0,0,0,0,LINE3-M02,2026-06-20T14:55:00,OP-105,MAT-8812
6953,M06953,M,298.2,308.9,1716,32.2,139,0,0,0,0,0,0,LINE2-M02,2026-06-20T15:00:00,OP-107,MAT-8808
6954,M06954,M,295.2,305.3,1413,50.0,142,0,0,0,0,0,0,LINE2-M02,2026-06-20T15:02:00,OP-100,MAT-8806
6955,L06955,L,300.5,310.9,1286,19.5,144,1,0,0,1,0,0,LINE3-M02,2026-06-20T15:06:00,OP-103,MAT-8804
6956,L06956,L,302.2,313.0,1470,47.0,146,0,0,0,0,0,0,LINE1-M02,2026-06-20T15:08:00,OP-109,MAT-8816
6957,L06957,L,296.5,307.0,1466,29.2,148,0,0,0,0,0,0,LINE3-M01,2026-06-20T15:12:00,OP-109,MAT-8817
6958,L06958,L,302.1,312.1,1623,41.9,150,0,0,0,0,0,0,LINE1-M02,2026-06-20T15:18:00,OP-109,MAT-8802
6959,M06959,M,301.6,310.3,1168,41.3,153,0,0,0,0,0,0,LINE2-M01,2026-06-20T15:24:00,OP-100,MAT-8810
6960,M06960,M,302.5,312.7,1790,34.8,156,0,0,0,0,0,0,LINE3-M01,2026-06-20T15:26:00,OP-107,MAT-8811
6961,L06961,L,299.5,310.5,1617,12.4,158,1,0,0,1,0,0,LINE2-M02,2026-06-20T15:29:00,OP-105,MAT-8803
6962,L06962,L,301.1,310.8,1872,29.2,160,0,0,0,0,0,0,LINE3-M01,2026-06-20T15:32:00,OP-110,MAT-8817
6963,L06963,L,298.8,307.8,1728,42.2,162,0,0,0,0,0,0,LINE1-M01,2026-06-20T15:34:00,OP-105,MAT-8810
6964,M06964,M,299.7,312.0,1168,57.4,165,0,0,0,0,0,0,LINE3-M01,2026-06-20T15:38:00,OP-104,MAT-8802
6965,L06965,L,299.6,310.2,1609,41.7,167,0,0,0,0,0,0,LINE1-M02,2026-06-20T15:42:00,OP-100,MAT-8803
6966,M06966,M,302.9,312.9,1168,45.1,170,0,0,0,0,0,0,LINE1-M01,2026-06-20T15:45:00,OP-110,MAT-8807
6967,H06967,H,300.7,310.7,1646,48.2,175,0,0,0,0,0,0,LINE2-M02,2026-06-20T15:47:00,OP-111,MAT-8819
6968,H06968,H,301.8,311.6,1168,55.9,180,0,0,0,0,0,0,LINE2-M01,2026-06-20T15:52:00,OP-104,MAT-8817
6969,L06969,L,300.8,311.9,1850,45.3,182,0,0,0,0,0,0,LINE2-M02,2026-06-20T15:56:00,OP-102,MAT-8812
6970,L06970,L,302.0,311.6,1596,38.5,184,0,0,0,0,0,0,LINE2-M01,2026-06-20T15:58:00,OP-108,MAT-8808
6971,H06971,H,299.2,307.8,1575,32.4,189,0,0,0,0,0,0,LINE3-M02,2026-06-20T16:04:00,OP-107,MAT-8807
6972,H06972,H,298.3,307.8,1311,40.2,194,0,0,0,0,0,0,LINE3-M01,2026-06-20T16:06:00,OP-104,MAT-8806
6973,H06973,H,300.8,311.9,1572,34.2,199,0,0,0,0,0,0,LINE3-M01,2026-06-20T16:09:00,OP-103,MAT-8812
6974,H06974,H,296.6,305.0,1712,41.0,204,0,0,0,0,0,0,LINE1-M02,2026-06-20T16:13:00,OP-100,MAT-8802
6975,L06975,L,299.7,309.0,1278,52.7,206,0,0,0,0,0,0,LINE3-M02,2026-06-20T16:17:00,OP-109,MAT-8817
6976,L06976,L,302.9,312.6,1600,48.1,208,0,0,0,0,0,0,LINE2-M01,2026-06-20T16:20:00,OP-100,MAT-8815
6977,L06977,L,299.4,308.9,1480,39.1,210,0,0,0,0,0,0,LINE2-M01,2026-06-20T16:23:00,OP-103,MAT-8807
6978,L06978,L,298.1,308.5,1814,42.6,212,0,0,0,0,0,0,LINE1-M01,2026-06-20T16:27:00,OP-110,MAT-8800
6979,H06979,H,299.7,310.0,1710,63.5,217,1,0,0,1,1,0,LINE2-M02,2026-06-20T16:31:00,OP-108,MAT-8807
6980,M06980,M,300.2,311.3,1694,64.0,220,1,0,0,1,1,0,LINE1-M02,2026-06-20T16:34:00,OP-108,MAT-8815
6981,M06981,M,297.1,308.4,1462,47.4,223,1,1,0,0,0,0,LINE3-M02,2026-06-20T16:37:00,OP-110,MAT-8816
6982,L06982,L,299.8,310.4,1168,48.6,225,0,0,0,0,0,0,LINE3-M02,2026-06-20T16:40:00,OP-111,MAT-8805
6983,M06983,M,302.4,312.5,1694,34.2,228,1,1,0,0,0,0,LINE2-M02,2026-06-20T16:44:00,OP-100,MAT-8803
6984,L06984,L,297.0,308.2,1251,51.4,230,1,1,0,0,1,0,LINE3-M02,2026-06-20T16:47:00,OP-102,MAT-8814
6985,M06985,M,300.3,311.6,1792,25.0,233,1,1,0,0,0,0,LINE2-M02,2026-06-20T16:52:00,OP-100,MAT-8809
6986,M06986,M,302.0,310.4,1168,38.1,236,1,1,1,0,0,0,LINE3-M01,2026-06-20T16:56:00,OP-103,MAT-8807
6987,L06987,L,300.8,311.4,1729,40.0,238,1,1,0,0,0,0,LINE1-M01,2026-06-20T17:00:00,OP-105,MAT-8801
6988,L06988,L,298.6,307.0,1242,21.2,240,1,1,1,1,0,0,LINE1-M02,2026-06-20T17:05:00,OP-111,MAT-8804
6989,H06989,H,299.7,307.8,1622,38.7,0,0,0,0,0,0,0,LINE2-M02,2026-06-20T17:09:00,OP-104,MAT-8811
6990,L06990,L,300.0,310.7,1696,26.5,2,0,0,0,0,0,0,LINE1-M01,2026-06-20T17:11:00,OP-110,MAT-8817
6991,H06991,H,299.5,310.3,1699,32.8,7,0,0,0,0,0,0,LINE2-M02,2026-06-20T17:14:00,OP-108,MAT-8803
6992,H06992,H,299.9,309.3,1556,21.1,12,1,0,0,1,0,0,LINE3-M01,2026-06-20T17:18:00,OP-107,MAT-8815
6993,M06993,M,298.6,307.6,1591,39.5,15,0,0,0,0,0,0,LINE2-M01,2026-06-20T17:24:00,OP-111,MAT-8807
6994,L06994,L,299.6,310.1,1272,35.1,17,0,0,0,0,0,0,LINE1-M01,2026-06-20T17:30:00,OP-108,MAT-8816
6995,M06995,M,299.6,309.3,1667,16.7,20,1,0,0,1,0,0,LINE2-M01,2026-06-20T17:34:00,OP-108,MAT-8805
6996,M06996,M,297.5,306.3,1589,48.3,23,0,0,0,0,0,0,LINE3-M01,2026-06-20T17:40:00,OP-110,MAT-8816
6997,L06997,L,296.5,306.8,1679,31.7,25,0,0,0,0,0,0,LINE1-M01,2026-06-20T17:45:00,OP-104,MAT-8811
6998,L06998,L,298.9,308.3,1479,51.3,27,0,0,0,0,0,0,LINE3-M02,2026-06-20T17:51:00,OP-101,MAT-8805
6999,L06999,L,301.0,311.4,1727,22.5,29,0,0,0,0,0,0,LINE3-M02,2026-06-20T17:55:00,OP-107,MAT-8811
7000,L07000,L,299.6,309.0,2000,25.7,31,0,0,0,0,0,0,LINE3-M01,2026-06-20T17:57:00,OP-107,MAT-8800
7001,L07001,L,304.9,313.9,1637,41.9,33,0,0,0,0,0,0,LINE1-M01,2026-06-20T18:02:00,OP-105,MAT-8800
7002,H07002,H,294.9,305.5,1346,19.4,38,1,0,0,1,0,0,LINE1-M01,2026-06-20T18:05:00,OP-105,MAT-8816
7003,H07003,H,299.2,308.8,1533,50.6,43,0,0,0,0,0,0,LINE1-M02,2026-06-20T18:09:00,OP-110,MAT-8805
7004,H07004,H,304.0,315.9,2009,27.4,48,0,0,0,0,0,0,LINE3-M02,2026-06-20T18:15:00,OP-102,MAT-8807
7005,L07005,L,301.0,311.9,1607,43.0,50,0,0,0,0,0,0,LINE3-M02,2026-06-20T18:21:00,OP-105,MAT-8805
7006,L07006,L,303.4,313.2,1525,34.9,52,0,0,0,0,0,0,LINE1-M02,2026-06-20T18:23:00,OP-110,MAT-8818
7007,H07007,H,300.5,312.9,1526,33.2,57,0,0,0,0,0,0,LINE2-M01,2026-06-20T18:27:00,OP-102,MAT-8801
7008,L07008,L,299.2,310.4,1272,36.7,59,0,0,0,0,0,0,LINE1-M01,2026-06-20T18:32:00,OP-102,MAT-8819
7009,L07009,L,295.5,305.5,1792,17.8,61,1,0,0,1,0,0,LINE1-M01,2026-06-20T18:37:00,OP-110,MAT-8811
7010,L07010,L,298.5,310.5,1892,51.3,63,1,0,0,1,0,0,LINE3-M01,2026-06-20T18:39:00,OP-107,MAT-8802
7011,L07011,L,297.0,305.6,1879,40.4,65,0,0,0,0,0,0,LINE1-M02,2026-06-20T18:42:00,OP-110,MAT-8803
7012,L07012,L,301.2,312.1,1599,29.8,67,0,0,0,0,0,0,LINE3-M02,2026-06-20T18:47:00,OP-104,MAT-8817
7013,M07013,M,297.7,309.4,1168,51.8,70,0,0,0,0,0,0,LINE3-M01,2026-06-20T18:50:00,OP-103,MAT-8813
7014,L07014,L,299.2,310.0,1168,45.4,72,0,0,0,0,0,0,LINE1-M02,2026-06-20T18:52:00,OP-110,MAT-8816
7015,M07015,M,299.3,308.5,1648,51.4,75,0,0,0,0,0,0,LINE2-M01,2026-06-20T18:58:00,OP-105,MAT-8807
7016,H07016,H,299.9,310.3,1585,46.3,80,0,0,0,0,0,0,LINE1-M01,2026-06-20T19:02:00,OP-108,MAT-8816
7017,L07017,L,300.7,311.9,1269,44.5,82,0,0,0,0,0,0,LINE2-M02,2026-06-20T19:07:00,OP-100,MAT-8800
7018,H07018,H,302.9,312.5,1365,58.4,87,0,0,0,0,0,0,LINE3-M01,2026-06-20T19:13:00,OP-108,MAT-8814
7019,H07019,H,298.7,308.6,1168,35.9,92,0,0,0,0,0,0,LINE3-M02,2026-06-20T19:19:00,OP-110,MAT-8818
7020,L07020,L,304.2,315.1,1596,56.2,94,1,0,0,1,0,0,LINE3-M02,2026-06-20T19:21:00,OP-100,MAT-8813
7021,L07021,L,300.9,312.2,2034,41.3,96,0,0,0,0,0,0,LINE3-M02,2026-06-20T19:24:00,OP-103,MAT-8809
7022,H07022,H,302.5,313.3,1243,30.3,101,0,0,0,0,0,0,LINE1-M02,2026-06-20T19:28:00,OP-110,MAT-8800
7023,L07023,L,299.1,307.0,1310,40.9,103,1,0,1,0,0,0,LINE1-M01,2026-06-20T19:31:00,OP-105,MAT-8817
7024,L07024,L,298.4,306.1,1266,54.2,105,1,0,1,0,0,0,LINE1-M01,2026-06-20T19:35:00,OP-101,MAT-8813
7025,L07025,L,300.0,310.7,2046,53.1,107,1,0,0,1,0,0,LINE2-M02,2026-06-20T19:38:00,OP-100,MAT-8817
7026,L07026,L,302.8,312.2,1854,42.9,109,0,0,0,0,0,0,LINE2-M02,2026-06-20T19:43:00,OP-100,MAT-8817
7027,M07027,M,298.2,309.7,1543,32.0,112,0,0,0,0,0,0,LINE3-M01,2026-06-20T19:47:00,OP-111,MAT-8813
7028,L07028,L,299.1,308.6,1760,56.6,114,1,0,0,1,0,0,LINE3-M02,2026-06-20T19:50:00,OP-100,MAT-8803
7029,M07029,M,299.3,308.8,1634,32.9,117,0,0,0,0,0,0,LINE1-M02,2026-06-20T19:53:00,OP-103,MAT-8804
7030,M07030,M,300.3,310.9,1569,33.0,120,0,0,0,0,0,0,LINE1-M02,2026-06-20T19:56:00,OP-110,MAT-8802
7031,H07031,H,296.8,306.4,1738,44.0,125,0,0,0,0,0,0,LINE1-M01,2026-06-20T20:02:00,OP-106,MAT-8817
7032,L07032,L,301.1,309.8,1182,42.4,127,0,0,0,0,0,0,LINE2-M01,2026-06-20T20:05:00,OP-107,MAT-8807
7033,L07033,L,297.8,307.7,1280,48.3,129,0,0,0,0,0,0,LINE2-M02,2026-06-20T20:11:00,OP-106,MAT-8800
7034,H07034,H,302.9,313.3,1782,41.7,134,0,0,0,0,0,0,LINE3-M02,2026-06-20T20:16:00,OP-107,MAT-8801
7035,L07035,L,302.1,310.7,1448,42.0,136,0,0,0,0,0,0,LINE3-M02,2026-06-20T20:21:00,OP-105,MAT-8818
7036,M07036,M,300.4,311.2,1813,23.1,139,0,0,0,0,0,0,LINE2-M02,2026-06-20T20:25:00,OP-109,MAT-8806
7037,L07037,L,306.3,315.6,1639,44.2,141,0,0,0,0,0,0,LINE3-M02,2026-06-20T20:30:00,OP-104,MAT-8819
7038,H07038,H,297.6,308.2,1391,37.3,146,0,0,0,0,0,0,LINE2-M02,2026-06-20T20:32:00,OP-101,MAT-8809
7039,L07039,L,302.0,313.7,1538,38.0,148,0,0,0,0,0,0,LINE3-M02,2026-06-20T20:35:00,OP-100,MAT-8802
7040,H07040,H,298.0,308.3,1200,45.4,153,0,0,0,0,0,0,LINE1-M01,2026-06-20T20:37:00,OP-108,MAT-8819
7041,H07041,H,300.0,311.0,1477,37.3,158,0,0,0,0,0,0,LINE1-M01,2026-06-20T20:43:00,OP-101,MAT-8801
7042,L07042,L,300.6,309.8,1430,33.2,160,0,0,0,0,0,0,LINE3-M02,2026-06-20T20:47:00,OP-104,MAT-8810
7043,L07043,L,299.9,311.0,1843,11.3,162,1,0,0,1,0,0,LINE2-M01,2026-06-20T20:52:00,OP-101,MAT-8802
7044,M07044,M,304.9,315.6,1425,48.0,165,0,0,0,0,0,0,LINE2-M02,2026-06-20T20:55:00,OP-108,MAT-8804
7045,L07045,L,298.7,308.7,1378,41.7,167,0,0,0,0,0,0,LINE1-M01,2026-06-20T21:00:00,OP-100,MAT-8800
7046,L07046,L,296.8,307.3,1416,31.3,169,0,0,0,0,0,0,LINE3-M02,2026-06-20T21:05:00,OP-104,MAT-8803
7047,M07047,M,299.7,310.2,2017,39.9,172,0,0,0,0,0,0,LINE3-M02,2026-06-20T21:08:00,OP-105,MAT-8813
7048,L07048,L,301.0,310.9,1697,28.0,174,0,0,0,0,0,0,LINE3-M01,2026-06-20T21:12:00,OP-105,MAT-8809
7049,M07049,M,296.9,307.6,1411,50.8,177,0,0,0,0,0,0,LINE1-M01,2026-06-20T21:17:00,OP-107,MAT-8813
7050,H07050,H,296.3,304.7,1169,20.1,182,1,0,1,1,0,0,LINE2-M02,2026-06-20T21:20:00,OP-107,MAT-8807
7051,L07051,L,300.3,311.0,1627,49.8,184,0,0,0,0,0,0,LINE3-M01,2026-06-20T21:24:00,OP-103,MAT-8810
7052,L07052,L,297.6,308.5,1465,55.2,186,0,0,0,0,0,0,LINE3-M02,2026-06-20T21:26:00,OP-109,MAT-8808
7053,L07053,L,302.2,312.5,1226,45.5,188,0,0,0,0,0,0,LINE2-M01,2026-06-20T21:31:00,OP-103,MAT-8818
7054,M07054,M,301.1,311.0,1545,20.6,191,1,0,0,1,0,0,LINE3-M01,2026-06-20T21:37:00,OP-101,MAT-8816
7055,L07055,L,300.2,310.8,1858,36.4,193,0,0,0,0,0,0,LINE3-M02,2026-06-20T21:41:00,OP-105,MAT-8817
7056,H07056,H,301.6,311.8,1656,50.4,198,0,0,0,0,0,0,LINE1-M02,2026-06-20T21:45:00,OP-103,MAT-8814
7057,L07057,L,301.8,311.6,1344,50.8,200,0,0,0,0,0,0,LINE1-M02,2026-06-20T21:48:00,OP-104,MAT-8818
7058,H07058,H,297.7,306.8,1351,44.1,205,0,0,0,0,0,0,LINE1-M02,2026-06-20T21:50:00,OP-103,MAT-8815
7059,H07059,H,301.2,311.6,1430,43.7,210,0,0,0,0,0,0,LINE1-M02,2026-06-20T21:53:00,OP-111,MAT-8813
7060,H07060,H,299.4,307.5,1991,18.3,215,0,0,0,0,0,0,LINE2-M01,2026-06-20T21:56:00,OP-104,MAT-8805
7061,L07061,L,304.0,314.0,1623,38.9,217,0,0,0,0,0,0,LINE2-M02,2026-06-20T21:59:00,OP-111,MAT-8809
7062,H07062,H,298.3,308.4,1170,48.8,222,0,0,0,0,0,0,LINE3-M02,2026-06-20T22:04:00,OP-108,MAT-8819
7063,M07063,M,301.1,310.7,1168,69.7,225,1,1,0,0,1,0,LINE1-M01,2026-06-20T22:10:00,OP-103,MAT-8801
7064,L07064,L,300.8,311.4,1168,25.5,227,1,1,0,1,0,0,LINE2-M02,2026-06-20T22:14:00,OP-105,MAT-8800
7065,M07065,M,303.8,314.4,1434,53.2,230,1,1,0,0,1,0,LINE1-M01,2026-06-20T22:19:00,OP-106,MAT-8812
7066,M07066,M,299.6,310.0,1285,54.0,233,1,1,0,0,1,0,LINE2-M02,2026-06-20T22:21:00,OP-104,MAT-8804
7067,L07067,L,299.2,309.6,1339,31.5,235,1,1,0,0,0,0,LINE3-M01,2026-06-20T22:25:00,OP-111,MAT-8817
7068,H07068,H,298.9,307.3,1741,36.4,240,1,1,0,0,0,0,LINE3-M01,2026-06-20T22:27:00,OP-107,MAT-8804
7069,M07069,M,299.3,307.7,1414,39.1,0,0,0,0,0,0,0,LINE1-M02,2026-06-20T22:30:00,OP-109,MAT-8813
7070,L07070,L,300.3,309.8,1578,45.7,2,0,0,0,0,0,0,LINE3-M02,2026-06-20T22:36:00,OP-100,MAT-8802
7071,M07071,M,299.0,307.2,1395,40.9,5,0,0,0,0,0,0,LINE2-M02,2026-06-20T22:42:00,OP-109,MAT-8802
7072,L07072,L,297.9,309.2,1432,45.1,7,0,0,0,0,0,0,LINE3-M01,2026-06-20T22:47:00,OP-101,MAT-8804
7073,H07073,H,300.0,309.7,1659,47.3,12,0,0,0,0,0,0,LINE2-M01,2026-06-20T22:50:00,OP-107,MAT-8803
7074,L07074,L,301.0,312.0,1450,34.6,14,0,0,0,0,0,0,LINE1-M02,2026-06-20T22:56:00,OP-102,MAT-8800
7075,M07075,M,297.9,309.5,1781,28.5,17,0,0,0,0,0,0,LINE2-M02,2026-06-20T23:00:00,OP-101,MAT-8807
7076,M07076,M,299.5,308.9,1168,49.1,20,0,0,0,0,0,0,LINE3-M02,2026-06-20T23:06:00,OP-103,MAT-8808
7077,H07077,H,298.6,309.6,1168,44.7,25,0,0,0,0,0,0,LINE3-M01,2026-06-20T23:10:00,OP-106,MAT-8804
7078,L07078,L,297.7,309.7,1495,19.8,27,1,0,0,1,0,0,LINE1-M01,2026-06-20T23:14:00,OP-100,MAT-8810
7079,M07079,M,302.0,310.1,1568,27.0,30,0,0,0,0,0,0,LINE2-M02,2026-06-20T23:16:00,OP-106,MAT-8802
7080,M07080,M,299.3,309.5,1731,32.1,33,0,0,0,0,0,0,LINE3-M02,2026-06-20T23:18:00,OP-111,MAT-8816
7081,H07081,H,299.6,308.2,1314,56.0,38,1,0,1,0,0,0,LINE3-M02,2026-06-20T23:21:00,OP-105,MAT-8806
7082,M07082,M,298.0,307.5,1521,22.5,41,0,0,0,0,0,0,LINE3-M02,2026-06-20T23:23:00,OP-108,MAT-8811
7083,L07083,L,298.1,305.5,2020,36.2,43,0,0,0,0,0,0,LINE2-M01,2026-06-20T23:26:00,OP-102,MAT-8810
7084,H07084,H,300.5,310.9,1743,46.2,48,0,0,0,0,0,0,LINE1-M01,2026-06-20T23:31:00,OP-102,MAT-8809
7085,M07085,M,300.8,310.9,1815,23.6,51,0,0,0,0,0,0,LINE3-M01,2026-06-20T23:33:00,OP-103,MAT-8817
7086,L07086,L,298.2,308.3,1459,46.3,53,0,0,0,0,0,0,LINE3-M01,2026-06-20T23:36:00,OP-108,MAT-8818
7087,L07087,L,300.9,311.4,1565,29.5,55,0,0,0,0,0,0,LINE1-M02,2026-06-20T23:41:00,OP-111,MAT-8814
7088,L07088,L,300.1,311.9,1846,43.9,57,0,0,0,0,0,0,LINE3-M01,2026-06-20T23:45:00,OP-100,MAT-8817
7089,L07089,L,303.6,312.7,1767,37.4,59,0,0,0,0,0,0,LINE2-M02,2026-06-20T23:48:00,OP-111,MAT-8800
7090,L07090,L,297.4,309.4,1462,49.0,61,0,0,0,0,0,0,LINE1-M01,2026-06-20T23:50:00,OP-100,MAT-8818
7091,L07091,L,301.5,310.8,1728,21.8,63,0,0,0,0,0,0,LINE1-M01,2026-06-20T23:54:00,OP-105,MAT-8810
7092,M07092,M,300.4,309.8,1980,33.7,66,0,0,0,0,0,0,LINE1-M02,2026-06-20T23:57:00,OP-101,MAT-8808
7093,M07093,M,298.6,309.0,1453,36.4,69,0,0,0,0,0,0,LINE2-M02,2026-06-21T00:00:00,OP-108,MAT-8813
7094,L07094,L,297.8,309.7,1933,34.6,71,0,0,0,0,0,0,LINE1-M02,2026-06-21T00:03:00,OP-106,MAT-8803
7095,M07095,M,296.0,305.5,1417,27.8,74,0,0,0,0,0,0,LINE2-M01,2026-06-21T00:06:00,OP-103,MAT-8813
7096,M07096,M,300.3,308.6,1248,41.3,77,1,0,1,0,0,0,LINE1-M02,2026-06-21T00:08:00,OP-111,MAT-8805
7097,L07097,L,302.7,313.9,1800,50.0,79,1,0,0,1,0,0,LINE2-M01,2026-06-21T00:14:00,OP-103,MAT-8806
7098,H07098,H,299.8,311.1,1316,48.9,84,0,0,0,0,0,0,LINE2-M01,2026-06-21T00:20:00,OP-102,MAT-8800
7099,M07099,M,303.9,312.0,1250,57.4,87,1,0,1,0,0,0,LINE3-M01,2026-06-21T00:26:00,OP-108,MAT-8803
7100,H07100,H,301.6,310.9,1526,61.8,92,1,0,0,1,0,0,LINE1-M02,2026-06-21T00:32:00,OP-108,MAT-8817
7101,L07101,L,300.1,310.1,1961,40.2,94,0,0,0,0,0,0,LINE2-M02,2026-06-21T00:34:00,OP-108,MAT-8815
7102,L07102,L,303.5,314.6,1677,43.4,96,0,0,0,0,0,0,LINE1-M01,2026-06-21T00:38:00,OP-110,MAT-8811
7103,L07103,L,299.1,309.0,1685,58.6,98,1,0,0,1,0,0,LINE3-M02,2026-06-21T00:42:00,OP-100,MAT-8818
7104,M07104,M,297.0,305.2,1257,41.4,101,1,0,1,0,0,0,LINE1-M01,2026-06-21T00:46:00,OP-110,MAT-8808
7105,M07105,M,297.1,306.5,1522,41.8,104,0,0,0,0,0,0,LINE3-M01,2026-06-21T00:49:00,OP-105,MAT-8819
7106,H07106,H,300.3,310.6,1776,42.2,109,0,0,0,0,0,0,LINE3-M01,2026-06-21T00:55:00,OP-104,MAT-8801
7107,L07107,L,296.5,305.8,1435,37.6,111,0,0,0,0,0,0,LINE2-M02,2026-06-21T00:59:00,OP-103,MAT-8813
7108,H07108,H,302.6,313.4,1498,40.9,116,0,0,0,0,0,0,LINE2-M01,2026-06-21T01:02:00,OP-103,MAT-8808
7109,M07109,M,300.0,311.3,1817,50.6,119,1,0,0,1,0,0,LINE2-M02,2026-06-21T01:04:00,OP-109,MAT-8812
7110,L07110,L,297.5,309.2,1441,51.5,121,0,0,0,0,0,0,LINE3-M02,2026-06-21T01:10:00,OP-109,MAT-8801
7111,M07111,M,300.2,311.4,1650,24.5,124,0,0,0,0,0,0,LINE1-M01,2026-06-21T01:15:00,OP-107,MAT-8801
7112,L07112,L,302.3,313.1,1745,28.2,126,0,0,0,0,0,0,LINE1-M01,2026-06-21T01:18:00,OP-110,MAT-8810
7113,H07113,H,301.7,311.1,1401,49.5,131,0,0,0,0,0,0,LINE2-M01,2026-06-21T01:22:00,OP-102,MAT-8818
7114,H07114,H,299.3,309.8,1855,34.5,136,0,0,0,0,0,0,LINE1-M02,2026-06-21T01:27:00,OP-108,MAT-8816
7115,H07115,H,302.9,313.0,1648,39.3,141,0,0,0,0,0,0,LINE3-M01,2026-06-21T01:29:00,OP-107,MAT-8809
7116,L07116,L,300.1,308.6,1968,41.0,143,0,0,0,0,0,0,LINE2-M01,2026-06-21T01:32:00,OP-106,MAT-8819
7117,M07117,M,302.5,311.6,1400,26.7,146,0,0,0,0,0,0,LINE1-M01,2026-06-21T01:37:00,OP-103,MAT-8813
7118,L07118,L,298.3,308.2,1486,31.6,148,0,0,0,0,0,0,LINE2-M02,2026-06-21T01:42:00,OP-106,MAT-8814
7119,L07119,L,295.8,304.6,1379,46.8,150,0,0,0,0,0,0,LINE1-M02,2026-06-21T01:47:00,OP-105,MAT-8810
7120,H07120,H,301.0,311.8,1516,56.3,155,0,0,0,0,0,0,LINE1-M02,2026-06-21T01:50:00,OP-103,MAT-8802
7121,M07121,M,300.7,309.7,1468,35.4,158,0,0,0,0,0,0,LINE3-M02,2026-06-21T01:54:00,OP-111,MAT-8807
7122,L07122,L,302.3,313.6,1583,34.7,160,0,0,0,0,0,0,LINE1-M01,2026-06-21T01:58:00,OP-106,MAT-8803
7123,M07123,M,301.2,310.9,1720,61.5,163,1,0,0,1,0,0,LINE2-M01,2026-06-21T02:01:00,OP-102,MAT-8806
7124,L07124,L,300.3,309.7,1747,25.9,165,0,0,0,0,0,0,LINE3-M02,2026-06-21T02:06:00,OP-106,MAT-8804
7125,L07125,L,299.1,308.3,1599,45.8,167,0,0,0,0,0,0,LINE1-M02,2026-06-21T02:08:00,OP-106,MAT-8816
7126,L07126,L,300.3,309.7,1168,25.6,169,1,0,0,1,0,0,LINE1-M01,2026-06-21T02:10:00,OP-104,MAT-8818
7127,L07127,L,302.8,313.1,1560,34.0,171,0,0,0,0,0,0,LINE2-M01,2026-06-21T02:13:00,OP-110,MAT-8811
7128,M07128,M,301.5,313.0,1303,68.8,174,1,0,0,1,0,0,LINE1-M01,2026-06-21T02:19:00,OP-107,MAT-8813
7129,H07129,H,298.2,306.7,1168,35.1,179,1,0,1,0,0,0,LINE3-M02,2026-06-21T02:25:00,OP-110,MAT-8817
7130,M07130,M,299.1,310.3,1867,39.0,182,0,0,0,0,0,0,LINE1-M02,2026-06-21T02:30:00,OP-111,MAT-8814
7131,H07131,H,298.5,310.5,1747,32.3,187,0,0,0,0,0,0,LINE1-M01,2026-06-21T02:36:00,OP-111,MAT-8819
7132,L07132,L,296.9,307.3,1168,27.7,189,1,0,0,1,0,0,LINE2-M01,2026-06-21T02:41:00,OP-110,MAT-8804
7133,L07133,L,302.4,311.4,1854,38.0,191,0,0,0,0,0,0,LINE3-M02,2026-06-21T02:44:00,OP-107,MAT-8800
7134,H07134,H,301.0,310.3,1568,34.3,196,0,0,0,0,0,0,LINE3-M02,2026-06-21T02:50:00,OP-101,MAT-8806
7135,M07135,M,300.2,311.8,1419,30.6,199,0,0,0,0,0,0,LINE2-M01,2026-06-21T02:52:00,OP-102,MAT-8816
7136,L07136,L,300.5,310.5,1546,46.6,201,0,0,0,0,0,0,LINE2-M01,2026-06-21T02:58:00,OP-100,MAT-8809
7137,M07137,M,300.7,310.9,1764,37.9,204,0,0,0,0,0,0,LINE3-M02,2026-06-21T03:04:00,OP-109,MAT-8816
7138,H07138,H,301.5,309.7,1418,48.7,209,0,0,0,0,0,0,LINE2-M02,2026-06-21T03:10:00,OP-110,MAT-8812
7139,L07139,L,299.7,307.9,1497,40.6,211,0,0,0,0,0,0,LINE2-M01,2026-06-21T03:13:00,OP-106,MAT-8801
7140,M07140,M,300.4,310.5,1328,42.8,214,0,0,0,0,0,0,LINE2-M01,2026-06-21T03:19:00,OP-100,MAT-8815
7141,M07141,M,300.7,310.9,1185,28.6,217,1,1,0,0,0,0,LINE3-M01,2026-06-21T03:22:00,OP-100,MAT-8803
7142,H07142,H,300.2,310.9,2031,51.3,222,1,1,0,1,0,0,LINE3-M01,2026-06-21T03:26:00,OP-111,MAT-8812
7143,M07143,M,305.6,315.4,1258,54.7,225,1,1,0,0,1,0,LINE1-M02,2026-06-21T03:29:00,OP-100,MAT-8811
7144,H07144,H,301.5,311.1,1438,44.0,230,1,1,0,0,0,0,LINE1-M02,2026-06-21T03:35:00,OP-109,MAT-8810
7145,L07145,L,301.6,311.2,1591,53.8,232,1,1,0,0,1,0,LINE1-M02,2026-06-21T03:39:00,OP-101,MAT-8809
7146,H07146,H,300.9,313.2,1384,50.7,237,0,0,0,0,0,0,LINE3-M02,2026-06-21T03:42:00,OP-102,MAT-8808
7147,L07147,L,300.0,310.5,2019,31.3,239,1,1,0,0,0,0,LINE3-M02,2026-06-21T03:44:00,OP-109,MAT-8813
7148,M07148,M,300.0,310.7,1599,39.7,0,0,0,0,0,0,0,LINE1-M01,2026-06-21T03:46:00,OP-100,MAT-8815
7149,L07149,L,299.3,308.3,1486,36.7,2,0,0,0,0,0,0,LINE3-M01,2026-06-21T03:52:00,OP-105,MAT-8812
7150,M07150,M,299.4,310.8,1700,43.0,5,0,0,0,0,0,0,LINE1-M01,2026-06-21T03:54:00,OP-110,MAT-8802
7151,H07151,H,296.1,306.8,1477,49.9,10,0,0,0,0,0,0,LINE1-M01,2026-06-21T04:00:00,OP-106,MAT-8817
7152,L07152,L,298.7,306.9,1339,38.1,12,1,0,1,0,0,0,LINE3-M01,2026-06-21T04:03:00,OP-108,MAT-8811
7153,M07153,M,300.7,311.8,1815,44.5,15,0,0,0,0,0,0,LINE1-M01,2026-06-21T04:09:00,OP-104,MAT-8808
7154,L07154,L,299.8,309.7,1853,32.2,17,0,0,0,0,0,0,LINE1-M02,2026-06-21T04:11:00,OP-105,MAT-8815
7155,L07155,L,300.1,310.1,1616,53.9,19,1,0,0,1,0,0,LINE2-M02,2026-06-21T04:13:00,OP-101,MAT-8811
7156,M07156,M,298.7,309.7,1539,30.2,22,0,0,0,0,0,0,LINE3-M02,2026-06-21T04:16:00,OP-100,MAT-8802
7157,M07157,M,298.6,308.3,1331,35.4,25,0,0,0,0,0,0,LINE3-M01,2026-06-21T04:19:00,OP-103,MAT-8818
7158,M07158,M,297.0,306.7,1277,14.7,28,1,0,0,1,0,0,LINE3-M01,2026-06-21T04:23:00,OP-104,MAT-8805
7159,L07159,L,301.1,310.4,1168,34.3,30,0,0,0,0,0,0,LINE1-M01,2026-06-21T04:25:00,OP-109,MAT-8818
7160,L07160,L,302.7,313.5,1202,34.2,32,0,0,0,0,0,0,LINE3-M02,2026-06-21T04:29:00,OP-108,MAT-8809
7161,M07161,M,298.3,310.0,1485,41.3,35,0,0,0,0,0,0,LINE2-M01,2026-06-21T04:31:00,OP-110,MAT-8810
7162,H07162,H,298.8,309.6,1576,47.3,40,0,0,0,0,0,0,LINE3-M02,2026-06-21T04:33:00,OP-109,MAT-8817
7163,L07163,L,299.1,308.9,1537,54.2,42,0,0,0,0,0,0,LINE3-M01,2026-06-21T04:39:00,OP-101,MAT-8811
7164,L07164,L,302.9,311.4,1730,26.8,44,0,0,0,0,0,0,LINE3-M02,2026-06-21T04:44:00,OP-100,MAT-8802
7165,L07165,L,298.4,308.6,1402,33.9,46,0,0,0,0,0,0,LINE3-M01,2026-06-21T04:48:00,OP-100,MAT-8813
7166,H07166,H,298.0,306.6,1632,33.6,51,0,0,0,0,0,0,LINE3-M01,2026-06-21T04:50:00,OP-109,MAT-8817
7167,L07167,L,295.2,304.5,1915,39.9,53,0,0,0,0,0,0,LINE1-M01,2026-06-21T04:54:00,OP-109,MAT-8814
7168,L07168,L,299.1,309.8,1528,48.0,55,0,0,0,0,0,0,LINE3-M02,2026-06-21T04:56:00,OP-106,MAT-8811
7169,L07169,L,301.2,311.9,1339,37.9,57,0,0,0,0,0,0,LINE2-M01,2026-06-21T05:01:00,OP-102,MAT-8814
7170,M07170,M,295.6,306.9,1415,35.9,60,0,0,0,0,0,0,LINE1-M02,2026-06-21T05:04:00,OP-109,MAT-8814
7171,M07171,M,303.1,311.6,1367,36.7,63,1,0,1,0,0,0,LINE2-M02,2026-06-21T05:07:00,OP-100,MAT-8814
7172,M07172,M,298.3,309.5,1335,60.0,66,0,0,0,0,0,0,LINE1-M01,2026-06-21T05:13:00,OP-111,MAT-8804
7173,H07173,H,300.6,308.5,1884,38.8,71,0,0,0,0,0,0,LINE1-M02,2026-06-21T05:15:00,OP-101,MAT-8813
7174,H07174,H,298.2,307.5,1508,32.5,76,0,0,0,0,0,0,LINE1-M02,2026-06-21T05:17:00,OP-106,MAT-8804
7175,M07175,M,301.1,309.7,1237,34.7,79,1,0,1,0,0,0,LINE1-M02,2026-06-21T05:23:00,OP-100,MAT-8809
7176,M07176,M,299.7,309.5,1717,38.1,82,0,0,0,0,0,0,LINE1-M02,2026-06-21T05:28:00,OP-110,MAT-8813
7177,H07177,H,301.2,313.2,1168,41.5,87,0,0,0,0,0,0,LINE1-M01,2026-06-21T05:33:00,OP-102,MAT-8812
7178,M07178,M,296.6,306.6,1460,32.5,90,0,0,0,0,0,0,LINE2-M01,2026-06-21T05:37:00,OP-103,MAT-8817
7179,M07179,M,300.8,310.3,1805,42.4,93,0,0,0,0,0,0,LINE3-M02,2026-06-21T05:42:00,OP-108,MAT-8816
7180,L07180,L,301.8,311.8,1651,37.7,95,0,0,0,0,0,0,LINE3-M02,2026-06-21T05:44:00,OP-111,MAT-8804
7181,H07181,H,297.0,307.1,1445,44.3,100,0,0,0,0,0,0,LINE1-M01,2026-06-21T05:50:00,OP-104,MAT-8808
7182,H07182,H,300.0,307.8,1695,46.9,105,0,0,0,0,0,0,LINE2-M01,2026-06-21T05:56:00,OP-109,MAT-8815
7183,M07183,M,298.9,309.6,1196,28.3,108,0,0,0,0,0,0,LINE2-M02,2026-06-21T05:58:00,OP-111,MAT-8809
7184,M07184,M,300.3,310.7,1697,44.6,111,0,0,0,0,0,0,LINE3-M02,2026-06-21T06:00:00,OP-104,MAT-8810
7185,L07185,L,302.9,313.0,1474,23.6,113,0,0,0,0,0,0,LINE1-M01,2026-06-21T06:06:00,OP-101,MAT-8814
7186,L07186,L,300.4,311.0,1251,40.4,115,0,0,0,0,0,0,LINE1-M01,2026-06-21T06:10:00,OP-108,MAT-8807
7187,L07187,L,299.7,310.9,1168,53.2,117,0,0,0,0,0,0,LINE2-M01,2026-06-21T06:15:00,OP-107,MAT-8819
7188,L07188,L,297.9,305.3,1284,41.8,119,1,0,1,0,0,0,LINE3-M02,2026-06-21T06:19:00,OP-100,MAT-8818
7189,L07189,L,302.7,313.6,1665,52.6,121,1,0,0,1,0,0,LINE3-M01,2026-06-21T06:22:00,OP-108,MAT-8802
7190,L07190,L,300.0,309.9,1683,31.7,123,0,0,0,0,0,0,LINE1-M01,2026-06-21T06:24:00,OP-101,MAT-8816
7191,M07191,M,302.5,311.3,1187,44.2,126,0,0,0,0,0,0,LINE1-M02,2026-06-21T06:26:00,OP-106,MAT-8811
7192,M07192,M,303.1,312.5,1168,49.6,129,0,0,0,0,0,0,LINE1-M01,2026-06-21T06:29:00,OP-110,MAT-8809
7193,L07193,L,298.2,308.7,1581,45.5,131,0,0,0,0,0,0,LINE2-M02,2026-06-21T06:31:00,OP-104,MAT-8800
7194,L07194,L,300.6,311.8,1503,48.1,133,0,0,0,0,0,0,LINE3-M02,2026-06-21T06:35:00,OP-109,MAT-8809
7195,M07195,M,303.3,314.4,1233,57.1,136,0,0,0,0,0,0,LINE1-M02,2026-06-21T06:40:00,OP-109,MAT-8804
7196,H07196,H,299.4,309.1,1714,44.4,141,0,0,0,0,0,0,LINE2-M02,2026-06-21T06:43:00,OP-107,MAT-8808
7197,L07197,L,299.6,308.2,1430,12.6,143,1,0,0,1,0,0,LINE2-M02,2026-06-21T06:48:00,OP-110,MAT-8812
7198,L07198,L,296.9,307.7,1580,52.6,145,0,0,0,0,0,0,LINE3-M02,2026-06-21T06:52:00,OP-101,MAT-8814
7199,L07199,L,300.1,311.0,1168,44.1,147,0,0,0,0,0,0,LINE3-M02,2026-06-21T06:57:00,OP-109,MAT-8807
7200,M07200,M,299.3,309.4,1168,35.3,150,0,0,0,0,0,0,LINE1-M01,2026-06-21T07:02:00,OP-104,MAT-8809
7201,M07201,M,298.7,309.3,1369,34.6,153,0,0,0,0,0,0,LINE1-M02,2026-06-21T07:06:00,OP-106,MAT-8805
7202,H07202,H,298.9,309.4,1384,39.0,158,0,0,0,0,0,0,LINE2-M02,2026-06-21T07:11:00,OP-101,MAT-8815
7203,L07203,L,300.0,310.1,1362,33.4,160,0,0,0,0,0,0,LINE1-M01,2026-06-21T07:13:00,OP-107,MAT-8817
7204,H07204,H,300.8,310.0,1397,35.6,165,0,0,0,0,0,0,LINE2-M02,2026-06-21T07:16:00,OP-100,MAT-8806
7205,L07205,L,298.4,308.0,1430,50.9,167,0,0,0,0,0,0,LINE2-M02,2026-06-21T07:18:00,OP-104,MAT-8819
7206,L07206,L,295.7,305.0,1218,44.4,169,0,0,0,0,0,0,LINE1-M02,2026-06-21T07:23:00,OP-106,MAT-8809
7207,M07207,M,297.7,306.1,1559,32.0,172,0,0,0,0,0,0,LINE3-M02,2026-06-21T07:29:00,OP-107,MAT-8812
7208,L07208,L,302.5,313.7,1565,51.3,174,0,0,0,0,0,0,LINE1-M01,2026-06-21T07:34:00,OP-104,MAT-8804
7209,L07209,L,297.2,308.6,1530,56.2,176,1,0,0,1,0,0,LINE3-M01,2026-06-21T07:36:00,OP-101,MAT-8814
7210,L07210,L,298.9,309.6,1615,17.0,178,1,0,0,1,0,0,LINE1-M02,2026-06-21T07:42:00,OP-110,MAT-8801
7211,M07211,M,302.0,311.4,1285,36.1,181,0,0,0,0,0,0,LINE3-M02,2026-06-21T07:46:00,OP-106,MAT-8802
7212,H07212,H,299.5,309.9,1404,50.6,186,0,0,0,0,0,0,LINE3-M01,2026-06-21T07:51:00,OP-106,MAT-8808
7213,M07213,M,300.9,311.9,1338,28.0,189,0,0,0,0,0,0,LINE1-M02,2026-06-21T07:54:00,OP-109,MAT-8808
7214,H07214,H,296.9,305.9,2052,40.3,194,0,0,0,0,0,0,LINE1-M02,2026-06-21T08:00:00,OP-106,MAT-8808
7215,L07215,L,300.6,310.8,1252,35.2,196,0,0,0,0,0,0,LINE3-M01,2026-06-21T08:06:00,OP-100,MAT-8818
7216,M07216,M,298.0,307.2,1386,40.5,199,0,0,0,0,0,0,LINE1-M01,2026-06-21T08:12:00,OP-103,MAT-8816
7217,M07217,M,300.3,309.3,1554,25.8,202,0,0,0,0,0,0,LINE3-M01,2026-06-21T08:15:00,OP-105,MAT-8812
7218,L07218,L,301.1,310.1,1168,49.4,204,0,0,0,0,0,0,LINE3-M01,2026-06-21T08:18:00,OP-108,MAT-8810
7219,M07219,M,300.4,310.2,1511,43.7,207,0,0,0,0,0,0,LINE2-M02,2026-06-21T08:20:00,OP-111,MAT-8805
7220,L07220,L,300.0,310.8,1458,19.9,209,1,0,0,1,0,0,LINE3-M01,2026-06-21T08:25:00,OP-101,MAT-8801
7221,L07221,L,298.6,308.7,1241,38.8,211,0,0,0,0,0,0,LINE1-M01,2026-06-21T08:30:00,OP-104,MAT-8801
7222,H07222,H,299.3,308.0,1599,21.7,216,0,0,0,0,0,0,LINE2-M01,2026-06-21T08:35:00,OP-103,MAT-8800
7223,H07223,H,300.1,309.6,1537,42.9,221,1,1,0,0,0,0,LINE2-M01,2026-06-21T08:41:00,OP-110,MAT-8800
7224,H07224,H,298.4,309.3,1168,36.6,226,1,1,0,0,0,0,LINE3-M02,2026-06-21T08:45:00,OP-105,MAT-8816
7225,L07225,L,302.4,311.6,1996,28.1,228,0,0,0,0,0,0,LINE1-M01,2026-06-21T08:50:00,OP-108,MAT-8819
7226,H07226,H,300.7,310.8,1486,56.4,233,1,1,0,0,1,0,LINE3-M02,2026-06-21T08:54:00,OP-104,MAT-8808
7227,H07227,H,299.3,307.9,1790,40.2,238,1,1,0,0,0,0,LINE1-M01,2026-06-21T08:59:00,OP-101,MAT-8818
7228,L07228,L,302.9,314.0,1587,28.5,240,1,1,0,0,0,0,LINE2-M02,2026-06-21T09:02:00,OP-111,MAT-8812
7229,L07229,L,296.4,305.9,1242,37.8,0,0,0,0,0,0,0,LINE2-M02,2026-06-21T09:05:00,OP-103,MAT-8802
7230,L07230,L,297.3,307.5,1530,37.4,2,0,0,0,0,0,0,LINE2-M02,2026-06-21T09:11:00,OP-108,MAT-8807
7231,L07231,L,299.1,308.6,1609,53.9,4,1,0,0,1,0,0,LINE1-M02,2026-06-21T09:13:00,OP-110,MAT-8801
7232,L07232,L,296.8,307.1,1359,35.2,6,0,0,0,0,0,0,LINE2-M01,2026-06-21T09:17:00,OP-101,MAT-8807
7233,M07233,M,301.5,310.0,1254,32.2,9,1,0,1,0,0,0,LINE1-M01,2026-06-21T09:19:00,OP-105,MAT-8815
7234,H07234,H,304.1,313.7,1625,52.3,14,0,0,0,0,0,0,LINE1-M02,2026-06-21T09:25:00,OP-102,MAT-8816
7235,L07235,L,298.3,308.9,1457,30.8,16,0,0,0,0,0,0,LINE3-M02,2026-06-21T09:29:00,OP-103,MAT-8803
7236,L07236,L,301.1,311.4,1508,41.6,18,0,0,0,0,0,0,LINE1-M01,2026-06-21T09:34:00,OP-110,MAT-8818
7237,L07237,L,297.3,307.1,1718,31.2,20,0,0,0,0,0,0,LINE1-M02,2026-06-21T09:38:00,OP-109,MAT-8807
7238,H07238,H,300.5,309.8,1564,28.1,25,0,0,0,0,0,0,LINE2-M01,2026-06-21T09:40:00,OP-105,MAT-8813
7239,L07239,L,302.2,312.7,1698,45.4,27,0,0,0,0,0,0,LINE1-M01,2026-06-21T09:42:00,OP-103,MAT-8805
7240,L07240,L,298.8,308.8,1529,51.9,29,0,0,0,0,0,0,LINE2-M01,2026-06-21T09:47:00,OP-106,MAT-8816
7241,L07241,L,300.8,311.1,1518,41.0,31,0,0,0,0,0,0,LINE2-M01,2026-06-21T09:49:00,OP-103,MAT-8810
7242,H07242,H,301.7,311.1,1168,43.2,36,0,0,0,0,0,0,LINE2-M01,2026-06-21T09:51:00,OP-108,MAT-8819
7243,L07243,L,299.1,308.3,1339,37.5,38,0,0,0,0,0,0,LINE3-M02,2026-06-21T09:55:00,OP-101,MAT-8802
7244,L07244,L,299.2,308.7,1550,52.2,40,0,0,0,0,0,0,LINE1-M01,2026-06-21T09:58:00,OP-104,MAT-8807
7245,H07245,H,301.1,312.4,1834,34.9,45,0,0,0,0,0,0,LINE1-M02,2026-06-21T10:01:00,OP-106,MAT-8812
7246,M07246,M,297.5,308.4,1211,35.0,48,0,0,0,0,0,0,LINE1-M01,2026-06-21T10:07:00,OP-100,MAT-8815
7247,L07247,L,300.5,309.8,1609,41.7,50,0,0,0,0,0,0,LINE2-M02,2026-06-21T10:12:00,OP-106,MAT-8808
7248,L07248,L,302.4,311.4,1569,38.3,52,0,0,0,0,0,0,LINE2-M02,2026-06-21T10:15:00,OP-100,MAT-8809
7249,L07249,L,300.0,311.3,1698,37.6,54,0,0,0,0,0,0,LINE1-M01,2026-06-21T10:19:00,OP-105,MAT-8816
7250,L07250,L,299.1,308.3,1505,50.7,56,0,0,0,0,0,0,LINE3-M02,2026-06-21T10:21:00,OP-103,MAT-8817
7251,L07251,L,301.0,311.7,1201,34.5,58,0,0,0,0,0,0,LINE3-M02,2026-06-21T10:27:00,OP-111,MAT-8816
7252,L07252,L,297.7,307.6,1408,58.7,60,0,0,0,0,0,0,LINE1-M01,2026-06-21T10:32:00,OP-111,MAT-8814
7253,L07253,L,301.7,310.3,1824,38.0,62,0,0,0,0,0,0,LINE3-M02,2026-06-21T10:35:00,OP-106,MAT-8814
7254,L07254,L,298.7,307.7,1407,37.9,64,0,0,0,0,0,0,LINE1-M02,2026-06-21T10:39:00,OP-100,MAT-8818
7255,L07255,L,298.6,309.5,1303,57.1,66,0,0,0,0,0,0,LINE2-M02,2026-06-21T10:43:00,OP-110,MAT-8806
7256,M07256,M,299.0,311.1,1730,33.5,69,0,0,0,0,0,0,LINE1-M02,2026-06-21T10:47:00,OP-103,MAT-8808
7257,L07257,L,299.8,311.1,1213,47.7,71,0,0,0,0,0,0,LINE2-M01,2026-06-21T10:52:00,OP-104,MAT-8814
7258,M07258,M,298.0,306.6,1221,37.7,74,0,0,0,0,0,0,LINE2-M02,2026-06-21T10:56:00,OP-102,MAT-8818
7259,L07259,L,298.5,309.1,1743,28.5,76,0,0,0,0,0,0,LINE2-M01,2026-06-21T10:58:00,OP-108,MAT-8814
7260,H07260,H,297.3,306.1,1592,46.7,81,0,0,0,0,0,0,LINE1-M01,2026-06-21T11:04:00,OP-111,MAT-8801
7261,L07261,L,300.1,312.0,1778,51.2,83,1,0,0,1,0,0,LINE3-M02,2026-06-21T11:09:00,OP-106,MAT-8802
7262,M07262,M,299.9,309.1,2003,37.6,86,0,0,0,0,0,0,LINE3-M02,2026-06-21T11:11:00,OP-108,MAT-8814
7263,L07263,L,295.3,305.3,1351,31.1,88,0,0,0,0,0,0,LINE2-M02,2026-06-21T11:13:00,OP-106,MAT-8806
7264,L07264,L,299.5,307.8,1410,28.4,90,0,0,0,0,0,0,LINE1-M01,2026-06-21T11:16:00,OP-105,MAT-8815
7265,M07265,M,301.4,309.8,1767,47.1,93,0,0,0,0,0,0,LINE3-M02,2026-06-21T11:21:00,OP-106,MAT-8812
7266,L07266,L,301.8,311.7,1605,54.3,95,1,0,0,1,0,0,LINE1-M01,2026-06-21T11:24:00,OP-101,MAT-8805
7267,H07267,H,299.8,307.9,1464,48.0,100,0,0,0,0,0,0,LINE3-M02,2026-06-21T11:26:00,OP-101,MAT-8819
7268,M07268,M,301.0,311.1,1475,35.7,103,0,0,0,0,0,0,LINE1-M01,2026-06-21T11:31:00,OP-108,MAT-8804
7269,H07269,H,295.2,304.8,2022,53.1,108,1,0,0,1,0,0,LINE1-M01,2026-06-21T11:33:00,OP-103,MAT-8819
7270,H07270,H,300.8,308.4,1507,44.7,113,0,0,0,0,0,0,LINE2-M01,2026-06-21T11:36:00,OP-111,MAT-8815
7271,M07271,M,302.2,310.6,1708,27.9,116,0,0,0,0,0,0,LINE2-M01,2026-06-21T11:38:00,OP-105,MAT-8818
7272,M07272,M,300.1,310.3,1362,29.7,119,0,0,0,0,0,0,LINE1-M02,2026-06-21T11:43:00,OP-101,MAT-8803
7273,M07273,M,298.8,308.3,1640,27.4,122,0,0,0,0,0,0,LINE2-M01,2026-06-21T11:45:00,OP-101,MAT-8810
7274,H07274,H,300.4,311.3,1324,51.0,127,0,0,0,0,0,0,LINE1-M02,2026-06-21T11:50:00,OP-108,MAT-8812
7275,L07275,L,298.1,308.7,1269,48.2,129,0,0,0,0,0,0,LINE3-M01,2026-06-21T11:53:00,OP-110,MAT-8808
7276,H07276,H,301.5,311.7,1172,43.6,134,0,0,0,0,0,0,LINE3-M01,2026-06-21T11:55:00,OP-105,MAT-8817
7277,M07277,M,300.6,310.0,2018,46.6,137,1,0,0,1,0,0,LINE2-M02,2026-06-21T11:58:00,OP-100,MAT-8816
7278,M07278,M,300.2,309.6,1995,37.7,140,0,0,0,0,0,0,LINE1-M02,2026-06-21T12:04:00,OP-106,MAT-8814
7279,L07279,L,300.2,309.2,1540,36.8,142,0,0,0,0,0,0,LINE2-M01,2026-06-21T12:09:00,OP-104,MAT-8810
7280,M07280,M,300.3,310.3,1495,55.5,145,0,0,0,0,0,0,LINE1-M01,2026-06-21T12:11:00,OP-107,MAT-8806
7281,L07281,L,300.8,310.3,1709,29.0,147,0,0,0,0,0,0,LINE3-M01,2026-06-21T12:13:00,OP-109,MAT-8809
7282,L07282,L,302.7,313.0,1671,36.5,149,0,0,0,0,0,0,LINE1-M02,2026-06-21T12:16:00,OP-102,MAT-8814
7283,M07283,M,300.2,310.3,1862,40.3,152,0,0,0,0,0,0,LINE1-M02,2026-06-21T12:19:00,OP-107,MAT-8816
7284,H07284,H,297.9,308.1,1267,60.2,157,0,0,0,0,0,0,LINE1-M02,2026-06-21T12:25:00,OP-101,MAT-8805
7285,L07285,L,301.1,311.1,1814,42.7,159,0,0,0,0,0,0,LINE2-M01,2026-06-21T12:31:00,OP-100,MAT-8803
7286,H07286,H,300.4,310.0,1818,44.2,164,0,0,0,0,0,0,LINE1-M01,2026-06-21T12:35:00,OP-110,MAT-8804
7287,M07287,M,300.0,310.1,1229,35.9,167,0,0,0,0,0,0,LINE2-M01,2026-06-21T12:40:00,OP-109,MAT-8804
7288,M07288,M,301.8,309.5,1438,23.2,170,1,0,0,1,0,0,LINE3-M02,2026-06-21T12:45:00,OP-107,MAT-8801
7289,L07289,L,297.4,307.1,1403,45.1,172,0,0,0,0,0,0,LINE2-M01,2026-06-21T12:50:00,OP-108,MAT-8816
7290,M07290,M,301.6,312.3,1451,29.2,175,0,0,0,0,0,0,LINE3-M01,2026-06-21T12:54:00,OP-107,MAT-8802
7291,L07291,L,300.5,309.3,1561,53.0,177,0,0,0,0,0,0,LINE2-M02,2026-06-21T13:00:00,OP-109,MAT-8803
7292,L07292,L,298.6,308.9,1479,26.8,179,0,0,0,0,0,0,LINE3-M02,2026-06-21T13:02:00,OP-105,MAT-8816
7293,L07293,L,300.2,309.7,1205,36.0,181,0,0,0,0,0,0,LINE1-M01,2026-06-21T13:07:00,OP-109,MAT-8806
7294,L07294,L,300.1,311.0,1614,50.4,183,0,0,0,0,0,0,LINE3-M02,2026-06-21T13:09:00,OP-107,MAT-8802
7295,M07295,M,302.7,313.5,1370,46.3,186,0,0,0,0,0,0,LINE1-M01,2026-06-21T13:11:00,OP-100,MAT-8808
7296,H07296,H,300.5,309.8,1285,50.9,191,0,0,0,0,0,0,LINE1-M02,2026-06-21T13:15:00,OP-110,MAT-8810
7297,L07297,L,301.7,313.5,1702,50.4,193,0,0,0,0,0,0,LINE1-M02,2026-06-21T13:17:00,OP-100,MAT-8817
7298,L07298,L,298.5,308.0,1624,21.3,195,0,0,0,0,0,0,LINE2-M01,2026-06-21T13:21:00,OP-109,MAT-8802
7299,L07299,L,298.5,307.9,1599,38.4,197,0,0,0,0,0,0,LINE1-M02,2026-06-21T13:24:00,OP-108,MAT-8806
7300,H07300,H,302.4,312.9,1460,36.2,202,0,0,0,0,0,0,LINE3-M02,2026-06-21T13:26:00,OP-107,MAT-8800
7301,L07301,L,293.8,304.0,1168,39.8,204,0,0,0,0,0,0,LINE2-M01,2026-06-21T13:30:00,OP-109,MAT-8804
7302,L07302,L,301.6,310.5,1392,42.2,206,0,0,0,0,0,0,LINE1-M01,2026-06-21T13:33:00,OP-103,MAT-8809
7303,M07303,M,298.5,309.3,1703,26.3,209,0,0,0,0,0,0,LINE2-M01,2026-06-21T13:38:00,OP-100,MAT-8804
7304,M07304,M,301.1,312.4,1735,43.3,212,0,0,0,0,0,0,LINE1-M01,2026-06-21T13:40:00,OP-103,MAT-8803
7305,L07305,L,300.6,311.0,1442,49.9,214,0,0,0,0,0,0,LINE3-M01,2026-06-21T13:44:00,OP-103,MAT-8811
7306,M07306,M,300.9,310.0,1510,45.4,217,0,0,0,0,0,0,LINE2-M01,2026-06-21T13:48:00,OP-104,MAT-8810
7307,M07307,M,299.7,309.1,1394,41.5,220,1,1,0,0,0,0,LINE3-M01,2026-06-21T13:50:00,OP-103,MAT-8818
7308,L07308,L,299.3,307.9,1650,46.3,222,1,1,0,0,0,0,LINE1-M02,2026-06-21T13:56:00,OP-105,MAT-8809
7309,M07309,M,301.4,312.1,1241,53.8,225,1,0,0,0,1,0,LINE1-M02,2026-06-21T14:00:00,OP-111,MAT-8809
7310,M07310,M,299.3,310.3,1742,36.5,228,1,1,0,0,0,0,LINE1-M02,2026-06-21T14:06:00,OP-100,MAT-8805
7311,L07311,L,303.5,314.5,1444,48.6,230,1,1,0,0,1,0,LINE3-M02,2026-06-21T14:11:00,OP-108,MAT-8818
7312,M07312,M,300.8,311.2,1653,32.9,233,0,0,0,0,0,0,LINE2-M02,2026-06-21T14:15:00,OP-105,MAT-8815
7313,L07313,L,298.7,308.7,1210,42.0,235,1,1,0,0,0,0,LINE1-M02,2026-06-21T14:20:00,OP-103,MAT-8805
7314,H07314,H,300.5,310.3,1629,25.0,240,1,1,0,0,0,0,LINE2-M02,2026-06-21T14:24:00,OP-111,MAT-8803
7315,H07315,H,301.4,311.0,1567,42.3,0,0,0,0,0,0,0,LINE3-M01,2026-06-21T14:29:00,OP-100,MAT-8801
7316,H07316,H,299.3,311.2,1480,41.0,5,0,0,0,0,0,0,LINE2-M01,2026-06-21T14:35:00,OP-104,MAT-8801
7317,H07317,H,299.3,310.9,1453,31.4,10,0,0,0,0,0,0,LINE2-M01,2026-06-21T14:41:00,OP-108,MAT-8819
7318,L07318,L,300.3,310.6,1624,36.8,12,0,0,0,0,0,0,LINE1-M02,2026-06-21T14:43:00,OP-104,MAT-8817
7319,H07319,H,303.0,312.4,1580,49.8,17,0,0,0,0,0,0,LINE1-M02,2026-06-21T14:48:00,OP-106,MAT-8819
7320,M07320,M,298.9,310.0,1680,37.0,20,0,0,0,0,0,0,LINE3-M01,2026-06-21T14:54:00,OP-101,MAT-8817
7321,H07321,H,299.2,310.0,1738,31.3,25,0,0,0,0,0,0,LINE1-M02,2026-06-21T14:58:00,OP-100,MAT-8810
7322,L07322,L,302.5,312.9,1513,54.8,27,0,0,0,0,0,0,LINE1-M02,2026-06-21T15:00:00,OP-106,MAT-8805
7323,L07323,L,299.5,309.3,1525,18.6,29,1,0,0,1,0,0,LINE1-M01,2026-06-21T15:04:00,OP-109,MAT-8803
7324,M07324,M,299.0,308.6,1733,31.6,32,0,0,0,0,0,0,LINE1-M02,2026-06-21T15:10:00,OP-107,MAT-8808
7325,H07325,H,301.0,311.9,1168,47.6,37,0,0,0,0,0,0,LINE2-M02,2026-06-21T15:16:00,OP-110,MAT-8806
7326,L07326,L,299.5,307.3,1665,43.9,39,0,0,0,0,0,0,LINE2-M01,2026-06-21T15:20:00,OP-106,MAT-8809
7327,L07327,L,299.5,311.2,1749,38.6,41,0,0,0,0,0,0,LINE3-M01,2026-06-21T15:23:00,OP-106,MAT-8814
7328,L07328,L,301.0,311.4,1648,52.0,43,0,0,0,0,0,0,LINE3-M02,2026-06-21T15:29:00,OP-108,MAT-8804
7329,L07329,L,301.2,313.0,1168,40.4,45,0,0,0,0,0,0,LINE2-M01,2026-06-21T15:33:00,OP-109,MAT-8817
7330,L07330,L,299.7,310.3,1661,30.1,47,0,0,0,0,0,0,LINE1-M02,2026-06-21T15:36:00,OP-105,MAT-8811
7331,H07331,H,301.8,311.0,1253,38.9,52,0,0,0,0,0,0,LINE2-M02,2026-06-21T15:41:00,OP-101,MAT-8806
7332,L07332,L,300.2,310.4,1475,36.4,54,0,0,0,0,0,0,LINE1-M01,2026-06-21T15:44:00,OP-106,MAT-8809
7333,L07333,L,299.0,309.0,1302,28.3,56,0,0,0,0,0,0,LINE3-M01,2026-06-21T15:47:00,OP-106,MAT-8802
7334,M07334,M,303.2,312.1,1342,51.2,59,0,0,0,0,0,0,LINE1-M01,2026-06-21T15:49:00,OP-109,MAT-8812
7335,M07335,M,297.4,305.5,1552,44.8,62,0,0,0,0,0,0,LINE2-M01,2026-06-21T15:54:00,OP-108,MAT-8801
7336,H07336,H,297.8,307.1,1637,36.2,67,0,0,0,0,0,0,LINE3-M02,2026-06-21T15:57:00,OP-105,MAT-8816
7337,L07337,L,301.2,310.0,1467,28.6,69,0,0,0,0,0,0,LINE2-M02,2026-06-21T16:00:00,OP-108,MAT-8806
7338,M07338,M,298.5,306.8,1633,47.1,72,0,0,0,0,0,0,LINE1-M02,2026-06-21T16:03:00,OP-111,MAT-8807
7339,L07339,L,302.0,311.5,1506,50.4,74,0,0,0,0,0,0,LINE3-M01,2026-06-21T16:05:00,OP-108,MAT-8803
7340,H07340,H,298.7,309.5,1741,49.8,79,1,0,0,1,0,0,LINE3-M01,2026-06-21T16:08:00,OP-101,MAT-8804
7341,L07341,L,300.9,310.1,1310,50.0,81,0,0,0,0,0,0,LINE1-M01,2026-06-21T16:11:00,OP-101,MAT-8801
7342,L07342,L,299.0,308.3,1498,33.4,83,0,0,0,0,0,0,LINE3-M02,2026-06-21T16:13:00,OP-111,MAT-8801
7343,H07343,H,301.1,310.1,1211,31.5,88,0,0,0,0,0,0,LINE1-M02,2026-06-21T16:18:00,OP-108,MAT-8800
7344,M07344,M,300.6,311.4,1515,51.9,91,0,0,0,0,0,0,LINE2-M01,2026-06-21T16:20:00,OP-110,MAT-8809
7345,L07345,L,298.7,308.6,1509,37.4,93,0,0,0,0,0,0,LINE1-M01,2026-06-21T16:22:00,OP-102,MAT-8816
7346,M07346,M,300.1,309.7,1273,32.5,96,0,0,0,0,0,0,LINE1-M02,2026-06-21T16:28:00,OP-107,MAT-8801
7347,M07347,M,298.1,308.1,1585,38.0,99,0,0,0,0,0,0,LINE2-M01,2026-06-21T16:30:00,OP-104,MAT-8819
7348,L07348,L,298.9,309.0,1763,41.3,101,0,0,0,0,0,0,LINE1-M02,2026-06-21T16:32:00,OP-105,MAT-8803
7349,H07349,H,301.7,310.9,1193,26.0,106,1,0,0,1,0,0,LINE2-M02,2026-06-21T16:34:00,OP-106,MAT-8802
7350,H07350,H,297.8,307.5,1580,46.1,111,0,0,0,0,0,0,LINE1-M01,2026-06-21T16:40:00,OP-107,MAT-8810
7351,L07351,L,305.7,315.4,1645,42.3,113,0,0,0,0,0,0,LINE3-M01,2026-06-21T16:45:00,OP-105,MAT-8805
7352,M07352,M,302.4,311.8,1359,43.6,116,0,0,0,0,0,0,LINE2-M02,2026-06-21T16:49:00,OP-100,MAT-8818
7353,L07353,L,300.7,309.6,1664,28.9,118,0,0,0,0,0,0,LINE1-M02,2026-06-21T16:54:00,OP-104,MAT-8801
7354,M07354,M,298.6,307.3,1706,31.3,121,0,0,0,0,0,0,LINE3-M01,2026-06-21T16:58:00,OP-101,MAT-8817
7355,L07355,L,298.6,307.6,1872,39.9,123,0,0,0,0,0,0,LINE2-M02,2026-06-21T17:00:00,OP-105,MAT-8815
7356,L07356,L,300.9,311.0,1168,51.9,125,0,0,0,0,0,0,LINE1-M01,2026-06-21T17:05:00,OP-111,MAT-8812
7357,M07357,M,298.4,307.7,1168,41.9,128,0,0,0,0,0,0,LINE1-M01,2026-06-21T17:07:00,OP-107,MAT-8806
7358,M07358,M,303.2,315.0,1354,53.6,131,0,0,0,0,0,0,LINE1-M02,2026-06-21T17:13:00,OP-109,MAT-8814
7359,H07359,H,299.5,311.3,1613,51.2,136,0,0,0,0,0,0,LINE2-M01,2026-06-21T17:19:00,OP-106,MAT-8819
7360,M07360,M,299.6,308.3,1437,26.9,139,0,0,0,0,0,0,LINE2-M02,2026-06-21T17:24:00,OP-100,MAT-8814
7361,H07361,H,301.9,311.9,1511,67.8,144,1,0,0,1,0,0,LINE1-M02,2026-06-21T17:28:00,OP-104,MAT-8813
7362,L07362,L,298.9,307.8,1168,48.7,146,0,0,0,0,0,0,LINE3-M01,2026-06-21T17:34:00,OP-111,MAT-8807
7363,M07363,M,299.8,308.6,1635,34.7,149,0,0,0,0,0,0,LINE3-M02,2026-06-21T17:40:00,OP-101,MAT-8810
7364,M07364,M,297.4,307.1,1907,49.4,152,1,0,0,1,0,0,LINE1-M02,2026-06-21T17:46:00,OP-107,MAT-8815
7365,H07365,H,300.0,310.0,1447,41.6,157,0,0,0,0,0,0,LINE1-M01,2026-06-21T17:51:00,OP-101,MAT-8806
7366,H07366,H,302.3,312.8,1578,43.1,162,0,0,0,0,0,0,LINE3-M02,2026-06-21T17:56:00,OP-101,MAT-8817
7367,L07367,L,300.4,310.6,1722,41.2,164,0,0,0,0,0,0,LINE3-M01,2026-06-21T18:02:00,OP-109,MAT-8807
7368,L07368,L,297.9,307.4,1476,29.7,166,0,0,0,0,0,0,LINE1-M02,2026-06-21T18:07:00,OP-108,MAT-8809
7369,H07369,H,297.6,309.3,1674,33.9,171,0,0,0,0,0,0,LINE1-M02,2026-06-21T18:12:00,OP-100,MAT-8818
7370,L07370,L,301.3,311.7,1264,56.0,173,0,0,0,0,0,0,LINE1-M02,2026-06-21T18:16:00,OP-108,MAT-8818
7371,L07371,L,300.6,308.1,1853,45.7,175,0,0,0,0,0,0,LINE3-M01,2026-06-21T18:20:00,OP-108,MAT-8816
7372,M07372,M,299.3,309.6,1369,65.7,178,1,0,0,1,0,0,LINE2-M01,2026-06-21T18:22:00,OP-104,MAT-8803
7373,H07373,H,302.9,312.3,1202,36.5,183,0,0,0,0,0,0,LINE1-M01,2026-06-21T18:27:00,OP-107,MAT-8818
7374,L07374,L,295.9,306.5,1455,21.9,185,1,0,0,1,0,0,LINE2-M01,2026-06-21T18:29:00,OP-103,MAT-8801
7375,L07375,L,298.5,308.5,1421,58.0,187,0,0,0,0,0,0,LINE1-M02,2026-06-21T18:34:00,OP-108,MAT-8811
7376,H07376,H,306.0,316.0,1168,26.8,192,1,0,0,1,0,0,LINE3-M02,2026-06-21T18:39:00,OP-111,MAT-8808
7377,L07377,L,299.6,310.4,1557,53.3,194,0,0,0,0,0,0,LINE3-M01,2026-06-21T18:43:00,OP-100,MAT-8815
7378,L07378,L,297.8,308.8,1390,43.4,196,0,0,0,0,0,0,LINE3-M01,2026-06-21T18:48:00,OP-100,MAT-8802
7379,M07379,M,302.0,310.3,1810,50.7,199,1,0,0,1,0,0,LINE2-M01,2026-06-21T18:50:00,OP-106,MAT-8805
7380,H07380,H,299.5,309.9,1595,33.4,204,0,0,0,0,0,0,LINE3-M02,2026-06-21T18:54:00,OP-101,MAT-8816
7381,H07381,H,297.4,306.5,1295,41.3,209,0,0,0,0,0,0,LINE1-M01,2026-06-21T18:58:00,OP-106,MAT-8819
7382,H07382,H,302.0,314.6,1558,51.6,214,1,1,0,0,0,0,LINE3-M02,2026-06-21T19:03:00,OP-109,MAT-8804
7383,L07383,L,300.9,309.3,1630,41.1,216,0,0,0,0,0,0,LINE1-M01,2026-06-21T19:09:00,OP-103,MAT-8810
7384,L07384,L,299.0,310.6,2060,26.8,218,0,0,0,0,0,0,LINE3-M02,2026-06-21T19:12:00,OP-106,MAT-8803
7385,L07385,L,300.0,309.8,1356,29.5,220,1,1,0,0,0,0,LINE3-M01,2026-06-21T19:14:00,OP-107,MAT-8812
7386,M07386,M,299.0,307.7,1903,28.5,223,0,0,0,0,0,0,LINE2-M02,2026-06-21T19:16:00,OP-108,MAT-8808
7387,M07387,M,300.8,310.9,1168,44.3,226,0,0,0,0,0,0,LINE1-M02,2026-06-21T19:22:00,OP-104,MAT-8801
7388,M07388,M,299.0,309.6,1424,41.8,229,0,0,0,0,0,0,LINE1-M02,2026-06-21T19:26:00,OP-100,MAT-8805
7389,H07389,H,300.7,311.4,1670,34.7,234,1,1,0,0,0,0,LINE3-M01,2026-06-21T19:32:00,OP-100,MAT-8816
7390,L07390,L,302.2,311.1,1342,59.4,236,1,1,0,0,1,0,LINE3-M01,2026-06-21T19:37:00,OP-103,MAT-8816
7391,L07391,L,297.9,307.8,1874,37.3,238,1,1,0,0,0,0,LINE3-M02,2026-06-21T19:43:00,OP-105,MAT-8809
7392,M07392,M,302.8,312.7,1468,36.4,0,0,0,0,0,0,0,LINE2-M01,2026-06-21T19:49:00,OP-102,MAT-8808
7393,L07393,L,298.2,307.8,1332,28.0,2,0,0,0,0,0,0,LINE2-M02,2026-06-21T19:52:00,OP-107,MAT-8812
7394,M07394,M,296.6,305.2,1624,48.2,5,0,0,0,0,0,0,LINE2-M01,2026-06-21T19:58:00,OP-104,MAT-8811
7395,L07395,L,295.5,305.6,1590,45.2,7,0,0,0,0,0,0,LINE1-M01,2026-06-21T20:03:00,OP-106,MAT-8810
7396,L07396,L,300.9,309.2,1442,46.0,9,0,0,0,0,0,0,LINE3-M02,2026-06-21T20:08:00,OP-106,MAT-8813
7397,L07397,L,300.4,310.7,1917,32.9,11,0,0,0,0,0,0,LINE2-M01,2026-06-21T20:10:00,OP-110,MAT-8818
7398,L07398,L,298.7,307.2,1648,38.0,13,0,0,0,0,0,0,LINE2-M01,2026-06-21T20:16:00,OP-106,MAT-8809
7399,M07399,M,303.3,314.0,1536,31.9,16,0,0,0,0,0,0,LINE3-M01,2026-06-21T20:18:00,OP-104,MAT-8819
7400,M07400,M,298.7,309.4,1168,33.8,19,0,0,0,0,0,0,LINE1-M02,2026-06-21T20:22:00,OP-105,MAT-8815
7401,M07401,M,303.5,314.1,1442,40.5,22,0,0,0,0,0,0,LINE3-M01,2026-06-21T20:24:00,OP-103,MAT-8818
7402,L07402,L,298.2,308.1,1535,47.7,24,0,0,0,0,0,0,LINE1-M01,2026-06-21T20:26:00,OP-109,MAT-8814
7403,H07403,H,300.5,311.7,1602,46.2,29,0,0,0,0,0,0,LINE1-M01,2026-06-21T20:31:00,OP-103,MAT-8811
7404,H07404,H,300.5,312.2,1831,23.5,34,0,0,0,0,0,0,LINE3-M02,2026-06-21T20:36:00,OP-109,MAT-8809
7405,M07405,M,299.2,310.3,1570,19.5,37,1,0,0,1,0,0,LINE2-M02,2026-06-21T20:41:00,OP-107,MAT-8806
7406,M07406,M,300.3,309.2,1488,26.0,40,0,0,0,0,0,0,LINE3-M02,2026-06-21T20:45:00,OP-108,MAT-8808
7407,L07407,L,300.0,309.2,1181,57.4,42,0,0,0,0,0,0,LINE1-M01,2026-06-21T20:49:00,OP-108,MAT-8802
7408,L07408,L,296.9,306.3,1547,24.7,44,0,0,0,0,0,0,LINE3-M02,2026-06-21T20:55:00,OP-104,MAT-8809
7409,L07409,L,300.6,309.5,1473,52.7,46,0,0,0,0,0,0,LINE1-M02,2026-06-21T20:58:00,OP-107,MAT-8801
7410,L07410,L,299.8,309.9,1637,33.6,48,0,0,0,0,0,0,LINE2-M02,2026-06-21T21:02:00,OP-107,MAT-8803
7411,M07411,M,295.7,305.5,1787,33.5,51,0,0,0,0,0,0,LINE2-M01,2026-06-21T21:04:00,OP-108,MAT-8801
7412,M07412,M,300.7,309.6,1462,51.2,54,0,0,0,0,0,0,LINE3-M02,2026-06-21T21:10:00,OP-110,MAT-8814
7413,L07413,L,299.5,308.9,1336,42.4,56,0,0,0,0,0,0,LINE3-M01,2026-06-21T21:16:00,OP-109,MAT-8803
7414,L07414,L,299.0,310.2,1506,35.4,58,0,0,0,0,0,0,LINE2-M02,2026-06-21T21:18:00,OP-101,MAT-8818
7415,L07415,L,302.3,312.5,1492,36.7,60,0,0,0,0,0,0,LINE1-M01,2026-06-21T21:20:00,OP-103,MAT-8808
7416,L07416,L,297.4,307.3,1366,53.1,62,0,0,0,0,0,0,LINE3-M01,2026-06-21T21:25:00,OP-108,MAT-8808
7417,H07417,H,302.1,311.5,1320,60.9,67,0,0,0,0,0,0,LINE1-M02,2026-06-21T21:30:00,OP-100,MAT-8814
7418,H07418,H,298.7,307.0,1530,37.9,72,0,0,0,0,0,0,LINE2-M01,2026-06-21T21:33:00,OP-106,MAT-8807
7419,M07419,M,301.8,312.6,1467,38.4,75,0,0,0,0,0,0,LINE2-M01,2026-06-21T21:39:00,OP-101,MAT-8815
7420,H07420,H,304.6,315.4,1880,29.5,80,0,0,0,0,0,0,LINE1-M02,2026-06-21T21:41:00,OP-105,MAT-8811
7421,M07421,M,297.8,308.5,1726,37.1,83,0,0,0,0,0,0,LINE1-M02,2026-06-21T21:47:00,OP-101,MAT-8804
7422,M07422,M,300.5,310.5,1168,31.2,86,0,0,0,0,0,0,LINE1-M01,2026-06-21T21:51:00,OP-108,MAT-8815
7423,H07423,H,300.8,311.5,1492,36.7,91,0,0,0,0,0,0,LINE1-M01,2026-06-21T21:57:00,OP-102,MAT-8807
7424,H07424,H,301.7,312.6,1802,27.6,96,0,0,0,0,0,0,LINE2-M02,2026-06-21T22:03:00,OP-110,MAT-8801
7425,H07425,H,300.3,310.3,1428,40.4,101,0,0,0,0,0,0,LINE1-M02,2026-06-21T22:08:00,OP-103,MAT-8805
7426,L07426,L,298.7,307.5,1572,39.9,103,0,0,0,0,0,0,LINE2-M02,2026-06-21T22:11:00,OP-107,MAT-8804
7427,L07427,L,299.2,307.8,1656,32.4,105,0,0,0,0,0,0,LINE1-M01,2026-06-21T22:16:00,OP-102,MAT-8813
7428,L07428,L,301.0,311.1,1450,39.3,107,0,0,0,0,0,0,LINE1-M02,2026-06-21T22:19:00,OP-111,MAT-8807
7429,L07429,L,301.7,313.8,1572,58.3,109,1,0,0,1,0,0,LINE1-M01,2026-06-21T22:22:00,OP-102,MAT-8814
7430,M07430,M,303.4,313.3,1168,55.1,112,0,0,0,0,0,0,LINE2-M02,2026-06-21T22:25:00,OP-110,MAT-8802
7431,H07431,H,299.1,307.7,1168,40.4,117,1,0,1,0,0,0,LINE3-M01,2026-06-21T22:27:00,OP-111,MAT-8818
7432,L07432,L,300.1,309.4,1624,37.1,119,0,0,0,0,0,0,LINE1-M02,2026-06-21T22:32:00,OP-109,MAT-8815
7433,L07433,L,298.5,307.7,1475,42.0,121,0,0,0,0,0,0,LINE1-M01,2026-06-21T22:35:00,OP-109,MAT-8815
7434,L07434,L,299.7,308.9,1560,28.5,123,0,0,0,0,0,0,LINE1-M01,2026-06-21T22:41:00,OP-106,MAT-8814
7435,H07435,H,299.1,309.3,1914,42.1,128,0,0,0,0,0,0,LINE2-M02,2026-06-21T22:45:00,OP-111,MAT-8819
7436,M07436,M,296.0,306.4,1736,21.3,131,0,0,0,0,0,0,LINE3-M02,2026-06-21T22:51:00,OP-103,MAT-8815
7437,L07437,L,304.2,315.2,1168,41.1,133,0,0,0,0,0,0,LINE2-M01,2026-06-21T22:54:00,OP-103,MAT-8815
7438,L07438,L,297.1,307.3,1453,44.0,135,0,0,0,0,0,0,LINE2-M02,2026-06-21T22:57:00,OP-101,MAT-8807
7439,M07439,M,299.4,308.3,1479,27.8,138,0,0,0,0,0,0,LINE2-M01,2026-06-21T23:02:00,OP-101,MAT-8804
7440,H07440,H,301.8,312.2,1953,25.5,143,0,0,0,0,0,0,LINE2-M02,2026-06-21T23:08:00,OP-105,MAT-8814
7441,L07441,L,305.6,315.9,1468,54.6,145,0,0,0,0,0,0,LINE2-M01,2026-06-21T23:10:00,OP-110,MAT-8817
7442,M07442,M,301.3,311.6,1547,37.1,148,0,0,0,0,0,0,LINE2-M01,2026-06-21T23:14:00,OP-110,MAT-8811
7443,L07443,L,296.3,306.7,1455,56.5,150,0,0,0,0,0,0,LINE1-M01,2026-06-21T23:18:00,OP-111,MAT-8807
7444,M07444,M,302.5,313.3,1448,24.8,153,0,0,0,0,0,0,LINE1-M01,2026-06-21T23:21:00,OP-102,MAT-8801
7445,L07445,L,299.4,310.4,1429,31.6,155,0,0,0,0,0,0,LINE1-M01,2026-06-21T23:27:00,OP-110,MAT-8813
7446,L07446,L,297.1,307.5,1212,45.8,157,0,0,0,0,0,0,LINE3-M02,2026-06-21T23:33:00,OP-106,MAT-8807
7447,L07447,L,302.2,312.0,1233,39.3,159,0,0,0,0,0,0,LINE2-M02,2026-06-21T23:38:00,OP-103,MAT-8819
7448,L07448,L,298.7,308.6,1515,46.9,161,0,0,0,0,0,0,LINE1-M01,2026-06-21T23:44:00,OP-109,MAT-8818
7449,M07449,M,296.7,307.2,1188,31.7,164,0,0,0,0,0,0,LINE1-M02,2026-06-21T23:46:00,OP-109,MAT-8806
7450,L07450,L,301.1,310.2,1230,34.8,166,0,0,0,0,0,0,LINE1-M02,2026-06-21T23:49:00,OP-105,MAT-8806
7451,H07451,H,302.0,313.0,1539,38.9,171,0,0,0,0,0,0,LINE3-M02,2026-06-21T23:55:00,OP-103,MAT-8804
7452,L07452,L,300.9,310.5,1933,45.8,173,1,0,0,1,0,0,LINE2-M02,2026-06-21T23:57:00,OP-103,MAT-8806
7453,H07453,H,296.2,306.7,1261,51.9,178,0,0,0,0,0,0,LINE2-M02,2026-06-22T00:03:00,OP-104,MAT-8803
7454,M07454,M,298.5,307.6,1717,36.1,181,0,0,0,0,0,0,LINE2-M02,2026-06-22T00:07:00,OP-109,MAT-8804
7455,L07455,L,299.7,309.3,1506,49.0,183,0,0,0,0,0,0,LINE2-M01,2026-06-22T00:13:00,OP-106,MAT-8818
7456,H07456,H,300.3,309.5,1168,53.2,188,0,0,0,0,0,0,LINE1-M01,2026-06-22T00:15:00,OP-102,MAT-8813
7457,H07457,H,302.0,312.2,1648,48.7,193,0,0,0,0,0,0,LINE2-M01,2026-06-22T00:21:00,OP-109,MAT-8802
7458,L07458,L,299.0,308.0,1862,52.9,195,1,0,0,1,0,0,LINE1-M02,2026-06-22T00:23:00,OP-103,MAT-8817
7459,H07459,H,298.6,307.9,1353,47.8,200,0,0,0,0,0,0,LINE1-M01,2026-06-22T00:27:00,OP-103,MAT-8813
7460,L07460,L,302.4,310.8,1560,39.5,202,0,0,0,0,0,0,LINE2-M01,2026-06-22T00:33:00,OP-111,MAT-8817
7461,L07461,L,303.2,312.5,1289,37.0,204,0,0,0,0,0,0,LINE1-M01,2026-06-22T00:35:00,OP-100,MAT-8803
7462,M07462,M,302.8,313.7,1281,36.7,207,0,0,0,0,0,0,LINE3-M02,2026-06-22T00:37:00,OP-108,MAT-8809
7463,L07463,L,297.0,306.6,1527,32.9,209,0,0,0,0,0,0,LINE3-M01,2026-06-22T00:40:00,OP-109,MAT-8814
7464,L07464,L,299.1,307.1,1489,27.3,211,0,0,0,0,0,0,LINE1-M01,2026-06-22T00:43:00,OP-100,MAT-8819
7465,H07465,H,302.3,312.9,1335,31.5,216,0,0,0,0,0,0,LINE1-M01,2026-06-22T00:47:00,OP-103,MAT-8812
7466,M07466,M,301.4,311.1,1723,57.8,219,1,1,0,1,1,0,LINE2-M01,2026-06-22T00:51:00,OP-110,MAT-8811
7467,L07467,L,298.9,309.3,1560,40.3,221,0,0,0,0,0,0,LINE1-M02,2026-06-22T00:55:00,OP-104,MAT-8808
7468,M07468,M,299.8,310.5,1814,39.1,224,1,1,0,0,0,0,LINE3-M01,2026-06-22T00:59:00,OP-106,MAT-8800
7469,M07469,M,298.5,308.4,1602,53.3,227,1,1,0,0,1,0,LINE2-M01,2026-06-22T01:01:00,OP-107,MAT-8805
7470,M07470,M,298.9,309.7,1284,35.1,230,1,1,0,0,0,0,LINE3-M01,2026-06-22T01:04:00,OP-107,MAT-8801
7471,L07471,L,298.9,308.6,1490,43.0,232,1,1,0,0,0,0,LINE2-M02,2026-06-22T01:10:00,OP-108,MAT-8816
7472,H07472,H,302.2,312.2,1766,46.5,237,1,1,0,0,0,0,LINE1-M01,2026-06-22T01:15:00,OP-104,MAT-8804
7473,L07473,L,300.6,310.8,1785,24.1,239,1,1,0,0,0,0,LINE1-M02,2026-06-22T01:17:00,OP-110,MAT-8808
7474,L07474,L,300.6,310.0,1653,41.3,0,0,0,0,0,0,0,LINE2-M01,2026-06-22T01:22:00,OP-111,MAT-8812
7475,M07475,M,299.4,309.9,1613,46.1,3,0,0,0,0,0,0,LINE2-M01,2026-06-22T01:27:00,OP-104,MAT-8805
7476,M07476,M,299.3,307.1,1744,49.7,6,1,0,0,1,0,0,LINE3-M01,2026-06-22T01:33:00,OP-111,MAT-8818
7477,L07477,L,300.7,310.0,1475,49.5,8,0,0,0,0,0,0,LINE1-M02,2026-06-22T01:35:00,OP-110,MAT-8817
7478,L07478,L,299.9,311.6,1373,35.1,10,0,0,0,0,0,0,LINE2-M02,2026-06-22T01:37:00,OP-110,MAT-8813
7479,M07479,M,304.7,316.4,1640,35.4,13,0,0,0,0,0,0,LINE3-M02,2026-06-22T01:42:00,OP-111,MAT-8818
7480,M07480,M,301.7,311.2,1261,61.4,16,0,0,0,0,0,0,LINE2-M02,2026-06-22T01:45:00,OP-109,MAT-8801
7481,L07481,L,296.8,308.2,1774,36.2,18,0,0,0,0,0,0,LINE3-M02,2026-06-22T01:50:00,OP-106,MAT-8819
7482,H07482,H,298.5,308.0,1688,28.2,23,0,0,0,0,0,0,LINE2-M02,2026-06-22T01:54:00,OP-106,MAT-8807
7483,M07483,M,298.9,310.1,1183,32.7,26,0,0,0,0,0,0,LINE1-M01,2026-06-22T01:57:00,OP-101,MAT-8806
7484,M07484,M,300.5,311.2,1667,40.3,29,0,0,0,0,0,0,LINE3-M01,2026-06-22T02:00:00,OP-103,MAT-8815
7485,L07485,L,302.2,311.8,1469,28.3,31,0,0,0,0,0,0,LINE2-M02,2026-06-22T02:04:00,OP-103,MAT-8810
7486,H07486,H,300.8,309.3,2070,42.6,36,1,0,0,1,0,0,LINE2-M01,2026-06-22T02:08:00,OP-106,MAT-8815
7487,L07487,L,302.3,311.0,1579,47.5,38,0,0,0,0,0,0,LINE1-M02,2026-06-22T02:11:00,OP-103,MAT-8806
7488,L07488,L,299.3,310.1,1307,40.0,40,0,0,0,0,0,0,LINE3-M01,2026-06-22T02:13:00,OP-110,MAT-8802
7489,L07489,L,298.6,307.5,1908,36.0,42,0,0,0,0,0,0,LINE1-M02,2026-06-22T02:16:00,OP-100,MAT-8818
7490,L07490,L,300.7,310.4,1630,35.5,44,0,0,0,0,0,0,LINE1-M02,2026-06-22T02:21:00,OP-101,MAT-8817
7491,L07491,L,298.5,307.6,1515,64.0,46,1,0,0,1,0,0,LINE2-M02,2026-06-22T02:25:00,OP-111,MAT-8817
7492,M07492,M,301.8,311.8,1632,36.5,49,0,0,0,0,0,0,LINE3-M01,2026-06-22T02:31:00,OP-110,MAT-8813
7493,L07493,L,298.8,308.5,1630,34.2,51,0,0,0,0,0,0,LINE2-M02,2026-06-22T02:36:00,OP-107,MAT-8806
7494,H07494,H,299.3,309.1,1666,53.9,56,1,0,0,1,0,0,LINE1-M02,2026-06-22T02:40:00,OP-102,MAT-8807
7495,M07495,M,297.4,307.5,1337,24.7,59,1,0,0,1,0,0,LINE3-M02,2026-06-22T02:42:00,OP-104,MAT-8811
7496,M07496,M,298.8,309.2,1465,38.3,62,0,0,0,0,0,0,LINE3-M01,2026-06-22T02:45:00,OP-102,MAT-8806
7497,M07497,M,300.7,311.4,1549,29.8,65,0,0,0,0,0,0,LINE2-M01,2026-06-22T02:48:00,OP-106,MAT-8804
7498,M07498,M,298.3,309.2,1623,36.5,68,0,0,0,0,0,0,LINE3-M02,2026-06-22T02:50:00,OP-100,MAT-8814
7499,L07499,L,297.5,307.8,1411,51.6,70,0,0,0,0,0,0,LINE1-M01,2026-06-22T02:56:00,OP-101,MAT-8813
7500,H07500,H,298.9,309.1,1718,47.0,75,0,0,0,0,0,0,LINE1-M02,2026-06-22T03:02:00,OP-106,MAT-8813
7501,L07501,L,300.7,309.8,1879,37.6,77,0,0,0,0,0,0,LINE3-M02,2026-06-22T03:04:00,OP-109,MAT-8806
7502,L07502,L,299.4,308.9,1363,48.6,79,0,0,0,0,0,0,LINE1-M02,2026-06-22T03:09:00,OP-109,MAT-8801
7503,H07503,H,298.3,308.7,1703,30.4,84,0,0,0,0,0,0,LINE2-M01,2026-06-22T03:12:00,OP-102,MAT-8810
7504,L07504,L,299.1,309.3,1480,33.9,86,0,0,0,0,0,0,LINE3-M02,2026-06-22T03:14:00,OP-111,MAT-8811
7505,L07505,L,299.8,309.8,1714,36.3,88,0,0,0,0,0,0,LINE1-M02,2026-06-22T03:20:00,OP-106,MAT-8800
7506,L07506,L,296.1,307.1,1413,36.7,90,0,0,0,0,0,0,LINE3-M02,2026-06-22T03:22:00,OP-101,MAT-8813
7507,M07507,M,299.9,308.8,1504,35.1,93,0,0,0,0,0,0,LINE1-M02,2026-06-22T03:25:00,OP-103,MAT-8809
7508,M07508,M,301.3,312.1,1328,37.9,96,0,0,0,0,0,0,LINE1-M01,2026-06-22T03:28:00,OP-111,MAT-8812
7509,L07509,L,295.2,305.1,1440,38.5,98,0,0,0,0,0,0,LINE2-M02,2026-06-22T03:30:00,OP-109,MAT-8808
7510,H07510,H,301.2,310.3,1302,49.3,103,0,0,0,0,0,0,LINE2-M01,2026-06-22T03:36:00,OP-105,MAT-8819
7511,L07511,L,299.9,309.3,1420,39.9,105,0,0,0,0,0,0,LINE3-M02,2026-06-22T03:38:00,OP-111,MAT-8818
7512,M07512,M,296.8,305.6,1688,39.1,108,0,0,0,0,0,0,LINE3-M01,2026-06-22T03:44:00,OP-106,MAT-8800
7513,M07513,M,299.2,308.6,1299,42.8,111,0,0,0,0,0,0,LINE2-M01,2026-06-22T03:46:00,OP-102,MAT-8819
7514,L07514,L,300.1,308.4,1655,54.2,113,1,0,0,1,0,0,LINE3-M02,2026-06-22T03:52:00,OP-101,MAT-8809
7515,H07515,H,297.6,307.9,1396,46.6,118,0,0,0,0,0,0,LINE3-M01,2026-06-22T03:54:00,OP-102,MAT-8803
7516,M07516,M,300.6,312.1,1168,19.8,121,1,0,0,1,0,0,LINE2-M02,2026-06-22T03:59:00,OP-100,MAT-8809
7517,M07517,M,301.2,313.0,1357,27.4,124,0,0,0,0,0,0,LINE2-M01,2026-06-22T04:04:00,OP-105,MAT-8813
7518,L07518,L,300.7,310.4,1913,44.1,126,0,0,0,0,0,0,LINE1-M01,2026-06-22T04:09:00,OP-102,MAT-8812
7519,L07519,L,302.8,311.2,1781,27.9,128,0,0,0,0,0,0,LINE3-M02,2026-06-22T04:12:00,OP-107,MAT-8809
7520,M07520,M,296.9,304.9,1865,41.6,131,0,0,0,0,0,0,LINE2-M01,2026-06-22T04:15:00,OP-109,MAT-8808
7521,L07521,L,300.6,310.2,1839,26.8,133,0,0,0,0,0,0,LINE2-M01,2026-06-22T04:18:00,OP-100,MAT-8804
7522,L07522,L,299.6,308.7,1317,22.5,135,1,0,0,1,0,0,LINE2-M01,2026-06-22T04:20:00,OP-101,MAT-8804
7523,L07523,L,301.4,311.7,1279,53.2,137,0,0,0,0,0,0,LINE1-M02,2026-06-22T04:26:00,OP-110,MAT-8805
7524,L07524,L,300.6,310.7,1250,45.0,139,0,0,0,0,0,0,LINE3-M02,2026-06-22T04:29:00,OP-109,MAT-8808
7525,M07525,M,301.0,311.0,1583,39.1,142,0,0,0,0,0,0,LINE3-M02,2026-06-22T04:32:00,OP-102,MAT-8803
7526,L07526,L,299.7,308.9,1168,61.5,144,0,0,0,0,0,0,LINE1-M01,2026-06-22T04:35:00,OP-101,MAT-8802
7527,L07527,L,296.9,305.8,1625,50.8,146,0,0,0,0,0,0,LINE2-M02,2026-06-22T04:39:00,OP-109,MAT-8814
7528,L07528,L,297.4,308.0,1467,50.5,148,0,0,0,0,0,0,LINE3-M01,2026-06-22T04:45:00,OP-101,MAT-8805
7529,L07529,L,300.2,310.2,1990,37.3,150,0,0,0,0,0,0,LINE2-M02,2026-06-22T04:51:00,OP-103,MAT-8805
7530,L07530,L,301.3,311.1,1237,34.3,152,0,0,0,0,0,0,LINE3-M01,2026-06-22T04:54:00,OP-108,MAT-8814
7531,H07531,H,299.3,309.4,1246,40.2,157,0,0,0,0,0,0,LINE2-M01,2026-06-22T04:59:00,OP-104,MAT-8816
7532,L07532,L,298.6,308.1,1369,54.0,159,0,0,0,0,0,0,LINE1-M01,2026-06-22T05:01:00,OP-100,MAT-8803
7533,L07533,L,300.0,310.0,1168,35.4,161,0,0,0,0,0,0,LINE3-M01,2026-06-22T05:06:00,OP-102,MAT-8818
7534,M07534,M,299.0,309.5,1503,44.6,164,0,0,0,0,0,0,LINE3-M01,2026-06-22T05:09:00,OP-101,MAT-8813
7535,L07535,L,300.2,311.8,1241,50.8,166,0,0,0,0,0,0,LINE3-M01,2026-06-22T05:12:00,OP-109,MAT-8814
7536,L07536,L,300.5,310.0,1613,41.5,168,0,0,0,0,0,0,LINE1-M01,2026-06-22T05:17:00,OP-108,MAT-8817
7537,H07537,H,302.0,313.7,1855,21.3,173,0,0,0,0,0,0,LINE3-M01,2026-06-22T05:21:00,OP-110,MAT-8810
7538,L07538,L,305.4,314.9,1314,49.4,175,0,0,0,0,0,0,LINE1-M01,2026-06-22T05:23:00,OP-106,MAT-8815
7539,H07539,H,298.2,309.6,1535,28.6,180,0,0,0,0,0,0,LINE2-M01,2026-06-22T05:28:00,OP-110,MAT-8819
7540,L07540,L,298.3,310.0,1698,42.6,182,0,0,0,0,0,0,LINE3-M02,2026-06-22T05:30:00,OP-101,MAT-8802
7541,M07541,M,300.4,309.3,1576,36.0,185,0,0,0,0,0,0,LINE3-M01,2026-06-22T05:33:00,OP-108,MAT-8811
7542,L07542,L,301.4,312.1,1550,29.5,187,0,0,0,0,0,0,LINE2-M02,2026-06-22T05:35:00,OP-109,MAT-8804
7543,H07543,H,300.1,310.2,1460,41.1,192,0,0,0,0,0,0,LINE3-M02,2026-06-22T05:41:00,OP-106,MAT-8803
7544,M07544,M,302.1,311.6,1407,28.8,195,0,0,0,0,0,0,LINE2-M01,2026-06-22T05:45:00,OP-111,MAT-8801
7545,M07545,M,298.0,309.1,1312,29.8,198,0,0,0,0,0,0,LINE1-M02,2026-06-22T05:50:00,OP-108,MAT-8813
7546,L07546,L,300.5,309.8,1519,44.0,200,0,0,0,0,0,0,LINE3-M02,2026-06-22T05:52:00,OP-105,MAT-8815
7547,L07547,L,299.4,308.1,1553,45.1,202,0,0,0,0,0,0,LINE3-M02,2026-06-22T05:55:00,OP-105,MAT-8802
7548,L07548,L,301.6,311.0,2131,27.2,204,0,0,0,0,0,0,LINE3-M02,2026-06-22T05:58:00,OP-102,MAT-8815
7549,L07549,L,301.7,311.7,1521,42.0,206,0,0,0,0,0,0,LINE1-M02,2026-06-22T06:03:00,OP-109,MAT-8807
7550,H07550,H,302.0,310.8,1526,27.4,211,0,0,0,0,0,0,LINE1-M01,2026-06-22T06:05:00,OP-102,MAT-8819
7551,L07551,L,302.4,311.5,1450,60.2,213,1,1,0,1,1,1,LINE2-M01,2026-06-22T06:11:00,OP-103,MAT-8802
7552,M07552,M,300.2,311.5,1471,51.1,216,1,1,0,0,0,0,LINE3-M01,2026-06-22T06:13:00,OP-102,MAT-8801
7553,L07553,L,300.2,311.7,1311,37.5,218,0,0,0,0,0,0,LINE1-M02,2026-06-22T06:18:00,OP-105,MAT-8807
7554,L07554,L,296.6,307.1,1372,48.0,220,1,1,0,0,0,0,LINE3-M02,2026-06-22T06:20:00,OP-106,MAT-8805
7555,M07555,M,304.7,315.4,1682,45.0,223,0,0,0,0,0,0,LINE1-M02,2026-06-22T06:25:00,OP-110,MAT-8811
7556,M07556,M,302.8,312.2,1591,29.6,226,0,0,0,0,0,0,LINE1-M01,2026-06-22T06:29:00,OP-111,MAT-8814
7557,L07557,L,304.3,314.7,1856,24.1,228,1,1,0,0,0,0,LINE3-M01,2026-06-22T06:34:00,OP-106,MAT-8802
7558,M07558,M,298.0,306.8,1394,53.2,231,1,1,0,0,1,0,LINE2-M01,2026-06-22T06:39:00,OP-101,MAT-8801
7559,L07559,L,296.8,308.5,1181,28.8,233,1,1,0,0,0,0,LINE2-M02,2026-06-22T06:42:00,OP-107,MAT-8802
7560,L07560,L,303.0,311.8,1392,56.7,235,1,0,0,0,1,0,LINE3-M02,2026-06-22T06:44:00,OP-105,MAT-8806
7561,H07561,H,301.1,311.1,1168,51.7,240,1,1,0,0,0,0,LINE3-M02,2026-06-22T06:50:00,OP-106,MAT-8816
7562,L07562,L,299.0,308.6,1482,47.8,0,0,0,0,0,0,0,LINE3-M01,2026-06-22T06:53:00,OP-111,MAT-8804
7563,H07563,H,298.7,309.2,1854,37.7,5,0,0,0,0,0,0,LINE3-M01,2026-06-22T06:59:00,OP-102,MAT-8805
7564,H07564,H,300.7,311.1,1771,34.3,10,0,0,0,0,0,0,LINE1-M01,2026-06-22T07:03:00,OP-100,MAT-8804
7565,M07565,M,297.9,307.1,1661,44.8,13,0,0,0,0,0,0,LINE1-M01,2026-06-22T07:09:00,OP-109,MAT-8809
7566,M07566,M,303.3,312.9,1560,34.6,16,0,0,0,0,0,0,LINE3-M01,2026-06-22T07:13:00,OP-109,MAT-8805
7567,M07567,M,302.6,312.8,1669,34.7,19,0,0,0,0,0,0,LINE1-M01,2026-06-22T07:15:00,OP-109,MAT-8813
7568,L07568,L,297.7,307.8,1310,49.9,21,0,0,0,0,0,0,LINE1-M01,2026-06-22T07:21:00,OP-106,MAT-8818
7569,H07569,H,303.1,312.6,1349,53.6,26,0,0,0,0,0,0,LINE2-M02,2026-06-22T07:27:00,OP-106,MAT-8804
7570,L07570,L,297.4,310.3,1168,39.1,28,0,0,0,0,0,0,LINE3-M01,2026-06-22T07:32:00,OP-100,MAT-8814
7571,M07571,M,300.4,310.1,1459,41.8,31,0,0,0,0,0,0,LINE1-M01,2026-06-22T07:38:00,OP-110,MAT-8818
7572,L07572,L,298.1,307.8,1725,36.2,33,0,0,0,0,0,0,LINE2-M02,2026-06-22T07:40:00,OP-106,MAT-8809
7573,M07573,M,299.3,309.5,1909,37.1,36,0,0,0,0,0,0,LINE2-M01,2026-06-22T07:45:00,OP-110,MAT-8811
7574,H07574,H,303.0,312.4,1567,43.2,41,0,0,0,0,0,0,LINE1-M02,2026-06-22T07:47:00,OP-104,MAT-8819
7575,M07575,M,298.4,308.7,1340,44.1,44,0,0,0,0,0,0,LINE2-M02,2026-06-22T07:52:00,OP-103,MAT-8803
7576,L07576,L,299.5,309.8,1466,44.6,46,0,0,0,0,0,0,LINE2-M01,2026-06-22T07:56:00,OP-103,MAT-8813
7577,L07577,L,298.1,307.9,1506,36.6,48,0,0,0,0,0,0,LINE3-M01,2026-06-22T07:59:00,OP-111,MAT-8809
7578,H07578,H,299.7,309.6,1279,43.8,53,0,0,0,0,0,0,LINE2-M01,2026-06-22T08:04:00,OP-107,MAT-8804
7579,L07579,L,300.9,311.7,1597,38.7,55,0,0,0,0,0,0,LINE3-M01,2026-06-22T08:06:00,OP-108,MAT-8815
7580,M07580,M,299.9,310.1,1995,33.3,58,0,0,0,0,0,0,LINE3-M01,2026-06-22T08:11:00,OP-108,MAT-8808
7581,H07581,H,298.9,309.4,1346,30.4,63,0,0,0,0,0,0,LINE2-M01,2026-06-22T08:16:00,OP-101,MAT-8811
7582,M07582,M,297.1,308.0,1472,24.6,66,0,0,0,0,0,0,LINE2-M01,2026-06-22T08:19:00,OP-103,MAT-8805
7583,M07583,M,298.6,308.3,1168,53.7,69,0,0,0,0,0,0,LINE1-M01,2026-06-22T08:22:00,OP-103,MAT-8812
7584,M07584,M,303.1,313.1,1168,48.1,72,0,0,0,0,0,0,LINE2-M01,2026-06-22T08:28:00,OP-101,MAT-8802
7585,L07585,L,298.9,309.7,1640,27.8,74,0,0,0,0,0,0,LINE3-M02,2026-06-22T08:30:00,OP-107,MAT-8803
7586,M07586,M,297.1,306.5,2077,41.6,77,1,0,0,1,0,0,LINE2-M01,2026-06-22T08:36:00,OP-106,MAT-8805
7587,M07587,M,299.5,309.5,1491,43.3,80,0,0,0,0,0,0,LINE3-M02,2026-06-22T08:40:00,OP-100,MAT-8801
7588,L07588,L,302.5,312.9,1520,43.8,82,0,0,0,0,0,0,LINE1-M02,2026-06-22T08:42:00,OP-101,MAT-8804
7589,L07589,L,299.2,308.6,1529,59.6,84,1,0,0,1,0,0,LINE3-M01,2026-06-22T08:47:00,OP-109,MAT-8812
7590,L07590,L,300.0,309.6,1449,41.0,86,0,0,0,0,0,0,LINE1-M02,2026-06-22T08:53:00,OP-102,MAT-8813
7591,M07591,M,301.2,310.8,1356,38.3,89,0,0,0,0,0,0,LINE2-M01,2026-06-22T08:59:00,OP-105,MAT-8809
7592,H07592,H,300.3,308.6,1505,39.2,94,0,0,0,0,0,0,LINE2-M01,2026-06-22T09:01:00,OP-102,MAT-8812
7593,M07593,M,302.3,313.2,1470,41.1,97,0,0,0,0,0,0,LINE2-M02,2026-06-22T09:03:00,OP-109,MAT-8816
7594,M07594,M,299.5,311.7,1487,43.1,100,0,0,0,0,0,0,LINE3-M01,2026-06-22T09:09:00,OP-107,MAT-8817
7595,M07595,M,298.7,307.9,1985,34.1,103,0,0,0,0,0,0,LINE1-M01,2026-06-22T09:15:00,OP-111,MAT-8818
7596,M07596,M,297.5,307.0,1168,40.5,106,0,0,0,0,0,0,LINE1-M02,2026-06-22T09:21:00,OP-108,MAT-8813
7597,M07597,M,298.6,309.2,1208,36.5,109,0,0,0,0,0,0,LINE3-M02,2026-06-22T09:24:00,OP-101,MAT-8800
7598,H07598,H,301.6,309.4,1414,51.3,114,0,0,0,0,0,0,LINE2-M02,2026-06-22T09:27:00,OP-105,MAT-8812
7599,H07599,H,297.4,308.1,1497,33.0,119,0,0,0,0,0,0,LINE2-M02,2026-06-22T09:30:00,OP-111,MAT-8814
7600,L07600,L,299.8,308.9,1168,59.9,121,0,0,0,0,0,0,LINE1-M02,2026-06-22T09:34:00,OP-110,MAT-8813
7601,L07601,L,301.1,309.3,1702,30.6,123,0,0,0,0,0,0,LINE1-M02,2026-06-22T09:37:00,OP-110,MAT-8804
7602,L07602,L,296.8,306.1,1335,33.4,125,0,0,0,0,0,0,LINE2-M01,2026-06-22T09:39:00,OP-111,MAT-8812
7603,M07603,M,300.5,309.6,1955,44.6,128,1,0,0,1,0,0,LINE3-M02,2026-06-22T09:44:00,OP-108,MAT-8813
7604,L07604,L,302.6,314.5,1690,33.4,130,0,0,0,0,0,0,LINE2-M02,2026-06-22T09:49:00,OP-100,MAT-8804
7605,M07605,M,303.7,314.1,1507,42.7,133,0,0,0,0,0,0,LINE1-M01,2026-06-22T09:53:00,OP-111,MAT-8811
7606,L07606,L,298.5,311.6,1750,30.5,135,0,0,0,0,0,0,LINE3-M01,2026-06-22T09:57:00,OP-106,MAT-8817
7607,M07607,M,296.5,305.1,1483,49.2,138,0,0,0,0,0,0,LINE3-M02,2026-06-22T10:03:00,OP-110,MAT-8800
7608,M07608,M,300.0,312.3,1507,49.8,141,0,0,0,0,0,0,LINE2-M01,2026-06-22T10:06:00,OP-103,MAT-8815
7609,M07609,M,296.9,306.7,1426,46.1,144,0,0,0,0,0,0,LINE1-M01,2026-06-22T10:10:00,OP-102,MAT-8813
7610,H07610,H,304.0,313.6,1340,26.8,149,0,0,0,0,0,0,LINE3-M01,2026-06-22T10:15:00,OP-104,MAT-8801
7611,L07611,L,298.7,310.3,1536,57.9,151,1,0,0,1,0,0,LINE3-M02,2026-06-22T10:19:00,OP-111,MAT-8811
7612,L07612,L,297.5,306.2,1919,38.6,153,0,0,0,0,0,0,LINE1-M02,2026-06-22T10:21:00,OP-106,MAT-8809
7613,L07613,L,300.0,311.9,1381,44.7,155,0,0,0,0,0,0,LINE2-M02,2026-06-22T10:23:00,OP-107,MAT-8819
7614,L07614,L,298.4,309.1,1314,44.7,157,0,0,0,0,0,0,LINE2-M02,2026-06-22T10:29:00,OP-101,MAT-8810
7615,M07615,M,299.2,310.4,1273,53.0,160,0,0,0,0,0,0,LINE2-M02,2026-06-22T10:34:00,OP-109,MAT-8812
7616,L07616,L,298.6,309.5,1464,41.3,162,0,0,0,0,0,0,LINE3-M01,2026-06-22T10:38:00,OP-109,MAT-8812
7617,L07617,L,299.8,310.2,1280,34.0,164,0,0,0,0,0,0,LINE1-M02,2026-06-22T10:42:00,OP-105,MAT-8809
7618,L07618,L,298.3,308.0,1168,57.6,166,0,0,0,0,0,0,LINE1-M01,2026-06-22T10:47:00,OP-110,MAT-8805
7619,L07619,L,302.6,312.5,1168,27.4,168,1,0,0,1,0,0,LINE2-M01,2026-06-22T10:52:00,OP-106,MAT-8812
7620,H07620,H,301.5,311.1,1667,45.0,173,0,0,0,0,0,0,LINE3-M01,2026-06-22T10:58:00,OP-104,MAT-8816
7621,M07621,M,298.2,307.8,1573,55.1,176,1,0,0,1,0,0,LINE2-M01,2026-06-22T11:04:00,OP-104,MAT-8813
7622,L07622,L,298.7,309.2,1867,39.0,178,0,0,0,0,0,0,LINE3-M02,2026-06-22T11:07:00,OP-108,MAT-8814
7623,L07623,L,298.8,309.2,1772,46.0,180,0,0,0,0,0,0,LINE3-M02,2026-06-22T11:10:00,OP-106,MAT-8815
7624,L07624,L,301.9,311.5,1642,32.9,182,0,0,0,0,0,0,LINE3-M02,2026-06-22T11:12:00,OP-109,MAT-8809
7625,H07625,H,295.8,307.6,1348,27.8,187,0,0,0,0,0,0,LINE1-M02,2026-06-22T11:18:00,OP-102,MAT-8816
7626,L07626,L,299.9,310.5,1717,33.2,189,0,0,0,0,0,0,LINE2-M01,2026-06-22T11:20:00,OP-107,MAT-8801
7627,L07627,L,298.6,308.1,1723,48.7,191,0,0,0,0,0,0,LINE3-M01,2026-06-22T11:23:00,OP-102,MAT-8810
7628,L07628,L,296.9,306.9,1365,32.4,193,0,0,0,0,0,0,LINE3-M02,2026-06-22T11:26:00,OP-101,MAT-8805
7629,L07629,L,299.3,310.1,1808,41.6,195,0,0,0,0,0,0,LINE2-M02,2026-06-22T11:28:00,OP-106,MAT-8813
7630,M07630,M,302.5,312.2,1202,36.5,198,0,0,0,0,0,0,LINE3-M02,2026-06-22T11:31:00,OP-104,MAT-8802
7631,L07631,L,296.1,306.8,1798,38.4,200,0,0,0,0,0,0,LINE1-M02,2026-06-22T11:33:00,OP-100,MAT-8804
7632,L07632,L,303.4,311.8,1607,59.1,202,1,0,0,1,1,0,LINE3-M01,2026-06-22T11:37:00,OP-107,MAT-8814
7633,L07633,L,297.0,307.8,1508,34.6,204,0,0,0,0,0,0,LINE2-M02,2026-06-22T11:43:00,OP-104,MAT-8813
7634,L07634,L,303.3,314.0,1689,49.0,206,0,0,0,0,0,0,LINE1-M02,2026-06-22T11:49:00,OP-109,MAT-8810
7635,L07635,L,302.7,312.3,1668,40.7,208,0,0,0,0,0,0,LINE2-M02,2026-06-22T11:55:00,OP-111,MAT-8812
7636,M07636,M,301.3,311.1,1542,38.9,211,0,0,0,0,0,0,LINE1-M01,2026-06-22T12:01:00,OP-102,MAT-8805
7637,H07637,H,299.8,309.3,1168,44.3,216,1,1,0,0,0,0,LINE2-M02,2026-06-22T12:04:00,OP-108,MAT-8801
7638,L07638,L,301.6,311.1,1758,41.2,218,1,1,0,0,0,0,LINE2-M02,2026-06-22T12:07:00,OP-107,MAT-8801
7639,M07639,M,298.4,308.5,1168,33.9,221,1,1,0,0,0,0,LINE3-M01,2026-06-22T12:13:00,OP-111,MAT-8817
7640,L07640,L,299.4,310.6,1493,26.9,223,0,0,0,0,0,0,LINE3-M01,2026-06-22T12:19:00,OP-109,MAT-8810
7641,L07641,L,300.0,308.8,1415,48.6,225,1,1,0,0,0,0,LINE1-M01,2026-06-22T12:21:00,OP-103,MAT-8815
7642,H07642,H,299.0,308.6,1356,44.6,230,0,0,0,0,0,0,LINE2-M02,2026-06-22T12:27:00,OP-100,MAT-8801
7643,M07643,M,300.7,310.5,1715,26.9,233,1,1,0,0,0,0,LINE2-M02,2026-06-22T12:29:00,OP-105,MAT-8812
7644,L07644,L,300.1,310.2,1486,43.6,235,1,1,0,0,0,0,LINE1-M02,2026-06-22T12:35:00,OP-105,MAT-8814
7645,L07645,L,300.3,310.2,1726,33.8,237,0,0,0,0,0,0,LINE1-M01,2026-06-22T12:39:00,OP-109,MAT-8810
7646,M07646,M,299.6,308.5,1712,39.3,240,1,1,0,0,0,0,LINE1-M01,2026-06-22T12:41:00,OP-106,MAT-8812
7647,L07647,L,301.3,311.1,1654,40.3,0,1,0,0,0,0,1,LINE3-M02,2026-06-22T12:43:00,OP-100,MAT-8807
7648,L07648,L,298.8,308.0,1448,50.1,2,0,0,0,0,0,0,LINE3-M02,2026-06-22T12:49:00,OP-108,MAT-8817
7649,H07649,H,304.4,313.2,1638,51.2,7,0,0,0,0,0,0,LINE3-M01,2026-06-22T12:51:00,OP-109,MAT-8802
7650,M07650,M,300.3,309.5,1390,38.1,10,0,0,0,0,0,0,LINE2-M01,2026-06-22T12:56:00,OP-102,MAT-8809
7651,H07651,H,301.0,309.8,1329,45.5,15,0,0,0,0,0,0,LINE1-M01,2026-06-22T13:01:00,OP-104,MAT-8806
7652,H07652,H,298.8,308.9,1316,40.5,20,0,0,0,0,0,0,LINE3-M01,2026-06-22T13:03:00,OP-100,MAT-8807
7653,H07653,H,300.8,308.2,1695,38.2,25,0,0,0,0,0,0,LINE2-M01,2026-06-22T13:05:00,OP-110,MAT-8807
7654,L07654,L,299.5,308.2,1532,37.0,27,0,0,0,0,0,0,LINE2-M02,2026-06-22T13:10:00,OP-105,MAT-8801
7655,H07655,H,301.7,311.1,1466,38.5,32,0,0,0,0,0,0,LINE3-M01,2026-06-22T13:13:00,OP-108,MAT-8812
7656,L07656,L,303.1,312.4,1666,51.6,34,1,0,0,1,0,0,LINE2-M01,2026-06-22T13:16:00,OP-101,MAT-8811
7657,M07657,M,305.0,313.8,1168,48.5,37,0,0,0,0,0,0,LINE1-M01,2026-06-22T13:20:00,OP-100,MAT-8811
7658,M07658,M,304.7,316.3,1489,30.9,40,0,0,0,0,0,0,LINE1-M02,2026-06-22T13:24:00,OP-108,MAT-8804
7659,L07659,L,298.3,309.0,1695,50.1,42,0,0,0,0,0,0,LINE2-M01,2026-06-22T13:28:00,OP-109,MAT-8807
7660,M07660,M,301.2,310.2,1860,37.5,45,0,0,0,0,0,0,LINE2-M01,2026-06-22T13:31:00,OP-101,MAT-8815
7661,M07661,M,300.8,310.1,1330,35.4,48,0,0,0,0,0,0,LINE1-M01,2026-06-22T13:36:00,OP-111,MAT-8815
7662,L07662,L,301.6,312.1,1608,57.0,50,1,0,0,1,0,0,LINE1-M01,2026-06-22T13:39:00,OP-106,MAT-8819
7663,L07663,L,301.5,310.2,1466,25.6,52,0,0,0,0,0,0,LINE1-M01,2026-06-22T13:41:00,OP-100,MAT-8807
7664,M07664,M,301.9,312.5,1671,42.9,55,0,0,0,0,0,0,LINE2-M01,2026-06-22T13:47:00,OP-105,MAT-8819
7665,L07665,L,299.8,309.6,1476,21.3,57,1,0,0,1,0,0,LINE2-M02,2026-06-22T13:52:00,OP-107,MAT-8809
7666,M07666,M,301.1,311.2,1566,37.6,60,0,0,0,0,0,0,LINE2-M02,2026-06-22T13:55:00,OP-103,MAT-8816
7667,H07667,H,299.3,310.0,1337,32.2,65,0,0,0,0,0,0,LINE1-M01,2026-06-22T13:58:00,OP-104,MAT-8808
7668,M07668,M,302.1,311.9,1482,30.8,68,0,0,0,0,0,0,LINE2-M01,2026-06-22T14:02:00,OP-103,MAT-8804
7669,L07669,L,297.9,308.7,1549,49.5,70,0,0,0,0,0,0,LINE1-M01,2026-06-22T14:06:00,OP-105,MAT-8811
7670,L07670,L,304.0,312.8,1412,46.2,72,0,0,0,0,0,0,LINE1-M01,2026-06-22T14:12:00,OP-107,MAT-8809
7671,H07671,H,302.6,312.3,1357,34.7,77,0,0,0,0,0,0,LINE1-M02,2026-06-22T14:17:00,OP-108,MAT-8806
7672,L07672,L,299.5,308.3,1484,24.0,79,0,0,0,0,0,0,LINE1-M01,2026-06-22T14:23:00,OP-109,MAT-8803
7673,L07673,L,302.0,311.1,1168,66.6,81,0,0,0,0,0,0,LINE3-M01,2026-06-22T14:25:00,OP-111,MAT-8818
7674,L07674,L,301.4,310.8,1670,37.7,83,0,0,0,0,0,0,LINE1-M01,2026-06-22T14:30:00,OP-107,MAT-8804
7675,H07675,H,301.2,311.0,1594,42.6,88,0,0,0,0,0,0,LINE3-M02,2026-06-22T14:34:00,OP-104,MAT-8808
7676,L07676,L,299.0,311.0,1469,27.5,90,0,0,0,0,0,0,LINE3-M01,2026-06-22T14:37:00,OP-110,MAT-8805
7677,M07677,M,298.1,310.1,1462,43.7,93,0,0,0,0,0,0,LINE1-M01,2026-06-22T14:40:00,OP-107,MAT-8805
7678,H07678,H,299.6,310.0,1674,51.1,98,0,0,0,0,0,0,LINE1-M01,2026-06-22T14:44:00,OP-108,MAT-8818
7679,L07679,L,303.8,310.8,1189,39.0,100,1,0,1,0,0,0,LINE3-M02,2026-06-22T14:50:00,OP-102,MAT-8806
7680,H07680,H,299.3,311.2,1460,27.0,105,0,0,0,0,0,0,LINE2-M01,2026-06-22T14:55:00,OP-106,MAT-8809
7681,L07681,L,300.7,312.3,1395,34.0,107,0,0,0,0,0,0,LINE2-M02,2026-06-22T14:59:00,OP-102,MAT-8812
7682,L07682,L,300.4,311.5,1489,46.7,109,0,0,0,0,0,0,LINE2-M02,2026-06-22T15:03:00,OP-109,MAT-8818
7683,L07683,L,299.1,310.2,1480,35.2,111,0,0,0,0,0,0,LINE1-M02,2026-06-22T15:05:00,OP-107,MAT-8814
7684,H07684,H,296.7,303.6,1685,50.9,116,0,0,0,0,0,0,LINE2-M01,2026-06-22T15:11:00,OP-111,MAT-8819
7685,L07685,L,301.1,312.0,1236,49.3,118,0,0,0,0,0,0,LINE1-M01,2026-06-22T15:14:00,OP-102,MAT-8802
7686,L07686,L,299.5,309.7,2130,42.5,120,1,0,0,1,0,0,LINE2-M01,2026-06-22T15:19:00,OP-105,MAT-8802
7687,L07687,L,298.0,308.0,1168,45.5,122,0,0,0,0,0,0,LINE1-M02,2026-06-22T15:21:00,OP-105,MAT-8804
7688,M07688,M,299.7,310.4,1382,34.8,125,0,0,0,0,0,0,LINE3-M02,2026-06-22T15:25:00,OP-101,MAT-8800
7689,H07689,H,297.3,307.5,1286,41.7,130,0,0,0,0,0,0,LINE3-M01,2026-06-22T15:28:00,OP-100,MAT-8817
7690,L07690,L,295.4,306.0,1369,33.3,132,0,0,0,0,0,0,LINE2-M01,2026-06-22T15:30:00,OP-109,MAT-8807
7691,L07691,L,301.3,312.0,1214,35.4,134,0,0,0,0,0,0,LINE3-M01,2026-06-22T15:33:00,OP-106,MAT-8808
7692,L07692,L,301.7,312.4,1508,46.6,136,0,0,0,0,0,0,LINE2-M01,2026-06-22T15:38:00,OP-100,MAT-8811
7693,H07693,H,298.3,308.3,1394,53.3,141,0,0,0,0,0,0,LINE1-M02,2026-06-22T15:41:00,OP-107,MAT-8819
7694,L07694,L,300.3,309.9,1325,44.9,143,0,0,0,0,0,0,LINE2-M02,2026-06-22T15:43:00,OP-102,MAT-8813
7695,L07695,L,303.2,313.9,1518,34.0,145,0,0,0,0,0,0,LINE3-M02,2026-06-22T15:45:00,OP-106,MAT-8804
7696,L07696,L,303.5,313.4,1276,60.2,147,0,0,0,0,0,0,LINE2-M01,2026-06-22T15:47:00,OP-101,MAT-8804
7697,L07697,L,297.6,307.6,1269,32.4,149,0,0,0,0,0,0,LINE3-M01,2026-06-22T15:51:00,OP-102,MAT-8804
7698,L07698,L,297.4,307.3,1673,35.4,151,0,0,0,0,0,0,LINE1-M01,2026-06-22T15:57:00,OP-107,MAT-8816
7699,M07699,M,301.5,310.9,1591,25.5,154,0,0,0,0,0,0,LINE1-M02,2026-06-22T16:02:00,OP-100,MAT-8811
7700,M07700,M,301.1,310.3,1478,42.8,157,0,0,0,0,0,0,LINE2-M02,2026-06-22T16:07:00,OP-100,MAT-8806
7701,H07701,H,302.4,311.7,1596,29.4,162,0,0,0,0,0,0,LINE2-M01,2026-06-22T16:12:00,OP-108,MAT-8801
7702,H07702,H,297.1,305.9,1247,36.4,167,0,0,0,0,0,0,LINE3-M02,2026-06-22T16:18:00,OP-110,MAT-8812
7703,M07703,M,296.1,305.5,1566,27.5,170,0,0,0,0,0,0,LINE2-M01,2026-06-22T16:22:00,OP-102,MAT-8806
7704,H07704,H,302.2,314.0,1484,51.5,175,0,0,0,0,0,0,LINE1-M01,2026-06-22T16:27:00,OP-104,MAT-8801
7705,H07705,H,297.1,306.1,1702,13.4,180,1,0,0,1,0,0,LINE2-M02,2026-06-22T16:30:00,OP-104,MAT-8802
7706,M07706,M,302.3,311.7,1599,44.2,183,0,0,0,0,0,0,LINE3-M02,2026-06-22T16:36:00,OP-101,MAT-8816
7707,H07707,H,299.0,309.4,1754,16.4,188,1,0,0,1,0,0,LINE3-M01,2026-06-22T16:42:00,OP-109,MAT-8806
7708,L07708,L,304.1,314.2,1408,53.6,190,0,0,0,0,0,0,LINE2-M01,2026-06-22T16:46:00,OP-105,MAT-8807
7709,L07709,L,300.9,310.9,1351,50.7,192,0,0,0,0,0,0,LINE2-M01,2026-06-22T16:50:00,OP-105,MAT-8800
7710,H07710,H,298.3,309.0,1303,54.0,197,0,0,0,0,0,0,LINE1-M02,2026-06-22T16:55:00,OP-106,MAT-8801
7711,H07711,H,297.0,306.8,1473,47.1,202,0,0,0,0,0,0,LINE1-M01,2026-06-22T16:58:00,OP-101,MAT-8810
7712,L07712,L,302.1,311.9,1835,6.7,204,1,0,0,1,0,0,LINE3-M01,2026-06-22T17:01:00,OP-108,MAT-8811
7713,L07713,L,301.6,310.6,1655,33.8,206,0,0,0,0,0,0,LINE3-M01,2026-06-22T17:05:00,OP-103,MAT-8812
7714,L07714,L,298.7,308.3,1554,40.4,208,1,1,0,0,0,0,LINE3-M02,2026-06-22T17:10:00,OP-100,MAT-8813
7715,L07715,L,299.3,308.2,1785,31.8,210,0,0,0,0,0,0,LINE3-M01,2026-06-22T17:16:00,OP-110,MAT-8812
7716,M07716,M,298.5,308.4,1470,36.5,213,0,0,0,0,0,0,LINE1-M01,2026-06-22T17:19:00,OP-104,MAT-8805
7717,H07717,H,297.8,307.9,1560,44.3,218,1,1,0,0,0,0,LINE2-M02,2026-06-22T17:24:00,OP-108,MAT-8812
7718,H07718,H,296.7,306.4,1387,42.7,223,1,1,0,0,0,0,LINE1-M02,2026-06-22T17:26:00,OP-107,MAT-8819
7719,H07719,H,296.5,304.7,1433,36.4,228,0,0,0,0,0,0,LINE1-M02,2026-06-22T17:32:00,OP-111,MAT-8804
7720,L07720,L,298.8,310.7,1168,50.1,230,1,1,0,0,1,0,LINE3-M02,2026-06-22T17:34:00,OP-106,MAT-8804
7721,L07721,L,300.1,309.3,1239,29.2,232,1,1,0,0,0,0,LINE1-M01,2026-06-22T17:39:00,OP-100,MAT-8807
7722,L07722,L,300.5,312.0,1209,32.0,234,1,1,0,0,0,0,LINE1-M02,2026-06-22T17:43:00,OP-101,MAT-8806
7723,L07723,L,296.1,305.2,1234,43.9,236,1,1,0,0,0,0,LINE3-M01,2026-06-22T17:47:00,OP-110,MAT-8800
7724,H07724,H,298.8,307.0,1512,34.2,0,0,0,0,0,0,0,LINE3-M01,2026-06-22T17:50:00,OP-106,MAT-8807
7725,L07725,L,300.0,311.4,1805,32.4,2,0,0,0,0,0,0,LINE3-M02,2026-06-22T17:53:00,OP-101,MAT-8813
7726,M07726,M,299.2,310.3,1611,34.1,5,0,0,0,0,0,0,LINE1-M01,2026-06-22T17:58:00,OP-110,MAT-8811
7727,L07727,L,301.9,312.7,1578,57.3,7,1,0,0,1,0,0,LINE1-M01,2026-06-22T18:01:00,OP-101,MAT-8813
7728,L07728,L,298.0,308.0,1637,33.7,9,0,0,0,0,0,0,LINE3-M01,2026-06-22T18:04:00,OP-101,MAT-8809
7729,L07729,L,299.8,309.5,1450,46.7,11,0,0,0,0,0,0,LINE3-M01,2026-06-22T18:06:00,OP-104,MAT-8801
7730,H07730,H,296.6,307.8,1224,30.6,16,0,0,0,0,0,0,LINE3-M01,2026-06-22T18:11:00,OP-102,MAT-8816
7731,M07731,M,301.4,311.4,1443,28.7,19,0,0,0,0,0,0,LINE2-M01,2026-06-22T18:15:00,OP-110,MAT-8804
7732,H07732,H,299.2,309.2,1589,38.1,24,0,0,0,0,0,0,LINE3-M01,2026-06-22T18:20:00,OP-106,MAT-8805
7733,M07733,M,300.1,309.4,1477,48.2,27,0,0,0,0,0,0,LINE3-M02,2026-06-22T18:24:00,OP-105,MAT-8814
7734,M07734,M,297.1,307.8,1653,43.9,30,0,0,0,0,0,0,LINE2-M01,2026-06-22T18:26:00,OP-105,MAT-8801
7735,M07735,M,300.3,312.0,1678,45.9,33,0,0,0,0,0,0,LINE3-M01,2026-06-22T18:31:00,OP-101,MAT-8808
7736,L07736,L,300.7,309.9,1872,59.8,35,1,0,0,1,0,0,LINE2-M02,2026-06-22T18:35:00,OP-108,MAT-8805
7737,L07737,L,298.4,308.6,1228,52.2,37,0,0,0,0,0,0,LINE1-M02,2026-06-22T18:39:00,OP-101,MAT-8819
7738,L07738,L,297.0,306.3,1481,34.2,39,0,0,0,0,0,0,LINE3-M01,2026-06-22T18:41:00,OP-103,MAT-8816
7739,L07739,L,298.0,309.1,1185,60.5,41,0,0,0,0,0,0,LINE3-M01,2026-06-22T18:44:00,OP-102,MAT-8807
7740,L07740,L,300.7,312.9,1543,33.4,43,0,0,0,0,0,0,LINE3-M02,2026-06-22T18:50:00,OP-103,MAT-8809
7741,L07741,L,301.2,309.4,1384,50.5,45,0,0,0,0,0,0,LINE1-M02,2026-06-22T18:52:00,OP-108,MAT-8817
7742,L07742,L,299.5,309.4,1577,46.6,47,0,0,0,0,0,0,LINE1-M02,2026-06-22T18:56:00,OP-108,MAT-8818
7743,M07743,M,305.5,315.9,1168,57.9,50,0,0,0,0,0,0,LINE1-M01,2026-06-22T19:01:00,OP-100,MAT-8803
7744,H07744,H,300.2,310.3,1168,51.2,55,0,0,0,0,0,0,LINE1-M01,2026-06-22T19:05:00,OP-111,MAT-8805
7745,H07745,H,297.0,307.2,1614,33.8,60,0,0,0,0,0,0,LINE2-M01,2026-06-22T19:07:00,OP-100,MAT-8804
7746,L07746,L,301.7,312.8,1701,57.1,62,1,0,0,1,0,0,LINE3-M02,2026-06-22T19:12:00,OP-107,MAT-8816
7747,L07747,L,298.1,308.0,1826,50.6,64,1,0,0,1,0,0,LINE3-M02,2026-06-22T19:15:00,OP-108,MAT-8807
7748,H07748,H,302.9,312.8,1766,29.6,69,0,0,0,0,0,0,LINE2-M02,2026-06-22T19:17:00,OP-101,MAT-8810
7749,H07749,H,299.0,310.0,1788,37.3,74,0,0,0,0,0,0,LINE1-M01,2026-06-22T19:21:00,OP-102,MAT-8808
7750,L07750,L,297.2,308.4,1547,34.8,76,0,0,0,0,0,0,LINE2-M02,2026-06-22T19:23:00,OP-100,MAT-8818
7751,H07751,H,297.7,306.9,1256,52.4,81,0,0,0,0,0,0,LINE1-M02,2026-06-22T19:28:00,OP-103,MAT-8801
7752,H07752,H,299.8,309.1,1168,39.4,86,0,0,0,0,0,0,LINE1-M02,2026-06-22T19:34:00,OP-100,MAT-8803
7753,H07753,H,300.0,309.9,1720,48.4,91,0,0,0,0,0,0,LINE1-M01,2026-06-22T19:36:00,OP-110,MAT-8816
7754,L07754,L,300.4,311.8,1277,33.8,93,0,0,0,0,0,0,LINE2-M02,2026-06-22T19:39:00,OP-101,MAT-8810
7755,L07755,L,301.6,312.7,1264,32.7,95,0,0,0,0,0,0,LINE3-M02,2026-06-22T19:45:00,OP-107,MAT-8807
7756,L07756,L,299.7,308.3,1875,7.7,97,1,0,0,1,0,0,LINE1-M01,2026-06-22T19:50:00,OP-108,MAT-8816
7757,L07757,L,299.2,310.0,1862,27.4,99,0,0,0,0,0,0,LINE3-M01,2026-06-22T19:52:00,OP-110,MAT-8817
7758,M07758,M,301.7,312.8,1436,23.9,102,0,0,0,0,0,0,LINE3-M02,2026-06-22T19:58:00,OP-111,MAT-8814
7759,L07759,L,302.5,313.6,1657,41.9,104,0,0,0,0,0,0,LINE2-M02,2026-06-22T20:00:00,OP-102,MAT-8804
7760,H07760,H,301.8,313.2,1565,25.9,109,0,0,0,0,0,0,LINE2-M02,2026-06-22T20:04:00,OP-107,MAT-8805
7761,M07761,M,300.5,310.6,1802,12.6,112,1,0,0,1,0,0,LINE2-M01,2026-06-22T20:07:00,OP-108,MAT-8818
7762,L07762,L,302.0,312.1,1635,26.3,114,0,0,0,0,0,0,LINE3-M02,2026-06-22T20:09:00,OP-107,MAT-8813
7763,M07763,M,301.1,310.4,1712,48.4,117,0,0,0,0,0,0,LINE3-M02,2026-06-22T20:13:00,OP-111,MAT-8802
7764,L07764,L,300.0,309.6,1308,55.5,119,0,0,0,0,0,0,LINE1-M02,2026-06-22T20:15:00,OP-111,MAT-8801
7765,L07765,L,299.9,309.1,1792,39.9,121,0,0,0,0,0,0,LINE3-M01,2026-06-22T20:20:00,OP-107,MAT-8804
7766,L07766,L,298.1,308.4,1772,44.9,123,0,0,0,0,0,0,LINE3-M02,2026-06-22T20:26:00,OP-107,MAT-8808
7767,H07767,H,301.7,310.3,1168,23.8,128,1,0,0,1,0,0,LINE1-M02,2026-06-22T20:32:00,OP-102,MAT-8813
7768,H07768,H,302.8,313.9,1549,39.2,133,0,0,0,0,0,0,LINE3-M01,2026-06-22T20:37:00,OP-101,MAT-8805
7769,M07769,M,297.8,308.3,1675,53.2,136,1,0,0,1,0,0,LINE2-M01,2026-06-22T20:41:00,OP-100,MAT-8808
7770,H07770,H,303.3,314.2,1704,47.0,141,0,0,0,0,0,0,LINE1-M02,2026-06-22T20:46:00,OP-100,MAT-8815
7771,H07771,H,299.4,308.4,1853,45.7,146,0,0,0,0,0,0,LINE2-M01,2026-06-22T20:49:00,OP-103,MAT-8817
7772,H07772,H,299.4,309.5,1289,55.7,151,0,0,0,0,0,0,LINE3-M01,2026-06-22T20:52:00,OP-101,MAT-8815
7773,M07773,M,301.1,312.6,1547,39.3,154,0,0,0,0,0,0,LINE3-M01,2026-06-22T20:54:00,OP-108,MAT-8813
7774,L07774,L,298.6,308.6,1696,51.8,156,1,0,0,1,0,0,LINE3-M02,2026-06-22T21:00:00,OP-104,MAT-8806
7775,L07775,L,299.2,307.8,1393,43.3,158,0,0,0,0,0,0,LINE1-M01,2026-06-22T21:04:00,OP-108,MAT-8808
7776,L07776,L,302.3,315.0,1649,29.0,160,0,0,0,0,0,0,LINE2-M01,2026-06-22T21:06:00,OP-109,MAT-8806
7777,H07777,H,300.7,308.7,1571,35.3,165,0,0,0,0,0,0,LINE2-M01,2026-06-22T21:09:00,OP-109,MAT-8810
7778,L07778,L,301.7,311.3,1763,25.6,167,0,0,0,0,0,0,LINE2-M02,2026-06-22T21:12:00,OP-100,MAT-8811
7779,M07779,M,301.7,310.5,1224,40.3,170,0,0,0,0,0,0,LINE3-M01,2026-06-22T21:18:00,OP-103,MAT-8806
7780,H07780,H,299.7,309.8,1471,47.9,175,0,0,0,0,0,0,LINE2-M01,2026-06-22T21:21:00,OP-105,MAT-8817
7781,L07781,L,299.8,308.5,1558,41.2,177,0,0,0,0,0,0,LINE3-M02,2026-06-22T21:27:00,OP-109,MAT-8816
7782,M07782,M,299.5,308.2,1558,31.0,180,0,0,0,0,0,0,LINE2-M01,2026-06-22T21:33:00,OP-105,MAT-8810
7783,M07783,M,300.0,310.6,1168,53.8,183,0,0,0,0,0,0,LINE2-M01,2026-06-22T21:36:00,OP-100,MAT-8801
7784,H07784,H,302.8,311.5,1724,50.1,188,1,0,0,1,0,0,LINE2-M01,2026-06-22T21:42:00,OP-104,MAT-8804
7785,H07785,H,301.8,310.5,1522,28.2,193,0,0,0,0,0,0,LINE3-M02,2026-06-22T21:45:00,OP-110,MAT-8808
7786,L07786,L,300.4,310.7,1519,41.5,195,0,0,0,0,0,0,LINE3-M01,2026-06-22T21:50:00,OP-108,MAT-8800
7787,M07787,M,297.2,308.3,1168,39.5,198,0,0,0,0,0,0,LINE1-M02,2026-06-22T21:52:00,OP-106,MAT-8800
7788,M07788,M,301.4,310.7,1338,56.0,201,0,0,0,0,0,0,LINE3-M02,2026-06-22T21:57:00,OP-100,MAT-8810
7789,L07789,L,296.5,307.2,1317,39.2,203,0,0,0,0,0,0,LINE1-M01,2026-06-22T21:59:00,OP-111,MAT-8805
7790,L07790,L,296.3,306.0,1559,47.4,205,0,0,0,0,0,0,LINE1-M02,2026-06-22T22:02:00,OP-105,MAT-8815
7791,L07791,L,299.0,308.5,2185,49.9,207,1,0,0,1,0,0,LINE1-M01,2026-06-22T22:05:00,OP-101,MAT-8803
7792,L07792,L,302.0,311.3,1495,53.8,209,1,0,0,0,1,0,LINE2-M01,2026-06-22T22:10:00,OP-107,MAT-8800
7793,L07793,L,299.3,310.3,1694,32.9,211,0,0,0,0,0,0,LINE1-M02,2026-06-22T22:14:00,OP-108,MAT-8810
7794,M07794,M,301.0,310.7,1641,33.7,214,1,1,0,0,0,0,LINE3-M02,2026-06-22T22:17:00,OP-109,MAT-8816
7795,M07795,M,298.2,307.7,1400,40.6,217,0,0,0,0,0,0,LINE1-M02,2026-06-22T22:21:00,OP-107,MAT-8809
7796,M07796,M,301.6,311.1,1677,32.8,220,0,0,0,0,0,0,LINE1-M01,2026-06-22T22:24:00,OP-100,MAT-8815
7797,L07797,L,297.6,308.5,1494,36.8,222,0,0,0,0,0,0,LINE2-M02,2026-06-22T22:28:00,OP-101,MAT-8807
7798,L07798,L,300.6,310.7,1168,23.8,224,1,1,0,1,0,0,LINE2-M02,2026-06-22T22:31:00,OP-104,MAT-8810
7799,H07799,H,299.4,308.9,1479,32.6,229,1,1,0,0,0,0,LINE1-M01,2026-06-22T22:37:00,OP-107,MAT-8803
7800,L07800,L,301.3,310.7,1287,24.4,231,1,1,0,1,0,0,LINE1-M02,2026-06-22T22:42:00,OP-101,MAT-8814
7801,M07801,M,299.3,310.8,1620,27.6,234,1,1,0,0,0,0,LINE1-M02,2026-06-22T22:48:00,OP-108,MAT-8803
7802,M07802,M,297.2,308.7,1168,53.4,237,1,1,0,0,1,0,LINE3-M01,2026-06-22T22:53:00,OP-105,MAT-8809
7803,H07803,H,299.2,310.4,1689,37.7,0,0,0,0,0,0,0,LINE2-M01,2026-06-22T22:59:00,OP-104,MAT-8808
7804,L07804,L,305.3,316.1,1939,34.3,2,0,0,0,0,0,0,LINE3-M02,2026-06-22T23:04:00,OP-103,MAT-8802
7805,L07805,L,303.4,312.0,1450,30.3,4,0,0,0,0,0,0,LINE1-M01,2026-06-22T23:06:00,OP-110,MAT-8814
7806,M07806,M,298.7,309.1,1975,25.7,7,0,0,0,0,0,0,LINE1-M01,2026-06-22T23:10:00,OP-102,MAT-8800
7807,L07807,L,302.0,311.1,1486,50.8,9,0,0,0,0,0,0,LINE1-M01,2026-06-22T23:13:00,OP-100,MAT-8809
7808,M07808,M,299.2,308.2,1749,38.8,12,0,0,0,0,0,0,LINE2-M01,2026-06-22T23:17:00,OP-104,MAT-8805
7809,H07809,H,301.3,313.1,1859,35.0,17,0,0,0,0,0,0,LINE1-M01,2026-06-22T23:21:00,OP-103,MAT-8812
7810,M07810,M,301.4,310.5,1839,44.8,20,0,0,0,0,0,0,LINE1-M01,2026-06-22T23:24:00,OP-100,MAT-8816
7811,M07811,M,299.8,310.2,1572,25.7,23,0,0,0,0,0,0,LINE2-M01,2026-06-22T23:29:00,OP-101,MAT-8818
7812,M07812,M,298.4,306.8,1191,55.8,26,1,0,1,0,0,0,LINE2-M01,2026-06-22T23:34:00,OP-101,MAT-8800
7813,H07813,H,300.4,311.1,1427,17.2,31,1,0,0,1,0,0,LINE3-M01,2026-06-22T23:38:00,OP-110,MAT-8811
7814,L07814,L,299.5,308.6,1598,35.4,33,0,0,0,0,0,0,LINE3-M01,2026-06-22T23:40:00,OP-107,MAT-8818
7815,L07815,L,300.1,310.7,1523,26.0,35,0,0,0,0,0,0,LINE3-M02,2026-06-22T23:43:00,OP-108,MAT-8800
7816,M07816,M,301.2,311.5,1720,37.4,38,0,0,0,0,0,0,LINE2-M02,2026-06-22T23:45:00,OP-100,MAT-8803
7817,L07817,L,298.3,309.9,1386,36.5,40,0,0,0,0,0,0,LINE1-M01,2026-06-22T23:47:00,OP-106,MAT-8816
7818,L07818,L,299.0,308.7,1520,45.5,42,0,0,0,0,0,0,LINE3-M02,2026-06-22T23:49:00,OP-108,MAT-8800
7819,L07819,L,299.8,310.5,1652,19.6,44,1,0,0,1,0,0,LINE3-M01,2026-06-22T23:55:00,OP-111,MAT-8819
7820,M07820,M,301.0,310.1,1562,34.3,47,0,0,0,0,0,0,LINE1-M02,2026-06-22T23:59:00,OP-100,MAT-8806
7821,L07821,L,300.8,310.5,1233,42.5,49,0,0,0,0,0,0,LINE2-M01,2026-06-23T00:01:00,OP-108,MAT-8800
7822,M07822,M,299.0,307.3,1508,39.5,52,0,0,0,0,0,0,LINE1-M02,2026-06-23T00:06:00,OP-106,MAT-8805
7823,L07823,L,297.6,307.3,1388,42.1,54,0,0,0,0,0,0,LINE2-M01,2026-06-23T00:12:00,OP-102,MAT-8805
7824,H07824,H,299.6,309.2,1687,35.3,59,0,0,0,0,0,0,LINE1-M02,2026-06-23T00:16:00,OP-106,MAT-8816
7825,L07825,L,299.9,310.5,1502,32.2,61,0,0,0,0,0,0,LINE2-M02,2026-06-23T00:18:00,OP-107,MAT-8809
7826,M07826,M,298.3,307.4,1680,41.4,64,0,0,0,0,0,0,LINE2-M02,2026-06-23T00:22:00,OP-105,MAT-8810
7827,L07827,L,297.2,306.4,1440,49.4,66,0,0,0,0,0,0,LINE2-M02,2026-06-23T00:27:00,OP-101,MAT-8806
7828,L07828,L,298.3,306.4,1215,33.3,68,1,0,1,0,0,0,LINE2-M01,2026-06-23T00:31:00,OP-102,MAT-8818
7829,L07829,L,298.1,307.9,1476,32.9,70,0,0,0,0,0,0,LINE1-M01,2026-06-23T00:33:00,OP-110,MAT-8814
7830,H07830,H,301.3,310.7,1265,39.1,75,0,0,0,0,0,0,LINE3-M02,2026-06-23T00:36:00,OP-100,MAT-8805
7831,L07831,L,297.5,307.3,1568,43.0,77,0,0,0,0,0,0,LINE1-M01,2026-06-23T00:41:00,OP-108,MAT-8809
7832,L07832,L,300.7,311.5,1208,50.8,79,0,0,0,0,0,0,LINE3-M02,2026-06-23T00:47:00,OP-107,MAT-8814
7833,M07833,M,298.1,309.4,1712,45.2,82,0,0,0,0,0,0,LINE3-M02,2026-06-23T00:50:00,OP-107,MAT-8806
7834,H07834,H,303.2,312.2,1613,43.0,87,0,0,0,0,0,0,LINE3-M02,2026-06-23T00:54:00,OP-102,MAT-8805
7835,L07835,L,303.0,311.6,1472,25.8,89,0,0,0,0,0,0,LINE3-M01,2026-06-23T00:58:00,OP-106,MAT-8819
7836,H07836,H,301.1,311.0,1818,29.7,94,0,0,0,0,0,0,LINE3-M01,2026-06-23T01:01:00,OP-108,MAT-8801
7837,H07837,H,299.9,310.4,1304,48.5,99,0,0,0,0,0,0,LINE3-M01,2026-06-23T01:03:00,OP-109,MAT-8817
7838,H07838,H,301.2,310.5,1396,36.7,104,0,0,0,0,0,0,LINE3-M02,2026-06-23T01:06:00,OP-105,MAT-8806
7839,M07839,M,299.0,309.2,1258,33.7,107,0,0,0,0,0,0,LINE1-M01,2026-06-23T01:08:00,OP-111,MAT-8806
7840,L07840,L,299.6,309.8,1566,50.1,109,0,0,0,0,0,0,LINE1-M01,2026-06-23T01:12:00,OP-106,MAT-8819
7841,L07841,L,301.8,311.7,1468,49.3,111,0,0,0,0,0,0,LINE3-M01,2026-06-23T01:18:00,OP-110,MAT-8802
7842,L07842,L,299.4,308.4,1480,52.7,113,0,0,0,0,0,0,LINE3-M01,2026-06-23T01:22:00,OP-103,MAT-8813
7843,M07843,M,299.0,309.2,1484,53.8,116,0,0,0,0,0,0,LINE1-M01,2026-06-23T01:27:00,OP-101,MAT-8819
7844,L07844,L,301.3,311.6,1969,47.4,118,1,0,0,1,0,0,LINE2-M01,2026-06-23T01:31:00,OP-105,MAT-8815
7845,H07845,H,298.4,307.3,1451,36.2,123,0,0,0,0,0,0,LINE2-M02,2026-06-23T01:33:00,OP-107,MAT-8809
7846,H07846,H,300.9,310.7,1216,35.1,128,0,0,0,0,0,0,LINE3-M01,2026-06-23T01:38:00,OP-103,MAT-8804
7847,H07847,H,301.1,311.2,1675,44.2,133,0,0,0,0,0,0,LINE1-M01,2026-06-23T01:43:00,OP-100,MAT-8810
7848,M07848,M,300.1,309.5,1368,35.1,136,0,0,0,0,0,0,LINE3-M02,2026-06-23T01:45:00,OP-102,MAT-8812
7849,M07849,M,296.7,307.6,1406,48.1,139,0,0,0,0,0,0,LINE3-M02,2026-06-23T01:51:00,OP-108,MAT-8810
7850,M07850,M,300.9,312.2,1168,29.0,142,0,0,0,0,0,0,LINE1-M02,2026-06-23T01:56:00,OP-103,MAT-8819
7851,L07851,L,300.2,309.4,2011,34.5,144,0,0,0,0,0,0,LINE2-M02,2026-06-23T02:02:00,OP-102,MAT-8804
7852,H07852,H,297.9,309.2,1173,33.4,149,0,0,0,0,0,0,LINE2-M01,2026-06-23T02:05:00,OP-106,MAT-8818
7853,L07853,L,300.4,309.3,1694,41.1,151,0,0,0,0,0,0,LINE3-M01,2026-06-23T02:09:00,OP-100,MAT-8808
7854,H07854,H,300.8,311.4,1978,36.7,156,0,0,0,0,0,0,LINE3-M02,2026-06-23T02:13:00,OP-100,MAT-8802
7855,H07855,H,299.3,309.7,1959,38.4,161,0,0,0,0,0,0,LINE3-M02,2026-06-23T02:16:00,OP-107,MAT-8810
7856,L07856,L,299.1,308.1,1751,44.9,163,0,0,0,0,0,0,LINE1-M02,2026-06-23T02:21:00,OP-105,MAT-8814
7857,L07857,L,295.7,304.2,1462,49.5,165,0,0,0,0,0,0,LINE2-M02,2026-06-23T02:26:00,OP-100,MAT-8805
7858,H07858,H,299.4,310.5,1711,54.3,170,1,0,0,1,0,0,LINE2-M02,2026-06-23T02:30:00,OP-102,MAT-8801
7859,L07859,L,298.6,308.4,1313,47.3,172,0,0,0,0,0,0,LINE2-M01,2026-06-23T02:35:00,OP-111,MAT-8806
7860,L07860,L,300.2,311.8,1296,30.4,174,0,0,0,0,0,0,LINE3-M02,2026-06-23T02:40:00,OP-111,MAT-8805
7861,M07861,M,302.9,311.5,1359,40.2,177,0,0,0,0,0,0,LINE2-M02,2026-06-23T02:43:00,OP-101,MAT-8805
7862,H07862,H,298.9,309.7,1397,37.6,182,0,0,0,0,0,0,LINE2-M02,2026-06-23T02:48:00,OP-107,MAT-8808
7863,H07863,H,298.4,308.3,1790,62.6,187,1,0,0,1,0,0,LINE3-M01,2026-06-23T02:53:00,OP-105,MAT-8802
7864,L07864,L,302.1,312.7,1654,20.2,189,1,0,0,1,0,0,LINE3-M01,2026-06-23T02:56:00,OP-107,MAT-8817
7865,M07865,M,300.4,308.3,1323,45.6,192,1,0,1,0,0,0,LINE2-M01,2026-06-23T03:01:00,OP-103,MAT-8817
7866,M07866,M,301.6,312.1,1449,32.7,195,0,0,0,0,0,0,LINE3-M01,2026-06-23T03:06:00,OP-110,MAT-8812
7867,H07867,H,300.6,311.1,1562,48.5,200,0,0,0,0,0,0,LINE1-M02,2026-06-23T03:08:00,OP-111,MAT-8801
7868,L07868,L,300.4,309.5,1530,57.1,202,1,1,0,1,1,0,LINE1-M02,2026-06-23T03:12:00,OP-101,MAT-8805
7869,L07869,L,297.4,307.1,1353,52.5,204,0,0,0,0,0,0,LINE2-M02,2026-06-23T03:15:00,OP-102,MAT-8807
7870,L07870,L,302.2,313.0,1330,35.3,206,0,0,0,0,0,0,LINE2-M01,2026-06-23T03:20:00,OP-101,MAT-8810
7871,L07871,L,297.1,306.3,1219,49.6,208,0,0,0,0,0,0,LINE1-M02,2026-06-23T03:25:00,OP-100,MAT-8800
7872,L07872,L,300.7,311.1,1511,42.3,210,0,0,0,0,0,0,LINE1-M01,2026-06-23T03:28:00,OP-104,MAT-8800
7873,L07873,L,301.1,311.4,1168,57.7,212,1,0,0,0,1,0,LINE3-M02,2026-06-23T03:30:00,OP-106,MAT-8809
7874,L07874,L,300.4,310.4,1583,27.0,214,1,1,0,0,0,0,LINE2-M02,2026-06-23T03:34:00,OP-100,MAT-8806
7875,L07875,L,300.0,309.6,1411,23.8,216,1,1,0,0,0,0,LINE2-M01,2026-06-23T03:39:00,OP-104,MAT-8809
7876,L07876,L,301.5,311.9,1563,35.3,218,1,1,0,0,0,0,LINE1-M01,2026-06-23T03:44:00,OP-109,MAT-8819
7877,L07877,L,301.2,311.2,1168,33.1,220,1,1,0,0,0,0,LINE2-M02,2026-06-23T03:48:00,OP-107,MAT-8801
7878,L07878,L,298.3,307.8,1610,18.1,222,1,1,0,1,0,0,LINE1-M02,2026-06-23T03:54:00,OP-100,MAT-8806
7879,M07879,M,298.8,308.6,1245,37.2,225,1,1,0,0,0,0,LINE1-M01,2026-06-23T03:56:00,OP-108,MAT-8806
7880,L07880,L,298.3,307.5,1273,48.9,227,1,1,0,0,1,0,LINE1-M01,2026-06-23T04:02:00,OP-111,MAT-8810
7881,M07881,M,303.2,313.9,1553,25.2,230,1,1,0,0,0,0,LINE2-M01,2026-06-23T04:08:00,OP-108,MAT-8809
7882,L07882,L,302.9,312.3,1664,31.0,232,1,1,0,0,0,0,LINE3-M01,2026-06-23T04:13:00,OP-103,MAT-8805
7883,H07883,H,295.4,305.7,1203,47.2,237,1,1,0,0,0,0,LINE3-M01,2026-06-23T04:19:00,OP-103,MAT-8810
7884,L07884,L,299.5,307.6,1707,30.0,239,1,1,0,0,0,0,LINE3-M01,2026-06-23T04:21:00,OP-107,MAT-8816
7885,L07885,L,299.6,307.8,1264,20.7,0,1,0,1,1,0,0,LINE2-M02,2026-06-23T04:24:00,OP-106,MAT-8817
7886,L07886,L,296.1,304.4,1560,35.8,2,0,0,0,0,0,0,LINE1-M01,2026-06-23T04:28:00,OP-106,MAT-8806
7887,L07887,L,296.5,305.7,1611,32.4,4,0,0,0,0,0,0,LINE3-M02,2026-06-23T04:33:00,OP-108,MAT-8800
7888,L07888,L,298.7,308.2,1168,52.8,6,0,0,0,0,0,0,LINE2-M01,2026-06-23T04:39:00,OP-110,MAT-8812
7889,L07889,L,300.8,309.7,1709,36.5,8,0,0,0,0,0,0,LINE2-M01,2026-06-23T04:41:00,OP-105,MAT-8818
7890,M07890,M,298.6,308.3,1247,30.9,11,0,0,0,0,0,0,LINE1-M02,2026-06-23T04:47:00,OP-102,MAT-8812
7891,L07891,L,297.1,306.8,1898,32.1,13,0,0,0,0,0,0,LINE1-M02,2026-06-23T04:53:00,OP-106,MAT-8800
7892,M07892,M,301.2,309.9,1489,35.6,16,0,0,0,0,0,0,LINE1-M01,2026-06-23T04:57:00,OP-110,MAT-8815
7893,L07893,L,301.9,311.6,1324,46.4,18,0,0,0,0,0,0,LINE3-M01,2026-06-23T05:03:00,OP-109,MAT-8810
7894,L07894,L,298.8,308.6,1628,54.4,20,1,0,0,1,0,0,LINE1-M01,2026-06-23T05:09:00,OP-103,MAT-8804
7895,L07895,L,299.8,308.1,1344,50.6,22,1,0,1,0,0,0,LINE3-M02,2026-06-23T05:11:00,OP-103,MAT-8803
7896,L07896,L,297.7,309.4,1389,35.6,24,0,0,0,0,0,0,LINE1-M02,2026-06-23T05:14:00,OP-103,MAT-8802
7897,L07897,L,300.7,310.0,1505,48.5,26,0,0,0,0,0,0,LINE1-M01,2026-06-23T05:20:00,OP-110,MAT-8814
7898,L07898,L,298.8,309.2,1321,30.0,28,0,0,0,0,0,0,LINE3-M02,2026-06-23T05:26:00,OP-108,MAT-8812
7899,H07899,H,298.7,310.1,1331,47.2,33,0,0,0,0,0,0,LINE2-M02,2026-06-23T05:29:00,OP-102,MAT-8808
7900,H07900,H,304.1,312.4,1417,48.8,38,0,0,0,0,0,0,LINE2-M01,2026-06-23T05:34:00,OP-109,MAT-8800
7901,M07901,M,300.7,310.7,1716,32.1,41,0,0,0,0,0,0,LINE3-M01,2026-06-23T05:37:00,OP-102,MAT-8804
7902,M07902,M,301.2,310.4,1474,45.1,44,0,0,0,0,0,0,LINE3-M02,2026-06-23T05:40:00,OP-100,MAT-8813
7903,L07903,L,298.1,306.8,1906,24.9,46,0,0,0,0,0,0,LINE1-M02,2026-06-23T05:43:00,OP-101,MAT-8814
7904,L07904,L,298.9,309.6,1226,40.0,48,0,0,0,0,0,0,LINE3-M01,2026-06-23T05:46:00,OP-103,MAT-8817
7905,M07905,M,299.7,310.4,1547,36.4,51,0,0,0,0,0,0,LINE3-M02,2026-06-23T05:50:00,OP-105,MAT-8802
7906,H07906,H,303.6,312.4,1366,19.0,56,1,0,0,1,0,0,LINE3-M02,2026-06-23T05:56:00,OP-102,MAT-8811
7907,H07907,H,296.1,304.7,1376,24.3,61,1,0,1,0,0,0,LINE3-M01,2026-06-23T05:59:00,OP-107,MAT-8800
7908,H07908,H,298.9,308.6,1633,37.4,66,0,0,0,0,0,0,LINE3-M01,2026-06-23T06:02:00,OP-111,MAT-8802
7909,M07909,M,299.3,308.8,1842,27.7,69,0,0,0,0,0,0,LINE3-M01,2026-06-23T06:06:00,OP-103,MAT-8804
7910,L07910,L,298.2,307.5,1730,31.3,71,0,0,0,0,0,0,LINE3-M01,2026-06-23T06:09:00,OP-108,MAT-8809
7911,M07911,M,299.2,310.3,1272,37.3,74,0,0,0,0,0,0,LINE1-M01,2026-06-23T06:15:00,OP-110,MAT-8801
7912,L07912,L,296.1,306.0,1466,39.3,76,0,0,0,0,0,0,LINE3-M01,2026-06-23T06:21:00,OP-110,MAT-8806
7913,M07913,M,299.8,308.9,1517,32.8,79,0,0,0,0,0,0,LINE2-M02,2026-06-23T06:23:00,OP-106,MAT-8802
7914,M07914,M,300.4,309.6,1292,46.7,82,0,0,0,0,0,0,LINE1-M02,2026-06-23T06:28:00,OP-107,MAT-8805
7915,L07915,L,300.2,310.8,1439,31.1,84,0,0,0,0,0,0,LINE3-M02,2026-06-23T06:34:00,OP-107,MAT-8804
7916,H07916,H,296.2,306.8,1168,49.8,89,0,0,0,0,0,0,LINE3-M02,2026-06-23T06:37:00,OP-106,MAT-8817
7917,M07917,M,299.7,308.5,1520,44.5,92,0,0,0,0,0,0,LINE3-M02,2026-06-23T06:40:00,OP-110,MAT-8804
7918,M07918,M,299.4,309.1,1742,31.0,95,0,0,0,0,0,0,LINE3-M01,2026-06-23T06:46:00,OP-101,MAT-8812
7919,M07919,M,300.3,308.2,1570,42.9,98,0,0,0,0,0,0,LINE3-M02,2026-06-23T06:49:00,OP-109,MAT-8818
7920,M07920,M,297.5,307.9,1568,43.3,101,0,0,0,0,0,0,LINE2-M02,2026-06-23T06:51:00,OP-106,MAT-8816
7921,M07921,M,296.8,307.0,1697,45.4,104,0,0,0,0,0,0,LINE2-M02,2026-06-23T06:54:00,OP-105,MAT-8812
7922,L07922,L,299.1,309.3,1368,57.7,106,0,0,0,0,0,0,LINE1-M02,2026-06-23T07:00:00,OP-103,MAT-8801
7923,L07923,L,299.1,309.2,1384,43.6,108,0,0,0,0,0,0,LINE3-M02,2026-06-23T07:04:00,OP-110,MAT-8800
7924,H07924,H,302.1,313.0,1431,29.0,113,0,0,0,0,0,0,LINE3-M02,2026-06-23T07:10:00,OP-100,MAT-8801
7925,L07925,L,300.0,310.1,1252,46.7,115,0,0,0,0,0,0,LINE2-M02,2026-06-23T07:15:00,OP-102,MAT-8814
7926,H07926,H,299.9,310.1,1484,54.2,120,0,0,0,0,0,0,LINE2-M01,2026-06-23T07:17:00,OP-111,MAT-8810
7927,L07927,L,298.5,309.8,1417,51.8,122,0,0,0,0,0,0,LINE3-M02,2026-06-23T07:20:00,OP-104,MAT-8805
7928,H07928,H,297.9,309.3,1619,45.7,127,0,0,0,0,0,0,LINE3-M01,2026-06-23T07:24:00,OP-109,MAT-8818
7929,L07929,L,300.3,310.1,1885,27.0,129,0,0,0,0,0,0,LINE2-M01,2026-06-23T07:29:00,OP-109,MAT-8817
7930,M07930,M,298.0,308.5,1460,29.1,132,0,0,0,0,0,0,LINE2-M01,2026-06-23T07:31:00,OP-103,MAT-8805
7931,M07931,M,300.3,308.2,1479,32.8,135,0,0,0,0,0,0,LINE3-M02,2026-06-23T07:37:00,OP-108,MAT-8819
7932,L07932,L,301.6,312.8,1697,24.1,137,0,0,0,0,0,0,LINE1-M02,2026-06-23T07:42:00,OP-102,MAT-8816
7933,M07933,M,301.7,311.8,1948,30.8,140,0,0,0,0,0,0,LINE1-M01,2026-06-23T07:48:00,OP-101,MAT-8809
7934,L07934,L,302.7,312.7,1396,21.5,142,1,0,0,1,0,0,LINE2-M01,2026-06-23T07:51:00,OP-100,MAT-8800
7935,M07935,M,301.9,312.5,1676,51.8,145,1,0,0,1,0,0,LINE3-M02,2026-06-23T07:54:00,OP-109,MAT-8817
7936,H07936,H,299.0,307.6,1474,46.4,150,0,0,0,0,0,0,LINE3-M02,2026-06-23T07:56:00,OP-110,MAT-8816
7937,L07937,L,301.8,312.2,1474,49.3,152,0,0,0,0,0,0,LINE1-M01,2026-06-23T07:58:00,OP-110,MAT-8804
7938,H07938,H,298.7,307.6,1630,39.3,157,0,0,0,0,0,0,LINE3-M01,2026-06-23T08:04:00,OP-106,MAT-8805
7939,L07939,L,297.9,308.4,1530,31.3,159,0,0,0,0,0,0,LINE1-M01,2026-06-23T08:08:00,OP-103,MAT-8807
7940,L07940,L,300.8,311.3,1186,46.7,161,0,0,0,0,0,0,LINE2-M01,2026-06-23T08:12:00,OP-101,MAT-8814
7941,M07941,M,296.9,306.1,1338,41.1,164,0,0,0,0,0,0,LINE3-M02,2026-06-23T08:16:00,OP-101,MAT-8802
7942,L07942,L,300.6,310.6,1703,46.9,166,0,0,0,0,0,0,LINE3-M01,2026-06-23T08:20:00,OP-105,MAT-8806
7943,M07943,M,300.2,312.1,1168,42.4,169,0,0,0,0,0,0,LINE1-M01,2026-06-23T08:26:00,OP-103,MAT-8804
7944,L07944,L,298.6,308.0,1406,44.8,171,0,0,0,0,0,0,LINE1-M02,2026-06-23T08:31:00,OP-109,MAT-8803
7945,L07945,L,300.6,309.5,1845,50.7,173,1,0,0,1,0,0,LINE1-M02,2026-06-23T08:36:00,OP-100,MAT-8814
7946,M07946,M,299.8,308.1,1913,12.2,176,1,0,0,1,0,0,LINE2-M01,2026-06-23T08:41:00,OP-100,MAT-8810
7947,L07947,L,299.2,308.5,1472,36.5,178,0,0,0,0,0,0,LINE3-M01,2026-06-23T08:44:00,OP-107,MAT-8804
7948,L07948,L,300.1,309.5,1661,15.0,180,1,0,0,1,0,0,LINE1-M01,2026-06-23T08:50:00,OP-106,MAT-8813
7949,L07949,L,300.3,311.7,1583,37.2,182,0,0,0,0,0,0,LINE3-M02,2026-06-23T08:54:00,OP-107,MAT-8809
7950,L07950,L,299.6,311.5,1566,45.7,184,0,0,0,0,0,0,LINE1-M02,2026-06-23T08:57:00,OP-105,MAT-8818
7951,H07951,H,300.5,308.9,1634,34.4,189,0,0,0,0,0,0,LINE1-M01,2026-06-23T09:03:00,OP-108,MAT-8817
7952,M07952,M,296.9,308.2,1638,47.2,192,0,0,0,0,0,0,LINE3-M02,2026-06-23T09:08:00,OP-105,MAT-8813
7953,M07953,M,300.0,310.2,1698,45.3,195,0,0,0,0,0,0,LINE3-M01,2026-06-23T09:14:00,OP-104,MAT-8814
7954,M07954,M,298.9,309.2,1261,30.3,198,0,0,0,0,0,0,LINE2-M02,2026-06-23T09:20:00,OP-110,MAT-8802
7955,L07955,L,300.9,310.6,1250,35.7,200,0,0,0,0,0,0,LINE2-M02,2026-06-23T09:25:00,OP-102,MAT-8803
7956,L07956,L,298.7,307.2,1589,29.9,202,0,0,0,0,0,0,LINE2-M02,2026-06-23T09:31:00,OP-104,MAT-8814
7957,L07957,L,302.4,312.9,1470,36.5,204,0,0,0,0,0,0,LINE2-M02,2026-06-23T09:35:00,OP-106,MAT-8819
7958,L07958,L,303.4,313.6,1454,48.7,206,0,0,0,0,0,0,LINE1-M02,2026-06-23T09:37:00,OP-108,MAT-8818
7959,L07959,L,300.2,310.9,1276,55.0,208,1,0,0,0,1,0,LINE3-M02,2026-06-23T09:40:00,OP-100,MAT-8802
7960,L07960,L,299.2,309.7,1236,50.8,210,0,0,0,0,0,0,LINE3-M02,2026-06-23T09:42:00,OP-110,MAT-8808
7961,L07961,L,298.8,306.6,1479,38.1,212,0,0,0,0,0,0,LINE2-M01,2026-06-23T09:44:00,OP-109,MAT-8814
7962,L07962,L,302.4,312.8,1990,37.4,214,0,0,0,0,0,0,LINE1-M02,2026-06-23T09:46:00,OP-104,MAT-8800
7963,L07963,L,298.7,307.3,1519,37.3,216,0,0,0,0,0,0,LINE1-M01,2026-06-23T09:52:00,OP-102,MAT-8814
7964,H07964,H,299.1,309.4,1397,42.9,221,0,0,0,0,0,0,LINE2-M02,2026-06-23T09:54:00,OP-102,MAT-8803
7965,L07965,L,301.5,312.7,1844,18.1,223,1,0,0,1,0,0,LINE1-M02,2026-06-23T09:57:00,OP-101,MAT-8812
7966,L07966,L,297.5,309.1,1627,34.7,225,1,1,0,0,0,0,LINE1-M02,2026-06-23T10:00:00,OP-111,MAT-8818
7967,L07967,L,300.4,311.2,1694,40.9,227,0,0,0,0,0,0,LINE3-M02,2026-06-23T10:02:00,OP-108,MAT-8816
7968,L07968,L,300.9,310.2,1168,20.1,229,1,1,0,1,0,0,LINE3-M02,2026-06-23T10:05:00,OP-110,MAT-8804
7969,L07969,L,299.0,307.2,1324,46.0,231,1,0,1,0,0,0,LINE3-M02,2026-06-23T10:07:00,OP-106,MAT-8804
7970,L07970,L,301.6,311.1,1844,34.0,233,1,1,0,0,0,0,LINE1-M01,2026-06-23T10:10:00,OP-111,MAT-8818
7971,M07971,M,301.1,310.3,1734,22.7,236,1,1,0,0,0,0,LINE2-M02,2026-06-23T10:15:00,OP-108,MAT-8816
7972,L07972,L,306.2,315.4,1735,47.2,238,1,1,0,0,1,0,LINE1-M01,2026-06-23T10:18:00,OP-102,MAT-8814
7973,H07973,H,299.6,309.5,1711,31.4,0,0,0,0,0,0,0,LINE3-M02,2026-06-23T10:24:00,OP-103,MAT-8815
7974,M07974,M,301.6,308.7,1496,19.4,3,1,0,0,1,0,0,LINE2-M01,2026-06-23T10:29:00,OP-104,MAT-8800
7975,M07975,M,301.1,311.8,1932,36.1,6,0,0,0,0,0,0,LINE2-M02,2026-06-23T10:31:00,OP-107,MAT-8801
7976,L07976,L,300.3,311.6,1554,40.5,8,0,0,0,0,0,0,LINE2-M02,2026-06-23T10:37:00,OP-103,MAT-8808
7977,M07977,M,300.4,310.6,1196,49.4,11,0,0,0,0,0,0,LINE3-M02,2026-06-23T10:40:00,OP-105,MAT-8812
7978,L07978,L,297.6,306.6,1804,24.5,13,0,0,0,0,0,0,LINE1-M02,2026-06-23T10:46:00,OP-101,MAT-8801
7979,H07979,H,299.6,310.0,1983,22.7,18,0,0,0,0,0,0,LINE3-M02,2026-06-23T10:48:00,OP-100,MAT-8806
7980,L07980,L,298.7,309.4,1649,49.6,20,0,0,0,0,0,0,LINE1-M01,2026-06-23T10:54:00,OP-106,MAT-8814
7981,M07981,M,299.5,309.7,1322,35.9,23,0,0,0,0,0,0,LINE2-M01,2026-06-23T10:58:00,OP-110,MAT-8817
7982,M07982,M,296.3,305.8,1214,45.6,26,0,0,0,0,0,0,LINE3-M01,2026-06-23T11:04:00,OP-103,MAT-8803
7983,M07983,M,298.4,307.6,1291,32.6,29,0,0,0,0,0,0,LINE3-M02,2026-06-23T11:09:00,OP-107,MAT-8810
7984,M07984,M,300.5,310.3,1316,38.1,32,0,0,0,0,0,0,LINE2-M02,2026-06-23T11:13:00,OP-103,MAT-8816
7985,M07985,M,300.3,310.3,1427,28.7,35,0,0,0,0,0,0,LINE1-M01,2026-06-23T11:19:00,OP-107,MAT-8800
7986,H07986,H,298.7,309.7,1529,58.5,40,1,0,0,1,0,0,LINE2-M02,2026-06-23T11:24:00,OP-107,MAT-8807
7987,H07987,H,298.3,307.4,1687,15.3,45,1,0,0,1,0,0,LINE2-M01,2026-06-23T11:29:00,OP-110,MAT-8804
7988,L07988,L,299.6,308.6,1851,22.8,47,0,0,0,0,0,0,LINE3-M01,2026-06-23T11:34:00,OP-102,MAT-8800
7989,L07989,L,296.1,306.7,1536,44.2,49,0,0,0,0,0,0,LINE1-M01,2026-06-23T11:36:00,OP-104,MAT-8818
7990,H07990,H,301.1,311.7,1956,29.3,54,0,0,0,0,0,0,LINE3-M02,2026-06-23T11:41:00,OP-103,MAT-8803
7991,M07991,M,300.6,311.2,1690,21.0,57,0,0,0,0,0,0,LINE2-M01,2026-06-23T11:47:00,OP-110,MAT-8813
7992,M07992,M,300.1,311.0,1403,32.9,60,0,0,0,0,0,0,LINE1-M01,2026-06-23T11:53:00,OP-100,MAT-8805
7993,H07993,H,302.1,313.0,1740,30.3,65,0,0,0,0,0,0,LINE3-M01,2026-06-23T11:55:00,OP-109,MAT-8813
7994,M07994,M,299.2,309.1,1605,12.6,68,1,0,0,1,0,0,LINE3-M02,2026-06-23T11:57:00,OP-111,MAT-8807
7995,H07995,H,299.9,309.0,1522,43.6,73,0,0,0,0,0,0,LINE2-M01,2026-06-23T12:01:00,OP-107,MAT-8806
7996,M07996,M,299.6,309.2,1682,60.4,76,1,0,0,1,0,0,LINE2-M02,2026-06-23T12:05:00,OP-103,MAT-8805
7997,M07997,M,297.3,307.6,1201,49.2,79,0,0,0,0,0,0,LINE2-M02,2026-06-23T12:10:00,OP-108,MAT-8803
7998,M07998,M,300.8,312.7,1168,26.6,82,1,0,0,1,0,0,LINE3-M01,2026-06-23T12:14:00,OP-101,MAT-8814
7999,H07999,H,304.0,314.5,1377,44.6,87,0,0,0,0,0,0,LINE3-M02,2026-06-23T12:18:00,OP-107,MAT-8803
8000,H08000,H,301.0,311.6,1168,45.3,92,0,0,0,0,0,0,LINE1-M02,2026-06-23T12:21:00,OP-104,MAT-8807
