ID,Timestamp,Machine_ID,Air_Temp_K,Process_Temp_K,RPM,Torque_Nm,Tool_Wear_Min,Machine_Status,Quality_Check,Product_Count
1,2026-06-01T06:00:00,LINE3-M01,297.8,308.1,1661,48.8,2,Running,True,1
2,2026-06-01T06:06:00,LINE1-M02,300.5,310.6,1735,53.5,4,Stopped,False,2
3,2026-06-01T06:11:00,LINE3-M02,299.1,308.4,1262,20.5,7,Stopped,True,3
4,2026-06-01T06:13:00,LINE2-M02,302.3,312.2,1692,57.6,12,Stopped,True,4
5,2026-06-01T06:17:00,LINE3-M01,298.8,308.5,1285,60.2,17,Running,False,5
6,2026-06-01T06:20:00,LINE1-M02,299.2,308.0,1686,31.5,22,Running,True,6
7,2026-06-01T06:24:00,LINE3-M01,300.4,311.3,1375,25.2,25,Running,True,7
8,2026-06-01T06:30:00,LINE1-M02,300.2,310.6,1301,31.1,28,Running,True,8
9,2026-06-01T06:36:00,LINE3-M02,298.6,309.2,1613,48.4,33,Running,True,9
10,2026-06-01T06:39:00,LINE1-M02,301.3,311.5,1459,52.0,38,Running,True,10
11,2026-06-01T06:42:00,LINE3-M02,302.4,311.5,1618,42.0,40,Running,True,11
12,2026-06-01T06:48:00,LINE1-M02,300.9,311.6,1270,33.4,45,Idle,True,12
13,2026-06-01T06:50:00,LINE3-M01,300.2,309.9,1533,19.9,47,Stopped,False,13
14,2026-06-01T06:56:00,LINE1-M01,303.2,314.0,1658,47.7,50,Running,True,14
15,2026-06-01T06:59:00,LINE3-M01,298.9,309.4,1532,49.4,55,Idle,True,15
16,2026-06-01T07:03:00,LINE1-M01,299.5,310.0,1301,31.4,57,Running,True,16
17,2026-06-01T07:09:00,LINE1-M01,299.2,308.9,1615,37.4,59,Running,True,17
18,2026-06-01T07:12:00,LINE3-M01,298.7,308.6,1262,33.7,62,Running,True,18
19,2026-06-01T07:18:00,LINE2-M01,300.1,312.6,1537,42.7,64,Running,True,19
20,2026-06-01T07:21:00,LINE1-M01,304.3,315.5,1326,34.5,66,Running,True,20
21,2026-06-01T07:27:00,LINE1-M02,302.8,314.2,1307,42.3,68,Running,True,21
22,2026-06-01T07:33:00,LINE2-M01,301.6,312.0,1352,34.4,71,Running,True,22
23,2026-06-01T07:38:00,LINE2-M01,297.9,308.4,1497,55.5,73,Running,True,23
24,2026-06-01T07:41:00,LINE1-M01,298.3,309.0,1766,41.8,76,Running,True,24
25,2026-06-01T07:43:00,LINE2-M01,302.7,315.2,1516,37.8,81,Idle,True,25
26,2026-06-01T07:46:00,LINE2-M02,298.8,308.0,1881,41.7,86,Running,True,26
27,2026-06-01T07:51:00,LINE2-M02,298.6,308.8,1525,32.7,89,Running,True,27
28,2026-06-01T07:54:00,LINE1-M01,294.2,303.4,1636,35.1,91,Running,True,28
29,2026-06-01T08:00:00,LINE1-M01,300.8,311.7,1225,43.7,94,Running,True,29
30,2026-06-01T08:05:00,LINE1-M01,300.6,310.7,1523,39.5,96,Running,True,30
31,2026-06-01T08:11:00,LINE2-M02,299.5,312.2,1540,31.1,99,Running,True,31
32,2026-06-01T08:16:00,LINE2-M01,296.4,306.2,1301,46.7,102,Idle,True,32
33,2026-06-01T08:19:00,LINE3-M02,299.1,309.9,1775,34.4,104,Running,True,33
34,2026-06-01T08:25:00,LINE3-M02,302.2,311.9,1611,28.3,106,Running,True,34
35,2026-06-01T08:27:00,LINE1-M02,300.7,311.3,1797,48.2,109,Stopped,False,35
36,2026-06-01T08:32:00,LINE2-M01,301.3,309.9,1384,45.9,111,Running,True,36
37,2026-06-01T08:36:00,LINE1-M02,299.4,310.2,1233,39.8,114,Running,True,37
38,2026-06-01T08:39:00,LINE3-M01,300.3,310.4,1497,21.2,116,Stopped,False,38
39,2026-06-01T08:42:00,LINE3-M01,298.5,308.7,1388,34.4,118,Idle,True,39
40,2026-06-01T08:48:00,LINE3-M01,297.4,305.4,1657,47.1,120,Running,True,40
41,2026-06-01T08:52:00,LINE2-M01,298.5,310.2,1460,37.1,125,Running,True,41
42,2026-06-01T08:55:00,LINE2-M02,300.5,312.7,1288,60.9,127,Running,True,42
43,2026-06-01T08:57:00,LINE2-M02,302.5,311.8,1590,47.0,129,Running,True,43
44,2026-06-01T08:59:00,LINE1-M02,298.9,310.0,2018,30.9,132,Running,True,44
45,2026-06-01T09:03:00,LINE2-M01,299.7,309.2,1434,64.0,135,Maintenance,False,45
46,2026-06-01T09:08:00,LINE1-M02,300.7,311.6,1518,50.2,138,Running,True,46
47,2026-06-01T09:13:00,LINE2-M02,301.4,311.5,1611,38.0,140,Running,True,47
48,2026-06-01T09:16:00,LINE3-M02,298.9,307.6,1514,35.6,142,Running,True,48
49,2026-06-01T09:22:00,LINE3-M02,298.8,309.6,1295,34.7,144,Running,True,49
50,2026-06-01T09:25:00,LINE3-M01,300.9,310.8,1221,56.1,146,Running,True,50
51,2026-06-01T09:28:00,LINE3-M02,296.4,305.2,1448,52.0,151,Running,True,51
52,2026-06-01T09:30:00,LINE2-M02,302.3,313.2,1304,28.1,153,Running,True,52
53,2026-06-01T09:33:00,LINE3-M01,301.4,311.1,1630,37.7,158,Idle,True,53
54,2026-06-01T09:35:00,LINE3-M01,302.2,314.3,1363,43.6,160,Running,False,54
55,2026-06-01T09:41:00,LINE2-M02,295.8,307.6,1784,45.8,162,Running,True,55
56,2026-06-01T09:46:00,LINE2-M02,300.2,310.3,1455,52.2,165,Running,True,56
57,2026-06-01T09:50:00,LINE1-M02,299.1,309.3,1237,28.0,170,Running,True,57
58,2026-06-01T09:53:00,LINE3-M01,296.5,307.6,1548,58.2,175,Stopped,False,58
59,2026-06-01T09:55:00,LINE3-M02,300.0,309.0,1631,36.1,180,Running,True,59
60,2026-06-01T10:00:00,LINE3-M01,301.1,311.8,1232,49.8,183,Running,True,60
61,2026-06-01T10:05:00,LINE3-M01,299.3,309.8,1262,51.7,185,Idle,True,61
62,2026-06-01T10:07:00,LINE1-M02,299.1,309.3,1345,35.7,187,Running,True,62
63,2026-06-01T10:11:00,LINE2-M02,301.7,311.9,1956,28.3,190,Running,True,63
64,2026-06-01T10:13:00,LINE2-M01,297.3,306.7,1768,24.5,193,Idle,True,64
65,2026-06-01T10:15:00,LINE3-M01,296.2,306.6,1599,48.9,196,Running,True,65
66,2026-06-01T10:19:00,LINE2-M01,299.8,310.4,1925,38.1,198,Running,True,66
67,2026-06-01T10:25:00,LINE1-M02,302.4,311.9,1334,54.9,203,Running,True,67
68,2026-06-01T10:28:00,LINE1-M02,300.4,309.9,1746,40.3,206,Running,True,68
69,2026-06-01T10:34:00,LINE2-M02,299.4,307.8,1168,48.0,209,Stopped,False,69
70,2026-06-01T10:37:00,LINE2-M01,300.0,309.6,1946,35.5,211,Idle,True,70
71,2026-06-01T10:42:00,LINE2-M02,302.1,312.3,1241,39.4,214,Stopped,True,71
72,2026-06-01T10:44:00,LINE2-M02,300.4,310.4,1764,50.6,217,Stopped,False,72
73,2026-06-01T10:46:00,LINE3-M01,303.0,313.1,1706,24.6,219,Running,True,73
74,2026-06-01T10:51:00,LINE2-M01,302.4,312.3,1565,34.7,222,Stopped,False,74
75,2026-06-01T10:57:00,LINE2-M02,300.7,309.8,1189,31.9,224,Stopped,False,75
76,2026-06-01T11:00:00,LINE3-M02,297.3,307.8,1418,51.1,229,Idle,True,76
77,2026-06-01T11:04:00,LINE1-M02,299.8,308.8,1429,28.6,231,Stopped,False,77
78,2026-06-01T11:09:00,LINE1-M01,303.9,313.7,1261,42.3,233,Stopped,True,78
79,2026-06-01T11:11:00,LINE2-M02,298.5,309.1,1417,28.4,238,Running,True,79
80,2026-06-01T11:15:00,LINE1-M01,303.6,313.9,1508,32.1,0,Running,True,80
81,2026-06-01T11:21:00,LINE2-M02,299.7,308.7,1168,44.7,3,Running,True,81
82,2026-06-01T11:27:00,LINE3-M01,302.4,312.6,1293,32.9,5,Running,True,82
83,2026-06-01T11:29:00,LINE1-M01,302.1,312.8,1191,42.4,8,Running,True,83
84,2026-06-01T11:33:00,LINE3-M02,303.0,315.0,1299,30.2,11,Running,True,84
85,2026-06-01T11:36:00,LINE2-M01,297.2,307.8,1360,36.2,14,Running,True,85
86,2026-06-01T11:39:00,LINE2-M02,300.3,311.2,1608,43.7,19,Running,True,86
87,2026-06-01T11:45:00,LINE3-M02,304.1,315.7,2030,28.1,24,Running,True,87
88,2026-06-01T11:49:00,LINE1-M01,301.3,310.5,1903,39.4,27,Idle,True,88
89,2026-06-01T11:53:00,LINE3-M01,299.9,308.7,1430,41.0,30,Idle,True,89
90,2026-06-01T11:59:00,LINE2-M02,297.2,307.4,1269,44.5,33,Running,True,90
91,2026-06-01T12:02:00,LINE2-M02,298.6,311.0,1168,32.3,36,Running,True,91
92,2026-06-01T12:04:00,LINE2-M01,301.4,311.3,1719,36.4,39,Running,True,92
93,2026-06-01T12:06:00,LINE3-M02,300.7,310.3,1381,36.6,44,Running,True,93
94,2026-06-01T12:11:00,LINE1-M01,301.5,311.7,1833,20.3,46,Running,True,94
95,2026-06-01T12:13:00,LINE1-M01,298.6,306.4,1624,30.6,48,Running,True,95
96,2026-06-01T12:15:00,LINE2-M01,301.4,309.1,1168,57.0,50,Stopped,False,96
97,2026-06-01T12:18:00,LINE2-M01,301.0,312.2,2300,34.4,52,Idle,True,97
98,2026-06-01T12:22:00,LINE2-M02,301.9,312.6,1573,35.2,55,Running,True,98
99,2026-06-01T12:27:00,LINE1-M02,302.1,311.6,1368,31.3,60,Running,True,99
100,2026-06-01T12:31:00,LINE1-M01,302.8,312.3,1583,38.0,62,Running,True,100
101,2026-06-01T12:36:00,LINE3-M02,297.9,307.4,1589,47.6,64,Running,True,101
102,2026-06-01T12:40:00,LINE1-M02,301.5,311.7,1404,31.4,66,Running,True,102
103,2026-06-01T12:43:00,LINE1-M02,301.0,311.2,1388,45.6,69,Running,True,103
104,2026-06-01T12:49:00,LINE2-M02,299.3,308.8,1168,38.4,71,Running,True,104
105,2026-06-01T12:53:00,LINE1-M01,305.1,315.6,1359,39.8,76,Running,True,105
106,2026-06-01T12:57:00,LINE1-M01,298.2,308.4,1752,35.5,79,Running,True,106
107,2026-06-01T13:02:00,LINE3-M01,299.3,311.0,1419,25.6,81,Running,True,107
108,2026-06-01T13:07:00,LINE3-M01,302.1,311.4,1427,33.4,84,Running,True,108
109,2026-06-01T13:12:00,LINE2-M01,298.4,308.2,1463,41.9,86,Running,True,109
110,2026-06-01T13:16:00,LINE2-M02,302.7,312.4,1406,19.5,88,Stopped,False,110
111,2026-06-01T13:21:00,LINE2-M01,302.8,310.1,1229,29.8,91,Maintenance,True,111
112,2026-06-01T13:25:00,LINE1-M01,300.2,310.0,1655,35.8,93,Idle,True,112
113,2026-06-01T13:29:00,LINE2-M01,301.0,310.2,1452,40.7,95,Running,True,113
114,2026-06-01T13:32:00,LINE1-M01,305.1,315.2,1556,20.7,97,Stopped,False,114
115,2026-06-01T13:36:00,LINE1-M02,301.6,310.7,1835,39.8,99,Running,True,115
116,2026-06-01T13:42:00,LINE2-M01,296.6,305.7,1522,32.7,101,Running,True,116
117,2026-06-01T13:46:00,LINE3-M02,300.7,309.4,1586,37.5,103,Running,True,117
118,2026-06-01T13:52:00,LINE2-M01,299.1,310.2,1679,31.9,105,Idle,True,118
119,2026-06-01T13:57:00,LINE1-M01,301.9,311.9,1361,54.6,107,Running,True,119
120,2026-06-01T14:03:00,LINE1-M02,298.4,310.0,2039,23.7,110,Running,True,120
121,2026-06-01T14:08:00,LINE3-M01,298.9,308.1,1546,29.8,113,Running,True,121
122,2026-06-01T14:11:00,LINE2-M02,303.6,313.6,1229,33.1,115,Running,True,122
123,2026-06-01T14:15:00,LINE1-M02,298.0,308.5,1615,47.1,118,Running,True,123
124,2026-06-01T14:18:00,LINE3-M01,300.7,310.6,1581,51.4,120,Running,True,124
125,2026-06-01T14:24:00,LINE1-M01,298.1,310.7,1532,41.6,122,Running,True,125
126,2026-06-01T14:27:00,LINE1-M02,297.5,307.6,1456,42.7,124,Running,True,126
127,2026-06-01T14:33:00,LINE2-M01,299.3,309.5,1413,37.3,126,Running,True,127
128,2026-06-01T14:35:00,LINE2-M02,298.4,308.3,1189,35.9,129,Running,True,128
129,2026-06-01T14:37:00,LINE3-M02,299.9,310.5,1677,25.2,131,Running,True,129
130,2026-06-01T14:39:00,LINE2-M02,301.6,312.5,1575,39.5,134,Running,True,130
131,2026-06-01T14:45:00,LINE3-M02,301.6,311.7,1644,36.7,136,Running,True,131
132,2026-06-01T14:47:00,LINE3-M01,302.7,310.0,1795,50.6,139,Maintenance,False,132
133,2026-06-01T14:51:00,LINE3-M02,297.9,309.2,1284,43.1,141,Running,True,133
134,2026-06-01T14:53:00,LINE3-M02,302.5,313.3,1168,50.0,144,Running,True,134
135,2026-06-01T14:55:00,LINE2-M02,300.2,311.3,1331,55.4,146,Running,True,135
136,2026-06-01T15:01:00,LINE3-M01,298.6,307.1,1580,32.7,149,Running,True,136
137,2026-06-01T15:03:00,LINE2-M01,299.4,308.6,1387,30.4,151,Running,True,137
138,2026-06-01T15:07:00,LINE1-M01,299.5,308.6,1424,48.6,153,Running,True,138
139,2026-06-01T15:12:00,LINE1-M01,299.9,310.6,1282,45.6,158,Running,True,139
140,2026-06-01T15:16:00,LINE1-M02,299.0,309.6,1453,35.4,160,Idle,True,140
141,2026-06-01T15:22:00,LINE1-M01,299.0,308.8,1492,28.3,163,Running,True,141
142,2026-06-01T15:28:00,LINE1-M02,299.8,310.7,1685,45.4,168,Running,True,142
143,2026-06-01T15:32:00,LINE1-M01,298.8,308.4,1825,40.7,171,Running,True,143
144,2026-06-01T15:35:00,LINE2-M02,298.1,307.2,1484,33.8,174,Running,True,144
145,2026-06-01T15:41:00,LINE3-M01,293.0,303.0,1849,40.6,177,Idle,True,145
146,2026-06-01T15:43:00,LINE2-M01,300.8,311.4,1910,37.4,180,Running,True,146
147,2026-06-01T15:45:00,LINE2-M01,301.6,312.1,1593,50.9,185,Running,True,147
148,2026-06-01T15:50:00,LINE1-M01,302.1,312.0,1716,36.7,187,Running,True,148
149,2026-06-01T15:54:00,LINE1-M02,299.5,309.5,1581,24.5,192,Running,True,149
150,2026-06-01T15:58:00,LINE2-M01,299.6,309.8,1837,34.9,194,Running,True,150
151,2026-06-01T16:00:00,LINE1-M02,299.1,309.3,1838,27.0,199,Idle,True,151
152,2026-06-01T16:06:00,LINE2-M02,298.8,310.7,1723,55.5,201,Maintenance,True,152
153,2026-06-01T16:08:00,LINE2-M02,303.1,313.0,1452,59.2,203,Stopped,False,153
154,2026-06-01T16:14:00,LINE3-M02,300.2,311.4,1400,49.6,205,Running,True,154
155,2026-06-01T16:20:00,LINE3-M01,297.4,308.3,1824,36.4,208,Idle,True,155
156,2026-06-01T16:24:00,LINE3-M01,299.3,310.8,1302,29.9,213,Stopped,False,156
157,2026-06-01T16:28:00,LINE2-M02,297.5,308.9,1500,51.2,215,Maintenance,False,157
158,2026-06-01T16:32:00,LINE3-M01,299.7,308.5,1411,40.9,217,Idle,True,158
159,2026-06-01T16:37:00,LINE1-M01,300.4,311.1,1573,53.8,219,Stopped,False,159
160,2026-06-01T16:43:00,LINE2-M01,297.0,307.3,1557,29.6,221,Stopped,True,160
161,2026-06-01T16:45:00,LINE2-M01,299.4,309.4,1833,30.5,223,Running,True,161
162,2026-06-01T16:48:00,LINE3-M02,302.4,313.1,1660,47.2,226,Maintenance,True,162
163,2026-06-01T16:53:00,LINE2-M01,304.8,314.8,1888,54.7,228,Maintenance,False,163
164,2026-06-01T16:57:00,LINE3-M02,299.1,310.2,1604,29.4,231,Stopped,False,164
165,2026-06-01T16:59:00,LINE3-M02,302.8,313.7,1785,31.3,233,Stopped,False,165
166,2026-06-01T17:04:00,LINE3-M01,301.0,312.3,2002,33.9,236,Maintenance,True,166
167,2026-06-01T17:08:00,LINE1-M02,300.8,313.0,1516,41.9,238,Maintenance,True,167
168,2026-06-01T17:10:00,LINE2-M02,296.9,308.0,1678,36.5,240,Stopped,False,168
169,2026-06-01T17:16:00,LINE3-M02,303.5,313.9,1559,40.7,0,Running,True,169
170,2026-06-01T17:22:00,LINE2-M01,297.3,306.9,1302,45.1,2,Running,True,170
171,2026-06-01T17:25:00,LINE2-M02,296.3,305.4,1168,62.7,5,Running,True,171
172,2026-06-01T17:27:00,LINE3-M02,302.6,313.0,1224,28.6,8,Idle,True,172
173,2026-06-01T17:32:00,LINE2-M01,298.7,309.1,1498,42.6,11,Running,True,173
174,2026-06-01T17:36:00,LINE1-M01,294.8,305.2,1683,31.2,13,Running,True,174
175,2026-06-01T17:39:00,LINE3-M02,295.5,305.7,1231,45.3,15,Running,True,175
176,2026-06-01T17:44:00,LINE1-M02,303.4,314.9,1191,36.9,17,Running,True,176
177,2026-06-01T17:49:00,LINE3-M02,300.2,308.9,1639,34.0,19,Idle,True,177
178,2026-06-01T17:53:00,LINE2-M01,297.4,305.9,1237,54.2,22,Maintenance,False,178
179,2026-06-01T17:57:00,LINE3-M02,302.1,312.3,1880,35.0,27,Idle,True,179
180,2026-06-01T18:01:00,LINE2-M01,297.5,308.1,1554,30.6,29,Running,True,180
181,2026-06-01T18:06:00,LINE2-M02,300.3,310.8,1399,51.7,34,Running,False,181
182,2026-06-01T18:08:00,LINE1-M02,297.9,308.0,1863,38.3,36,Running,True,182
183,2026-06-01T18:13:00,LINE1-M01,298.8,310.7,1570,41.6,38,Idle,True,183
184,2026-06-01T18:16:00,LINE3-M02,299.8,309.8,1549,34.4,43,Running,True,184
185,2026-06-01T18:21:00,LINE2-M02,300.4,310.8,1460,47.0,45,Running,True,185
186,2026-06-01T18:27:00,LINE1-M02,296.3,307.2,1190,31.4,48,Running,True,186
187,2026-06-01T18:32:00,LINE1-M01,300.6,311.0,1927,41.1,50,Running,False,187
188,2026-06-01T18:36:00,LINE3-M02,299.8,310.6,1645,34.9,53,Idle,True,188
189,2026-06-01T18:39:00,LINE2-M01,297.4,305.8,1232,57.7,56,Stopped,False,189
190,2026-06-01T18:42:00,LINE3-M01,300.1,309.9,1652,28.3,58,Running,True,190
191,2026-06-01T18:47:00,LINE3-M01,300.1,311.2,1420,40.4,60,Running,True,191
192,2026-06-01T18:53:00,LINE3-M01,296.7,306.9,1168,37.3,62,Running,True,192
193,2026-06-01T18:56:00,LINE2-M01,301.5,311.8,1498,39.4,65,Idle,True,193
194,2026-06-01T18:58:00,LINE2-M01,299.1,308.7,1629,62.4,67,Stopped,False,194
195,2026-06-01T19:04:00,LINE1-M01,301.8,310.2,1475,49.6,70,Idle,True,195
196,2026-06-01T19:06:00,LINE1-M01,298.9,309.4,1660,32.1,73,Running,True,196
197,2026-06-01T19:08:00,LINE2-M02,302.8,312.7,1396,41.5,78,Running,True,197
198,2026-06-01T19:13:00,LINE1-M01,300.5,312.8,1670,42.9,80,Running,True,198
199,2026-06-01T19:17:00,LINE3-M02,297.5,306.8,1168,51.6,82,Running,True,199
200,2026-06-01T19:21:00,LINE1-M02,301.2,311.9,1432,29.3,85,Running,True,200
201,2026-06-01T19:26:00,LINE3-M02,299.3,309.8,1846,53.5,88,Maintenance,False,201
202,2026-06-01T19:30:00,LINE2-M01,301.3,309.8,1249,61.0,91,Stopped,False,202
203,2026-06-01T19:36:00,LINE3-M02,301.1,312.7,1527,37.7,96,Running,True,203
204,2026-06-01T19:40:00,LINE2-M02,296.6,305.3,1659,23.2,99,Running,True,204
205,2026-06-01T19:42:00,LINE2-M02,298.8,309.5,1820,38.5,101,Running,True,205
206,2026-06-01T19:47:00,LINE2-M02,297.3,307.1,1552,34.3,103,Running,True,206
207,2026-06-01T19:49:00,LINE1-M01,298.6,308.5,1510,40.7,106,Running,True,207
208,2026-06-01T19:52:00,LINE2-M02,299.3,308.1,1792,34.7,109,Running,True,208
209,2026-06-01T19:58:00,LINE3-M02,298.9,307.5,1403,48.6,112,Running,True,209
210,2026-06-01T20:00:00,LINE2-M02,301.6,310.9,1711,48.3,114,Idle,True,210
211,2026-06-01T20:06:00,LINE3-M01,298.4,307.1,1168,47.7,117,Running,True,211
212,2026-06-01T20:11:00,LINE1-M01,300.7,312.1,1367,53.2,122,Running,True,212
213,2026-06-01T20:16:00,LINE3-M01,299.1,310.3,1784,43.7,124,Idle,True,213
214,2026-06-01T20:18:00,LINE3-M01,301.4,311.5,1168,68.9,126,Running,True,214
215,2026-06-01T20:22:00,LINE1-M02,302.8,313.4,1327,28.3,128,Running,True,215
216,2026-06-01T20:26:00,LINE3-M02,299.9,308.8,1168,43.0,131,Running,True,216
217,2026-06-01T20:30:00,LINE2-M01,296.4,305.8,1168,45.6,136,Running,True,217
218,2026-06-01T20:34:00,LINE2-M01,300.1,309.9,1168,27.0,138,Stopped,False,218
219,2026-06-01T20:36:00,LINE2-M01,298.9,308.5,1406,33.7,140,Running,True,219
220,2026-06-01T20:40:00,LINE3-M02,303.0,314.3,1389,33.5,143,Running,True,220
221,2026-06-01T20:46:00,LINE1-M01,294.9,305.8,1168,40.4,146,Running,True,221
222,2026-06-01T20:49:00,LINE1-M01,299.2,308.0,1483,29.7,148,Running,True,222
223,2026-06-01T20:53:00,LINE3-M01,300.2,309.1,1405,40.5,151,Running,True,223
224,2026-06-01T20:56:00,LINE2-M01,298.6,308.1,1599,26.8,153,Running,True,224
225,2026-06-01T21:00:00,LINE1-M01,302.9,312.7,1200,52.8,155,Idle,True,225
226,2026-06-01T21:06:00,LINE3-M02,300.7,310.5,1763,30.8,157,Running,True,226
227,2026-06-01T21:11:00,LINE3-M02,300.6,311.4,1585,41.0,160,Running,True,227
228,2026-06-01T21:14:00,LINE1-M02,299.9,310.2,1651,51.1,162,Running,True,228
229,2026-06-01T21:17:00,LINE2-M02,297.3,306.3,1586,32.7,164,Running,True,229
230,2026-06-01T21:21:00,LINE2-M01,302.5,310.3,1684,37.1,166,Running,True,230
231,2026-06-01T21:26:00,LINE3-M02,301.2,312.5,1219,37.2,168,Running,True,231
232,2026-06-01T21:29:00,LINE1-M02,301.9,311.8,1168,39.0,170,Running,True,232
233,2026-06-01T21:35:00,LINE3-M01,303.1,313.6,1603,49.9,173,Running,True,233
234,2026-06-01T21:41:00,LINE1-M01,298.3,308.5,1766,16.6,175,Stopped,False,234
235,2026-06-01T21:47:00,LINE2-M01,299.6,309.3,1450,48.6,177,Running,True,235
236,2026-06-01T21:49:00,LINE3-M02,299.3,309.8,1987,43.0,179,Running,True,236
237,2026-06-01T21:55:00,LINE1-M01,301.8,312.5,1432,45.6,184,Running,True,237
238,2026-06-01T22:00:00,LINE1-M02,303.5,313.8,1734,31.3,186,Idle,True,238
239,2026-06-01T22:05:00,LINE2-M02,302.5,312.5,1425,57.6,188,Idle,True,239
240,2026-06-01T22:08:00,LINE3-M02,300.3,309.4,1526,50.0,191,Running,True,240
241,2026-06-01T22:10:00,LINE1-M02,301.7,310.8,1720,34.0,193,Running,True,241
242,2026-06-01T22:14:00,LINE1-M02,300.9,312.1,1221,57.1,196,Running,True,242
243,2026-06-01T22:16:00,LINE1-M01,298.4,309.0,1334,45.5,198,Running,True,243
244,2026-06-01T22:18:00,LINE1-M01,300.5,307.1,1570,30.0,203,Running,True,244
245,2026-06-01T22:21:00,LINE3-M02,296.6,308.1,1833,29.8,208,Running,True,245
246,2026-06-01T22:24:00,LINE2-M01,299.2,308.0,1593,36.7,210,Running,True,246
247,2026-06-01T22:30:00,LINE3-M01,303.1,315.1,2003,48.1,212,Maintenance,True,247
248,2026-06-01T22:35:00,LINE1-M02,302.2,310.8,1744,29.9,214,Running,True,248
249,2026-06-01T22:38:00,LINE2-M01,300.2,311.7,1168,40.7,217,Running,True,249
250,2026-06-01T22:41:00,LINE2-M01,298.8,308.6,1353,48.2,219,Maintenance,False,250
251,2026-06-01T22:44:00,LINE3-M01,302.4,313.0,1592,29.7,221,Maintenance,False,251
252,2026-06-01T22:47:00,LINE3-M01,300.6,309.2,1675,55.4,226,Stopped,False,252
253,2026-06-01T22:51:00,LINE3-M02,302.1,311.9,1369,45.1,228,Running,True,253
254,2026-06-01T22:55:00,LINE2-M01,301.8,313.2,1665,40.1,233,Stopped,False,254
255,2026-06-01T22:58:00,LINE2-M01,300.8,310.2,1603,40.4,236,Maintenance,False,255
256,2026-06-01T23:03:00,LINE1-M02,298.1,307.1,1168,23.3,238,Maintenance,False,256
257,2026-06-01T23:05:00,LINE1-M01,295.2,306.1,1779,35.0,240,Stopped,False,257
258,2026-06-01T23:07:00,LINE3-M02,299.5,310.4,1728,43.7,0,Running,True,258
259,2026-06-01T23:13:00,LINE3-M02,301.6,310.3,1521,26.3,5,Running,True,259
260,2026-06-01T23:16:00,LINE1-M01,298.4,308.2,1606,58.3,10,Stopped,True,260
261,2026-06-01T23:20:00,LINE2-M02,300.4,310.0,1522,40.7,13,Running,True,261
262,2026-06-01T23:22:00,LINE1-M02,300.8,309.9,1512,38.5,15,Running,True,262
263,2026-06-01T23:24:00,LINE2-M02,298.6,308.7,2161,35.3,18,Idle,True,263
264,2026-06-01T23:26:00,LINE1-M01,295.7,305.7,1667,49.3,21,Idle,True,264
265,2026-06-01T23:30:00,LINE3-M01,300.6,310.3,1580,23.7,24,Running,True,265
266,2026-06-01T23:35:00,LINE1-M02,298.2,308.3,1312,32.3,27,Running,True,266
267,2026-06-01T23:41:00,LINE2-M02,302.1,312.6,1740,32.4,29,Idle,True,267
268,2026-06-01T23:46:00,LINE1-M01,299.5,308.8,1497,49.4,31,Running,True,268
269,2026-06-01T23:48:00,LINE3-M02,300.1,311.0,1615,30.6,33,Idle,True,269
270,2026-06-01T23:54:00,LINE3-M02,301.6,311.3,1528,26.9,36,Running,True,270
271,2026-06-01T23:57:00,LINE2-M01,300.6,311.4,1803,25.9,38,Running,True,271
272,2026-06-02T00:02:00,LINE2-M02,300.7,310.2,1389,40.5,43,Running,True,272
273,2026-06-02T00:07:00,LINE1-M01,299.6,310.6,1564,65.4,45,Stopped,False,273
274,2026-06-02T00:12:00,LINE1-M01,301.0,310.8,1493,35.8,47,Running,True,274
275,2026-06-02T00:16:00,LINE2-M01,295.8,305.2,1833,37.1,52,Running,True,275
276,2026-06-02T00:20:00,LINE2-M01,298.8,310.4,1688,42.7,54,Running,True,276
277,2026-06-02T00:22:00,LINE2-M02,297.0,308.2,1450,52.7,57,Running,True,277
278,2026-06-02T00:28:00,LINE1-M02,299.0,309.3,1341,46.3,59,Running,True,278
279,2026-06-02T00:32:00,LINE2-M02,301.7,310.4,1569,58.8,64,Maintenance,False,279
280,2026-06-02T00:38:00,LINE1-M01,302.9,312.4,1304,44.6,67,Running,True,280
281,2026-06-02T00:43:00,LINE3-M02,300.8,310.6,1585,58.3,70,Stopped,False,281
282,2026-06-02T00:48:00,LINE3-M02,298.1,307.8,1706,34.6,72,Running,True,282
283,2026-06-02T00:54:00,LINE3-M01,300.7,310.9,1281,37.4,74,Running,True,283
284,2026-06-02T00:59:00,LINE2-M02,301.7,312.2,1471,41.8,79,Running,True,284
285,2026-06-02T01:05:00,LINE3-M01,301.3,310.9,1560,33.1,84,Running,True,285
286,2026-06-02T01:08:00,LINE2-M01,300.2,309.6,1630,33.4,86,Idle,True,286
287,2026-06-02T01:11:00,LINE2-M02,301.9,313.6,1445,38.8,88,Running,True,287
288,2026-06-02T01:16:00,LINE2-M01,301.7,311.0,2050,44.2,90,Stopped,False,288
289,2026-06-02T01:19:00,LINE3-M01,302.0,312.5,1419,50.7,92,Running,True,289
290,2026-06-02T01:22:00,LINE1-M02,299.8,310.7,1480,31.3,94,Running,True,290
291,2026-06-02T01:24:00,LINE3-M01,302.4,314.1,1282,49.6,97,Running,True,291
292,2026-06-02T01:28:00,LINE2-M01,298.2,307.3,1671,38.4,99,Running,True,292
293,2026-06-02T01:32:00,LINE3-M02,298.5,307.2,1404,40.4,101,Running,True,293
294,2026-06-02T01:35:00,LINE3-M02,297.2,304.6,1420,63.4,103,Stopped,False,294
295,2026-06-02T01:41:00,LINE2-M02,299.4,308.6,1614,52.5,106,Running,True,295
296,2026-06-02T01:44:00,LINE3-M01,301.7,311.1,1627,33.2,108,Running,True,296
297,2026-06-02T01:48:00,LINE1-M02,300.0,311.1,1370,34.5,111,Running,True,297
298,2026-06-02T01:53:00,LINE2-M02,300.7,311.5,1494,28.4,114,Running,True,298
299,2026-06-02T01:55:00,LINE2-M01,299.0,309.1,1931,45.5,119,Stopped,True,299
300,2026-06-02T01:57:00,LINE2-M02,300.4,309.6,1692,39.6,122,Idle,True,300
301,2026-06-02T02:00:00,LINE2-M01,300.3,310.7,1190,56.6,124,Running,True,301
302,2026-06-02T02:02:00,LINE1-M01,299.4,309.1,1759,45.5,127,Running,True,302
303,2026-06-02T02:08:00,LINE1-M01,296.6,306.0,2276,28.9,130,Running,True,303
304,2026-06-02T02:12:00,LINE3-M02,299.7,308.2,1821,34.1,135,Running,True,304
305,2026-06-02T02:14:00,LINE1-M02,302.0,311.3,1718,35.8,137,Running,True,305
306,2026-06-02T02:18:00,LINE1-M02,299.3,309.5,1562,38.8,140,Running,True,306
307,2026-06-02T02:20:00,LINE3-M01,299.5,308.3,1234,37.8,142,Idle,True,307
308,2026-06-02T02:25:00,LINE2-M01,300.9,312.2,2187,35.6,144,Running,True,308
309,2026-06-02T02:31:00,LINE2-M01,298.4,308.8,1329,41.2,146,Running,True,309
310,2026-06-02T02:37:00,LINE1-M02,299.8,309.6,1467,47.6,148,Running,True,310
311,2026-06-02T02:39:00,LINE1-M02,296.4,306.0,1422,42.9,151,Running,True,311
312,2026-06-02T02:43:00,LINE1-M02,298.3,308.4,1236,45.4,156,Running,True,312
313,2026-06-02T02:45:00,LINE2-M02,297.6,307.7,1874,59.3,158,Maintenance,False,313
314,2026-06-02T02:48:00,LINE3-M02,301.1,311.9,1474,27.0,160,Idle,True,314
315,2026-06-02T02:51:00,LINE2-M01,296.0,306.7,1269,44.2,165,Running,True,315
316,2026-06-02T02:55:00,LINE1-M02,301.3,310.6,1403,51.4,170,Running,True,316
317,2026-06-02T03:00:00,LINE2-M01,299.1,307.8,1731,32.5,173,Running,True,317
318,2026-06-02T03:02:00,LINE1-M01,303.3,314.9,1395,19.9,175,Stopped,False,318
319,2026-06-02T03:08:00,LINE3-M02,298.7,309.6,1484,28.4,177,Running,True,319
320,2026-06-02T03:13:00,LINE2-M01,296.2,306.1,2294,21.2,180,Running,True,320
321,2026-06-02T03:19:00,LINE1-M02,295.7,308.8,1772,40.1,182,Running,True,321
322,2026-06-02T03:22:00,LINE2-M01,303.0,314.7,1467,54.2,184,Running,True,322
323,2026-06-02T03:27:00,LINE3-M02,302.3,312.1,1168,52.7,189,Running,True,323
324,2026-06-02T03:33:00,LINE3-M01,301.8,312.6,1551,50.4,191,Idle,True,324
325,2026-06-02T03:36:00,LINE3-M02,298.7,309.6,1690,43.6,193,Running,True,325
326,2026-06-02T03:40:00,LINE3-M02,302.4,311.0,1441,41.9,195,Idle,True,326
327,2026-06-02T03:46:00,LINE3-M01,298.4,308.4,1208,26.0,197,Stopped,False,327
328,2026-06-02T03:52:00,LINE3-M02,303.5,314.2,1508,47.9,200,Idle,True,328
329,2026-06-02T03:54:00,LINE1-M02,299.6,309.7,1444,33.4,203,Running,True,329
330,2026-06-02T03:56:00,LINE2-M02,296.8,306.0,1444,33.5,208,Stopped,False,330
331,2026-06-02T03:58:00,LINE1-M01,300.2,310.2,1168,54.7,210,Stopped,True,331
332,2026-06-02T04:03:00,LINE1-M02,299.7,310.8,1658,51.6,213,Running,True,332
333,2026-06-02T04:09:00,LINE3-M01,301.7,312.3,1534,53.4,215,Maintenance,False,333
334,2026-06-02T04:13:00,LINE1-M02,297.8,307.5,1268,51.2,218,Maintenance,False,334
335,2026-06-02T04:18:00,LINE1-M01,299.3,309.5,1397,32.2,221,Running,True,335
336,2026-06-02T04:20:00,LINE2-M01,300.4,309.3,1763,48.5,226,Stopped,False,336
337,2026-06-02T04:24:00,LINE1-M01,300.8,310.7,1636,33.1,231,Stopped,True,337
338,2026-06-02T04:27:00,LINE3-M02,298.3,308.7,1271,38.2,236,Maintenance,False,338
339,2026-06-02T04:31:00,LINE2-M02,297.9,309.0,2294,30.8,0,Running,True,339
340,2026-06-02T04:33:00,LINE1-M01,295.1,305.1,1508,51.1,2,Running,True,340
341,2026-06-02T04:36:00,LINE2-M02,299.0,308.9,1355,55.7,4,Running,True,341
342,2026-06-02T04:42:00,LINE1-M01,301.9,311.6,1780,50.8,7,Maintenance,False,342
343,2026-06-02T04:45:00,LINE1-M02,300.8,309.9,1331,52.6,9,Running,True,343
344,2026-06-02T04:48:00,LINE1-M01,304.9,313.9,1772,43.0,12,Running,True,344
345,2026-06-02T04:50:00,LINE3-M02,296.9,305.8,1416,14.3,14,Maintenance,True,345
346,2026-06-02T04:52:00,LINE2-M01,301.2,311.6,1440,35.6,16,Running,True,346
347,2026-06-02T04:57:00,LINE1-M02,300.2,311.7,1509,41.9,19,Idle,True,347
348,2026-06-02T05:03:00,LINE3-M01,302.5,311.7,1625,26.7,21,Running,True,348
349,2026-06-02T05:07:00,LINE2-M01,300.3,310.4,1500,42.4,23,Idle,True,349
350,2026-06-02T05:09:00,LINE2-M02,300.6,310.7,1440,64.6,25,Stopped,False,350
351,2026-06-02T05:15:00,LINE1-M01,300.0,310.2,1344,35.1,30,Running,False,351
352,2026-06-02T05:18:00,LINE1-M01,299.1,310.0,1568,40.1,35,Running,True,352
353,2026-06-02T05:21:00,LINE3-M02,301.3,311.1,1441,22.1,37,Stopped,False,353
354,2026-06-02T05:27:00,LINE3-M01,300.0,310.8,1189,35.3,40,Running,True,354
355,2026-06-02T05:29:00,LINE1-M01,298.9,309.1,1747,31.8,43,Maintenance,False,355
356,2026-06-02T05:31:00,LINE1-M01,302.2,312.4,1876,36.5,45,Idle,True,356
357,2026-06-02T05:35:00,LINE3-M02,300.9,311.3,1448,43.7,50,Running,True,357
358,2026-06-02T05:40:00,LINE3-M02,299.0,308.4,1319,49.0,55,Running,True,358
359,2026-06-02T05:46:00,LINE2-M01,300.9,310.9,1520,44.7,60,Running,True,359
360,2026-06-02T05:49:00,LINE3-M01,299.5,308.0,1613,43.3,62,Running,True,360
361,2026-06-02T05:52:00,LINE3-M02,301.2,311.0,1790,25.0,64,Idle,True,361
362,2026-06-02T05:54:00,LINE1-M02,302.8,312.9,1265,33.7,66,Running,True,362
363,2026-06-02T05:58:00,LINE2-M01,299.3,308.7,1580,37.5,69,Running,True,363
364,2026-06-02T06:00:00,LINE1-M02,304.5,314.2,1527,33.1,72,Running,True,364
365,2026-06-02T06:06:00,LINE2-M01,300.8,309.2,2008,23.5,75,Running,True,365
366,2026-06-02T06:10:00,LINE1-M02,301.0,311.7,1287,33.1,80,Idle,True,366
367,2026-06-02T06:12:00,LINE3-M01,304.0,312.4,1807,38.6,83,Running,True,367
368,2026-06-02T06:15:00,LINE3-M02,302.8,312.3,1236,44.2,85,Idle,True,368
369,2026-06-02T06:21:00,LINE3-M02,299.3,309.7,1492,47.2,87,Running,True,369
370,2026-06-02T06:26:00,LINE1-M01,298.7,309.9,1435,53.6,92,Running,True,370
371,2026-06-02T06:31:00,LINE1-M01,299.0,308.9,1480,35.3,94,Idle,True,371
372,2026-06-02T06:33:00,LINE2-M02,302.7,311.9,1347,35.3,96,Running,True,372
373,2026-06-02T06:38:00,LINE2-M01,302.4,313.2,1676,49.9,98,Running,True,373
374,2026-06-02T06:44:00,LINE1-M01,298.3,307.4,1263,33.7,103,Running,True,374
375,2026-06-02T06:50:00,LINE1-M01,298.8,310.2,1794,47.4,108,Running,True,375
376,2026-06-02T06:56:00,LINE1-M02,296.5,306.6,1343,64.3,111,Maintenance,False,376
377,2026-06-02T07:01:00,LINE1-M01,299.2,309.5,2258,65.0,114,Stopped,False,377
378,2026-06-02T07:05:00,LINE2-M01,299.5,309.7,1437,39.8,116,Running,True,378
379,2026-06-02T07:10:00,LINE1-M02,300.9,311.7,1511,56.7,118,Running,True,379
380,2026-06-02T07:12:00,LINE1-M01,302.6,309.2,1656,36.5,120,Running,True,380
381,2026-06-02T07:18:00,LINE3-M02,299.9,310.4,1532,29.7,125,Running,True,381
382,2026-06-02T07:23:00,LINE1-M02,295.3,306.6,1483,20.7,128,Maintenance,True,382
383,2026-06-02T07:27:00,LINE2-M01,298.0,307.7,1446,30.3,131,Running,True,383
384,2026-06-02T07:31:00,LINE3-M02,299.6,309.1,1617,40.1,134,Idle,True,384
385,2026-06-02T07:36:00,LINE3-M02,296.4,306.8,1168,29.1,136,Running,True,385
386,2026-06-02T07:42:00,LINE3-M01,300.5,311.4,1410,27.9,138,Running,True,386
387,2026-06-02T07:46:00,LINE3-M01,299.1,308.9,1454,38.8,141,Running,True,387
388,2026-06-02T07:48:00,LINE1-M02,300.5,310.1,1627,52.3,144,Idle,True,388
389,2026-06-02T07:52:00,LINE2-M01,300.7,310.7,1495,32.5,146,Running,True,389
390,2026-06-02T07:55:00,LINE1-M01,300.1,310.5,1525,26.9,149,Running,True,390
391,2026-06-02T07:57:00,LINE2-M01,298.3,307.6,1230,40.9,151,Running,True,391
392,2026-06-02T08:01:00,LINE3-M02,300.6,309.5,1568,32.2,154,Running,True,392
393,2026-06-02T08:07:00,LINE3-M02,297.4,308.2,1550,28.1,157,Running,True,393
394,2026-06-02T08:11:00,LINE3-M02,296.7,306.9,1183,32.5,160,Idle,True,394
395,2026-06-02T08:15:00,LINE2-M02,299.6,309.9,1827,44.6,163,Idle,True,395
396,2026-06-02T08:21:00,LINE2-M02,301.2,311.0,1691,39.1,166,Idle,True,396
397,2026-06-02T08:26:00,LINE2-M02,301.1,310.1,1274,40.1,171,Running,True,397
398,2026-06-02T08:29:00,LINE3-M02,300.7,311.0,1509,53.4,173,Running,True,398
399,2026-06-02T08:35:00,LINE1-M02,303.1,314.4,1767,28.1,176,Running,True,399
400,2026-06-02T08:38:00,LINE3-M02,299.9,309.7,1582,46.3,181,Running,True,400
401,2026-06-02T08:42:00,LINE2-M02,298.8,309.0,1566,44.2,184,Running,True,401
402,2026-06-02T08:48:00,LINE3-M01,300.7,308.2,1441,32.9,187,Running,True,402
403,2026-06-02T08:53:00,LINE1-M01,296.6,306.9,1658,36.0,190,Running,True,403
404,2026-06-02T08:58:00,LINE1-M02,302.0,311.8,1769,42.2,193,Running,True,404
405,2026-06-02T09:00:00,LINE1-M02,298.9,309.8,1511,39.5,196,Running,True,405
406,2026-06-02T09:02:00,LINE1-M02,299.1,309.1,1311,32.5,198,Running,True,406
407,2026-06-02T09:08:00,LINE1-M02,298.6,308.1,1481,29.8,201,Running,True,407
408,2026-06-02T09:11:00,LINE1-M02,302.7,312.5,1829,17.5,206,Stopped,False,408
409,2026-06-02T09:16:00,LINE3-M02,298.7,309.7,1302,28.0,211,Running,True,409
410,2026-06-02T09:19:00,LINE2-M01,301.3,311.0,1448,18.8,213,Stopped,False,410
411,2026-06-02T09:23:00,LINE3-M01,299.2,310.8,1226,45.8,218,Stopped,False,411
412,2026-06-02T09:29:00,LINE2-M02,294.5,304.1,1492,44.2,220,Maintenance,False,412
413,2026-06-02T09:35:00,LINE3-M01,298.6,307.3,1432,37.5,222,Running,True,413
414,2026-06-02T09:37:00,LINE2-M01,299.0,308.3,1648,26.6,224,Maintenance,False,414
415,2026-06-02T09:43:00,LINE2-M01,296.8,304.9,1734,42.0,227,Stopped,False,415
416,2026-06-02T09:45:00,LINE3-M01,304.5,315.9,1450,59.7,229,Stopped,True,416
417,2026-06-02T09:48:00,LINE1-M02,299.1,307.8,1171,44.4,232,Stopped,True,417
418,2026-06-02T09:52:00,LINE2-M02,300.8,311.7,1570,37.2,235,Stopped,False,418
419,2026-06-02T09:57:00,LINE3-M02,300.6,312.4,1597,43.1,237,Maintenance,True,419
420,2026-06-02T10:03:00,LINE2-M02,302.1,315.2,1364,53.2,239,Maintenance,True,420
421,2026-06-02T10:08:00,LINE1-M02,299.4,310.3,1678,39.0,0,Running,True,421
422,2026-06-02T10:14:00,LINE3-M01,301.6,308.7,1396,39.9,5,Running,True,422
423,2026-06-02T10:17:00,LINE2-M02,298.8,306.6,1414,53.4,7,Running,False,423
424,2026-06-02T10:19:00,LINE1-M01,300.6,310.9,1937,22.6,9,Running,True,424
425,2026-06-02T10:22:00,LINE2-M02,302.8,313.2,1792,43.9,12,Running,True,425
426,2026-06-02T10:24:00,LINE2-M02,301.3,310.4,1594,28.2,14,Running,True,426
427,2026-06-02T10:29:00,LINE3-M01,300.4,310.7,2031,46.5,17,Stopped,True,427
428,2026-06-02T10:35:00,LINE1-M02,298.5,306.8,1376,56.0,20,Maintenance,False,428
429,2026-06-02T10:40:00,LINE1-M01,301.7,311.5,1168,43.0,22,Running,True,429
430,2026-06-02T10:44:00,LINE3-M02,296.4,304.3,1601,44.6,24,Running,True,430
431,2026-06-02T10:49:00,LINE1-M02,300.3,310.9,1327,32.4,26,Idle,True,431
432,2026-06-02T10:52:00,LINE3-M02,302.1,312.6,1447,53.5,28,Running,True,432
433,2026-06-02T10:57:00,LINE2-M01,298.1,309.5,1377,40.3,30,Running,True,433
434,2026-06-02T11:03:00,LINE2-M01,302.0,312.4,1647,53.0,32,Stopped,False,434
435,2026-06-02T11:08:00,LINE2-M01,299.1,309.7,1533,41.0,37,Running,True,435
436,2026-06-02T11:13:00,LINE3-M02,304.9,313.7,1282,30.1,42,Idle,True,436
437,2026-06-02T11:16:00,LINE1-M02,300.7,312.1,1714,25.2,44,Running,True,437
438,2026-06-02T11:22:00,LINE3-M02,300.5,311.0,1442,36.5,46,Running,True,438
439,2026-06-02T11:27:00,LINE3-M02,301.9,312.2,1725,55.7,49,Stopped,False,439
440,2026-06-02T11:31:00,LINE3-M02,300.5,309.4,1446,42.4,52,Running,True,440
441,2026-06-02T11:36:00,LINE1-M01,297.1,307.2,2004,41.5,54,Running,True,441
442,2026-06-02T11:40:00,LINE3-M01,301.9,311.5,1276,43.3,57,Idle,True,442
443,2026-06-02T11:46:00,LINE1-M01,298.5,308.0,1723,55.1,60,Maintenance,True,443
444,2026-06-02T11:52:00,LINE3-M01,301.3,311.2,1439,36.5,63,Idle,True,444
445,2026-06-02T11:55:00,LINE3-M01,300.8,311.3,1815,43.1,66,Running,True,445
446,2026-06-02T11:59:00,LINE1-M02,302.4,312.7,1280,43.9,71,Running,True,446
447,2026-06-02T12:05:00,LINE3-M02,298.4,308.3,1803,40.2,73,Running,True,447
448,2026-06-02T12:08:00,LINE1-M01,300.9,310.9,1263,56.8,76,Running,True,448
449,2026-06-02T12:11:00,LINE3-M02,300.5,311.3,1343,45.8,81,Running,True,449
450,2026-06-02T12:17:00,LINE3-M01,298.4,306.5,2105,25.1,83,Running,True,450
451,2026-06-02T12:20:00,LINE1-M02,298.7,308.5,1373,34.0,85,Running,True,451
452,2026-06-02T12:26:00,LINE2-M02,299.8,309.0,1223,42.4,90,Running,True,452
453,2026-06-02T12:28:00,LINE1-M01,301.7,311.1,1261,31.5,92,Running,True,453
454,2026-06-02T12:33:00,LINE1-M01,297.2,305.9,1684,53.5,97,Stopped,False,454
455,2026-06-02T12:35:00,LINE1-M02,300.7,309.7,1422,22.9,100,Maintenance,False,455
456,2026-06-02T12:39:00,LINE1-M02,298.0,309.0,1185,37.5,102,Running,True,456
457,2026-06-02T12:45:00,LINE1-M01,301.0,311.4,1496,20.8,105,Maintenance,False,457
458,2026-06-02T12:50:00,LINE3-M01,300.0,309.6,1987,32.2,110,Running,True,458
459,2026-06-02T12:56:00,LINE2-M01,301.9,311.5,1213,33.1,115,Running,True,459
460,2026-06-02T12:58:00,LINE3-M02,300.1,311.4,1622,56.3,118,Maintenance,True,460
461,2026-06-02T13:01:00,LINE1-M01,303.0,311.8,1561,28.5,121,Running,True,461
462,2026-06-02T13:03:00,LINE3-M02,294.9,304.6,1893,45.1,126,Running,True,462
463,2026-06-02T13:09:00,LINE2-M02,299.3,308.3,1352,53.1,129,Running,True,463
464,2026-06-02T13:13:00,LINE2-M02,296.3,307.1,1555,22.9,132,Running,True,464
465,2026-06-02T13:17:00,LINE2-M01,301.1,312.3,1291,46.3,134,Running,True,465
466,2026-06-02T13:21:00,LINE2-M01,298.0,307.2,1401,42.6,136,Running,True,466
467,2026-06-02T13:27:00,LINE1-M01,303.2,313.0,1562,27.4,138,Idle,True,467
468,2026-06-02T13:33:00,LINE1-M02,299.7,310.3,1453,58.9,141,Running,True,468
469,2026-06-02T13:39:00,LINE3-M02,300.3,308.2,1802,39.7,143,Running,False,469
470,2026-06-02T13:44:00,LINE3-M01,297.1,307.9,1349,48.1,145,Running,True,470
471,2026-06-02T13:47:00,LINE2-M01,300.5,309.6,1242,36.6,148,Running,True,471
472,2026-06-02T13:53:00,LINE3-M01,300.2,309.6,1381,47.0,150,Running,True,472
473,2026-06-02T13:56:00,LINE3-M02,299.6,310.3,1486,53.1,153,Running,True,473
474,2026-06-02T13:59:00,LINE1-M01,298.0,306.8,1855,54.2,155,Stopped,False,474
475,2026-06-02T14:05:00,LINE3-M02,298.2,309.2,1833,52.1,160,Stopped,False,475
476,2026-06-02T14:09:00,LINE2-M01,301.7,311.2,1612,39.4,162,Running,True,476
477,2026-06-02T14:15:00,LINE1-M01,300.6,309.5,1517,10.0,167,Maintenance,False,477
478,2026-06-02T14:17:00,LINE3-M01,297.4,308.3,1247,33.3,172,Running,True,478
479,2026-06-02T14:20:00,LINE3-M02,298.1,309.8,1828,35.0,174,Running,True,479
480,2026-06-02T14:26:00,LINE1-M01,298.7,308.4,1792,33.3,176,Running,True,480
481,2026-06-02T14:32:00,LINE3-M01,300.5,312.2,1502,21.5,178,Maintenance,False,481
482,2026-06-02T14:38:00,LINE1-M01,296.4,307.8,1549,38.3,181,Running,True,482
483,2026-06-02T14:44:00,LINE3-M01,303.8,314.6,1170,51.2,184,Running,True,483
484,2026-06-02T14:50:00,LINE3-M02,301.6,310.9,1377,38.5,186,Idle,True,484
485,2026-06-02T14:56:00,LINE3-M01,303.0,313.6,1539,37.6,188,Running,True,485
486,2026-06-02T15:01:00,LINE3-M02,301.4,312.2,1597,43.0,193,Idle,True,486
487,2026-06-02T15:06:00,LINE2-M01,299.9,310.4,1416,39.2,195,Running,True,487
488,2026-06-02T15:10:00,LINE3-M02,297.8,308.0,1457,43.4,198,Running,True,488
489,2026-06-02T15:12:00,LINE3-M01,297.4,306.0,1400,51.2,200,Running,True,489
490,2026-06-02T15:18:00,LINE2-M02,301.4,311.2,1407,43.4,205,Running,True,490
491,2026-06-02T15:21:00,LINE2-M02,298.4,306.2,1695,36.6,210,Running,True,491
492,2026-06-02T15:25:00,LINE3-M02,303.7,312.3,1482,44.2,212,Stopped,False,492
493,2026-06-02T15:30:00,LINE2-M01,303.4,313.9,1401,33.7,217,Running,True,493
494,2026-06-02T15:36:00,LINE2-M01,300.2,310.0,1203,49.1,220,Maintenance,False,494
495,2026-06-02T15:42:00,LINE2-M01,296.9,308.3,1545,36.8,225,Idle,True,495
496,2026-06-02T15:48:00,LINE2-M01,296.5,306.8,1375,31.6,228,Running,True,496
497,2026-06-02T15:50:00,LINE2-M01,299.8,309.3,1543,42.9,233,Stopped,False,497
498,2026-06-02T15:53:00,LINE3-M01,295.5,304.8,1409,30.9,235,Maintenance,False,498
499,2026-06-02T15:56:00,LINE3-M01,303.3,312.8,1439,43.2,238,Stopped,False,499
500,2026-06-02T15:58:00,LINE3-M02,300.5,310.1,1168,42.9,240,Maintenance,False,500
501,2026-06-02T16:03:00,LINE3-M01,296.4,307.2,1457,44.5,0,Running,False,501
502,2026-06-02T16:06:00,LINE2-M02,299.5,310.8,1407,31.1,5,Running,True,502
503,2026-06-02T16:08:00,LINE2-M02,300.1,309.8,1720,49.1,10,Running,True,503
504,2026-06-02T16:12:00,LINE1-M01,299.8,307.1,1395,30.3,12,Idle,True,504
505,2026-06-02T16:15:00,LINE1-M02,299.6,308.8,1717,54.8,17,Maintenance,False,505
506,2026-06-02T16:19:00,LINE3-M02,299.8,310.1,1580,29.7,22,Idle,True,506
507,2026-06-02T16:23:00,LINE2-M01,296.2,307.5,1666,34.6,24,Running,True,507
508,2026-06-02T16:25:00,LINE3-M02,301.6,310.6,1770,18.2,26,Maintenance,False,508
509,2026-06-02T16:30:00,LINE3-M01,300.9,310.6,1679,17.3,29,Stopped,False,509
510,2026-06-02T16:33:00,LINE2-M02,298.6,307.5,1435,38.4,31,Running,True,510
511,2026-06-02T16:39:00,LINE1-M01,301.7,311.3,1168,38.9,33,Idle,True,511
512,2026-06-02T16:42:00,LINE2-M01,297.1,307.4,1349,31.6,36,Idle,True,512
513,2026-06-02T16:48:00,LINE3-M02,298.4,307.1,1663,30.0,38,Running,True,513
514,2026-06-02T16:51:00,LINE1-M01,302.2,311.6,1205,30.0,41,Running,True,514
515,2026-06-02T16:55:00,LINE3-M02,297.1,306.6,1616,44.2,43,Idle,True,515
516,2026-06-02T16:58:00,LINE3-M01,300.3,309.9,1364,41.8,45,Running,True,516
517,2026-06-02T17:00:00,LINE2-M02,301.2,312.3,1289,43.9,47,Idle,True,517
518,2026-06-02T17:06:00,LINE3-M02,296.6,304.5,1998,47.1,50,Stopped,False,518
519,2026-06-02T17:11:00,LINE2-M02,301.9,312.4,1868,40.0,55,Running,True,519
520,2026-06-02T17:15:00,LINE3-M01,298.3,305.1,1465,29.2,57,Running,True,520
521,2026-06-02T17:21:00,LINE1-M01,301.8,312.3,1448,28.6,59,Running,True,521
522,2026-06-02T17:26:00,LINE2-M01,298.0,307.7,1521,36.1,62,Running,True,522
523,2026-06-02T17:28:00,LINE1-M02,298.4,309.1,1702,41.6,65,Running,True,523
524,2026-06-02T17:33:00,LINE1-M01,300.7,309.5,1301,39.2,70,Running,True,524
525,2026-06-02T17:39:00,LINE3-M02,297.9,309.8,1168,44.6,72,Running,True,525
526,2026-06-02T17:44:00,LINE2-M01,302.5,312.1,1197,45.6,77,Running,True,526
527,2026-06-02T17:48:00,LINE2-M01,300.4,309.6,1642,36.5,79,Running,True,527
528,2026-06-02T17:54:00,LINE1-M01,296.8,307.7,1609,50.1,84,Running,True,528
529,2026-06-02T17:57:00,LINE3-M02,298.2,307.5,1795,52.0,86,Maintenance,False,529
530,2026-06-02T18:03:00,LINE2-M02,299.8,306.6,1505,36.8,89,Running,True,530
531,2026-06-02T18:08:00,LINE2-M02,298.2,309.6,1560,40.9,92,Idle,True,531
532,2026-06-02T18:10:00,LINE2-M02,302.7,312.9,1762,27.0,97,Running,True,532
533,2026-06-02T18:14:00,LINE2-M02,299.4,308.8,1484,42.9,99,Running,True,533
534,2026-06-02T18:17:00,LINE1-M02,299.8,310.8,1396,20.9,101,Stopped,True,534
535,2026-06-02T18:20:00,LINE2-M02,298.4,308.0,1303,44.8,104,Running,True,535
536,2026-06-02T18:23:00,LINE2-M02,301.6,311.0,1520,38.1,107,Running,True,536
537,2026-06-02T18:29:00,LINE3-M01,304.2,313.2,1507,44.1,109,Running,True,537
538,2026-06-02T18:32:00,LINE1-M01,298.0,306.9,1690,30.9,112,Running,True,538
539,2026-06-02T18:37:00,LINE1-M01,302.4,314.7,1361,28.4,114,Running,True,539
540,2026-06-02T18:40:00,LINE1-M02,298.7,307.2,2066,46.4,117,Maintenance,False,540
541,2026-06-02T18:42:00,LINE1-M02,298.4,309.8,1275,63.4,120,Running,True,541
542,2026-06-02T18:47:00,LINE3-M01,300.9,310.7,1851,39.4,123,Running,True,542
543,2026-06-02T18:52:00,LINE3-M02,297.9,309.1,1194,58.7,126,Running,True,543
544,2026-06-02T18:57:00,LINE2-M01,301.6,309.5,1168,53.1,128,Maintenance,False,544
545,2026-06-02T18:59:00,LINE3-M02,300.2,308.1,1580,29.6,130,Running,True,545
546,2026-06-02T19:04:00,LINE1-M02,300.6,310.6,1344,63.4,132,Running,True,546
547,2026-06-02T19:06:00,LINE3-M01,300.3,310.8,1977,30.8,137,Running,True,547
548,2026-06-02T19:08:00,LINE1-M02,298.3,307.8,1482,40.9,142,Running,True,548
549,2026-06-02T19:11:00,LINE3-M01,304.3,315.5,1513,50.2,144,Running,True,549
550,2026-06-02T19:13:00,LINE2-M02,304.0,314.3,1316,44.4,146,Running,True,550
551,2026-06-02T19:17:00,LINE1-M01,299.6,308.5,1387,42.6,148,Running,True,551
552,2026-06-02T19:23:00,LINE3-M01,297.1,307.1,1881,30.4,150,Running,True,552
553,2026-06-02T19:29:00,LINE2-M02,300.4,310.3,1168,17.3,153,Stopped,False,553
554,2026-06-02T19:35:00,LINE2-M02,300.8,310.3,1199,53.9,158,Running,True,554
555,2026-06-02T19:39:00,LINE3-M01,298.7,308.3,1885,28.6,163,Running,True,555
556,2026-06-02T19:43:00,LINE2-M02,299.6,308.2,1577,41.6,165,Running,True,556
557,2026-06-02T19:47:00,LINE1-M02,300.7,311.9,1752,32.4,170,Running,True,557
558,2026-06-02T19:51:00,LINE3-M01,295.1,303.6,1502,41.2,175,Running,True,558
559,2026-06-02T19:57:00,LINE1-M01,297.4,307.7,1562,33.4,178,Running,True,559
560,2026-06-02T19:59:00,LINE3-M02,295.6,306.3,1537,33.4,183,Running,True,560
561,2026-06-02T20:01:00,LINE3-M02,300.6,308.1,1168,39.3,185,Stopped,True,561
562,2026-06-02T20:03:00,LINE1-M01,300.1,309.7,1458,40.4,187,Running,True,562
563,2026-06-02T20:06:00,LINE2-M01,304.2,314.8,1168,50.9,192,Running,True,563
564,2026-06-02T20:08:00,LINE1-M02,301.3,312.0,1168,47.6,197,Running,True,564
565,2026-06-02T20:10:00,LINE3-M02,302.0,309.9,1585,53.2,200,Running,True,565
566,2026-06-02T20:13:00,LINE2-M01,301.9,313.7,1555,40.1,202,Running,True,566
567,2026-06-02T20:16:00,LINE1-M01,301.2,312.2,1168,69.1,204,Stopped,False,567
568,2026-06-02T20:19:00,LINE2-M02,302.0,312.4,1916,25.5,207,Running,True,568
569,2026-06-02T20:24:00,LINE3-M01,296.9,305.2,1348,52.0,209,Stopped,True,569
570,2026-06-02T20:27:00,LINE3-M01,298.5,308.5,1640,46.7,211,Running,True,570
571,2026-06-02T20:29:00,LINE2-M01,300.3,310.3,2092,27.0,213,Stopped,False,571
572,2026-06-02T20:34:00,LINE3-M01,296.5,308.4,1495,30.0,216,Maintenance,False,572
573,2026-06-02T20:39:00,LINE3-M02,296.3,305.2,1692,57.0,218,Maintenance,False,573
574,2026-06-02T20:41:00,LINE2-M02,298.9,309.6,1350,40.8,220,Stopped,False,574
575,2026-06-02T20:44:00,LINE3-M02,301.3,312.1,1409,65.1,223,Stopped,False,575
576,2026-06-02T20:50:00,LINE2-M01,298.1,308.7,1304,24.2,225,Maintenance,False,576
577,2026-06-02T20:53:00,LINE2-M02,301.3,311.4,1480,27.2,227,Stopped,False,577
578,2026-06-02T20:56:00,LINE3-M01,299.3,308.7,1168,51.2,229,Stopped,False,578
579,2026-06-02T21:00:00,LINE3-M01,302.5,312.9,1782,33.4,234,Running,True,579
580,2026-06-02T21:02:00,LINE1-M02,299.2,308.8,1317,54.2,236,Stopped,False,580
581,2026-06-02T21:05:00,LINE1-M01,298.5,308.7,1203,43.3,238,Running,True,581
582,2026-06-02T21:11:00,LINE1-M01,296.8,308.3,1687,46.4,240,Maintenance,False,582
583,2026-06-02T21:14:00,LINE2-M02,299.8,310.8,2049,43.1,0,Stopped,True,583
584,2026-06-02T21:17:00,LINE3-M01,299.2,308.9,1446,51.3,3,Idle,True,584
585,2026-06-02T21:22:00,LINE3-M02,299.1,308.7,1544,51.2,5,Running,True,585
586,2026-06-02T21:27:00,LINE3-M02,300.0,309.4,1219,44.2,10,Running,True,586
587,2026-06-02T21:29:00,LINE3-M01,299.6,310.0,1622,46.4,13,Running,True,587
588,2026-06-02T21:31:00,LINE3-M02,299.9,310.4,1740,46.2,15,Running,True,588
589,2026-06-02T21:35:00,LINE2-M01,302.6,313.4,1325,27.2,17,Running,True,589
590,2026-06-02T21:40:00,LINE3-M02,300.9,311.3,1187,53.0,22,Running,True,590
591,2026-06-02T21:46:00,LINE1-M02,299.8,310.3,1369,39.2,24,Running,True,591
592,2026-06-02T21:49:00,LINE2-M01,300.4,309.6,1888,27.8,29,Running,True,592
593,2026-06-02T21:54:00,LINE3-M02,298.9,309.3,1526,41.2,34,Idle,True,593
594,2026-06-02T21:57:00,LINE2-M02,297.7,308.4,1501,29.4,36,Running,True,594
595,2026-06-02T22:00:00,LINE1-M01,302.4,311.1,1680,44.5,41,Idle,True,595
596,2026-06-02T22:03:00,LINE1-M01,298.5,308.7,1734,53.0,44,Stopped,False,596
597,2026-06-02T22:08:00,LINE1-M01,302.4,312.3,1168,38.7,47,Running,True,597
598,2026-06-02T22:11:00,LINE3-M02,302.9,311.1,1630,19.6,50,Stopped,False,598
599,2026-06-02T22:17:00,LINE2-M02,302.4,313.5,1689,35.3,53,Running,True,599
600,2026-06-02T22:23:00,LINE3-M01,297.8,306.6,1559,33.7,56,Running,True,600
601,2026-06-02T22:27:00,LINE2-M01,302.0,311.3,1537,36.7,58,Running,True,601
602,2026-06-02T22:31:00,LINE2-M02,297.4,307.5,1401,28.2,60,Running,True,602
603,2026-06-02T22:37:00,LINE1-M02,299.6,309.5,1636,55.9,63,Maintenance,False,603
604,2026-06-02T22:43:00,LINE3-M02,298.3,308.7,1631,44.4,68,Idle,True,604
605,2026-06-02T22:47:00,LINE1-M01,301.6,311.5,1473,38.6,73,Running,True,605
606,2026-06-02T22:53:00,LINE2-M02,300.3,309.4,1168,43.7,78,Running,True,606
607,2026-06-02T22:56:00,LINE3-M02,300.3,310.0,1512,47.3,80,Running,True,607
608,2026-06-02T22:58:00,LINE3-M02,300.3,310.1,1301,49.3,82,Running,True,608
609,2026-06-02T23:02:00,LINE2-M02,302.5,312.1,1192,22.8,87,Maintenance,True,609
610,2026-06-02T23:07:00,LINE3-M01,299.8,309.8,1324,41.8,90,Running,True,610
611,2026-06-02T23:10:00,LINE3-M02,298.4,309.2,1743,38.2,95,Running,False,611
612,2026-06-02T23:16:00,LINE1-M02,302.3,312.4,1733,36.9,97,Running,True,612
613,2026-06-02T23:20:00,LINE3-M01,297.9,307.1,1521,26.6,99,Running,True,613
614,2026-06-02T23:24:00,LINE1-M02,300.8,310.8,1633,46.9,101,Running,True,614
615,2026-06-02T23:29:00,LINE3-M01,299.7,309.4,1168,30.9,106,Idle,True,615
616,2026-06-02T23:35:00,LINE2-M02,298.0,309.0,1285,28.8,111,Running,True,616
617,2026-06-02T23:40:00,LINE2-M01,303.1,313.2,1168,33.7,113,Running,True,617
618,2026-06-02T23:45:00,LINE1-M01,299.3,310.9,1865,44.6,118,Running,True,618
619,2026-06-02T23:49:00,LINE1-M01,301.3,312.1,1249,46.2,121,Running,True,619
620,2026-06-02T23:52:00,LINE1-M02,298.8,308.2,1630,49.6,124,Running,True,620
621,2026-06-02T23:58:00,LINE2-M02,300.8,310.3,1909,31.1,129,Running,True,621
622,2026-06-03T00:02:00,LINE3-M02,298.4,310.5,1930,38.7,132,Running,True,622
623,2026-06-03T00:04:00,LINE1-M02,299.6,309.1,1610,24.9,137,Running,True,623
624,2026-06-03T00:09:00,LINE3-M02,301.0,312.9,1385,25.8,142,Running,True,624
625,2026-06-03T00:14:00,LINE3-M01,302.4,314.1,1178,56.6,144,Running,True,625
626,2026-06-03T00:19:00,LINE2-M01,295.6,303.3,1524,16.4,146,Stopped,False,626
627,2026-06-03T00:24:00,LINE2-M01,297.8,308.9,1519,34.1,148,Running,True,627
628,2026-06-03T00:28:00,LINE3-M01,297.1,307.3,1191,45.0,150,Running,True,628
629,2026-06-03T00:30:00,LINE2-M02,299.3,308.6,1530,56.3,152,Stopped,False,629
630,2026-06-03T00:33:00,LINE3-M02,298.1,309.2,1384,45.2,157,Running,True,630
631,2026-06-03T00:35:00,LINE3-M02,301.9,312.1,1184,40.6,159,Running,True,631
632,2026-06-03T00:38:00,LINE2-M02,297.8,308.7,1678,42.8,161,Running,True,632
633,2026-06-03T00:42:00,LINE2-M01,303.0,313.4,1232,52.8,166,Idle,True,633
634,2026-06-03T00:44:00,LINE1-M01,296.7,307.7,1436,41.1,171,Running,True,634
635,2026-06-03T00:48:00,LINE2-M02,303.3,312.4,1919,33.4,173,Running,True,635
636,2026-06-03T00:51:00,LINE2-M01,297.7,308.4,1407,31.5,175,Stopped,True,636
637,2026-06-03T00:54:00,LINE2-M02,299.8,310.3,1766,37.3,177,Running,True,637
638,2026-06-03T00:57:00,LINE2-M01,302.3,313.5,1168,46.9,180,Running,True,638
639,2026-06-03T01:01:00,LINE3-M01,301.5,310.3,1730,50.3,185,Stopped,True,639
640,2026-06-03T01:04:00,LINE3-M02,301.6,312.0,1259,34.5,187,Running,True,640
641,2026-06-03T01:09:00,LINE2-M02,302.0,311.5,1168,57.7,189,Running,True,641
642,2026-06-03T01:12:00,LINE3-M02,300.9,310.5,1433,33.8,192,Idle,True,642
643,2026-06-03T01:16:00,LINE1-M02,301.0,310.2,1903,42.5,194,Running,True,643
644,2026-06-03T01:20:00,LINE2-M01,301.4,311.9,1524,41.8,197,Running,True,644
645,2026-06-03T01:22:00,LINE3-M02,300.7,310.9,1168,44.6,202,Running,True,645
646,2026-06-03T01:27:00,LINE3-M02,301.2,311.7,1379,40.7,204,Running,True,646
647,2026-06-03T01:31:00,LINE3-M02,300.7,310.8,1443,42.4,206,Running,False,647
648,2026-06-03T01:37:00,LINE1-M02,299.7,307.6,1256,35.3,208,Maintenance,False,648
649,2026-06-03T01:41:00,LINE1-M01,303.8,313.0,1168,37.9,213,Running,True,649
650,2026-06-03T01:44:00,LINE2-M01,299.5,310.4,1705,28.8,215,Running,True,650
651,2026-06-03T01:47:00,LINE3-M01,301.2,311.0,1512,37.2,217,Running,True,651
652,2026-06-03T01:50:00,LINE3-M02,297.6,308.9,1320,33.1,219,Stopped,False,652
653,2026-06-03T01:55:00,LINE2-M02,298.6,308.0,2212,34.6,221,Idle,True,653
654,2026-06-03T01:59:00,LINE3-M01,299.1,310.4,1168,30.5,223,Running,True,654
655,2026-06-03T02:03:00,LINE2-M02,299.0,309.7,1199,41.5,225,Stopped,True,655
656,2026-06-03T02:07:00,LINE3-M01,302.4,310.9,1296,45.8,228,Maintenance,False,656
657,2026-06-03T02:11:00,LINE1-M02,300.6,311.6,1171,52.6,233,Stopped,True,657
658,2026-06-03T02:13:00,LINE3-M01,298.5,308.0,1399,32.2,235,Maintenance,False,658
659,2026-06-03T02:16:00,LINE2-M02,296.8,307.1,1675,34.4,238,Idle,True,659
660,2026-06-03T02:20:00,LINE2-M01,300.5,310.9,1734,39.2,0,Running,True,660
661,2026-06-03T02:24:00,LINE1-M02,300.2,310.9,1706,28.2,3,Running,True,661
662,2026-06-03T02:27:00,LINE3-M02,297.3,307.5,1341,50.6,5,Running,True,662
663,2026-06-03T02:29:00,LINE1-M02,300.4,310.7,1278,52.3,7,Running,True,663
664,2026-06-03T02:34:00,LINE2-M01,301.3,310.3,1168,39.4,9,Running,True,664
665,2026-06-03T02:39:00,LINE2-M02,299.4,309.0,1583,54.0,11,Running,True,665
666,2026-06-03T02:44:00,LINE1-M02,294.9,305.0,1755,52.9,13,Maintenance,False,666
667,2026-06-03T02:49:00,LINE2-M01,300.3,310.7,1710,36.6,16,Running,True,667
668,2026-06-03T02:54:00,LINE1-M02,301.3,311.5,1298,31.0,18,Running,True,668
669,2026-06-03T02:56:00,LINE3-M01,302.7,313.6,1586,41.7,20,Running,True,669
670,2026-06-03T03:01:00,LINE1-M01,300.9,311.6,2053,41.3,23,Running,True,670
671,2026-06-03T03:07:00,LINE2-M01,297.8,309.9,1358,48.6,25,Running,True,671
672,2026-06-03T03:09:00,LINE2-M01,302.9,311.7,1561,50.1,27,Running,True,672
673,2026-06-03T03:11:00,LINE2-M01,298.2,310.0,1323,58.0,30,Running,True,673
674,2026-06-03T03:13:00,LINE1-M02,300.6,310.2,1887,37.4,35,Running,True,674
675,2026-06-03T03:17:00,LINE1-M01,300.5,311.0,1708,42.0,38,Running,True,675
676,2026-06-03T03:20:00,LINE3-M02,299.6,307.7,1857,47.9,43,Stopped,False,676
677,2026-06-03T03:22:00,LINE2-M01,295.6,306.9,1432,43.7,45,Running,True,677
678,2026-06-03T03:26:00,LINE2-M02,298.9,309.8,1319,16.0,47,Stopped,False,678
679,2026-06-03T03:28:00,LINE3-M01,299.2,308.5,1468,55.3,49,Running,True,679
680,2026-06-03T03:32:00,LINE2-M01,302.3,311.9,1476,38.1,51,Running,True,680
681,2026-06-03T03:36:00,LINE3-M01,303.6,313.3,1454,35.3,56,Running,True,681
682,2026-06-03T03:41:00,LINE2-M01,301.4,311.3,1168,39.0,59,Running,True,682
683,2026-06-03T03:45:00,LINE3-M02,299.7,310.6,1229,68.5,62,Running,True,683
684,2026-06-03T03:50:00,LINE3-M01,299.9,311.4,1679,39.7,67,Running,True,684
685,2026-06-03T03:54:00,LINE1-M01,298.0,307.0,1462,34.0,70,Running,True,685
686,2026-06-03T03:57:00,LINE1-M02,298.9,308.7,1773,48.7,73,Stopped,True,686
687,2026-06-03T04:00:00,LINE2-M01,300.1,310.7,1847,32.4,76,Running,True,687
688,2026-06-03T04:02:00,LINE2-M01,299.8,309.7,1901,30.8,81,Running,True,688
689,2026-06-03T04:06:00,LINE3-M01,302.6,312.0,1417,29.4,84,Running,True,689
690,2026-06-03T04:11:00,LINE3-M02,299.9,309.7,1622,39.7,86,Running,True,690
691,2026-06-03T04:14:00,LINE1-M02,300.1,308.6,1719,60.2,88,Stopped,False,691
692,2026-06-03T04:16:00,LINE1-M02,301.7,312.1,1311,25.7,91,Running,True,692
693,2026-06-03T04:18:00,LINE2-M02,299.8,308.9,1712,35.4,93,Running,True,693
694,2026-06-03T04:21:00,LINE1-M02,301.6,314.5,1734,43.1,96,Running,True,694
695,2026-06-03T04:26:00,LINE3-M01,303.9,314.2,1699,29.4,98,Running,True,695
696,2026-06-03T04:30:00,LINE3-M02,300.8,310.2,1575,55.3,103,Maintenance,False,696
697,2026-06-03T04:36:00,LINE3-M01,301.6,310.5,1583,54.6,108,Maintenance,False,697
698,2026-06-03T04:38:00,LINE2-M02,303.2,312.3,1458,53.0,110,Running,True,698
699,2026-06-03T04:40:00,LINE3-M01,298.9,307.8,1672,60.5,112,Maintenance,False,699
700,2026-06-03T04:44:00,LINE2-M02,301.6,312.5,1451,38.0,114,Running,True,700
701,2026-06-03T04:50:00,LINE3-M01,297.7,306.8,1943,36.8,119,Running,True,701
702,2026-06-03T04:52:00,LINE1-M02,297.8,308.3,1630,26.2,121,Running,True,702
703,2026-06-03T04:54:00,LINE1-M02,302.4,311.3,1168,53.0,123,Running,True,703
704,2026-06-03T04:56:00,LINE2-M02,300.3,309.4,1168,60.7,128,Running,True,704
705,2026-06-03T04:58:00,LINE2-M01,299.6,307.8,1653,20.7,131,Running,True,705
706,2026-06-03T05:04:00,LINE2-M02,299.1,310.8,1453,35.9,134,Running,True,706
707,2026-06-03T05:07:00,LINE2-M01,295.9,305.9,1414,24.0,136,Running,True,707
708,2026-06-03T05:10:00,LINE2-M02,299.0,308.1,1347,50.4,138,Running,True,708
709,2026-06-03T05:13:00,LINE3-M01,302.1,312.5,2036,45.5,140,Stopped,False,709
710,2026-06-03T05:19:00,LINE3-M01,296.2,306.2,1564,23.2,145,Running,True,710
711,2026-06-03T05:25:00,LINE2-M01,300.2,311.3,1248,41.2,147,Idle,True,711
712,2026-06-03T05:28:00,LINE1-M02,301.5,312.8,1728,23.1,149,Idle,True,712
713,2026-06-03T05:34:00,LINE3-M01,298.6,307.2,1468,46.1,151,Running,True,713
714,2026-06-03T05:37:00,LINE3-M01,301.4,311.5,1168,45.1,154,Running,True,714
715,2026-06-03T05:41:00,LINE1-M01,300.6,310.4,1609,44.2,156,Running,True,715
716,2026-06-03T05:43:00,LINE3-M02,300.5,309.9,1402,51.3,158,Running,True,716
717,2026-06-03T05:49:00,LINE1-M02,299.7,310.5,1483,36.3,163,Running,True,717
718,2026-06-03T05:53:00,LINE2-M02,300.5,310.7,1693,36.6,166,Running,False,718
719,2026-06-03T05:58:00,LINE2-M01,298.5,308.5,1594,41.5,168,Running,True,719
720,2026-06-03T06:01:00,LINE2-M02,301.7,312.7,1418,39.2,173,Running,True,720
721,2026-06-03T06:03:00,LINE2-M02,300.2,309.7,1168,20.4,176,Stopped,True,721
722,2026-06-03T06:09:00,LINE2-M01,297.8,308.0,1383,46.3,179,Running,True,722
723,2026-06-03T06:11:00,LINE1-M02,301.1,311.8,1200,34.8,181,Idle,True,723
724,2026-06-03T06:16:00,LINE3-M01,301.7,312.6,1445,43.3,184,Idle,True,724
725,2026-06-03T06:20:00,LINE3-M02,300.2,309.6,1358,51.1,187,Running,True,725
726,2026-06-03T06:22:00,LINE2-M01,299.9,310.4,1776,32.8,192,Running,True,726
727,2026-06-03T06:25:00,LINE2-M01,298.8,307.6,1661,42.9,195,Idle,True,727
728,2026-06-03T06:29:00,LINE2-M01,297.4,306.2,1168,52.1,198,Running,True,728
729,2026-06-03T06:35:00,LINE2-M02,301.3,311.7,1623,25.3,201,Running,True,729
730,2026-06-03T06:41:00,LINE2-M01,301.3,312.0,1363,28.3,203,Running,True,730
731,2026-06-03T06:44:00,LINE1-M01,300.8,310.2,1816,37.5,205,Running,True,731
732,2026-06-03T06:50:00,LINE3-M01,300.3,311.2,1742,33.5,207,Stopped,False,732
733,2026-06-03T06:55:00,LINE3-M02,298.1,306.7,1168,46.8,209,Stopped,False,733
734,2026-06-03T06:58:00,LINE1-M01,297.3,307.8,1995,40.8,211,Maintenance,True,734
735,2026-06-03T07:04:00,LINE3-M01,298.9,308.6,1826,33.9,213,Running,True,735
736,2026-06-03T07:06:00,LINE1-M01,301.4,311.9,1501,40.9,215,Stopped,False,736
737,2026-06-03T07:10:00,LINE2-M01,303.9,314.3,1695,53.1,218,Stopped,True,737
738,2026-06-03T07:14:00,LINE1-M01,297.7,307.7,1247,33.2,220,Maintenance,False,738
739,2026-06-03T07:16:00,LINE1-M02,301.5,310.9,1373,38.0,225,Stopped,True,739
740,2026-06-03T07:22:00,LINE1-M02,298.2,308.4,1429,39.8,227,Running,True,740
741,2026-06-03T07:27:00,LINE2-M02,299.8,309.7,1564,37.2,230,Stopped,True,741
742,2026-06-03T07:31:00,LINE1-M01,301.3,312.3,1248,23.5,232,Stopped,False,742
743,2026-06-03T07:37:00,LINE1-M01,303.3,311.7,1451,44.7,235,Stopped,True,743
744,2026-06-03T07:41:00,LINE3-M02,303.5,312.7,1616,37.7,237,Maintenance,False,744
745,2026-06-03T07:46:00,LINE1-M01,298.8,308.5,1631,33.1,0,Idle,True,745
746,2026-06-03T07:48:00,LINE1-M02,297.1,305.3,1444,41.7,2,Running,True,746
747,2026-06-03T07:54:00,LINE3-M01,299.3,309.1,1681,39.9,7,Running,True,747
748,2026-06-03T07:59:00,LINE3-M02,300.3,309.7,1455,56.9,9,Idle,True,748
749,2026-06-03T08:04:00,LINE1-M02,300.0,310.2,1395,53.8,12,Running,True,749
750,2026-06-03T08:08:00,LINE3-M01,301.2,312.1,1582,37.3,17,Running,True,750
751,2026-06-03T08:14:00,LINE3-M02,298.5,307.8,1538,51.2,19,Running,True,751
752,2026-06-03T08:20:00,LINE1-M02,301.2,310.3,1270,54.7,24,Running,True,752
753,2026-06-03T08:24:00,LINE2-M01,300.1,309.8,1868,8.7,26,Stopped,True,753
754,2026-06-03T08:26:00,LINE2-M02,299.3,309.9,1515,41.6,28,Running,True,754
755,2026-06-03T08:30:00,LINE3-M01,302.2,312.6,1188,37.1,30,Running,True,755
756,2026-06-03T08:32:00,LINE2-M02,300.2,309.9,1580,58.4,33,Maintenance,False,756
757,2026-06-03T08:37:00,LINE2-M01,299.5,310.9,1723,54.4,38,Stopped,True,757
758,2026-06-03T08:42:00,LINE1-M02,301.4,310.9,1384,10.9,40,Stopped,False,758
759,2026-06-03T08:44:00,LINE3-M01,298.4,308.2,1281,62.8,42,Running,True,759
760,2026-06-03T08:47:00,LINE2-M01,302.3,312.2,1858,27.8,44,Running,True,760
761,2026-06-03T08:50:00,LINE2-M02,301.3,309.7,1561,29.0,47,Running,True,761
762,2026-06-03T08:52:00,LINE3-M01,298.2,308.0,1852,37.3,49,Running,True,762
763,2026-06-03T08:56:00,LINE3-M02,301.8,312.9,1369,33.6,51,Running,True,763
764,2026-06-03T09:00:00,LINE2-M02,299.6,310.2,1520,33.8,53,Running,True,764
765,2026-06-03T09:03:00,LINE2-M01,301.9,312.4,1597,37.2,55,Running,True,765
766,2026-06-03T09:07:00,LINE2-M02,300.6,309.7,1383,49.0,57,Running,True,766
767,2026-06-03T09:10:00,LINE1-M02,299.8,310.4,1369,56.6,59,Running,True,767
768,2026-06-03T09:12:00,LINE1-M01,297.7,307.1,1553,45.7,62,Idle,True,768
769,2026-06-03T09:16:00,LINE3-M01,300.2,310.2,2028,47.6,67,Maintenance,True,769
770,2026-06-03T09:18:00,LINE1-M01,296.6,306.6,1525,34.3,70,Running,True,770
771,2026-06-03T09:23:00,LINE1-M01,299.8,306.6,1687,33.6,73,Running,True,771
772,2026-06-03T09:29:00,LINE1-M02,302.0,311.5,1631,40.1,75,Running,True,772
773,2026-06-03T09:33:00,LINE1-M02,300.0,310.6,1535,33.2,77,Idle,True,773
774,2026-06-03T09:35:00,LINE3-M01,301.2,311.4,1619,30.7,79,Idle,True,774
775,2026-06-03T09:37:00,LINE3-M01,298.3,308.4,1390,38.3,82,Running,True,775
776,2026-06-03T09:41:00,LINE2-M01,299.7,309.8,1303,40.4,87,Running,True,776
777,2026-06-03T09:45:00,LINE3-M02,302.4,311.8,1670,26.0,90,Idle,True,777
778,2026-06-03T09:50:00,LINE2-M02,299.1,310.3,1334,40.3,93,Running,True,778
779,2026-06-03T09:56:00,LINE3-M02,302.1,312.9,1481,30.4,95,Running,True,779
780,2026-06-03T09:59:00,LINE1-M02,297.2,305.9,1928,45.2,97,Stopped,False,780
781,2026-06-03T10:04:00,LINE2-M02,300.6,310.9,1168,32.9,99,Running,True,781
782,2026-06-03T10:08:00,LINE1-M01,300.4,311.2,2044,48.1,104,Stopped,True,782
783,2026-06-03T10:14:00,LINE3-M01,299.7,308.4,1605,19.7,106,Maintenance,False,783
784,2026-06-03T10:16:00,LINE2-M01,297.6,306.7,1355,27.6,109,Running,True,784
785,2026-06-03T10:21:00,LINE3-M02,302.9,312.5,1900,17.7,111,Idle,True,785
786,2026-06-03T10:25:00,LINE3-M02,302.6,312.4,1178,48.2,114,Running,False,786
787,2026-06-03T10:29:00,LINE3-M01,299.9,308.6,1649,36.8,116,Running,True,787
788,2026-06-03T10:32:00,LINE3-M02,293.9,303.5,1215,43.6,121,Running,True,788
789,2026-06-03T10:35:00,LINE2-M02,301.2,311.8,1206,43.3,126,Running,True,789
790,2026-06-03T10:37:00,LINE3-M01,300.6,310.4,1389,31.0,129,Running,True,790
791,2026-06-03T10:43:00,LINE3-M01,300.4,311.0,1865,51.1,131,Stopped,False,791
792,2026-06-03T10:46:00,LINE2-M01,299.3,309.5,1192,38.7,133,Running,True,792
793,2026-06-03T10:52:00,LINE2-M01,298.7,308.8,1432,44.7,136,Running,True,793
794,2026-06-03T10:56:00,LINE3-M02,297.2,307.0,1891,45.5,141,Maintenance,False,794
795,2026-06-03T11:01:00,LINE1-M02,300.1,311.4,2103,46.6,143,Stopped,False,795
796,2026-06-03T11:03:00,LINE2-M01,299.1,313.2,1612,30.3,146,Running,True,796
797,2026-06-03T11:06:00,LINE1-M02,298.5,308.1,1611,31.1,149,Running,True,797
798,2026-06-03T11:10:00,LINE3-M01,300.1,311.1,1703,30.7,154,Running,True,798
799,2026-06-03T11:13:00,LINE2-M01,298.9,308.8,1315,41.4,156,Running,True,799
800,2026-06-03T11:19:00,LINE1-M02,299.4,308.9,2054,43.8,161,Maintenance,False,800
801,2026-06-03T11:21:00,LINE2-M01,299.0,307.8,1865,28.8,164,Running,True,801
802,2026-06-03T11:27:00,LINE1-M01,300.1,307.9,1483,40.1,166,Running,True,802
803,2026-06-03T11:33:00,LINE2-M01,300.8,311.8,1568,43.1,168,Running,True,803
804,2026-06-03T11:35:00,LINE1-M01,301.4,310.5,1168,42.7,170,Idle,True,804
805,2026-06-03T11:39:00,LINE2-M02,299.1,309.3,1281,40.3,173,Running,True,805
806,2026-06-03T11:45:00,LINE1-M02,299.1,309.0,1572,45.3,175,Running,True,806
807,2026-06-03T11:50:00,LINE2-M01,299.6,309.8,1536,39.7,177,Running,True,807
808,2026-06-03T11:53:00,LINE3-M01,300.3,310.7,1474,60.1,182,Stopped,False,808
809,2026-06-03T11:56:00,LINE1-M02,302.0,311.6,1526,35.2,184,Running,True,809
810,2026-06-03T11:58:00,LINE3-M01,298.0,305.9,1314,42.2,186,Maintenance,False,810
811,2026-06-03T12:00:00,LINE3-M01,301.6,311.2,1313,49.8,191,Running,True,811
812,2026-06-03T12:05:00,LINE3-M02,300.1,309.9,1499,27.9,193,Running,True,812
813,2026-06-03T12:09:00,LINE1-M01,302.8,312.9,1708,16.1,195,Maintenance,False,813
814,2026-06-03T12:11:00,LINE1-M02,300.5,309.2,1484,37.6,197,Running,True,814
815,2026-06-03T12:17:00,LINE2-M02,295.8,306.5,1682,44.2,200,Running,True,815
816,2026-06-03T12:20:00,LINE1-M01,299.9,310.1,1528,23.8,202,Running,True,816
817,2026-06-03T12:23:00,LINE1-M02,299.7,308.3,1192,34.2,204,Running,True,817
818,2026-06-03T12:28:00,LINE2-M02,301.0,311.5,1542,50.0,207,Running,True,818
819,2026-06-03T12:33:00,LINE1-M02,300.0,309.8,1574,34.3,210,Running,True,819
820,2026-06-03T12:38:00,LINE3-M02,298.0,307.3,2021,42.8,212,Stopped,False,820
821,2026-06-03T12:40:00,LINE3-M01,302.6,312.6,1346,53.8,214,Stopped,False,821
822,2026-06-03T12:46:00,LINE3-M02,301.2,312.8,1647,52.4,217,Maintenance,False,822
823,2026-06-03T12:50:00,LINE3-M02,298.3,309.3,1201,43.7,220,Running,True,823
824,2026-06-03T12:54:00,LINE2-M01,299.6,308.5,1789,39.7,223,Stopped,False,824
825,2026-06-03T12:59:00,LINE1-M02,299.6,309.9,1488,47.5,226,Stopped,False,825
826,2026-06-03T13:02:00,LINE3-M01,298.8,308.2,1393,38.7,229,Stopped,False,826
827,2026-06-03T13:04:00,LINE3-M02,300.1,311.7,1454,43.3,234,Running,True,827
828,2026-06-03T13:09:00,LINE2-M01,300.6,310.1,1849,32.0,237,Idle,True,828
829,2026-06-03T13:11:00,LINE3-M01,303.1,313.2,1539,60.2,240,Stopped,False,829
830,2026-06-03T13:14:00,LINE3-M02,298.0,308.9,1202,48.1,0,Running,True,830
831,2026-06-03T13:16:00,LINE1-M02,298.5,308.5,1730,40.0,5,Running,True,831
832,2026-06-03T13:21:00,LINE2-M01,305.1,315.1,1521,37.3,7,Running,True,832
833,2026-06-03T13:26:00,LINE2-M02,301.8,310.7,1168,43.3,9,Running,True,833
834,2026-06-03T13:28:00,LINE1-M02,299.5,308.0,1286,55.8,12,Stopped,False,834
835,2026-06-03T13:30:00,LINE3-M02,297.9,308.0,1351,66.6,14,Maintenance,False,835
836,2026-06-03T13:36:00,LINE1-M02,299.9,308.1,1344,44.4,16,Maintenance,False,836
837,2026-06-03T13:40:00,LINE1-M01,299.3,308.4,1168,48.8,18,Running,True,837
838,2026-06-03T13:46:00,LINE2-M01,300.2,309.9,1404,23.4,23,Stopped,False,838
839,2026-06-03T13:50:00,LINE3-M02,301.0,311.4,1607,53.5,25,Stopped,False,839
840,2026-06-03T13:54:00,LINE3-M01,303.4,313.7,1378,63.6,27,Maintenance,False,840
841,2026-06-03T13:58:00,LINE2-M01,302.1,311.7,1721,39.5,32,Running,True,841
842,2026-06-03T14:01:00,LINE2-M02,298.6,308.6,1830,51.9,34,Stopped,False,842
843,2026-06-03T14:06:00,LINE1-M02,298.3,308.3,1663,67.9,36,Stopped,False,843
844,2026-06-03T14:11:00,LINE3-M02,296.2,306.1,1728,20.7,38,Running,True,844
845,2026-06-03T14:14:00,LINE3-M01,298.5,307.4,1540,26.9,43,Running,True,845
846,2026-06-03T14:18:00,LINE1-M02,300.7,309.9,1744,30.2,48,Running,True,846
847,2026-06-03T14:22:00,LINE2-M02,300.9,311.1,1412,26.8,50,Running,True,847
848,2026-06-03T14:27:00,LINE1-M02,294.2,304.3,1731,28.9,53,Running,True,848
849,2026-06-03T14:31:00,LINE1-M01,296.3,305.9,1755,34.6,56,Running,True,849
850,2026-06-03T14:36:00,LINE2-M01,299.8,310.7,1797,38.4,61,Running,True,850
851,2026-06-03T14:40:00,LINE1-M02,301.4,311.5,1745,34.1,64,Running,True,851
852,2026-06-03T14:45:00,LINE3-M02,300.7,312.7,1623,56.4,66,Stopped,True,852
853,2026-06-03T14:47:00,LINE1-M01,299.2,306.7,1797,39.3,68,Running,True,853
854,2026-06-03T14:53:00,LINE1-M01,302.5,311.7,1649,36.3,70,Running,True,854
855,2026-06-03T14:55:00,LINE3-M02,297.2,308.4,1483,48.5,73,Idle,True,855
856,2026-06-03T14:58:00,LINE2-M01,301.0,309.6,1335,44.0,76,Running,True,856
857,2026-06-03T15:01:00,LINE2-M01,300.6,311.3,1475,48.4,81,Idle,True,857
858,2026-06-03T15:03:00,LINE3-M02,297.6,307.7,1439,38.1,84,Running,True,858
859,2026-06-03T15:07:00,LINE2-M02,302.5,311.7,1284,45.9,86,Running,True,859
860,2026-06-03T15:13:00,LINE3-M02,298.7,309.6,1668,42.1,88,Running,True,860
861,2026-06-03T15:15:00,LINE2-M01,300.7,311.7,1602,23.1,90,Running,True,861
862,2026-06-03T15:21:00,LINE3-M01,305.7,317.0,1168,34.8,95,Running,True,862
863,2026-06-03T15:24:00,LINE2-M01,298.7,309.4,1771,43.8,97,Running,True,863
864,2026-06-03T15:29:00,LINE3-M02,302.5,310.9,1333,32.2,100,Maintenance,False,864
865,2026-06-03T15:32:00,LINE3-M02,302.6,312.4,1541,47.3,102,Running,True,865
866,2026-06-03T15:34:00,LINE1-M02,294.2,304.1,1360,37.8,104,Running,True,866
867,2026-06-03T15:38:00,LINE3-M02,297.0,306.7,1475,32.7,106,Idle,True,867
868,2026-06-03T15:43:00,LINE3-M02,300.2,309.7,1664,40.3,109,Running,True,868
869,2026-06-03T15:46:00,LINE2-M02,299.6,310.1,1525,27.8,111,Running,True,869
870,2026-06-03T15:48:00,LINE3-M02,297.8,307.6,1447,47.1,116,Running,True,870
871,2026-06-03T15:53:00,LINE1-M01,296.8,306.1,1168,48.0,118,Running,True,871
872,2026-06-03T15:55:00,LINE2-M02,299.2,308.8,1452,48.9,123,Running,True,872
873,2026-06-03T16:00:00,LINE2-M01,299.0,308.2,1502,47.7,125,Running,True,873
874,2026-06-03T16:05:00,LINE1-M02,300.3,309.8,1353,45.0,130,Running,True,874
875,2026-06-03T16:11:00,LINE3-M01,299.7,309.2,1656,3.8,135,Stopped,True,875
876,2026-06-03T16:13:00,LINE3-M02,296.0,307.4,1299,38.0,138,Running,True,876
877,2026-06-03T16:15:00,LINE2-M02,298.7,308.4,1263,42.3,140,Running,True,877
878,2026-06-03T16:17:00,LINE3-M01,302.9,313.1,1699,51.0,142,Stopped,False,878
879,2026-06-03T16:22:00,LINE1-M01,299.8,311.2,1702,33.3,144,Running,True,879
880,2026-06-03T16:27:00,LINE2-M01,301.1,311.7,1356,48.9,147,Running,True,880
881,2026-06-03T16:29:00,LINE2-M01,298.2,309.9,1713,38.5,149,Running,True,881
882,2026-06-03T16:31:00,LINE1-M01,300.6,309.9,1651,22.4,151,Running,True,882
883,2026-06-03T16:33:00,LINE2-M01,299.3,308.0,2128,23.7,153,Running,True,883
884,2026-06-03T16:35:00,LINE2-M02,303.1,312.2,1224,44.5,155,Running,True,884
885,2026-06-03T16:41:00,LINE1-M02,300.5,311.2,1168,45.8,157,Running,True,885
886,2026-06-03T16:43:00,LINE2-M02,299.1,308.4,1865,32.0,159,Running,True,886
887,2026-06-03T16:46:00,LINE3-M01,297.3,307.0,1620,32.3,164,Running,True,887
888,2026-06-03T16:49:00,LINE1-M01,300.1,309.3,1425,52.9,166,Running,True,888
889,2026-06-03T16:53:00,LINE2-M01,299.6,310.3,1705,38.2,171,Running,True,889
890,2026-06-03T16:59:00,LINE3-M01,296.5,309.3,1770,42.0,176,Running,True,890
891,2026-06-03T17:03:00,LINE1-M01,300.8,311.2,1168,37.4,178,Running,True,891
892,2026-06-03T17:08:00,LINE3-M02,297.5,309.0,1751,49.5,183,Stopped,False,892
893,2026-06-03T17:11:00,LINE1-M01,304.0,315.1,1512,35.1,188,Running,True,893
894,2026-06-03T17:15:00,LINE3-M02,300.8,311.7,1547,40.0,191,Running,True,894
895,2026-06-03T17:19:00,LINE1-M01,302.2,311.5,1196,42.2,193,Running,True,895
896,2026-06-03T17:21:00,LINE1-M01,301.3,310.9,1588,31.7,196,Running,True,896
897,2026-06-03T17:27:00,LINE1-M01,294.8,303.5,1589,18.0,199,Maintenance,False,897
898,2026-06-03T17:31:00,LINE1-M02,303.5,312.8,1404,38.7,202,Running,True,898
899,2026-06-03T17:37:00,LINE2-M01,302.4,310.2,1772,33.8,204,Running,True,899
900,2026-06-03T17:41:00,LINE2-M02,300.2,312.3,1168,55.9,206,Stopped,True,900
901,2026-06-03T17:44:00,LINE1-M02,297.6,307.5,1360,33.3,208,Running,True,901
902,2026-06-03T17:49:00,LINE3-M01,297.9,305.6,1671,44.3,213,Running,True,902
903,2026-06-03T17:54:00,LINE3-M02,301.0,311.6,1168,27.6,215,Stopped,True,903
904,2026-06-03T17:56:00,LINE1-M01,300.7,309.6,1970,27.7,218,Stopped,True,904
905,2026-06-03T18:02:00,LINE1-M01,298.8,308.8,1495,41.2,221,Running,True,905
906,2026-06-03T18:08:00,LINE3-M02,301.5,310.2,1752,36.6,226,Running,True,906
907,2026-06-03T18:12:00,LINE2-M01,304.1,314.6,1403,54.1,228,Stopped,True,907
908,2026-06-03T18:15:00,LINE1-M01,302.1,312.8,1210,45.5,230,Stopped,False,908
909,2026-06-03T18:21:00,LINE1-M02,296.3,303.2,1623,36.4,235,Maintenance,False,909
910,2026-06-03T18:27:00,LINE1-M02,304.0,313.1,1171,36.5,237,Stopped,True,910
911,2026-06-03T18:29:00,LINE2-M01,298.0,306.0,1530,41.7,239,Maintenance,False,911
912,2026-06-03T18:31:00,LINE2-M02,300.4,311.4,1405,17.5,0,Maintenance,True,912
913,2026-06-03T18:37:00,LINE1-M01,297.0,307.9,1540,44.7,3,Running,True,913
914,2026-06-03T18:43:00,LINE2-M02,301.8,311.3,1243,50.9,5,Running,True,914
915,2026-06-03T18:49:00,LINE2-M02,300.2,310.7,1571,38.4,7,Running,True,915
916,2026-06-03T18:55:00,LINE2-M01,299.5,309.3,1168,47.5,10,Running,True,916
917,2026-06-03T18:59:00,LINE3-M01,300.4,310.0,1603,40.7,15,Running,True,917
918,2026-06-03T19:04:00,LINE2-M01,298.4,308.6,1274,41.0,18,Running,True,918
919,2026-06-03T19:07:00,LINE1-M01,298.1,308.6,1821,36.5,20,Running,True,919
920,2026-06-03T19:10:00,LINE3-M02,301.7,312.4,1392,61.9,25,Stopped,True,920
921,2026-06-03T19:14:00,LINE3-M02,298.4,309.1,2023,25.7,28,Running,True,921
922,2026-06-03T19:19:00,LINE2-M02,301.7,311.1,1615,65.6,30,Stopped,False,922
923,2026-06-03T19:25:00,LINE1-M02,298.8,310.4,1695,47.8,33,Running,True,923
924,2026-06-03T19:31:00,LINE2-M01,300.8,310.3,1379,38.3,36,Running,True,924
925,2026-06-03T19:35:00,LINE1-M01,299.2,309.4,1610,39.0,38,Running,True,925
926,2026-06-03T19:40:00,LINE1-M01,299.2,308.4,1168,23.8,40,Stopped,False,926
927,2026-06-03T19:43:00,LINE2-M02,302.4,314.5,1590,3.9,43,Maintenance,False,927
928,2026-06-03T19:46:00,LINE1-M01,299.6,308.1,1666,29.6,45,Running,True,928
929,2026-06-03T19:48:00,LINE3-M01,298.8,308.1,1444,26.7,48,Running,True,929
930,2026-06-03T19:54:00,LINE1-M02,300.8,311.3,1574,39.9,53,Running,True,930
931,2026-06-03T19:56:00,LINE2-M02,299.8,310.4,1528,37.6,55,Running,True,931
932,2026-06-03T19:59:00,LINE2-M01,298.0,307.6,1269,46.9,60,Idle,True,932
933,2026-06-03T20:02:00,LINE3-M01,296.4,306.7,1449,37.0,65,Running,True,933
934,2026-06-03T20:06:00,LINE2-M01,298.7,306.8,1228,58.4,67,Stopped,False,934
935,2026-06-03T20:08:00,LINE2-M02,296.8,306.4,1573,29.1,70,Running,True,935
936,2026-06-03T20:14:00,LINE2-M01,296.0,304.1,1196,61.3,73,Stopped,True,936
937,2026-06-03T20:16:00,LINE3-M02,297.5,308.0,2417,35.5,76,Running,True,937
938,2026-06-03T20:20:00,LINE3-M02,300.6,310.5,1338,42.1,79,Running,True,938
939,2026-06-03T20:23:00,LINE3-M01,299.9,308.7,1877,23.4,84,Running,True,939
940,2026-06-03T20:28:00,LINE1-M01,303.0,311.9,1440,38.3,86,Running,True,940
941,2026-06-03T20:30:00,LINE1-M02,296.2,306.5,1168,40.8,89,Running,True,941
942,2026-06-03T20:36:00,LINE2-M02,299.3,308.5,1493,45.0,92,Running,True,942
943,2026-06-03T20:39:00,LINE3-M01,301.4,310.6,1642,25.8,95,Running,True,943
944,2026-06-03T20:44:00,LINE1-M01,302.6,312.6,1281,23.1,97,Stopped,False,944
945,2026-06-03T20:50:00,LINE1-M02,300.6,310.7,1460,39.3,99,Running,True,945
946,2026-06-03T20:56:00,LINE1-M02,300.4,309.9,1402,32.5,104,Running,True,946
947,2026-06-03T21:01:00,LINE1-M02,303.8,311.6,1503,51.9,107,Running,True,947
948,2026-06-03T21:06:00,LINE1-M02,298.1,308.1,1548,58.9,112,Maintenance,True,948
949,2026-06-03T21:09:00,LINE2-M02,300.1,309.3,1696,21.4,114,Running,True,949
950,2026-06-03T21:13:00,LINE1-M02,301.1,311.6,1861,49.6,117,Maintenance,False,950
951,2026-06-03T21:18:00,LINE3-M02,303.7,312.8,1168,45.6,119,Running,True,951
952,2026-06-03T21:20:00,LINE1-M02,301.9,310.4,1524,27.9,121,Idle,True,952
953,2026-06-03T21:24:00,LINE3-M02,300.7,309.5,1273,20.6,123,Maintenance,False,953
954,2026-06-03T21:26:00,LINE3-M01,299.2,310.0,1480,38.5,126,Running,True,954
955,2026-06-03T21:32:00,LINE3-M01,297.2,305.4,1168,37.5,129,Maintenance,False,955
956,2026-06-03T21:35:00,LINE2-M01,298.0,308.7,1442,27.6,134,Running,True,956
957,2026-06-03T21:41:00,LINE2-M02,298.7,308.0,1518,36.0,139,Running,True,957
958,2026-06-03T21:44:00,LINE2-M01,301.1,311.6,1358,46.2,141,Running,True,958
959,2026-06-03T21:46:00,LINE1-M02,296.7,306.3,1661,41.5,144,Running,True,959
960,2026-06-03T21:49:00,LINE1-M02,299.8,310.0,1455,41.5,149,Running,True,960
961,2026-06-03T21:51:00,LINE3-M01,300.9,311.9,1168,53.5,151,Idle,True,961
962,2026-06-03T21:54:00,LINE1-M02,300.1,309.8,1660,43.2,153,Running,True,962
963,2026-06-03T21:59:00,LINE2-M01,296.0,305.3,1337,30.3,158,Running,True,963
964,2026-06-03T22:01:00,LINE1-M01,300.4,310.6,1518,45.1,160,Idle,True,964
965,2026-06-03T22:06:00,LINE2-M02,301.3,310.2,1718,39.9,162,Idle,False,965
966,2026-06-03T22:09:00,LINE2-M02,301.4,310.3,1335,38.0,165,Idle,True,966
967,2026-06-03T22:11:00,LINE2-M02,300.5,309.6,1524,48.3,170,Idle,True,967
968,2026-06-03T22:14:00,LINE2-M02,302.4,311.5,1608,40.3,173,Running,False,968
969,2026-06-03T22:18:00,LINE1-M02,302.5,314.7,1187,50.2,176,Running,True,969
970,2026-06-03T22:20:00,LINE2-M02,299.7,308.5,1433,40.4,181,Running,True,970
971,2026-06-03T22:26:00,LINE3-M01,297.5,307.1,1664,32.2,183,Running,True,971
972,2026-06-03T22:31:00,LINE1-M02,296.8,306.6,1237,48.2,188,Running,True,972
973,2026-06-03T22:33:00,LINE1-M02,299.1,311.2,1259,63.0,190,Stopped,False,973
974,2026-06-03T22:35:00,LINE3-M01,297.1,308.4,1168,27.2,193,Stopped,False,974
975,2026-06-03T22:40:00,LINE3-M02,299.8,309.4,1302,43.0,198,Running,True,975
976,2026-06-03T22:42:00,LINE1-M01,304.6,314.4,1347,55.1,200,Stopped,False,976
977,2026-06-03T22:44:00,LINE2-M01,298.3,310.1,1474,57.7,203,Idle,True,977
978,2026-06-03T22:48:00,LINE3-M01,299.0,310.2,1542,30.9,208,Running,True,978
979,2026-06-03T22:53:00,LINE2-M01,301.7,311.9,1878,24.8,210,Running,True,979
980,2026-06-03T22:55:00,LINE3-M02,300.8,312.1,1678,35.2,215,Maintenance,False,980
981,2026-06-03T22:59:00,LINE3-M02,302.3,311.5,1601,43.7,217,Stopped,False,981
982,2026-06-03T23:04:00,LINE3-M02,302.6,311.5,1530,36.2,220,Stopped,False,982
983,2026-06-03T23:06:00,LINE3-M02,296.7,307.7,1464,37.4,222,Running,True,983
984,2026-06-03T23:12:00,LINE1-M02,299.7,309.3,1564,31.8,225,Running,True,984
985,2026-06-03T23:15:00,LINE1-M01,301.7,310.0,1675,46.8,227,Maintenance,False,985
986,2026-06-03T23:20:00,LINE3-M01,300.9,311.6,1446,48.7,229,Stopped,False,986
987,2026-06-03T23:25:00,LINE1-M02,301.5,311.9,1697,31.5,232,Stopped,False,987
988,2026-06-03T23:30:00,LINE3-M02,301.5,311.5,1168,44.7,237,Stopped,False,988
989,2026-06-03T23:36:00,LINE3-M02,299.3,311.7,1517,37.1,240,Stopped,False,989
990,2026-06-03T23:40:00,LINE1-M01,303.2,313.7,1243,44.3,0,Running,True,990
991,2026-06-03T23:45:00,LINE1-M01,297.4,306.5,1391,54.2,3,Running,True,991
992,2026-06-03T23:50:00,LINE2-M01,300.0,309.8,1423,21.8,5,Stopped,False,992
993,2026-06-03T23:52:00,LINE3-M02,300.5,310.5,1660,39.7,10,Idle,True,993
994,2026-06-03T23:56:00,LINE1-M02,303.4,312.8,1790,36.0,13,Running,True,994
995,2026-06-04T00:00:00,LINE3-M01,301.4,311.6,1642,27.9,15,Running,True,995
996,2026-06-04T00:03:00,LINE1-M01,300.6,310.3,1344,40.5,18,Running,True,996
997,2026-06-04T00:07:00,LINE2-M02,301.0,310.1,1375,30.7,21,Idle,True,997
998,2026-06-04T00:10:00,LINE3-M01,300.2,310.7,1450,40.8,24,Running,True,998
999,2026-06-04T00:16:00,LINE3-M01,301.9,313.2,1168,50.9,26,Running,True,999
1000,2026-06-04T00:22:00,LINE1-M01,299.2,307.1,1372,48.8,29,Stopped,False,1000
1001,2026-06-04T00:26:00,LINE1-M01,300.1,310.1,1168,54.3,31,Idle,True,1001
1002,2026-06-04T00:28:00,LINE1-M01,298.0,307.0,1711,35.3,34,Running,True,1002
1003,2026-06-04T00:34:00,LINE2-M02,297.0,307.3,1901,28.0,37,Idle,True,1003
1004,2026-06-04T00:38:00,LINE3-M02,300.9,311.7,1368,33.0,39,Running,True,1004
1005,2026-06-04T00:41:00,LINE1-M02,298.6,308.3,1633,33.3,44,Running,True,1005
1006,2026-06-04T00:44:00,LINE3-M02,299.0,307.5,1396,64.6,49,Stopped,False,1006
1007,2026-06-04T00:47:00,LINE2-M01,296.1,307.0,1318,23.7,51,Maintenance,False,1007
1008,2026-06-04T00:53:00,LINE1-M01,299.5,308.2,1257,25.2,56,Maintenance,False,1008
1009,2026-06-04T00:58:00,LINE3-M01,299.7,308.5,1754,46.7,61,Running,True,1009
1010,2026-06-04T01:03:00,LINE3-M02,301.6,310.7,1483,32.1,63,Running,True,1010
1011,2026-06-04T01:09:00,LINE1-M01,297.9,307.9,1768,44.6,68,Idle,True,1011
1012,2026-06-04T01:14:00,LINE1-M02,296.2,307.7,1653,42.1,70,Idle,True,1012
1013,2026-06-04T01:18:00,LINE2-M02,298.9,307.8,2015,54.6,72,Maintenance,False,1013
1014,2026-06-04T01:24:00,LINE2-M01,303.1,312.6,1494,30.9,74,Running,True,1014
1015,2026-06-04T01:28:00,LINE3-M01,299.0,307.7,1495,23.6,79,Running,True,1015
1016,2026-06-04T01:34:00,LINE1-M02,300.4,310.0,1759,37.5,81,Running,True,1016
1017,2026-06-04T01:39:00,LINE2-M02,300.4,311.4,1289,32.9,83,Running,False,1017
1018,2026-06-04T01:44:00,LINE1-M01,297.8,306.8,1538,50.2,85,Idle,True,1018
1019,2026-06-04T01:47:00,LINE2-M01,298.5,308.9,1399,31.4,87,Idle,True,1019
1020,2026-06-04T01:50:00,LINE2-M02,299.9,309.8,1905,22.4,92,Running,True,1020
1021,2026-06-04T01:54:00,LINE2-M02,300.8,310.4,1604,53.2,95,Running,True,1021
1022,2026-06-04T01:56:00,LINE3-M01,299.4,308.6,1748,32.0,97,Running,True,1022
1023,2026-06-04T02:00:00,LINE2-M02,298.0,307.7,1674,46.3,99,Running,True,1023
1024,2026-06-04T02:04:00,LINE1-M02,302.0,312.7,1697,30.7,101,Running,True,1024
1025,2026-06-04T02:10:00,LINE3-M01,304.8,314.0,1511,35.4,103,Running,True,1025
1026,2026-06-04T02:12:00,LINE2-M01,297.9,306.1,1476,52.4,105,Running,True,1026
1027,2026-06-04T02:17:00,LINE3-M02,302.9,312.6,1559,54.2,107,Running,True,1027
1028,2026-06-04T02:19:00,LINE2-M01,301.1,311.4,1759,58.6,109,Maintenance,False,1028
1029,2026-06-04T02:21:00,LINE1-M02,301.9,313.0,1282,51.5,111,Running,True,1029
1030,2026-06-04T02:25:00,LINE2-M02,299.2,309.4,1708,43.0,113,Running,True,1030
1031,2026-06-04T02:28:00,LINE2-M02,299.7,311.2,1313,63.5,116,Running,True,1031
1032,2026-06-04T02:31:00,LINE3-M02,301.9,310.2,2003,32.9,118,Running,True,1032
1033,2026-06-04T02:34:00,LINE1-M02,302.8,312.9,1921,23.1,120,Running,True,1033
1034,2026-06-04T02:37:00,LINE3-M01,300.8,311.3,1300,35.6,125,Running,True,1034
1035,2026-06-04T02:43:00,LINE2-M02,299.1,310.9,1496,34.3,130,Running,True,1035
1036,2026-06-04T02:49:00,LINE1-M01,298.1,307.9,1441,43.0,133,Idle,True,1036
1037,2026-06-04T02:52:00,LINE3-M02,297.7,307.0,2042,25.3,135,Running,True,1037
1038,2026-06-04T02:57:00,LINE3-M02,301.3,311.2,1719,32.7,137,Running,True,1038
1039,2026-06-04T03:03:00,LINE3-M01,303.1,312.5,1762,43.0,139,Running,True,1039
1040,2026-06-04T03:06:00,LINE2-M02,301.5,311.6,1495,44.6,142,Running,True,1040
1041,2026-06-04T03:09:00,LINE2-M01,302.2,313.5,1547,50.6,144,Running,True,1041
1042,2026-06-04T03:13:00,LINE3-M02,301.2,310.9,1712,32.8,146,Running,True,1042
1043,2026-06-04T03:17:00,LINE2-M01,297.5,307.9,1724,37.8,151,Idle,True,1043
1044,2026-06-04T03:19:00,LINE3-M01,295.9,305.7,1308,52.6,153,Running,True,1044
1045,2026-06-04T03:24:00,LINE1-M02,301.8,310.4,1524,31.7,156,Idle,True,1045
1046,2026-06-04T03:29:00,LINE1-M02,301.4,310.9,1598,34.1,158,Running,True,1046
1047,2026-06-04T03:32:00,LINE1-M02,303.0,312.0,1352,34.8,163,Running,True,1047
1048,2026-06-04T03:37:00,LINE3-M01,299.6,310.6,1710,37.4,165,Running,True,1048
1049,2026-06-04T03:42:00,LINE1-M01,301.0,310.8,1168,34.4,167,Running,True,1049
1050,2026-06-04T03:44:00,LINE3-M01,300.0,311.9,1633,57.1,169,Maintenance,False,1050
1051,2026-06-04T03:50:00,LINE3-M02,297.0,305.7,1168,39.4,171,Running,True,1051
1052,2026-06-04T03:53:00,LINE2-M02,297.8,308.4,1613,27.1,174,Running,True,1052
1053,2026-06-04T03:55:00,LINE1-M01,299.1,308.5,1508,47.3,176,Idle,True,1053
1054,2026-06-04T03:57:00,LINE1-M01,298.6,309.0,1478,28.0,178,Running,True,1054
1055,2026-06-04T04:02:00,LINE3-M01,298.6,308.7,1435,27.8,180,Idle,True,1055
1056,2026-06-04T04:04:00,LINE3-M02,299.3,310.8,1473,46.8,182,Running,True,1056
1057,2026-06-04T04:10:00,LINE2-M01,295.9,306.9,2456,35.3,184,Maintenance,False,1057
1058,2026-06-04T04:15:00,LINE3-M02,299.1,309.5,1425,28.4,189,Idle,True,1058
1059,2026-06-04T04:18:00,LINE2-M01,300.5,309.5,1168,43.9,191,Running,True,1059
1060,2026-06-04T04:22:00,LINE1-M01,299.7,308.7,1672,36.4,193,Running,True,1060
1061,2026-06-04T04:27:00,LINE3-M02,302.0,313.2,1602,35.6,195,Running,True,1061
1062,2026-06-04T04:32:00,LINE3-M02,299.4,309.5,2142,30.0,197,Running,True,1062
1063,2026-06-04T04:38:00,LINE3-M02,297.5,309.3,1430,46.6,199,Running,True,1063
1064,2026-06-04T04:40:00,LINE2-M02,300.0,308.5,1516,39.3,201,Running,True,1064
1065,2026-06-04T04:43:00,LINE2-M02,297.6,309.0,1979,45.0,203,Maintenance,False,1065
1066,2026-06-04T04:45:00,LINE3-M02,300.6,311.4,1603,28.9,205,Running,True,1066
1067,2026-06-04T04:48:00,LINE1-M01,299.3,310.1,1957,39.2,210,Stopped,True,1067
1068,2026-06-04T04:51:00,LINE3-M02,295.9,304.2,1324,42.4,215,Maintenance,False,1068
1069,2026-06-04T04:57:00,LINE1-M01,299.6,309.7,1524,45.3,218,Idle,True,1069
1070,2026-06-04T05:01:00,LINE3-M02,300.5,309.5,1584,45.9,220,Running,True,1070
1071,2026-06-04T05:06:00,LINE1-M01,300.2,309.8,1175,34.4,222,Stopped,False,1071
1072,2026-06-04T05:11:00,LINE2-M02,301.1,309.1,1300,48.4,224,Maintenance,False,1072
1073,2026-06-04T05:17:00,LINE2-M01,303.3,313.1,1660,43.5,229,Stopped,False,1073
1074,2026-06-04T05:23:00,LINE1-M01,299.0,308.0,1846,56.1,231,Stopped,False,1074
1075,2026-06-04T05:27:00,LINE1-M02,304.3,313.8,1710,49.9,233,Stopped,False,1075
1076,2026-06-04T05:29:00,LINE2-M02,304.3,312.0,1850,46.2,238,Maintenance,False,1076
1077,2026-06-04T05:31:00,LINE2-M01,295.9,304.7,1637,54.4,0,Stopped,False,1077
1078,2026-06-04T05:37:00,LINE3-M02,299.1,308.1,1480,22.8,3,Running,True,1078
1079,2026-06-04T05:39:00,LINE3-M02,300.9,310.9,1380,24.0,5,Maintenance,False,1079
1080,2026-06-04T05:42:00,LINE2-M01,298.6,309.1,1584,32.4,10,Idle,True,1080
1081,2026-06-04T05:46:00,LINE3-M02,300.0,310.6,1571,46.5,15,Running,True,1081
1082,2026-06-04T05:51:00,LINE2-M02,299.5,310.6,1168,45.8,20,Running,True,1082
1083,2026-06-04T05:55:00,LINE2-M02,300.7,312.2,1317,45.9,22,Running,True,1083
1084,2026-06-04T05:59:00,LINE1-M02,299.7,310.5,1168,51.3,25,Idle,True,1084
1085,2026-06-04T06:01:00,LINE3-M01,299.4,309.1,1434,41.9,27,Running,True,1085
1086,2026-06-04T06:07:00,LINE2-M01,298.9,307.8,1648,50.9,29,Running,True,1086
1087,2026-06-04T06:13:00,LINE2-M01,298.0,309.8,2030,26.4,31,Idle,True,1087
1088,2026-06-04T06:16:00,LINE2-M02,298.4,307.5,1496,48.0,33,Running,True,1088
1089,2026-06-04T06:21:00,LINE1-M02,300.8,309.9,1729,37.0,38,Running,True,1089
1090,2026-06-04T06:25:00,LINE3-M01,300.4,312.0,1530,41.1,41,Running,True,1090
1091,2026-06-04T06:30:00,LINE1-M01,298.6,307.7,1377,38.8,44,Running,True,1091
1092,2026-06-04T06:32:00,LINE2-M02,303.0,313.1,1403,29.9,47,Running,True,1092
1093,2026-06-04T06:36:00,LINE1-M01,300.3,310.6,1444,42.2,52,Running,True,1093
1094,2026-06-04T06:41:00,LINE2-M02,299.2,309.9,1319,23.1,57,Maintenance,False,1094
1095,2026-06-04T06:47:00,LINE3-M01,297.8,306.8,1398,42.6,59,Running,True,1095
1096,2026-06-04T06:51:00,LINE1-M02,302.3,312.1,1338,15.4,64,Maintenance,True,1096
1097,2026-06-04T06:54:00,LINE3-M01,297.7,307.4,1862,13.2,66,Stopped,False,1097
1098,2026-06-04T06:58:00,LINE1-M02,300.7,310.8,1301,33.5,68,Running,True,1098
1099,2026-06-04T07:03:00,LINE2-M02,298.3,307.9,1593,49.3,71,Running,True,1099
1100,2026-06-04T07:08:00,LINE2-M02,296.6,307.6,1552,44.9,76,Running,True,1100
1101,2026-06-04T07:13:00,LINE3-M02,297.9,309.7,1792,28.8,78,Running,True,1101
1102,2026-06-04T07:15:00,LINE3-M02,301.6,310.4,1380,40.1,80,Running,True,1102
1103,2026-06-04T07:21:00,LINE1-M02,301.6,311.7,1171,51.8,82,Running,True,1103
1104,2026-06-04T07:26:00,LINE1-M02,299.1,308.6,1366,29.1,84,Running,True,1104
1105,2026-06-04T07:30:00,LINE2-M02,301.8,311.0,1283,45.4,86,Idle,True,1105
1106,2026-06-04T07:32:00,LINE1-M02,301.3,311.9,1168,46.5,88,Idle,False,1106
1107,2026-06-04T07:35:00,LINE3-M02,300.5,310.9,1796,62.4,90,Maintenance,False,1107
1108,2026-06-04T07:40:00,LINE2-M01,303.3,313.3,1464,41.0,92,Running,True,1108
1109,2026-06-04T07:46:00,LINE2-M02,301.5,310.2,1401,50.7,95,Running,True,1109
1110,2026-06-04T07:52:00,LINE1-M01,299.6,310.4,1391,42.6,98,Running,True,1110
1111,2026-06-04T07:57:00,LINE3-M02,302.4,312.4,1469,37.6,100,Running,True,1111
1112,2026-06-04T08:02:00,LINE2-M01,297.7,305.2,1632,36.3,102,Running,True,1112
1113,2026-06-04T08:04:00,LINE1-M02,301.1,311.7,1905,27.7,104,Running,True,1113
1114,2026-06-04T08:06:00,LINE2-M02,302.6,310.4,1517,69.7,106,Stopped,False,1114
1115,2026-06-04T08:11:00,LINE2-M02,298.8,308.2,1227,37.6,109,Running,True,1115
1116,2026-06-04T08:17:00,LINE3-M01,301.9,311.8,1661,37.5,111,Running,True,1116
1117,2026-06-04T08:20:00,LINE3-M02,300.0,309.5,1917,55.0,113,Stopped,False,1117
1118,2026-06-04T08:23:00,LINE1-M02,305.9,316.7,1940,36.4,115,Idle,True,1118
1119,2026-06-04T08:28:00,LINE1-M01,300.8,309.6,1790,20.0,117,Running,True,1119
1120,2026-06-04T08:33:00,LINE1-M02,301.1,313.5,1168,19.3,119,Stopped,True,1120
1121,2026-06-04T08:38:00,LINE2-M02,300.1,308.4,1528,56.7,121,Maintenance,False,1121
1122,2026-06-04T08:40:00,LINE2-M01,301.6,312.1,1559,44.2,124,Running,True,1122
1123,2026-06-04T08:46:00,LINE2-M02,300.0,311.0,1589,31.2,127,Running,True,1123
1124,2026-06-04T08:49:00,LINE1-M01,300.8,311.9,1310,48.0,132,Running,True,1124
1125,2026-06-04T08:51:00,LINE3-M02,298.3,309.1,1168,33.8,134,Idle,True,1125
1126,2026-06-04T08:56:00,LINE2-M01,299.6,308.6,1396,35.8,136,Running,True,1126
1127,2026-06-04T08:58:00,LINE3-M02,302.0,315.5,1401,45.3,138,Running,True,1127
1128,2026-06-04T09:03:00,LINE2-M01,297.6,307.0,1854,30.3,143,Running,True,1128
1129,2026-06-04T09:08:00,LINE1-M01,300.6,312.6,1584,45.3,145,Idle,True,1129
1130,2026-06-04T09:13:00,LINE1-M01,298.9,308.9,2233,37.3,148,Running,True,1130
1131,2026-06-04T09:17:00,LINE2-M02,298.6,309.8,1653,25.9,150,Running,True,1131
1132,2026-06-04T09:22:00,LINE2-M02,299.8,309.7,1441,32.6,152,Running,True,1132
1133,2026-06-04T09:24:00,LINE1-M01,299.0,310.7,1227,39.4,154,Running,True,1133
1134,2026-06-04T09:28:00,LINE3-M01,299.9,311.5,1432,36.4,156,Running,True,1134
1135,2026-06-04T09:32:00,LINE1-M02,302.9,312.4,1410,27.7,161,Running,True,1135
1136,2026-06-04T09:37:00,LINE1-M01,299.0,308.7,1385,51.8,164,Idle,True,1136
1137,2026-06-04T09:42:00,LINE3-M01,302.0,310.7,1208,26.3,166,Maintenance,True,1137
1138,2026-06-04T09:44:00,LINE2-M02,297.5,308.6,1680,32.1,169,Idle,True,1138
1139,2026-06-04T09:47:00,LINE3-M01,299.1,309.7,2031,37.0,172,Running,True,1139
1140,2026-06-04T09:52:00,LINE1-M02,300.1,309.4,1332,41.2,175,Running,True,1140
1141,2026-06-04T09:56:00,LINE2-M02,303.8,315.0,1923,36.9,177,Running,True,1141
1142,2026-06-04T10:01:00,LINE2-M01,301.6,312.1,1412,26.7,182,Running,True,1142
1143,2026-06-04T10:07:00,LINE3-M01,300.8,310.0,1168,27.8,187,Stopped,True,1143
1144,2026-06-04T10:13:00,LINE2-M02,300.2,311.0,1488,33.3,192,Running,True,1144
1145,2026-06-04T10:19:00,LINE2-M02,299.4,309.4,1702,30.0,194,Running,True,1145
1146,2026-06-04T10:24:00,LINE1-M02,298.2,307.7,1703,16.4,197,Stopped,False,1146
1147,2026-06-04T10:26:00,LINE1-M01,300.9,311.2,2041,8.4,200,Stopped,False,1147
1148,2026-06-04T10:31:00,LINE1-M01,300.2,310.3,1416,62.4,202,Maintenance,False,1148
1149,2026-06-04T10:33:00,LINE1-M02,297.3,306.8,1616,29.2,204,Running,True,1149
1150,2026-06-04T10:37:00,LINE2-M01,300.4,310.0,1812,30.6,207,Running,True,1150
1151,2026-06-04T10:39:00,LINE1-M01,299.6,310.0,1168,47.2,212,Running,True,1151
1152,2026-06-04T10:41:00,LINE1-M01,298.6,307.1,1644,32.4,215,Stopped,False,1152
1153,2026-06-04T10:46:00,LINE2-M02,300.7,311.8,1308,48.3,218,Running,True,1153
1154,2026-06-04T10:50:00,LINE3-M02,300.3,311.7,1426,27.7,221,Running,True,1154
1155,2026-06-04T10:52:00,LINE1-M02,299.2,309.0,1924,15.8,224,Stopped,False,1155
1156,2026-06-04T10:54:00,LINE1-M02,301.7,310.9,1449,55.6,226,Maintenance,True,1156
1157,2026-06-04T10:58:00,LINE2-M02,297.0,307.5,1282,30.7,228,Stopped,False,1157
1158,2026-06-04T11:03:00,LINE3-M02,298.9,310.1,1455,41.2,233,Maintenance,False,1158
1159,2026-06-04T11:09:00,LINE3-M01,297.1,308.3,1622,21.9,235,Stopped,False,1159
1160,2026-06-04T11:14:00,LINE2-M01,304.1,313.6,1619,52.4,240,Stopped,True,1160
1161,2026-06-04T11:18:00,LINE1-M01,299.9,311.0,1464,21.0,0,Stopped,True,1161
1162,2026-06-04T11:23:00,LINE1-M02,298.1,307.3,1551,40.1,2,Running,True,1162
1163,2026-06-04T11:29:00,LINE1-M01,300.9,311.6,1463,36.5,4,Running,True,1163
1164,2026-06-04T11:35:00,LINE3-M02,303.6,312.7,2424,14.5,6,Running,True,1164
1165,2026-06-04T11:41:00,LINE2-M02,300.4,311.7,1450,38.6,9,Running,True,1165
1166,2026-06-04T11:46:00,LINE1-M01,300.3,310.6,1442,23.6,11,Running,True,1166
1167,2026-06-04T11:52:00,LINE2-M01,300.2,307.7,1168,40.3,14,Stopped,True,1167
1168,2026-06-04T11:58:00,LINE2-M01,300.2,308.5,1696,30.9,19,Running,True,1168
1169,2026-06-04T12:00:00,LINE2-M02,301.6,312.5,1537,28.7,22,Running,True,1169
1170,2026-06-04T12:02:00,LINE3-M01,303.3,312.9,1727,41.7,25,Running,True,1170
1171,2026-06-04T12:05:00,LINE2-M02,298.5,308.4,1866,35.9,28,Running,True,1171
1172,2026-06-04T12:08:00,LINE3-M01,303.1,313.2,1168,43.5,30,Running,True,1172
1173,2026-06-04T12:13:00,LINE2-M01,298.5,308.1,1355,47.5,32,Running,True,1173
1174,2026-06-04T12:19:00,LINE2-M02,298.8,309.5,1616,34.7,35,Running,True,1174
1175,2026-06-04T12:22:00,LINE1-M01,299.8,310.8,1425,43.6,40,Running,True,1175
1176,2026-06-04T12:26:00,LINE3-M02,303.4,314.2,1915,40.2,43,Running,True,1176
1177,2026-06-04T12:30:00,LINE2-M01,304.0,314.6,1736,17.9,46,Stopped,False,1177
1178,2026-06-04T12:34:00,LINE1-M02,297.8,309.7,1431,40.7,49,Running,True,1178
1179,2026-06-04T12:40:00,LINE1-M02,297.8,307.8,1168,42.5,52,Running,True,1179
1180,2026-06-04T12:46:00,LINE2-M02,297.8,307.0,1455,41.7,54,Running,True,1180
1181,2026-06-04T12:48:00,LINE3-M02,299.5,309.8,1255,32.0,56,Running,True,1181
1182,2026-06-04T12:54:00,LINE2-M01,301.2,312.5,1542,62.0,58,Stopped,False,1182
1183,2026-06-04T12:57:00,LINE1-M01,296.2,304.7,1628,31.6,60,Running,True,1183
1184,2026-06-04T13:00:00,LINE1-M01,298.5,307.4,2170,20.7,65,Running,True,1184
1185,2026-06-04T13:02:00,LINE3-M01,300.5,310.1,1463,42.5,70,Running,True,1185
1186,2026-06-04T13:04:00,LINE3-M02,294.9,305.2,1757,29.5,75,Running,True,1186
1187,2026-06-04T13:09:00,LINE3-M02,299.7,309.0,1830,38.1,78,Running,True,1187
1188,2026-06-04T13:11:00,LINE3-M01,295.3,306.0,1410,35.1,81,Running,True,1188
1189,2026-06-04T13:16:00,LINE3-M01,299.5,310.4,1323,58.6,83,Running,True,1189
1190,2026-06-04T13:21:00,LINE3-M02,300.8,309.8,1374,37.4,85,Running,True,1190
1191,2026-06-04T13:26:00,LINE1-M01,302.2,313.2,1693,38.3,88,Running,True,1191
1192,2026-06-04T13:32:00,LINE2-M01,302.5,312.6,1777,30.7,90,Running,True,1192
1193,2026-06-04T13:35:00,LINE2-M01,297.7,306.9,1628,33.0,93,Idle,True,1193
1194,2026-06-04T13:40:00,LINE3-M01,296.2,305.5,1573,32.8,96,Idle,True,1194
1195,2026-06-04T13:42:00,LINE1-M02,299.1,308.3,1519,20.4,98,Maintenance,False,1195
1196,2026-06-04T13:45:00,LINE2-M01,300.1,310.2,1378,50.8,103,Running,True,1196
1197,2026-06-04T13:51:00,LINE1-M02,300.9,311.6,1834,41.4,105,Running,True,1197
1198,2026-06-04T13:55:00,LINE2-M02,299.9,310.4,1420,61.5,108,Stopped,True,1198
1199,2026-06-04T14:01:00,LINE2-M01,299.9,308.2,1483,52.2,113,Running,True,1199
1200,2026-06-04T14:06:00,LINE1-M02,302.1,312.1,1168,36.0,116,Running,True,1200
1201,2026-06-04T14:12:00,LINE1-M01,301.7,309.6,1761,25.2,119,Running,True,1201
1202,2026-06-04T14:15:00,LINE1-M01,300.6,310.6,1482,39.4,122,Running,True,1202
1203,2026-06-04T14:18:00,LINE2-M01,302.1,311.5,1632,46.6,124,Running,True,1203
1204,2026-06-04T14:24:00,LINE1-M02,302.8,312.0,1628,26.9,126,Running,True,1204
1205,2026-06-04T14:30:00,LINE2-M01,302.4,312.5,1627,48.0,129,Running,True,1205
1206,2026-06-04T14:35:00,LINE3-M02,301.3,310.8,1528,29.4,132,Running,True,1206
1207,2026-06-04T14:39:00,LINE3-M01,300.9,311.7,1880,37.7,134,Running,True,1207
1208,2026-06-04T14:44:00,LINE1-M01,298.8,309.5,1272,62.7,136,Running,True,1208
1209,2026-06-04T14:46:00,LINE1-M02,301.6,310.5,1699,36.0,138,Running,True,1209
1210,2026-06-04T14:49:00,LINE1-M02,299.0,309.1,1471,42.3,140,Running,True,1210
1211,2026-06-04T14:53:00,LINE1-M02,301.6,310.7,1570,37.0,143,Running,True,1211
1212,2026-06-04T14:58:00,LINE2-M01,300.8,310.4,1376,39.8,145,Idle,True,1212
1213,2026-06-04T15:04:00,LINE2-M02,302.3,313.1,1381,31.1,147,Idle,True,1213
1214,2026-06-04T15:07:00,LINE1-M01,300.4,310.2,1168,56.8,150,Running,True,1214
1215,2026-06-04T15:13:00,LINE2-M01,301.6,311.1,2006,33.4,153,Running,True,1215
1216,2026-06-04T15:19:00,LINE1-M01,301.0,309.4,1452,45.5,155,Running,True,1216
1217,2026-06-04T15:21:00,LINE2-M01,299.5,309.1,1314,18.2,157,Maintenance,False,1217
1218,2026-06-04T15:27:00,LINE3-M02,300.8,310.3,1453,46.4,159,Running,True,1218
1219,2026-06-04T15:32:00,LINE1-M01,298.6,307.2,1565,47.9,164,Running,True,1219
1220,2026-06-04T15:34:00,LINE1-M02,296.0,304.1,1427,37.7,167,Running,True,1220
1221,2026-06-04T15:38:00,LINE2-M01,295.5,305.7,1902,33.3,172,Running,True,1221
1222,2026-06-04T15:40:00,LINE3-M02,303.5,314.6,1365,39.3,174,Running,True,1222
1223,2026-06-04T15:45:00,LINE1-M02,301.7,310.2,1628,16.2,176,Maintenance,False,1223
1224,2026-06-04T15:49:00,LINE3-M01,303.7,315.3,1822,30.5,181,Running,True,1224
1225,2026-06-04T15:51:00,LINE3-M01,299.6,310.3,1329,40.6,184,Running,True,1225
1226,2026-06-04T15:56:00,LINE3-M01,299.1,308.3,1459,46.3,187,Running,True,1226
1227,2026-06-04T15:59:00,LINE3-M02,295.2,305.9,1518,24.0,190,Running,True,1227
1228,2026-06-04T16:05:00,LINE2-M02,298.9,306.7,2037,27.4,192,Running,True,1228
1229,2026-06-04T16:09:00,LINE1-M02,299.5,310.6,1813,28.6,194,Idle,True,1229
1230,2026-06-04T16:11:00,LINE2-M01,301.9,311.2,1280,23.8,196,Maintenance,False,1230
1231,2026-06-04T16:14:00,LINE2-M01,302.8,314.1,1672,39.1,198,Running,True,1231
1232,2026-06-04T16:20:00,LINE1-M02,297.0,307.5,1849,46.9,203,Stopped,False,1232
1233,2026-06-04T16:23:00,LINE1-M02,299.3,310.5,1596,34.0,205,Maintenance,True,1233
1234,2026-06-04T16:28:00,LINE3-M01,296.6,305.6,1305,40.3,207,Maintenance,False,1234
1235,2026-06-04T16:30:00,LINE3-M02,297.8,307.8,1355,56.0,210,Running,True,1235
1236,2026-06-04T16:35:00,LINE3-M01,303.0,313.1,1340,25.7,215,Idle,True,1236
1237,2026-06-04T16:37:00,LINE3-M02,297.1,307.1,1729,48.7,220,Running,True,1237
1238,2026-06-04T16:41:00,LINE1-M01,297.9,308.9,1168,36.9,222,Stopped,False,1238
1239,2026-06-04T16:45:00,LINE2-M02,301.9,310.2,1168,39.0,224,Maintenance,True,1239
1240,2026-06-04T16:51:00,LINE2-M01,301.7,311.1,1539,47.2,229,Stopped,False,1240
1241,2026-06-04T16:57:00,LINE1-M01,298.4,308.0,1979,25.4,232,Stopped,False,1241
1242,2026-06-04T17:03:00,LINE1-M01,302.2,315.3,1420,46.8,234,Maintenance,False,1242
1243,2026-06-04T17:07:00,LINE1-M01,301.1,310.0,1753,51.0,239,Maintenance,True,1243
1244,2026-06-04T17:09:00,LINE3-M01,303.2,311.4,1890,18.2,0,Running,True,1244
1245,2026-06-04T17:15:00,LINE3-M01,299.3,308.2,1709,39.4,2,Idle,True,1245
1246,2026-06-04T17:19:00,LINE1-M01,302.4,311.5,1168,32.5,4,Running,True,1246
1247,2026-06-04T17:22:00,LINE2-M02,299.9,310.4,1693,35.1,9,Running,True,1247
1248,2026-06-04T17:24:00,LINE3-M01,298.0,308.1,1213,37.9,14,Running,True,1248
1249,2026-06-04T17:26:00,LINE2-M02,298.9,310.0,1168,35.8,17,Running,True,1249
1250,2026-06-04T17:29:00,LINE2-M01,298.0,309.9,1510,28.2,19,Running,True,1250
1251,2026-06-04T17:34:00,LINE2-M01,301.1,310.3,1607,54.6,21,Stopped,False,1251
1252,2026-06-04T17:38:00,LINE3-M01,301.3,309.3,1306,43.7,23,Stopped,True,1252
1253,2026-06-04T17:40:00,LINE2-M02,301.4,312.2,1724,47.2,25,Running,True,1253
1254,2026-06-04T17:44:00,LINE2-M02,299.2,310.7,1706,9.8,27,Stopped,False,1254
1255,2026-06-04T17:49:00,LINE2-M01,299.6,310.1,1581,29.6,30,Running,True,1255
1256,2026-06-04T17:55:00,LINE3-M02,299.5,309.4,1279,35.7,35,Running,True,1256
1257,2026-06-04T17:57:00,LINE3-M02,299.5,309.8,1790,44.4,37,Running,True,1257
1258,2026-06-04T18:00:00,LINE1-M02,298.9,309.7,1550,29.8,39,Idle,True,1258
1259,2026-06-04T18:03:00,LINE3-M01,296.9,308.2,1809,28.9,42,Running,True,1259
1260,2026-06-04T18:08:00,LINE1-M01,302.5,313.8,1519,38.4,44,Running,True,1260
1261,2026-06-04T18:12:00,LINE3-M01,305.4,315.9,1527,45.9,46,Idle,True,1261
1262,2026-06-04T18:14:00,LINE1-M02,296.2,305.9,1168,36.3,48,Running,True,1262
1263,2026-06-04T18:19:00,LINE1-M02,298.0,308.1,1358,48.2,53,Running,True,1263
1264,2026-06-04T18:21:00,LINE2-M02,296.4,306.4,1649,47.6,58,Idle,True,1264
1265,2026-06-04T18:26:00,LINE2-M01,302.9,312.9,2065,18.2,60,Idle,True,1265
1266,2026-06-04T18:28:00,LINE2-M01,301.7,310.7,1653,40.7,62,Running,True,1266
1267,2026-06-04T18:30:00,LINE3-M02,301.6,310.7,1621,42.0,67,Running,True,1267
1268,2026-06-04T18:35:00,LINE3-M01,302.1,312.8,2041,37.7,72,Running,True,1268
1269,2026-06-04T18:41:00,LINE1-M01,300.2,309.4,1269,37.3,74,Running,True,1269
1270,2026-06-04T18:45:00,LINE3-M02,301.7,313.0,1438,39.8,77,Running,True,1270
1271,2026-06-04T18:49:00,LINE3-M01,296.6,306.7,1521,26.6,79,Idle,False,1271
1272,2026-06-04T18:51:00,LINE1-M02,301.5,312.4,1795,40.5,81,Running,True,1272
1273,2026-06-04T18:53:00,LINE1-M01,300.3,309.9,1443,42.0,86,Running,True,1273
1274,2026-06-04T18:59:00,LINE2-M01,301.3,312.1,1209,46.1,88,Running,True,1274
1275,2026-06-04T19:03:00,LINE3-M02,298.0,307.6,1994,37.2,90,Running,True,1275
1276,2026-06-04T19:07:00,LINE3-M01,302.3,314.2,1491,39.8,95,Running,True,1276
1277,2026-06-04T19:11:00,LINE3-M01,301.4,311.3,1206,38.7,98,Running,True,1277
1278,2026-06-04T19:13:00,LINE1-M02,299.2,309.2,1937,40.1,100,Running,True,1278
1279,2026-06-04T19:15:00,LINE3-M02,299.6,309.3,1477,30.4,102,Running,True,1279
1280,2026-06-04T19:17:00,LINE1-M02,297.9,308.5,1358,39.0,107,Running,True,1280
1281,2026-06-04T19:21:00,LINE3-M01,304.1,314.2,1275,35.4,109,Running,True,1281
1282,2026-06-04T19:27:00,LINE1-M01,301.7,312.3,1713,45.4,111,Running,True,1282
1283,2026-06-04T19:31:00,LINE3-M02,303.4,313.9,1518,35.2,113,Idle,True,1283
1284,2026-06-04T19:37:00,LINE1-M01,301.3,311.8,1331,35.0,116,Idle,True,1284
1285,2026-06-04T19:43:00,LINE2-M02,302.3,310.6,1523,37.1,119,Running,True,1285
1286,2026-06-04T19:48:00,LINE2-M02,304.1,313.9,1348,38.9,121,Running,True,1286
1287,2026-06-04T19:54:00,LINE1-M01,299.6,309.8,1589,45.0,123,Running,True,1287
1288,2026-06-04T19:58:00,LINE3-M01,300.8,310.6,1179,41.0,126,Idle,True,1288
1289,2026-06-04T20:02:00,LINE3-M02,299.6,310.1,1514,39.9,129,Idle,True,1289
1290,2026-06-04T20:06:00,LINE1-M01,300.2,310.6,1450,40.7,131,Running,True,1290
1291,2026-06-04T20:08:00,LINE2-M02,300.6,311.4,1583,46.8,136,Running,True,1291
1292,2026-06-04T20:13:00,LINE1-M02,301.0,311.4,1519,39.9,138,Idle,True,1292
1293,2026-06-04T20:19:00,LINE3-M02,301.2,312.5,1402,54.4,141,Running,True,1293
1294,2026-06-04T20:21:00,LINE1-M02,299.2,308.3,1556,34.9,144,Running,True,1294
1295,2026-06-04T20:23:00,LINE2-M01,300.2,309.7,1362,36.9,146,Running,True,1295
1296,2026-06-04T20:27:00,LINE1-M01,300.9,311.2,1309,37.8,151,Running,True,1296
1297,2026-06-04T20:33:00,LINE1-M02,302.7,314.8,1545,61.2,153,Maintenance,False,1297
1298,2026-06-04T20:35:00,LINE2-M01,297.3,308.4,1286,20.0,156,Maintenance,True,1298
1299,2026-06-04T20:39:00,LINE1-M02,298.1,308.9,1512,40.4,159,Running,True,1299
1300,2026-06-04T20:41:00,LINE1-M01,301.1,309.1,1749,52.4,161,Stopped,False,1300
1301,2026-06-04T20:43:00,LINE3-M01,298.2,308.2,1341,43.5,164,Running,True,1301
1302,2026-06-04T20:47:00,LINE1-M02,302.2,313.6,1632,36.8,169,Running,True,1302
1303,2026-06-04T20:51:00,LINE3-M02,298.6,310.8,1572,31.1,172,Running,True,1303
1304,2026-06-04T20:57:00,LINE2-M01,300.9,310.7,1584,48.7,174,Running,False,1304
1305,2026-06-04T21:02:00,LINE2-M02,302.3,312.4,1613,36.6,177,Running,True,1305
1306,2026-06-04T21:08:00,LINE1-M02,306.2,315.4,1168,29.2,179,Running,True,1306
1307,2026-06-04T21:11:00,LINE2-M01,304.2,315.2,1168,37.0,184,Running,True,1307
1308,2026-06-04T21:13:00,LINE2-M01,297.6,305.5,1493,50.7,187,Running,True,1308
1309,2026-06-04T21:15:00,LINE1-M02,298.6,308.0,1944,25.4,190,Running,True,1309
1310,2026-06-04T21:21:00,LINE2-M02,296.7,307.0,1247,49.4,192,Running,True,1310
1311,2026-06-04T21:25:00,LINE2-M02,299.6,309.4,1325,50.9,197,Idle,True,1311
1312,2026-06-04T21:30:00,LINE2-M02,303.3,313.0,1645,29.2,199,Running,True,1312
1313,2026-06-04T21:36:00,LINE3-M01,298.2,307.7,1492,33.8,201,Running,True,1313
1314,2026-06-04T21:38:00,LINE2-M01,302.4,312.4,1870,40.1,203,Running,True,1314
1315,2026-06-04T21:41:00,LINE2-M02,297.0,308.0,1290,42.6,206,Running,True,1315
1316,2026-06-04T21:44:00,LINE3-M02,299.1,311.3,1670,54.8,208,Stopped,False,1316
1317,2026-06-04T21:49:00,LINE3-M01,299.8,310.9,1529,53.1,210,Maintenance,False,1317
1318,2026-06-04T21:55:00,LINE2-M01,297.3,306.5,1168,43.4,212,Idle,True,1318
1319,2026-06-04T21:58:00,LINE2-M02,300.9,310.4,1168,51.1,217,Maintenance,True,1319
1320,2026-06-04T22:01:00,LINE1-M01,300.8,310.5,1278,35.9,220,Maintenance,False,1320
1321,2026-06-04T22:03:00,LINE2-M02,299.9,309.3,1344,32.6,223,Running,True,1321
1322,2026-06-04T22:05:00,LINE2-M01,301.4,312.3,1284,41.7,226,Stopped,False,1322
1323,2026-06-04T22:10:00,LINE2-M01,296.1,304.6,1742,36.1,228,Stopped,True,1323
1324,2026-06-04T22:14:00,LINE3-M02,299.1,309.3,1547,42.9,231,Stopped,False,1324
1325,2026-06-04T22:18:00,LINE1-M02,299.3,310.2,1680,29.1,236,Stopped,False,1325
1326,2026-06-04T22:23:00,LINE2-M02,296.6,305.9,1685,37.0,239,Stopped,False,1326
1327,2026-06-04T22:25:00,LINE2-M01,300.5,309.2,1436,25.7,0,Running,True,1327
1328,2026-06-04T22:28:00,LINE3-M02,301.6,310.1,1210,30.4,3,Maintenance,False,1328
1329,2026-06-04T22:30:00,LINE2-M02,296.4,305.4,1455,42.4,5,Running,True,1329
1330,2026-06-04T22:35:00,LINE3-M01,299.3,309.8,1585,36.8,10,Running,True,1330
1331,2026-06-04T22:37:00,LINE2-M01,298.5,308.4,1408,53.4,13,Running,True,1331
1332,2026-06-04T22:40:00,LINE3-M01,298.8,308.9,1437,53.6,16,Idle,True,1332
1333,2026-06-04T22:43:00,LINE2-M01,302.5,310.8,1168,55.4,21,Stopped,False,1333
1334,2026-06-04T22:47:00,LINE2-M02,303.5,314.7,1779,46.9,23,Running,True,1334
1335,2026-06-04T22:49:00,LINE3-M02,299.4,309.1,2217,40.2,28,Maintenance,False,1335
1336,2026-06-04T22:53:00,LINE2-M02,297.1,305.2,1244,50.6,30,Stopped,False,1336
1337,2026-06-04T22:58:00,LINE1-M01,301.2,309.6,1201,45.8,32,Stopped,False,1337
1338,2026-06-04T23:02:00,LINE2-M02,298.2,307.6,1168,52.4,34,Running,True,1338
1339,2026-06-04T23:07:00,LINE1-M02,299.6,308.3,1168,52.3,37,Running,True,1339
1340,2026-06-04T23:09:00,LINE1-M02,301.3,311.8,1196,33.5,39,Running,True,1340
1341,2026-06-04T23:14:00,LINE3-M02,301.8,311.7,1168,33.7,42,Running,True,1341
1342,2026-06-04T23:16:00,LINE3-M02,297.0,308.2,1354,34.2,44,Idle,True,1342
1343,2026-06-04T23:21:00,LINE2-M02,300.4,310.4,1449,53.8,47,Running,True,1343
1344,2026-06-04T23:26:00,LINE3-M01,299.5,308.3,1664,38.4,50,Running,True,1344
1345,2026-06-04T23:29:00,LINE3-M01,297.8,305.9,1791,32.2,52,Running,True,1345
1346,2026-06-04T23:35:00,LINE3-M02,301.0,311.9,1497,25.6,55,Running,True,1346
1347,2026-06-04T23:37:00,LINE2-M01,295.6,305.4,1613,28.4,57,Idle,True,1347
1348,2026-06-04T23:40:00,LINE2-M02,298.3,308.5,1539,43.9,59,Running,True,1348
1349,2026-06-04T23:43:00,LINE2-M01,300.6,309.6,1459,27.7,61,Running,True,1349
1350,2026-06-04T23:46:00,LINE1-M02,298.7,309.3,1351,33.8,64,Idle,True,1350
1351,2026-06-04T23:49:00,LINE2-M01,301.6,308.7,1168,52.1,66,Maintenance,True,1351
1352,2026-06-04T23:55:00,LINE1-M01,298.7,309.8,1757,19.1,69,Running,True,1352
1353,2026-06-04T23:57:00,LINE2-M02,303.9,314.3,1637,49.2,72,Running,True,1353
1354,2026-06-05T00:00:00,LINE2-M01,303.5,313.1,1728,40.5,77,Running,True,1354
1355,2026-06-05T00:05:00,LINE1-M02,296.3,305.5,1354,32.6,80,Running,True,1355
1356,2026-06-05T00:09:00,LINE2-M02,297.8,306.6,1698,53.5,85,Maintenance,False,1356
1357,2026-06-05T00:15:00,LINE2-M01,302.9,311.0,1851,42.3,87,Running,True,1357
1358,2026-06-05T00:18:00,LINE3-M02,300.1,309.8,1717,38.3,90,Running,True,1358
1359,2026-06-05T00:24:00,LINE2-M02,300.3,311.0,1727,42.1,92,Running,True,1359
1360,2026-06-05T00:26:00,LINE2-M02,299.2,307.5,1859,41.1,94,Running,True,1360
1361,2026-06-05T00:30:00,LINE3-M01,300.0,310.3,1797,63.0,96,Stopped,True,1361
1362,2026-06-05T00:35:00,LINE2-M01,299.9,311.0,1933,50.2,98,Stopped,False,1362
1363,2026-06-05T00:39:00,LINE2-M02,304.4,315.4,1464,31.4,101,Running,True,1363
1364,2026-06-05T00:41:00,LINE2-M01,297.5,306.3,1265,49.4,106,Idle,True,1364
1365,2026-06-05T00:47:00,LINE1-M01,300.2,311.3,1291,45.8,109,Running,True,1365
1366,2026-06-05T00:50:00,LINE1-M02,297.4,306.9,1549,39.6,114,Running,True,1366
1367,2026-06-05T00:52:00,LINE1-M02,300.2,310.5,1585,51.7,119,Running,True,1367
1368,2026-06-05T00:54:00,LINE3-M01,297.2,308.9,2036,24.1,122,Running,True,1368
1369,2026-06-05T00:56:00,LINE3-M01,301.6,312.4,1532,23.6,124,Running,True,1369
1370,2026-06-05T00:58:00,LINE3-M02,296.3,306.6,1168,62.1,126,Running,True,1370
1371,2026-06-05T01:00:00,LINE2-M02,300.5,311.7,1702,36.7,129,Running,True,1371
1372,2026-06-05T01:04:00,LINE3-M02,301.5,312.0,1757,47.2,131,Running,True,1372
1373,2026-06-05T01:09:00,LINE1-M01,301.6,310.6,1397,34.7,134,Running,True,1373
1374,2026-06-05T01:12:00,LINE1-M02,303.5,313.0,1685,39.4,137,Running,True,1374
1375,2026-06-05T01:18:00,LINE1-M01,301.7,310.8,1169,37.3,142,Running,True,1375
1376,2026-06-05T01:23:00,LINE1-M02,301.3,310.7,1553,38.6,147,Running,True,1376
1377,2026-06-05T01:28:00,LINE1-M01,304.1,314.6,1390,30.9,150,Idle,True,1377
1378,2026-06-05T01:33:00,LINE3-M02,299.5,309.9,1589,37.8,152,Running,True,1378
1379,2026-06-05T01:37:00,LINE2-M02,297.8,308.5,1510,40.2,154,Running,True,1379
1380,2026-06-05T01:39:00,LINE2-M01,300.4,312.1,1699,42.0,156,Running,True,1380
1381,2026-06-05T01:42:00,LINE1-M02,296.8,308.1,1614,32.3,159,Running,True,1381
1382,2026-06-05T01:48:00,LINE3-M01,303.1,311.6,1755,31.8,161,Running,True,1382
1383,2026-06-05T01:51:00,LINE2-M02,299.4,309.4,2011,22.7,166,Idle,True,1383
1384,2026-06-05T01:56:00,LINE3-M02,300.0,308.2,1424,49.1,168,Running,True,1384
1385,2026-06-05T02:00:00,LINE2-M02,299.5,307.3,1509,64.3,171,Maintenance,False,1385
1386,2026-06-05T02:03:00,LINE3-M02,301.8,310.6,1431,44.7,176,Running,True,1386
1387,2026-06-05T02:07:00,LINE3-M02,301.7,311.7,1807,47.2,181,Running,True,1387
1388,2026-06-05T02:11:00,LINE2-M02,294.4,304.8,1774,29.1,183,Running,True,1388
1389,2026-06-05T02:14:00,LINE3-M02,296.5,305.4,1488,42.2,185,Running,True,1389
1390,2026-06-05T02:19:00,LINE1-M01,300.2,310.8,1350,43.1,188,Idle,True,1390
1391,2026-06-05T02:23:00,LINE3-M02,303.4,314.5,1434,43.7,191,Running,True,1391
1392,2026-06-05T02:29:00,LINE1-M01,298.0,308.4,1760,47.6,196,Running,False,1392
1393,2026-06-05T02:31:00,LINE3-M02,300.1,312.0,1538,51.5,198,Idle,True,1393
1394,2026-06-05T02:35:00,LINE1-M01,300.1,310.6,1168,55.7,200,Maintenance,False,1394
1395,2026-06-05T02:41:00,LINE2-M01,299.2,309.9,2072,37.5,202,Stopped,False,1395
1396,2026-06-05T02:46:00,LINE3-M01,296.5,306.1,1718,34.5,204,Running,True,1396
1397,2026-06-05T02:49:00,LINE1-M01,299.7,310.1,1672,28.8,207,Stopped,True,1397
1398,2026-06-05T02:52:00,LINE1-M02,302.0,312.4,1763,35.7,209,Idle,True,1398
1399,2026-06-05T02:54:00,LINE1-M02,299.5,310.1,2199,13.0,211,Maintenance,False,1399
1400,2026-06-05T02:59:00,LINE1-M01,295.8,307.0,1580,25.9,213,Stopped,True,1400
1401,2026-06-05T03:02:00,LINE1-M02,302.5,310.9,1257,38.8,218,Stopped,False,1401
1402,2026-06-05T03:06:00,LINE3-M01,299.9,311.4,1278,36.8,221,Stopped,True,1402
1403,2026-06-05T03:08:00,LINE2-M02,300.4,310.2,1600,29.4,223,Running,True,1403
1404,2026-06-05T03:12:00,LINE1-M01,300.0,309.7,1263,39.9,225,Running,True,1404
1405,2026-06-05T03:17:00,LINE1-M01,297.5,307.0,1422,55.3,228,Stopped,False,1405
1406,2026-06-05T03:21:00,LINE1-M01,299.7,309.7,1306,30.2,233,Maintenance,True,1406
1407,2026-06-05T03:23:00,LINE2-M01,301.0,310.4,2001,28.3,236,Stopped,False,1407
1408,2026-06-05T03:25:00,LINE1-M02,300.9,311.2,1478,46.9,238,Stopped,False,1408
1409,2026-06-05T03:31:00,LINE3-M01,299.1,307.9,1963,44.7,0,Stopped,False,1409
1410,2026-06-05T03:36:00,LINE3-M01,297.9,308.7,1617,54.5,2,Maintenance,False,1410
1411,2026-06-05T03:40:00,LINE3-M01,300.8,311.6,1704,54.1,4,Maintenance,False,1411
1412,2026-06-05T03:44:00,LINE2-M02,301.6,312.4,1621,39.5,9,Idle,True,1412
1413,2026-06-05T03:49:00,LINE3-M01,296.6,307.4,1168,45.9,11,Running,True,1413
1414,2026-06-05T03:52:00,LINE2-M02,301.0,310.7,1168,19.2,13,Stopped,False,1414
1415,2026-06-05T03:55:00,LINE2-M02,301.1,311.0,1489,49.1,18,Running,True,1415
1416,2026-06-05T03:59:00,LINE2-M01,298.2,308.1,1480,58.9,23,Stopped,False,1416
1417,2026-06-05T04:03:00,LINE2-M01,297.1,307.7,1835,44.0,26,Running,True,1417
1418,2026-06-05T04:09:00,LINE3-M02,296.2,305.8,1829,36.8,31,Running,True,1418
1419,2026-06-05T04:15:00,LINE1-M02,300.7,309.8,1688,21.7,33,Running,True,1419
1420,2026-06-05T04:19:00,LINE3-M01,299.4,308.9,1684,28.8,35,Running,True,1420
1421,2026-06-05T04:25:00,LINE1-M02,299.7,309.3,2175,43.7,37,Maintenance,False,1421
1422,2026-06-05T04:31:00,LINE2-M01,302.8,312.5,1491,37.1,42,Idle,True,1422
1423,2026-06-05T04:36:00,LINE2-M02,303.0,311.5,1496,55.2,47,Running,True,1423
1424,2026-06-05T04:39:00,LINE3-M01,301.5,312.6,1715,47.3,49,Running,True,1424
1425,2026-06-05T04:42:00,LINE2-M01,302.3,311.2,1168,50.4,51,Running,True,1425
1426,2026-06-05T04:45:00,LINE2-M01,299.7,309.3,1887,25.0,53,Running,True,1426
1427,2026-06-05T04:49:00,LINE2-M01,297.6,308.2,1468,35.7,56,Running,True,1427
1428,2026-06-05T04:54:00,LINE1-M02,301.3,311.2,1374,45.3,61,Running,True,1428
1429,2026-06-05T04:58:00,LINE2-M01,301.6,312.1,1329,19.7,63,Stopped,False,1429
1430,2026-06-05T05:01:00,LINE3-M01,298.1,306.0,2087,23.1,66,Running,True,1430
1431,2026-06-05T05:06:00,LINE3-M02,299.3,311.3,1513,36.1,69,Running,True,1431
1432,2026-06-05T05:10:00,LINE2-M02,299.1,310.7,1339,27.8,71,Running,True,1432
1433,2026-06-05T05:13:00,LINE3-M02,302.5,313.7,1338,29.8,73,Running,True,1433
1434,2026-06-05T05:18:00,LINE3-M02,302.0,310.2,1168,60.9,75,Stopped,True,1434
1435,2026-06-05T05:20:00,LINE1-M01,300.2,310.9,1543,40.3,78,Running,True,1435
1436,2026-06-05T05:24:00,LINE3-M02,301.1,309.9,1569,51.0,80,Running,True,1436
1437,2026-06-05T05:29:00,LINE3-M01,297.5,308.4,1791,53.8,82,Maintenance,False,1437
1438,2026-06-05T05:33:00,LINE2-M02,300.6,309.3,1950,43.4,85,Running,True,1438
1439,2026-06-05T05:37:00,LINE1-M01,303.0,311.4,1517,42.2,87,Running,True,1439
1440,2026-06-05T05:40:00,LINE2-M01,299.0,309.8,1636,37.7,89,Running,True,1440
1441,2026-06-05T05:44:00,LINE2-M01,300.4,310.5,1168,24.5,91,Maintenance,False,1441
1442,2026-06-05T05:49:00,LINE2-M02,296.9,306.1,1677,43.3,94,Running,True,1442
1443,2026-06-05T05:55:00,LINE2-M02,302.1,312.2,1168,39.6,97,Running,True,1443
1444,2026-06-05T05:57:00,LINE3-M02,302.6,311.4,1311,30.7,100,Running,True,1444
1445,2026-06-05T05:59:00,LINE3-M02,300.4,311.6,1610,42.1,102,Running,True,1445
1446,2026-06-05T06:02:00,LINE3-M01,296.1,307.1,1460,52.0,107,Running,False,1446
1447,2026-06-05T06:05:00,LINE1-M02,297.8,309.8,1566,42.5,109,Running,True,1447
1448,2026-06-05T06:11:00,LINE2-M02,300.2,311.2,1644,46.6,112,Running,True,1448
1449,2026-06-05T06:17:00,LINE3-M02,297.9,306.9,1748,42.0,114,Running,False,1449
1450,2026-06-05T06:21:00,LINE2-M02,301.3,311.6,1543,45.7,116,Running,True,1450
1451,2026-06-05T06:25:00,LINE3-M01,303.5,313.0,1182,50.8,118,Idle,False,1451
1452,2026-06-05T06:30:00,LINE3-M02,298.3,307.2,1422,49.5,123,Running,True,1452
1453,2026-06-05T06:36:00,LINE1-M02,300.4,309.0,1425,33.1,125,Running,True,1453
1454,2026-06-05T06:38:00,LINE1-M01,299.4,309.3,1442,38.6,128,Idle,True,1454
1455,2026-06-05T06:41:00,LINE1-M02,301.0,310.8,1667,57.1,130,Maintenance,False,1455
1456,2026-06-05T06:46:00,LINE1-M02,298.0,308.4,1608,46.6,133,Running,True,1456
1457,2026-06-05T06:51:00,LINE1-M02,300.5,309.3,1176,37.1,136,Running,True,1457
1458,2026-06-05T06:53:00,LINE3-M01,300.1,311.3,1372,47.4,141,Running,True,1458
1459,2026-06-05T06:56:00,LINE1-M01,299.5,309.2,1168,52.8,146,Running,True,1459
1460,2026-06-05T07:01:00,LINE2-M02,300.6,310.2,1620,35.5,148,Running,True,1460
1461,2026-06-05T07:04:00,LINE3-M02,301.6,310.7,1546,39.1,150,Running,True,1461
1462,2026-06-05T07:06:00,LINE2-M02,298.6,308.7,1344,39.3,152,Running,False,1462
1463,2026-06-05T07:08:00,LINE3-M02,296.9,306.7,1385,27.5,155,Running,True,1463
1464,2026-06-05T07:13:00,LINE2-M01,298.3,309.6,2132,18.5,157,Idle,True,1464
1465,2026-06-05T07:19:00,LINE2-M01,302.3,313.9,1230,50.2,159,Running,True,1465
1466,2026-06-05T07:23:00,LINE3-M01,302.0,311.9,1431,44.9,161,Running,True,1466
1467,2026-06-05T07:25:00,LINE3-M01,297.4,307.8,1574,66.3,166,Stopped,False,1467
1468,2026-06-05T07:31:00,LINE1-M02,301.1,312.1,1505,34.1,168,Idle,True,1468
1469,2026-06-05T07:33:00,LINE2-M01,303.7,314.0,1663,39.9,171,Running,True,1469
1470,2026-06-05T07:35:00,LINE2-M01,297.9,309.4,1168,36.8,174,Running,True,1470
1471,2026-06-05T07:41:00,LINE3-M02,300.1,311.4,1885,36.8,176,Running,True,1471
1472,2026-06-05T07:46:00,LINE2-M02,299.3,308.6,1701,42.4,178,Running,True,1472
1473,2026-06-05T07:52:00,LINE2-M02,299.4,309.3,1488,42.5,183,Running,True,1473
1474,2026-06-05T07:56:00,LINE3-M01,303.8,312.9,1481,33.8,186,Running,True,1474
1475,2026-06-05T07:59:00,LINE2-M01,299.6,309.5,1471,51.7,191,Running,True,1475
1476,2026-06-05T08:01:00,LINE1-M01,301.6,310.3,1462,51.2,194,Running,True,1476
1477,2026-06-05T08:04:00,LINE3-M01,303.5,312.9,1429,28.6,199,Running,True,1477
1478,2026-06-05T08:07:00,LINE3-M02,299.6,308.6,1468,38.9,202,Running,True,1478
1479,2026-06-05T08:10:00,LINE3-M01,297.9,306.2,1361,57.2,204,Maintenance,True,1479
1480,2026-06-05T08:12:00,LINE2-M02,299.2,308.3,1529,45.1,207,Running,True,1480
1481,2026-06-05T08:17:00,LINE1-M02,301.4,311.1,1312,54.3,212,Stopped,True,1481
1482,2026-06-05T08:21:00,LINE1-M02,301.8,308.0,1326,47.4,217,Stopped,False,1482
1483,2026-06-05T08:24:00,LINE1-M02,300.9,310.2,1516,48.2,219,Running,True,1483
1484,2026-06-05T08:27:00,LINE1-M02,298.2,309.6,1339,33.3,224,Maintenance,False,1484
1485,2026-06-05T08:30:00,LINE1-M02,299.4,308.4,2056,37.3,229,Stopped,True,1485
1486,2026-06-05T08:33:00,LINE3-M01,299.9,309.1,1384,25.5,231,Stopped,False,1486
1487,2026-06-05T08:35:00,LINE2-M01,301.1,310.3,1539,49.6,236,Stopped,False,1487
1488,2026-06-05T08:40:00,LINE3-M01,296.0,305.9,1168,30.2,238,Stopped,False,1488
1489,2026-06-05T08:46:00,LINE1-M02,298.1,308.1,1206,51.7,0,Running,True,1489
1490,2026-06-05T08:48:00,LINE3-M02,296.5,307.2,2020,3.8,2,Stopped,True,1490
1491,2026-06-05T08:52:00,LINE2-M02,298.1,309.9,1400,60.7,5,Running,True,1491
1492,2026-06-05T08:55:00,LINE2-M02,301.2,311.9,1385,36.3,7,Running,True,1492
1493,2026-06-05T09:00:00,LINE3-M01,302.2,311.8,1473,34.9,10,Idle,True,1493
1494,2026-06-05T09:05:00,LINE2-M02,300.5,310.7,1545,51.4,12,Running,True,1494
1495,2026-06-05T09:11:00,LINE1-M01,300.3,309.2,1357,39.8,14,Idle,True,1495
1496,2026-06-05T09:17:00,LINE2-M02,296.5,306.2,1294,24.7,17,Stopped,False,1496
1497,2026-06-05T09:23:00,LINE2-M01,299.3,310.0,1937,21.3,20,Running,True,1497
1498,2026-06-05T09:29:00,LINE2-M01,300.2,310.1,1735,38.2,25,Running,True,1498
1499,2026-06-05T09:35:00,LINE1-M02,297.8,306.1,1408,22.3,27,Stopped,True,1499
1500,2026-06-05T09:41:00,LINE3-M01,302.7,312.5,1743,15.7,29,Stopped,True,1500
1501,2026-06-05T09:45:00,LINE1-M01,301.9,310.0,1598,48.2,32,Idle,True,1501
1502,2026-06-05T09:50:00,LINE2-M02,297.1,305.3,1168,53.5,37,Maintenance,False,1502
1503,2026-06-05T09:52:00,LINE3-M02,298.6,308.5,1453,52.4,40,Running,True,1503
1504,2026-06-05T09:55:00,LINE1-M01,301.4,311.0,1183,67.2,42,Running,True,1504
1505,2026-06-05T09:58:00,LINE1-M02,300.8,309.8,1767,21.1,44,Idle,True,1505
1506,2026-06-05T10:04:00,LINE2-M02,295.9,307.0,1787,24.9,47,Running,True,1506
1507,2026-06-05T10:07:00,LINE1-M01,298.5,308.1,1497,51.3,49,Idle,True,1507
1508,2026-06-05T10:13:00,LINE2-M01,301.0,310.5,1168,47.0,54,Running,True,1508
1509,2026-06-05T10:19:00,LINE2-M01,299.5,307.6,2068,31.1,56,Running,True,1509
1510,2026-06-05T10:24:00,LINE2-M02,299.9,310.7,2016,50.1,61,Stopped,False,1510
1511,2026-06-05T10:26:00,LINE2-M02,299.1,308.8,1869,38.1,63,Running,True,1511
1512,2026-06-05T10:31:00,LINE2-M02,298.8,308.6,1493,46.9,66,Running,True,1512
1513,2026-06-05T10:35:00,LINE3-M01,299.2,307.6,1454,47.8,69,Running,True,1513
1514,2026-06-05T10:39:00,LINE3-M01,302.9,313.0,1390,30.0,74,Running,True,1514
1515,2026-06-05T10:45:00,LINE1-M01,302.0,312.9,1531,43.5,77,Running,True,1515
1516,2026-06-05T10:47:00,LINE1-M02,299.2,307.7,1569,48.6,80,Running,True,1516
1517,2026-06-05T10:49:00,LINE1-M01,299.3,309.7,1430,39.9,82,Running,True,1517
1518,2026-06-05T10:51:00,LINE2-M02,301.8,310.6,1406,49.8,84,Running,False,1518
1519,2026-06-05T10:57:00,LINE3-M01,299.1,308.7,1561,23.4,86,Running,True,1519
1520,2026-06-05T10:59:00,LINE1-M01,298.3,308.4,2037,20.3,89,Running,True,1520
1521,2026-06-05T11:01:00,LINE3-M01,298.1,306.8,1550,33.9,94,Running,True,1521
1522,2026-06-05T11:07:00,LINE2-M02,301.0,311.7,1576,48.6,99,Running,True,1522
1523,2026-06-05T11:13:00,LINE1-M02,300.1,309.9,1611,46.6,101,Running,True,1523
1524,2026-06-05T11:15:00,LINE3-M02,301.0,308.8,1458,53.7,104,Running,True,1524
1525,2026-06-05T11:19:00,LINE3-M01,300.6,310.8,1635,37.2,107,Running,True,1525
1526,2026-06-05T11:24:00,LINE2-M02,295.1,303.1,1431,36.3,109,Running,True,1526
1527,2026-06-05T11:29:00,LINE2-M02,298.8,309.1,1441,30.2,111,Running,True,1527
1528,2026-06-05T11:34:00,LINE2-M01,298.5,306.5,1677,22.7,114,Running,True,1528
1529,2026-06-05T11:36:00,LINE2-M01,303.4,312.7,1680,45.6,117,Running,True,1529
1530,2026-06-05T11:40:00,LINE2-M01,302.2,311.9,1866,40.5,119,Running,True,1530
1531,2026-06-05T11:44:00,LINE1-M01,301.3,310.8,1373,47.4,124,Idle,True,1531
1532,2026-06-05T11:46:00,LINE2-M01,299.3,311.0,1644,34.6,126,Running,True,1532
1533,2026-06-05T11:51:00,LINE1-M02,298.4,308.5,1574,28.3,129,Running,True,1533
1534,2026-06-05T11:57:00,LINE2-M01,301.3,311.6,1426,44.9,132,Running,True,1534
1535,2026-06-05T12:00:00,LINE2-M02,297.6,306.7,1961,40.2,137,Running,True,1535
1536,2026-06-05T12:03:00,LINE2-M02,299.1,310.0,1306,36.4,139,Running,True,1536
1537,2026-06-05T12:06:00,LINE2-M01,299.1,309.9,1622,25.3,144,Running,True,1537
1538,2026-06-05T12:11:00,LINE1-M02,298.0,310.1,1610,27.9,146,Running,True,1538
1539,2026-06-05T12:16:00,LINE2-M02,300.2,310.1,1500,39.0,149,Running,True,1539
1540,2026-06-05T12:19:00,LINE2-M01,296.2,307.6,1573,38.7,152,Running,True,1540
1541,2026-06-05T12:24:00,LINE3-M01,300.8,310.6,1607,26.0,155,Running,True,1541
1542,2026-06-05T12:27:00,LINE3-M01,302.9,313.0,1417,46.9,158,Running,True,1542
1543,2026-06-05T12:32:00,LINE2-M01,302.9,311.0,1365,40.1,161,Stopped,False,1543
1544,2026-06-05T12:37:00,LINE1-M02,301.9,311.2,1248,48.7,164,Running,True,1544
1545,2026-06-05T12:41:00,LINE2-M02,299.7,310.9,1905,39.4,166,Running,True,1545
1546,2026-06-05T12:43:00,LINE1-M01,299.2,308.9,1714,60.4,169,Stopped,False,1546
1547,2026-06-05T12:48:00,LINE1-M02,299.5,310.8,1558,29.3,172,Running,True,1547
1548,2026-06-05T12:54:00,LINE1-M01,299.6,309.3,1168,42.1,174,Running,True,1548
1549,2026-06-05T12:57:00,LINE1-M02,299.2,307.2,1213,39.6,179,Maintenance,False,1549
1550,2026-06-05T13:00:00,LINE3-M01,298.6,310.5,1377,41.4,182,Idle,True,1550
1551,2026-06-05T13:03:00,LINE1-M01,301.7,310.3,2036,47.5,184,Stopped,False,1551
1552,2026-06-05T13:07:00,LINE2-M02,302.3,311.5,1216,51.3,187,Running,True,1552
1553,2026-06-05T13:12:00,LINE3-M01,298.0,309.7,1405,50.4,190,Running,True,1553
1554,2026-06-05T13:16:00,LINE3-M01,300.9,310.8,2078,39.1,195,Running,True,1554
1555,2026-06-05T13:22:00,LINE1-M02,302.8,312.7,1669,46.1,197,Running,True,1555
1556,2026-06-05T13:28:00,LINE2-M02,299.1,308.2,1168,43.7,202,Running,True,1556
1557,2026-06-05T13:33:00,LINE3-M02,304.6,313.9,1523,30.4,205,Running,True,1557
1558,2026-06-05T13:36:00,LINE1-M02,300.9,312.1,1649,30.0,210,Running,True,1558
1559,2026-06-05T13:39:00,LINE3-M02,304.3,313.9,1369,35.4,212,Stopped,False,1559
1560,2026-06-05T13:43:00,LINE2-M02,298.8,309.4,1495,19.8,214,Stopped,True,1560
1561,2026-06-05T13:49:00,LINE1-M01,301.6,313.7,1314,29.6,216,Maintenance,True,1561
1562,2026-06-05T13:52:00,LINE1-M01,298.9,308.6,1898,30.8,218,Maintenance,False,1562
1563,2026-06-05T13:54:00,LINE1-M02,300.2,309.7,1492,39.7,221,Idle,True,1563
1564,2026-06-05T13:57:00,LINE1-M01,297.5,309.5,1662,43.5,224,Maintenance,False,1564
1565,2026-06-05T13:59:00,LINE3-M02,300.3,310.9,1588,20.6,226,Maintenance,False,1565
1566,2026-06-05T14:02:00,LINE1-M01,300.0,310.5,1593,29.0,231,Maintenance,False,1566
1567,2026-06-05T14:05:00,LINE3-M02,296.3,307.3,1714,24.8,236,Stopped,True,1567
1568,2026-06-05T14:09:00,LINE2-M01,297.8,307.8,1168,48.4,0,Running,True,1568
1569,2026-06-05T14:13:00,LINE3-M01,303.0,312.9,1168,40.8,2,Running,True,1569
1570,2026-06-05T14:17:00,LINE2-M01,297.5,306.8,1330,31.7,7,Idle,True,1570
1571,2026-06-05T14:21:00,LINE1-M02,300.6,310.8,1677,45.4,12,Idle,True,1571
1572,2026-06-05T14:23:00,LINE2-M01,297.8,309.0,1437,41.4,14,Running,True,1572
1573,2026-06-05T14:29:00,LINE1-M01,302.9,312.4,1544,36.9,19,Idle,False,1573
1574,2026-06-05T14:35:00,LINE1-M01,301.2,312.4,1168,45.2,21,Running,True,1574
1575,2026-06-05T14:38:00,LINE3-M02,297.9,306.3,1335,56.2,24,Maintenance,False,1575
1576,2026-06-05T14:44:00,LINE2-M02,301.7,313.0,1781,42.5,26,Running,True,1576
1577,2026-06-05T14:47:00,LINE3-M01,296.2,304.7,1168,45.6,28,Stopped,True,1577
1578,2026-06-05T14:50:00,LINE3-M01,301.1,311.0,1413,30.6,30,Running,True,1578
1579,2026-06-05T14:52:00,LINE1-M02,299.5,309.9,1728,38.2,33,Running,True,1579
1580,2026-06-05T14:58:00,LINE2-M02,300.2,310.3,1454,50.3,35,Running,True,1580
1581,2026-06-05T15:04:00,LINE3-M01,299.9,310.3,1267,45.7,37,Running,True,1581
1582,2026-06-05T15:09:00,LINE2-M01,302.0,313.3,1588,30.0,40,Idle,True,1582
1583,2026-06-05T15:11:00,LINE2-M01,299.1,309.5,1168,54.2,43,Running,True,1583
1584,2026-06-05T15:13:00,LINE2-M02,300.4,309.8,1431,42.7,48,Running,True,1584
1585,2026-06-05T15:19:00,LINE3-M02,301.2,310.6,1547,43.7,51,Running,True,1585
1586,2026-06-05T15:21:00,LINE3-M02,298.4,307.2,1676,30.4,53,Running,True,1586
1587,2026-06-05T15:27:00,LINE3-M01,301.5,311.0,1390,35.4,55,Running,True,1587
1588,2026-06-05T15:31:00,LINE1-M01,300.8,311.6,1360,43.3,57,Running,True,1588
1589,2026-06-05T15:33:00,LINE1-M02,301.3,310.5,1691,37.9,59,Running,True,1589
1590,2026-06-05T15:36:00,LINE2-M01,300.7,310.1,1531,30.2,64,Running,True,1590
1591,2026-06-05T15:39:00,LINE3-M02,296.9,307.1,1502,56.7,66,Running,True,1591
1592,2026-06-05T15:45:00,LINE3-M01,299.0,308.5,1465,47.6,69,Running,True,1592
1593,2026-06-05T15:49:00,LINE3-M01,299.5,309.9,1706,42.1,72,Running,True,1593
1594,2026-06-05T15:51:00,LINE1-M02,300.4,310.9,1658,22.6,75,Idle,True,1594
1595,2026-06-05T15:54:00,LINE1-M01,301.6,310.3,1493,49.8,78,Running,True,1595
1596,2026-06-05T16:00:00,LINE2-M02,300.4,310.4,1380,32.0,80,Running,True,1596
1597,2026-06-05T16:03:00,LINE1-M02,299.1,308.8,1505,37.8,85,Running,True,1597
1598,2026-06-05T16:09:00,LINE3-M02,302.9,312.7,2033,23.9,87,Running,True,1598
1599,2026-06-05T16:12:00,LINE2-M01,299.6,308.1,1168,36.6,89,Stopped,False,1599
1600,2026-06-05T16:15:00,LINE3-M01,299.3,310.7,1168,53.4,92,Running,True,1600
1601,2026-06-05T16:20:00,LINE3-M02,302.0,313.2,1221,30.0,95,Running,True,1601
1602,2026-06-05T16:25:00,LINE1-M01,298.7,308.6,1591,37.1,97,Running,True,1602
1603,2026-06-05T16:28:00,LINE2-M02,300.2,310.1,1220,29.2,99,Running,True,1603
1604,2026-06-05T16:33:00,LINE3-M01,300.4,308.4,1394,43.6,102,Idle,True,1604
1605,2026-06-05T16:35:00,LINE2-M02,301.1,313.2,1583,44.1,107,Idle,True,1605
1606,2026-06-05T16:41:00,LINE3-M02,302.5,313.5,1370,38.9,109,Running,True,1606
1607,2026-06-05T16:47:00,LINE3-M01,302.9,313.0,1469,15.3,111,Maintenance,False,1607
1608,2026-06-05T16:51:00,LINE2-M02,299.1,307.0,1350,46.4,116,Maintenance,True,1608
1609,2026-06-05T16:54:00,LINE2-M02,297.6,308.0,1692,27.5,118,Running,True,1609
1610,2026-06-05T16:57:00,LINE3-M02,297.5,307.1,1745,39.3,120,Running,True,1610
1611,2026-06-05T17:03:00,LINE1-M01,301.3,311.2,1197,34.2,122,Running,True,1611
1612,2026-06-05T17:07:00,LINE1-M02,299.2,309.2,1354,57.0,124,Running,True,1612
1613,2026-06-05T17:13:00,LINE2-M01,301.3,313.6,1677,52.7,127,Maintenance,True,1613
1614,2026-06-05T17:16:00,LINE2-M02,303.5,312.6,1759,49.1,129,Stopped,False,1614
1615,2026-06-05T17:22:00,LINE1-M02,299.9,309.9,1502,30.3,132,Running,True,1615
1616,2026-06-05T17:24:00,LINE1-M01,298.3,308.5,1739,34.4,134,Running,True,1616
1617,2026-06-05T17:29:00,LINE1-M01,301.3,310.6,1579,40.6,136,Running,True,1617
1618,2026-06-05T17:33:00,LINE2-M02,300.5,309.8,1200,42.0,138,Running,True,1618
1619,2026-06-05T17:39:00,LINE2-M01,296.6,307.0,1168,22.2,141,Maintenance,False,1619
1620,2026-06-05T17:45:00,LINE3-M01,301.3,311.4,1389,45.1,144,Idle,True,1620
1621,2026-06-05T17:50:00,LINE1-M01,300.9,310.6,1456,42.7,146,Running,True,1621
1622,2026-06-05T17:53:00,LINE2-M01,301.7,313.0,1873,41.9,151,Idle,True,1622
1623,2026-06-05T17:58:00,LINE1-M01,301.4,311.2,1856,42.2,153,Running,True,1623
1624,2026-06-05T18:03:00,LINE3-M02,299.0,308.7,1261,38.2,156,Running,True,1624
1625,2026-06-05T18:09:00,LINE2-M02,298.8,310.3,1717,45.8,158,Running,True,1625
1626,2026-06-05T18:13:00,LINE1-M01,298.9,309.2,1668,34.4,160,Running,True,1626
1627,2026-06-05T18:18:00,LINE2-M01,299.3,307.5,1168,34.9,162,Maintenance,True,1627
1628,2026-06-05T18:23:00,LINE3-M01,303.1,312.4,1405,51.0,164,Running,True,1628
1629,2026-06-05T18:28:00,LINE2-M01,301.0,311.6,1271,38.8,166,Running,False,1629
1630,2026-06-05T18:33:00,LINE1-M01,302.0,311.7,1896,45.9,169,Maintenance,True,1630
1631,2026-06-05T18:36:00,LINE1-M01,301.8,312.7,1190,37.8,171,Running,True,1631
1632,2026-06-05T18:41:00,LINE1-M02,302.8,313.5,1771,28.6,176,Running,True,1632
1633,2026-06-05T18:44:00,LINE3-M01,301.2,312.0,1338,44.8,179,Running,True,1633
1634,2026-06-05T18:47:00,LINE2-M02,298.9,309.2,1599,33.1,181,Idle,True,1634
1635,2026-06-05T18:49:00,LINE1-M01,296.0,305.5,1496,36.9,184,Running,True,1635
1636,2026-06-05T18:52:00,LINE1-M01,300.1,309.4,1508,43.9,186,Running,True,1636
1637,2026-06-05T18:54:00,LINE3-M01,300.5,311.7,1215,35.3,189,Running,True,1637
1638,2026-06-05T19:00:00,LINE2-M02,303.2,313.7,1579,43.0,192,Running,True,1638
1639,2026-06-05T19:06:00,LINE1-M01,300.4,310.0,1244,30.9,194,Running,True,1639
1640,2026-06-05T19:11:00,LINE3-M02,301.3,312.1,1832,48.1,199,Maintenance,False,1640
1641,2026-06-05T19:16:00,LINE1-M02,300.7,309.7,1902,23.7,201,Idle,True,1641
1642,2026-06-05T19:18:00,LINE3-M02,298.3,307.2,1476,36.5,206,Running,True,1642
1643,2026-06-05T19:20:00,LINE1-M02,298.8,306.5,1168,39.5,208,Maintenance,False,1643
1644,2026-06-05T19:23:00,LINE1-M01,300.6,309.7,1399,31.8,210,Running,True,1644
1645,2026-06-05T19:26:00,LINE2-M01,297.2,306.3,1530,34.3,212,Idle,True,1645
1646,2026-06-05T19:30:00,LINE2-M01,298.3,309.2,1281,27.6,214,Idle,True,1646
1647,2026-06-05T19:34:00,LINE2-M02,299.4,309.5,1815,41.8,216,Stopped,True,1647
1648,2026-06-05T19:40:00,LINE2-M01,301.3,312.7,1455,31.9,218,Stopped,False,1648
1649,2026-06-05T19:46:00,LINE2-M02,299.8,310.3,1240,42.5,221,Idle,True,1649
1650,2026-06-05T19:51:00,LINE3-M01,298.3,307.9,1633,52.0,223,Maintenance,False,1650
1651,2026-06-05T19:55:00,LINE1-M01,296.6,305.9,1946,38.8,225,Running,True,1651
1652,2026-06-05T19:59:00,LINE1-M01,296.8,306.9,1256,56.6,227,Maintenance,True,1652
1653,2026-06-05T20:01:00,LINE1-M01,296.9,307.0,1654,36.4,229,Running,True,1653
1654,2026-06-05T20:04:00,LINE3-M02,296.5,307.0,1606,31.0,231,Stopped,False,1654
1655,2026-06-05T20:10:00,LINE3-M02,301.1,308.6,1292,53.2,234,Maintenance,False,1655
1656,2026-06-05T20:13:00,LINE1-M01,300.2,309.5,2130,48.1,236,Stopped,False,1656
1657,2026-06-05T20:19:00,LINE2-M02,301.5,312.1,1381,70.1,238,Maintenance,True,1657
1658,2026-06-05T20:25:00,LINE3-M02,298.8,309.2,1546,30.5,240,Stopped,False,1658
1659,2026-06-05T20:27:00,LINE2-M02,300.0,309.0,1703,57.2,0,Stopped,True,1659
1660,2026-06-05T20:32:00,LINE2-M01,296.6,307.2,1853,31.9,2,Running,True,1660
1661,2026-06-05T20:35:00,LINE3-M02,298.9,309.0,1842,37.5,4,Running,True,1661
1662,2026-06-05T20:38:00,LINE3-M02,301.3,309.9,1376,40.8,9,Stopped,False,1662
1663,2026-06-05T20:44:00,LINE1-M01,300.3,311.6,1794,24.9,11,Idle,True,1663
1664,2026-06-05T20:46:00,LINE3-M01,300.1,309.4,1560,45.2,14,Running,True,1664
1665,2026-06-05T20:50:00,LINE3-M01,298.2,307.1,1180,44.0,17,Running,True,1665
1666,2026-06-05T20:56:00,LINE1-M02,298.9,307.0,2233,50.7,20,Maintenance,False,1666
1667,2026-06-05T21:02:00,LINE2-M02,299.0,309.5,1609,33.9,22,Running,False,1667
1668,2026-06-05T21:06:00,LINE3-M02,300.7,309.8,1341,46.3,27,Running,True,1668
1669,2026-06-05T21:12:00,LINE1-M01,298.4,309.0,1508,40.2,29,Running,True,1669
1670,2026-06-05T21:16:00,LINE3-M01,301.5,311.2,1189,35.3,31,Idle,True,1670
1671,2026-06-05T21:22:00,LINE3-M02,301.2,311.0,1586,43.3,34,Running,True,1671
1672,2026-06-05T21:26:00,LINE1-M01,302.6,313.1,1514,45.1,37,Running,True,1672
1673,2026-06-05T21:31:00,LINE3-M02,300.5,309.2,1763,45.6,42,Running,True,1673
1674,2026-06-05T21:37:00,LINE3-M01,298.1,307.3,2069,38.1,44,Running,False,1674
1675,2026-06-05T21:40:00,LINE1-M01,299.8,309.8,1412,33.2,47,Running,True,1675
1676,2026-06-05T21:43:00,LINE2-M01,297.9,306.7,1615,30.8,49,Running,True,1676
1677,2026-06-05T21:48:00,LINE3-M01,299.5,310.7,1609,40.5,52,Idle,True,1677
1678,2026-06-05T21:52:00,LINE3-M02,300.8,310.4,1322,32.1,57,Running,True,1678
1679,2026-06-05T21:54:00,LINE2-M02,300.2,309.7,1404,48.9,59,Running,True,1679
1680,2026-06-05T21:56:00,LINE2-M02,301.5,310.8,1569,31.9,61,Running,True,1680
1681,2026-06-05T22:01:00,LINE2-M02,299.5,309.8,1238,42.7,63,Running,True,1681
1682,2026-06-05T22:03:00,LINE3-M01,297.8,308.6,1341,36.0,65,Running,True,1682
1683,2026-06-05T22:05:00,LINE2-M02,300.4,310.3,1364,57.3,68,Running,True,1683
1684,2026-06-05T22:10:00,LINE3-M01,300.6,310.9,1566,34.2,73,Idle,True,1684
1685,2026-06-05T22:15:00,LINE3-M02,297.1,306.9,1261,35.5,75,Running,True,1685
1686,2026-06-05T22:18:00,LINE2-M01,298.7,308.4,1891,35.3,78,Running,True,1686
1687,2026-06-05T22:21:00,LINE2-M01,299.3,309.4,1472,32.9,81,Idle,True,1687
1688,2026-06-05T22:27:00,LINE3-M01,299.4,310.4,1782,18.6,83,Stopped,False,1688
1689,2026-06-05T22:29:00,LINE2-M02,298.5,308.3,1583,33.7,88,Running,True,1689
1690,2026-06-05T22:33:00,LINE1-M02,301.1,311.3,1341,50.4,90,Running,True,1690
1691,2026-06-05T22:35:00,LINE3-M01,300.2,309.1,1791,60.5,92,Stopped,False,1691
1692,2026-06-05T22:39:00,LINE2-M02,302.8,314.8,1513,44.7,95,Running,True,1692
1693,2026-06-05T22:45:00,LINE3-M01,301.8,312.6,1182,35.8,97,Running,True,1693
1694,2026-06-05T22:49:00,LINE1-M01,302.1,312.3,1485,45.5,99,Running,False,1694
1695,2026-06-05T22:53:00,LINE3-M02,299.2,310.2,1532,32.2,104,Running,True,1695
1696,2026-06-05T22:59:00,LINE3-M01,298.5,309.8,1168,44.5,106,Idle,True,1696
1697,2026-06-05T23:03:00,LINE1-M01,300.4,311.1,1449,42.4,109,Running,True,1697
1698,2026-06-05T23:05:00,LINE1-M02,300.8,311.8,1457,32.1,111,Idle,True,1698
1699,2026-06-05T23:10:00,LINE1-M02,299.2,310.2,1767,37.4,114,Running,True,1699
1700,2026-06-05T23:14:00,LINE2-M01,297.0,306.2,1219,46.6,116,Running,True,1700
1701,2026-06-05T23:18:00,LINE1-M01,302.5,312.2,1653,48.2,118,Running,True,1701
1702,2026-06-05T23:20:00,LINE1-M01,299.3,308.7,1168,43.5,121,Idle,True,1702
1703,2026-06-05T23:26:00,LINE3-M02,298.6,307.8,1460,33.2,123,Running,True,1703
1704,2026-06-05T23:31:00,LINE1-M02,297.4,307.0,1702,29.7,125,Idle,True,1704
1705,2026-06-05T23:33:00,LINE2-M01,299.6,309.8,1360,36.0,127,Running,True,1705
1706,2026-06-05T23:39:00,LINE1-M01,300.3,311.0,1307,31.0,132,Running,True,1706
1707,2026-06-05T23:41:00,LINE2-M01,301.1,311.2,1313,51.1,134,Running,True,1707
1708,2026-06-05T23:44:00,LINE2-M01,298.9,309.1,1505,42.5,136,Running,True,1708
1709,2026-06-05T23:49:00,LINE3-M01,300.1,309.2,1510,25.2,138,Running,True,1709
1710,2026-06-05T23:53:00,LINE2-M01,298.2,308.8,1385,40.6,140,Running,True,1710
1711,2026-06-05T23:55:00,LINE3-M02,301.0,309.9,1321,41.4,142,Running,True,1711
1712,2026-06-05T23:59:00,LINE3-M01,301.8,312.9,1748,26.1,144,Running,True,1712
1713,2026-06-06T00:01:00,LINE1-M01,300.0,309.3,1356,29.1,147,Running,True,1713
1714,2026-06-06T00:03:00,LINE3-M01,299.4,309.5,1632,43.9,150,Running,True,1714
1715,2026-06-06T00:06:00,LINE2-M01,302.2,311.0,1168,61.3,152,Running,True,1715
1716,2026-06-06T00:10:00,LINE2-M01,302.8,311.6,1542,38.8,154,Running,True,1716
1717,2026-06-06T00:13:00,LINE2-M02,297.9,307.0,1196,29.8,156,Running,True,1717
1718,2026-06-06T00:15:00,LINE3-M02,302.5,313.3,1700,62.1,161,Maintenance,False,1718
1719,2026-06-06T00:20:00,LINE3-M01,301.8,312.0,1475,43.1,163,Running,True,1719
1720,2026-06-06T00:24:00,LINE2-M02,298.8,309.0,1168,41.7,166,Idle,True,1720
1721,2026-06-06T00:27:00,LINE3-M02,297.8,308.2,1543,34.9,168,Idle,True,1721
1722,2026-06-06T00:31:00,LINE3-M02,300.8,312.5,1375,53.9,173,Running,True,1722
1723,2026-06-06T00:36:00,LINE1-M01,297.6,309.0,1168,40.5,178,Running,True,1723
1724,2026-06-06T00:42:00,LINE3-M01,299.4,310.2,1531,44.4,181,Idle,True,1724
1725,2026-06-06T00:48:00,LINE2-M02,299.8,310.6,1533,44.7,183,Running,True,1725
1726,2026-06-06T00:53:00,LINE2-M02,301.9,310.9,1916,30.9,186,Running,True,1726
1727,2026-06-06T00:59:00,LINE2-M01,298.6,308.3,1412,44.1,188,Running,True,1727
1728,2026-06-06T01:03:00,LINE2-M02,299.6,307.2,1651,31.2,190,Running,True,1728
1729,2026-06-06T01:05:00,LINE1-M01,300.4,310.7,1404,38.1,193,Running,False,1729
1730,2026-06-06T01:07:00,LINE1-M02,301.1,312.2,2157,33.5,195,Running,True,1730
1731,2026-06-06T01:11:00,LINE1-M02,299.0,307.9,1628,51.2,197,Idle,True,1731
1732,2026-06-06T01:14:00,LINE3-M01,299.8,309.5,1168,62.0,199,Maintenance,True,1732
1733,2026-06-06T01:17:00,LINE3-M01,298.6,310.4,1987,43.8,201,Stopped,False,1733
1734,2026-06-06T01:22:00,LINE3-M02,299.5,309.2,1368,33.0,204,Running,True,1734
1735,2026-06-06T01:28:00,LINE1-M02,299.0,308.3,1800,33.1,209,Running,True,1735
1736,2026-06-06T01:31:00,LINE1-M01,298.0,308.8,1409,40.8,212,Stopped,False,1736
1737,2026-06-06T01:35:00,LINE3-M02,298.8,309.9,1450,66.3,215,Stopped,False,1737
1738,2026-06-06T01:37:00,LINE1-M01,297.9,307.9,1335,45.6,217,Running,True,1738
1739,2026-06-06T01:41:00,LINE3-M02,300.8,309.0,1581,24.4,222,Running,True,1739
1740,2026-06-06T01:46:00,LINE1-M02,299.4,310.4,1278,34.7,224,Maintenance,True,1740
1741,2026-06-06T01:50:00,LINE2-M02,299.5,309.8,1379,58.5,226,Stopped,False,1741
1742,2026-06-06T01:55:00,LINE2-M01,300.7,310.1,1551,42.6,228,Stopped,False,1742
1743,2026-06-06T02:01:00,LINE3-M01,300.1,309.2,1501,34.4,231,Running,True,1743
1744,2026-06-06T02:04:00,LINE1-M02,298.5,307.7,1473,46.4,233,Stopped,False,1744
1745,2026-06-06T02:09:00,LINE3-M01,303.0,313.2,1512,20.1,236,Stopped,True,1745
1746,2026-06-06T02:11:00,LINE3-M01,302.9,312.5,1774,40.2,0,Running,True,1746
1747,2026-06-06T02:13:00,LINE3-M01,299.1,307.6,1168,31.6,2,Stopped,False,1747
1748,2026-06-06T02:17:00,LINE2-M02,301.9,313.8,1579,31.5,4,Running,True,1748
1749,2026-06-06T02:19:00,LINE3-M01,299.2,307.7,1232,43.6,7,Stopped,True,1749
1750,2026-06-06T02:25:00,LINE3-M01,297.3,306.6,1615,50.0,10,Running,True,1750
1751,2026-06-06T02:31:00,LINE1-M01,298.8,308.8,1195,41.2,12,Running,True,1751
1752,2026-06-06T02:37:00,LINE2-M01,304.6,315.9,1176,51.6,17,Running,True,1752
1753,2026-06-06T02:43:00,LINE1-M02,304.4,314.0,1945,44.5,20,Stopped,False,1753
1754,2026-06-06T02:45:00,LINE2-M01,300.1,310.1,1993,20.0,22,Running,True,1754
1755,2026-06-06T02:47:00,LINE3-M01,297.5,307.0,1647,24.6,24,Running,True,1755
1756,2026-06-06T02:52:00,LINE2-M01,296.7,307.0,1506,37.9,27,Running,True,1756
1757,2026-06-06T02:55:00,LINE3-M02,299.5,309.0,1608,43.6,29,Running,True,1757
1758,2026-06-06T02:57:00,LINE2-M02,299.9,310.9,1374,42.2,31,Running,True,1758
1759,2026-06-06T03:00:00,LINE3-M02,300.6,309.3,1535,54.3,34,Idle,True,1759
1760,2026-06-06T03:03:00,LINE2-M02,298.0,310.6,1751,37.8,39,Running,True,1760
1761,2026-06-06T03:05:00,LINE2-M02,300.2,310.4,1357,58.2,41,Running,True,1761
1762,2026-06-06T03:07:00,LINE1-M02,301.5,311.5,1252,30.8,43,Running,True,1762
1763,2026-06-06T03:09:00,LINE3-M01,298.7,309.7,1683,30.0,46,Running,True,1763
1764,2026-06-06T03:15:00,LINE3-M01,300.1,308.8,1240,37.9,48,Running,True,1764
1765,2026-06-06T03:19:00,LINE2-M01,297.4,306.3,1348,47.1,50,Running,True,1765
1766,2026-06-06T03:21:00,LINE2-M01,300.8,309.9,1444,55.0,52,Running,True,1766
1767,2026-06-06T03:27:00,LINE2-M02,302.3,313.2,1273,33.4,54,Running,True,1767
1768,2026-06-06T03:29:00,LINE1-M02,300.0,309.1,1602,45.5,56,Running,True,1768
1769,2026-06-06T03:35:00,LINE1-M01,299.9,311.4,1412,32.8,61,Running,True,1769
1770,2026-06-06T03:40:00,LINE1-M01,301.9,312.0,1168,34.7,63,Idle,False,1770
1771,2026-06-06T03:42:00,LINE2-M02,302.8,313.1,1168,33.7,65,Running,True,1771
1772,2026-06-06T03:44:00,LINE3-M01,300.6,309.7,1611,31.0,68,Running,True,1772
1773,2026-06-06T03:46:00,LINE1-M02,299.9,310.4,1468,42.9,73,Running,True,1773
1774,2026-06-06T03:52:00,LINE1-M02,296.5,306.7,1465,49.2,75,Running,True,1774
1775,2026-06-06T03:54:00,LINE1-M02,298.3,307.4,1749,36.4,78,Running,True,1775
1776,2026-06-06T03:56:00,LINE3-M02,301.0,311.2,1267,43.1,80,Running,True,1776
1777,2026-06-06T03:59:00,LINE2-M01,298.0,307.7,1835,23.7,82,Running,True,1777
1778,2026-06-06T04:04:00,LINE2-M02,299.4,309.3,1715,43.6,85,Idle,True,1778
1779,2026-06-06T04:08:00,LINE1-M02,300.5,310.5,1420,35.3,88,Running,True,1779
1780,2026-06-06T04:13:00,LINE2-M02,305.7,317.0,1579,46.6,90,Running,True,1780
1781,2026-06-06T04:15:00,LINE1-M01,301.8,313.0,1375,48.9,95,Running,True,1781
1782,2026-06-06T04:17:00,LINE2-M01,301.4,314.1,1568,60.7,97,Maintenance,False,1782
1783,2026-06-06T04:21:00,LINE2-M01,300.7,310.8,1168,30.0,99,Running,True,1783
1784,2026-06-06T04:26:00,LINE2-M01,298.5,309.0,1505,39.4,102,Running,True,1784
1785,2026-06-06T04:28:00,LINE1-M02,299.0,309.8,1513,47.3,105,Running,True,1785
1786,2026-06-06T04:31:00,LINE2-M01,298.5,307.0,1786,39.4,107,Running,True,1786
1787,2026-06-06T04:33:00,LINE1-M02,299.2,309.7,1614,41.0,109,Running,False,1787
1788,2026-06-06T04:39:00,LINE3-M01,297.8,306.3,1425,33.2,112,Running,False,1788
1789,2026-06-06T04:43:00,LINE3-M01,296.5,307.6,1469,42.3,115,Running,True,1789
1790,2026-06-06T04:49:00,LINE2-M02,300.9,310.7,1368,48.8,118,Running,True,1790
1791,2026-06-06T04:54:00,LINE1-M02,300.4,310.3,1452,32.6,120,Running,True,1791
1792,2026-06-06T04:57:00,LINE2-M01,299.0,309.3,1693,32.2,125,Running,True,1792
1793,2026-06-06T05:00:00,LINE1-M01,303.4,312.3,1168,34.1,127,Running,True,1793
1794,2026-06-06T05:05:00,LINE3-M01,297.3,309.4,1774,26.0,132,Running,True,1794
1795,2026-06-06T05:07:00,LINE2-M02,300.4,309.0,1467,42.7,135,Running,True,1795
1796,2026-06-06T05:10:00,LINE3-M01,299.1,309.2,1244,44.3,137,Idle,True,1796
1797,2026-06-06T05:16:00,LINE1-M02,298.7,308.3,1255,45.7,139,Running,True,1797
1798,2026-06-06T05:22:00,LINE3-M02,300.1,309.7,1370,31.8,141,Running,True,1798
1799,2026-06-06T05:26:00,LINE3-M01,299.6,311.8,1627,22.3,143,Running,True,1799
1800,2026-06-06T05:31:00,LINE3-M01,300.2,310.4,1264,54.5,148,Running,True,1800
1801,2026-06-06T05:34:00,LINE1-M02,300.6,310.3,1247,28.9,153,Running,True,1801
1802,2026-06-06T05:40:00,LINE1-M01,297.5,307.6,2017,27.9,155,Idle,True,1802
1803,2026-06-06T05:43:00,LINE2-M01,299.4,309.9,1993,40.1,160,Running,True,1803
1804,2026-06-06T05:45:00,LINE1-M01,299.9,309.6,1830,16.2,162,Maintenance,True,1804
1805,2026-06-06T05:47:00,LINE2-M01,297.6,309.2,1675,55.9,164,Maintenance,True,1805
1806,2026-06-06T05:50:00,LINE3-M01,298.1,308.5,1534,41.6,166,Running,True,1806
1807,2026-06-06T05:54:00,LINE2-M01,301.0,311.3,1515,41.5,168,Running,True,1807
1808,2026-06-06T05:59:00,LINE1-M02,301.3,310.9,1370,51.5,171,Running,True,1808
1809,2026-06-06T06:04:00,LINE3-M02,297.4,307.7,1508,34.4,173,Idle,True,1809
1810,2026-06-06T06:08:00,LINE1-M02,296.2,306.7,1408,30.0,176,Running,True,1810
1811,2026-06-06T06:11:00,LINE1-M01,301.3,311.6,1729,47.2,181,Idle,True,1811
1812,2026-06-06T06:16:00,LINE3-M01,301.8,310.4,1291,32.4,183,Maintenance,False,1812
1813,2026-06-06T06:21:00,LINE1-M01,298.1,306.9,1373,39.2,186,Running,True,1813
1814,2026-06-06T06:27:00,LINE3-M02,299.7,308.6,1408,41.2,188,Running,True,1814
1815,2026-06-06T06:31:00,LINE2-M02,300.6,309.8,1337,21.8,191,Stopped,False,1815
1816,2026-06-06T06:36:00,LINE2-M02,299.1,308.4,1523,56.4,193,Running,True,1816
1817,2026-06-06T06:41:00,LINE3-M01,302.8,314.0,1168,38.3,196,Running,True,1817
1818,2026-06-06T06:43:00,LINE1-M01,299.2,308.9,1168,53.6,198,Running,True,1818
1819,2026-06-06T06:49:00,LINE2-M01,299.3,309.5,1168,38.2,201,Running,True,1819
1820,2026-06-06T06:55:00,LINE2-M01,299.1,308.7,1727,39.0,203,Running,True,1820
1821,2026-06-06T07:01:00,LINE3-M02,301.5,311.1,1500,20.5,205,Maintenance,True,1821
1822,2026-06-06T07:03:00,LINE2-M02,300.0,308.9,1856,33.7,210,Running,True,1822
1823,2026-06-06T07:09:00,LINE1-M01,301.6,312.5,1170,67.6,212,Stopped,True,1823
1824,2026-06-06T07:12:00,LINE1-M02,297.4,306.6,1372,25.7,214,Stopped,False,1824
1825,2026-06-06T07:18:00,LINE1-M01,301.3,310.9,1398,38.1,219,Stopped,False,1825
1826,2026-06-06T07:24:00,LINE3-M02,295.6,306.8,1601,42.6,224,Running,True,1826
1827,2026-06-06T07:26:00,LINE1-M01,300.6,310.0,1394,39.4,226,Maintenance,False,1827
1828,2026-06-06T07:30:00,LINE3-M02,297.1,306.9,1433,38.3,228,Stopped,False,1828
1829,2026-06-06T07:34:00,LINE2-M02,299.9,311.1,1618,43.4,230,Running,True,1829
1830,2026-06-06T07:39:00,LINE1-M02,301.6,311.1,1387,50.1,233,Running,True,1830
1831,2026-06-06T07:42:00,LINE1-M02,299.4,310.0,1168,42.7,235,Stopped,False,1831
1832,2026-06-06T07:48:00,LINE2-M02,306.3,316.8,1168,50.9,238,Stopped,False,1832
1833,2026-06-06T07:54:00,LINE3-M01,298.8,310.8,1168,44.7,0,Running,True,1833
1834,2026-06-06T07:57:00,LINE3-M01,298.7,307.4,1467,25.0,3,Running,True,1834
1835,2026-06-06T08:02:00,LINE2-M02,300.9,309.9,2090,31.9,6,Running,True,1835
1836,2026-06-06T08:08:00,LINE1-M02,300.7,311.4,1609,52.0,9,Running,True,1836
1837,2026-06-06T08:13:00,LINE1-M01,298.7,309.1,1694,36.5,12,Running,True,1837
1838,2026-06-06T08:19:00,LINE3-M02,301.8,310.1,1918,41.5,17,Idle,True,1838
1839,2026-06-06T08:21:00,LINE2-M02,300.4,310.4,1376,19.2,19,Maintenance,False,1839
1840,2026-06-06T08:25:00,LINE2-M01,302.0,313.2,1841,43.6,24,Running,True,1840
1841,2026-06-06T08:29:00,LINE3-M02,299.7,308.6,1491,27.0,26,Running,True,1841
1842,2026-06-06T08:31:00,LINE3-M02,297.1,309.2,1770,49.4,28,Stopped,False,1842
1843,2026-06-06T08:35:00,LINE1-M01,300.8,311.5,1569,55.5,30,Maintenance,True,1843
1844,2026-06-06T08:40:00,LINE3-M02,299.0,306.0,1643,28.3,33,Running,True,1844
1845,2026-06-06T08:44:00,LINE1-M01,300.7,311.0,1468,51.3,35,Running,True,1845
1846,2026-06-06T08:48:00,LINE2-M01,300.6,311.9,1534,40.2,38,Idle,True,1846
1847,2026-06-06T08:53:00,LINE3-M01,298.6,308.5,1473,54.9,40,Running,True,1847
1848,2026-06-06T08:57:00,LINE1-M01,300.5,310.0,1718,31.8,42,Running,True,1848
1849,2026-06-06T09:03:00,LINE1-M02,303.1,314.5,1746,52.3,44,Stopped,False,1849
1850,2026-06-06T09:09:00,LINE3-M02,299.9,308.1,1396,45.6,46,Running,True,1850
1851,2026-06-06T09:14:00,LINE2-M01,298.3,308.4,1511,46.4,48,Running,True,1851
1852,2026-06-06T09:18:00,LINE2-M01,302.5,312.1,1615,43.9,50,Idle,True,1852
1853,2026-06-06T09:22:00,LINE3-M02,301.8,311.6,2136,32.5,52,Running,True,1853
1854,2026-06-06T09:28:00,LINE2-M01,297.9,308.4,1541,51.0,55,Idle,True,1854
1855,2026-06-06T09:33:00,LINE2-M01,301.7,312.5,1617,36.3,57,Running,True,1855
1856,2026-06-06T09:36:00,LINE3-M01,299.3,309.4,1625,68.2,60,Maintenance,True,1856
1857,2026-06-06T09:38:00,LINE1-M01,298.3,307.6,1528,31.7,65,Running,True,1857
1858,2026-06-06T09:44:00,LINE3-M01,298.9,309.2,1497,34.2,68,Idle,True,1858
1859,2026-06-06T09:49:00,LINE2-M02,300.4,310.0,1876,31.3,70,Idle,True,1859
1860,2026-06-06T09:53:00,LINE3-M02,298.4,309.6,1477,29.0,73,Running,True,1860
1861,2026-06-06T09:56:00,LINE2-M02,300.4,311.0,1649,35.4,75,Running,True,1861
1862,2026-06-06T09:58:00,LINE3-M01,298.1,309.2,1345,18.6,77,Stopped,True,1862
1863,2026-06-06T10:00:00,LINE1-M02,299.6,310.9,1676,38.8,79,Running,True,1863
1864,2026-06-06T10:03:00,LINE3-M02,302.3,314.1,1671,26.3,82,Running,True,1864
1865,2026-06-06T10:05:00,LINE3-M02,297.5,307.9,1447,24.0,84,Running,True,1865
1866,2026-06-06T10:09:00,LINE3-M02,298.6,309.1,1811,38.8,87,Running,True,1866
1867,2026-06-06T10:12:00,LINE3-M01,298.8,307.3,2208,32.9,92,Running,True,1867
1868,2026-06-06T10:17:00,LINE1-M01,300.9,311.5,1182,53.6,94,Running,True,1868
1869,2026-06-06T10:20:00,LINE1-M02,300.5,310.9,1465,36.8,99,Idle,True,1869
1870,2026-06-06T10:22:00,LINE2-M01,298.4,306.5,1440,38.1,102,Idle,True,1870
1871,2026-06-06T10:27:00,LINE1-M01,298.8,308.8,1234,31.1,104,Running,True,1871
1872,2026-06-06T10:30:00,LINE3-M01,302.2,312.0,1557,41.0,106,Running,True,1872
1873,2026-06-06T10:36:00,LINE3-M01,299.3,309.1,1751,30.3,108,Running,True,1873
1874,2026-06-06T10:41:00,LINE3-M02,300.2,310.7,1335,41.4,110,Idle,True,1874
1875,2026-06-06T10:45:00,LINE2-M02,302.0,312.1,1594,25.3,113,Running,True,1875
1876,2026-06-06T10:51:00,LINE2-M01,303.4,314.2,1537,28.5,115,Running,True,1876
1877,2026-06-06T10:57:00,LINE2-M02,301.8,310.5,1335,47.0,117,Idle,True,1877
1878,2026-06-06T11:03:00,LINE3-M01,301.1,310.7,1204,34.4,120,Running,True,1878
1879,2026-06-06T11:07:00,LINE2-M01,301.3,312.7,1303,52.7,123,Running,True,1879
1880,2026-06-06T11:12:00,LINE3-M02,296.7,306.0,1466,37.4,126,Running,True,1880
1881,2026-06-06T11:16:00,LINE3-M02,297.9,308.6,1304,52.5,129,Idle,True,1881
1882,2026-06-06T11:18:00,LINE1-M01,299.1,308.6,1572,37.0,131,Running,True,1882
1883,2026-06-06T11:24:00,LINE2-M01,301.1,310.4,1703,35.8,134,Running,True,1883
1884,2026-06-06T11:30:00,LINE1-M01,301.1,309.3,1605,43.4,137,Running,True,1884
1885,2026-06-06T11:34:00,LINE3-M01,302.2,311.8,1440,35.2,142,Running,True,1885
1886,2026-06-06T11:37:00,LINE1-M01,298.1,307.1,1477,27.8,145,Running,True,1886
1887,2026-06-06T11:42:00,LINE1-M01,300.0,310.9,1337,66.5,148,Maintenance,False,1887
1888,2026-06-06T11:47:00,LINE3-M01,300.3,311.8,1334,40.3,151,Running,True,1888
1889,2026-06-06T11:52:00,LINE2-M01,298.4,308.6,1211,34.8,153,Running,True,1889
1890,2026-06-06T11:56:00,LINE3-M02,304.8,316.3,1270,44.2,156,Running,True,1890
1891,2026-06-06T11:59:00,LINE2-M02,301.6,311.3,1784,41.6,158,Running,True,1891
1892,2026-06-06T12:03:00,LINE3-M01,296.8,308.5,1658,38.5,163,Running,True,1892
1893,2026-06-06T12:08:00,LINE3-M01,304.9,315.3,1779,39.6,166,Idle,True,1893
1894,2026-06-06T12:12:00,LINE2-M01,300.0,310.4,1859,41.5,168,Running,True,1894
1895,2026-06-06T12:17:00,LINE1-M01,299.8,310.9,1929,37.1,173,Running,True,1895
1896,2026-06-06T12:19:00,LINE1-M01,300.3,310.4,1278,57.1,176,Running,True,1896
1897,2026-06-06T12:23:00,LINE3-M02,300.5,312.2,1168,35.8,179,Running,True,1897
1898,2026-06-06T12:26:00,LINE1-M01,297.0,307.2,1616,42.3,181,Running,True,1898
1899,2026-06-06T12:32:00,LINE2-M02,296.5,307.0,1714,48.0,186,Running,True,1899
1900,2026-06-06T12:34:00,LINE2-M02,299.4,309.9,1383,48.0,188,Running,True,1900
1901,2026-06-06T12:36:00,LINE2-M02,297.8,306.8,1368,38.2,190,Running,True,1901
1902,2026-06-06T12:40:00,LINE1-M01,300.8,310.6,1835,31.6,195,Idle,True,1902
1903,2026-06-06T12:45:00,LINE3-M02,296.1,304.5,1584,44.7,198,Running,True,1903
1904,2026-06-06T12:49:00,LINE2-M02,297.5,308.2,1776,28.6,201,Running,True,1904
1905,2026-06-06T12:53:00,LINE2-M02,296.7,308.2,1646,46.3,206,Maintenance,True,1905
1906,2026-06-06T12:55:00,LINE3-M02,297.7,308.3,1678,36.2,209,Stopped,True,1906
1907,2026-06-06T12:57:00,LINE3-M01,302.2,313.1,1482,37.5,211,Running,True,1907
1908,2026-06-06T12:59:00,LINE2-M01,300.0,309.6,1253,38.8,214,Stopped,False,1908
1909,2026-06-06T13:01:00,LINE1-M02,300.4,310.9,1286,28.3,216,Running,True,1909
1910,2026-06-06T13:03:00,LINE3-M01,298.2,307.5,1609,22.1,218,Running,True,1910
1911,2026-06-06T13:07:00,LINE2-M02,297.5,307.6,1503,38.8,221,Running,True,1911
1912,2026-06-06T13:09:00,LINE2-M01,301.1,310.0,1168,46.2,223,Running,True,1912
1913,2026-06-06T13:14:00,LINE2-M02,303.3,313.6,1168,57.9,225,Stopped,False,1913
1914,2026-06-06T13:16:00,LINE1-M02,304.1,314.2,1737,56.4,227,Maintenance,False,1914
1915,2026-06-06T13:18:00,LINE2-M02,299.9,310.6,1549,29.2,229,Stopped,False,1915
1916,2026-06-06T13:24:00,LINE1-M02,300.4,311.0,1355,54.9,231,Maintenance,False,1916
1917,2026-06-06T13:30:00,LINE3-M01,298.2,307.8,1168,21.4,233,Maintenance,False,1917
1918,2026-06-06T13:32:00,LINE1-M02,298.4,310.2,1245,50.2,235,Stopped,False,1918
1919,2026-06-06T13:34:00,LINE1-M01,303.2,313.2,1566,34.0,237,Stopped,False,1919
1920,2026-06-06T13:37:00,LINE1-M02,301.0,310.7,1668,47.8,0,Running,True,1920
1921,2026-06-06T13:41:00,LINE1-M02,297.2,307.4,1653,47.5,3,Running,True,1921
1922,2026-06-06T13:47:00,LINE1-M01,306.0,316.7,1290,44.9,6,Running,True,1922
1923,2026-06-06T13:51:00,LINE1-M01,297.0,307.5,1702,32.8,9,Running,True,1923
1924,2026-06-06T13:57:00,LINE2-M01,299.1,310.4,1853,33.3,11,Running,True,1924
1925,2026-06-06T14:03:00,LINE2-M01,297.1,307.1,1498,43.5,14,Running,True,1925
1926,2026-06-06T14:05:00,LINE2-M02,300.9,312.0,1734,43.9,17,Running,True,1926
1927,2026-06-06T14:10:00,LINE1-M01,299.4,309.6,1532,46.7,19,Running,True,1927
1928,2026-06-06T14:12:00,LINE1-M01,299.6,310.4,1827,46.5,21,Running,True,1928
1929,2026-06-06T14:14:00,LINE1-M02,298.9,306.6,1488,50.4,26,Running,True,1929
1930,2026-06-06T14:20:00,LINE1-M02,299.1,309.3,1844,33.3,29,Running,True,1930
1931,2026-06-06T14:22:00,LINE2-M01,299.9,309.9,1488,50.0,34,Running,True,1931
1932,2026-06-06T14:28:00,LINE2-M01,302.2,310.4,1611,33.6,36,Running,True,1932
1933,2026-06-06T14:33:00,LINE2-M01,299.3,309.4,1527,47.4,39,Idle,True,1933
1934,2026-06-06T14:38:00,LINE1-M02,302.1,312.3,1667,38.2,44,Running,True,1934
1935,2026-06-06T14:44:00,LINE2-M02,300.5,309.5,1257,35.2,49,Running,True,1935
1936,2026-06-06T14:50:00,LINE2-M01,297.7,307.7,1589,40.7,52,Running,True,1936
1937,2026-06-06T14:53:00,LINE2-M01,300.5,309.2,1554,32.4,54,Running,True,1937
1938,2026-06-06T14:59:00,LINE1-M02,299.9,309.1,1168,40.4,56,Running,True,1938
1939,2026-06-06T15:04:00,LINE1-M02,302.8,314.8,1546,34.2,59,Running,True,1939
1940,2026-06-06T15:10:00,LINE1-M02,300.9,311.0,1664,29.5,61,Running,False,1940
1941,2026-06-06T15:12:00,LINE3-M01,299.2,309.5,1670,32.9,66,Idle,True,1941
1942,2026-06-06T15:17:00,LINE1-M01,297.9,308.6,1173,40.6,68,Running,False,1942
1943,2026-06-06T15:19:00,LINE2-M02,300.0,308.5,1218,50.3,73,Maintenance,False,1943
1944,2026-06-06T15:23:00,LINE2-M01,302.3,311.4,1321,37.8,76,Running,True,1944
1945,2026-06-06T15:26:00,LINE3-M02,300.7,309.4,1455,45.1,78,Running,True,1945
1946,2026-06-06T15:31:00,LINE3-M01,299.6,309.2,1582,54.4,83,Stopped,False,1946
1947,2026-06-06T15:36:00,LINE3-M01,299.4,309.4,1194,60.5,86,Running,True,1947
1948,2026-06-06T15:38:00,LINE1-M02,296.2,306.8,1431,46.3,89,Idle,True,1948
1949,2026-06-06T15:44:00,LINE3-M01,300.4,309.0,1518,62.2,94,Stopped,False,1949
1950,2026-06-06T15:48:00,LINE2-M02,300.4,309.1,1708,34.6,96,Running,True,1950
1951,2026-06-06T15:51:00,LINE1-M02,299.0,307.5,1339,31.8,99,Stopped,False,1951
1952,2026-06-06T15:54:00,LINE3-M02,295.7,306.7,1524,49.0,102,Idle,True,1952
1953,2026-06-06T15:56:00,LINE3-M02,299.3,308.9,1332,49.2,107,Running,True,1953
1954,2026-06-06T16:02:00,LINE3-M02,301.7,309.9,1947,20.7,109,Running,True,1954
1955,2026-06-06T16:07:00,LINE2-M02,301.0,310.5,1883,48.6,112,Stopped,False,1955
1956,2026-06-06T16:09:00,LINE2-M02,298.2,307.7,1538,37.0,117,Running,True,1956
1957,2026-06-06T16:15:00,LINE2-M02,296.8,308.1,1463,53.9,119,Running,True,1957
1958,2026-06-06T16:18:00,LINE1-M02,297.8,307.3,1417,25.5,121,Idle,True,1958
1959,2026-06-06T16:23:00,LINE2-M02,303.3,313.6,1264,45.2,123,Running,True,1959
1960,2026-06-06T16:25:00,LINE1-M02,297.6,309.2,1682,27.9,125,Running,True,1960
1961,2026-06-06T16:30:00,LINE2-M02,296.9,306.8,1729,26.3,128,Running,True,1961
1962,2026-06-06T16:35:00,LINE1-M01,296.2,305.4,1586,19.2,130,Stopped,False,1962
1963,2026-06-06T16:41:00,LINE3-M02,301.5,310.7,1823,41.6,132,Running,True,1963
1964,2026-06-06T16:46:00,LINE2-M02,300.1,309.7,1240,33.1,134,Running,True,1964
1965,2026-06-06T16:50:00,LINE2-M01,303.4,314.1,1750,38.9,139,Running,True,1965
1966,2026-06-06T16:53:00,LINE3-M02,297.3,306.1,1467,39.7,141,Running,True,1966
1967,2026-06-06T16:56:00,LINE3-M02,299.3,310.4,1263,45.4,144,Running,True,1967
1968,2026-06-06T17:02:00,LINE1-M02,298.3,308.7,1168,44.3,146,Idle,True,1968
1969,2026-06-06T17:05:00,LINE2-M01,299.7,310.8,1625,27.3,148,Idle,True,1969
1970,2026-06-06T17:09:00,LINE1-M01,297.6,309.3,1671,37.3,153,Running,True,1970
1971,2026-06-06T17:13:00,LINE3-M01,297.6,308.3,1355,24.7,158,Running,True,1971
1972,2026-06-06T17:18:00,LINE2-M02,298.3,307.9,1168,47.0,161,Idle,True,1972
1973,2026-06-06T17:21:00,LINE1-M02,303.9,314.2,1168,46.3,166,Running,True,1973
1974,2026-06-06T17:27:00,LINE2-M01,299.3,307.8,1482,43.2,169,Running,True,1974
1975,2026-06-06T17:29:00,LINE3-M02,302.0,312.1,1677,27.5,172,Running,True,1975
1976,2026-06-06T17:35:00,LINE1-M02,298.0,307.7,1706,32.4,174,Running,True,1976
1977,2026-06-06T17:39:00,LINE1-M02,300.2,310.9,1611,40.8,177,Running,True,1977
1978,2026-06-06T17:44:00,LINE2-M02,296.8,305.5,1618,39.6,179,Running,True,1978
1979,2026-06-06T17:47:00,LINE2-M02,300.1,308.9,1261,64.7,184,Running,True,1979
1980,2026-06-06T17:53:00,LINE2-M01,305.5,315.2,1251,36.2,189,Running,True,1980
1981,2026-06-06T17:55:00,LINE3-M02,300.8,310.4,1168,33.6,192,Running,True,1981
1982,2026-06-06T17:59:00,LINE3-M02,302.6,311.0,1351,42.4,197,Stopped,False,1982
1983,2026-06-06T18:03:00,LINE2-M01,300.7,312.4,1228,47.0,199,Running,True,1983
1984,2026-06-06T18:06:00,LINE1-M01,300.9,308.9,1494,48.3,201,Running,True,1984
1985,2026-06-06T18:10:00,LINE1-M01,296.6,305.2,1327,54.0,204,Stopped,False,1985
1986,2026-06-06T18:16:00,LINE2-M01,301.9,312.1,1829,24.4,209,Running,True,1986
1987,2026-06-06T18:18:00,LINE3-M01,298.8,307.9,1558,41.7,211,Stopped,False,1987
1988,2026-06-06T18:20:00,LINE3-M02,301.7,311.1,1427,49.4,214,Idle,True,1988
1989,2026-06-06T18:26:00,LINE3-M02,300.6,310.2,1740,56.5,217,Stopped,False,1989
1990,2026-06-06T18:28:00,LINE3-M01,297.2,307.0,1299,37.6,220,Maintenance,False,1990
1991,2026-06-06T18:32:00,LINE2-M01,296.6,305.9,1540,51.4,223,Maintenance,False,1991
1992,2026-06-06T18:34:00,LINE1-M01,299.3,308.2,1540,35.8,225,Maintenance,False,1992
1993,2026-06-06T18:36:00,LINE2-M01,300.1,311.0,1894,30.7,230,Maintenance,False,1993
1994,2026-06-06T18:41:00,LINE2-M02,301.8,312.7,1978,29.3,232,Stopped,False,1994
1995,2026-06-06T18:47:00,LINE2-M02,301.3,312.1,1371,47.1,235,Running,True,1995
1996,2026-06-06T18:52:00,LINE2-M01,300.0,310.4,1344,40.4,240,Maintenance,False,1996
1997,2026-06-06T18:57:00,LINE1-M01,302.0,313.3,1466,33.9,0,Idle,True,1997
1998,2026-06-06T19:02:00,LINE3-M02,299.0,311.1,1622,40.5,3,Running,True,1998
1999,2026-06-06T19:06:00,LINE2-M01,301.3,310.6,1289,53.3,5,Running,True,1999
2000,2026-06-06T19:08:00,LINE1-M02,301.7,313.6,1168,61.6,8,Running,True,2000
2001,2026-06-06T19:11:00,LINE2-M01,302.3,312.1,1560,47.8,10,Running,False,2001
2002,2026-06-06T19:17:00,LINE2-M01,302.3,310.8,1168,42.4,13,Stopped,True,2002
2003,2026-06-06T19:19:00,LINE3-M01,299.3,309.2,1375,42.4,16,Running,True,2003
2004,2026-06-06T19:25:00,LINE1-M02,301.0,310.0,1168,29.2,21,Running,True,2004
2005,2026-06-06T19:28:00,LINE1-M02,299.0,309.5,1629,31.7,26,Running,True,2005
2006,2026-06-06T19:32:00,LINE3-M02,299.0,310.1,1194,40.8,28,Running,True,2006
2007,2026-06-06T19:37:00,LINE1-M02,301.8,312.4,1462,40.8,30,Running,True,2007
2008,2026-06-06T19:41:00,LINE2-M01,297.0,305.3,1408,62.1,35,Stopped,False,2008
2009,2026-06-06T19:45:00,LINE1-M02,299.5,310.1,1630,45.7,38,Idle,False,2009
2010,2026-06-06T19:51:00,LINE1-M02,301.9,314.1,1368,49.7,40,Running,True,2010
2011,2026-06-06T19:57:00,LINE1-M01,302.4,312.5,1603,53.9,42,Stopped,False,2011
2012,2026-06-06T20:02:00,LINE1-M01,299.9,310.6,1929,35.9,44,Running,True,2012
2013,2026-06-06T20:08:00,LINE1-M02,298.6,309.9,1402,55.8,46,Running,True,2013
2014,2026-06-06T20:12:00,LINE1-M02,302.3,312.4,1632,30.8,51,Running,True,2014
2015,2026-06-06T20:17:00,LINE3-M02,301.5,312.2,1368,47.9,53,Running,True,2015
2016,2026-06-06T20:19:00,LINE3-M02,299.7,310.1,1422,27.5,56,Running,True,2016
2017,2026-06-06T20:25:00,LINE2-M02,301.2,312.4,1586,33.9,58,Idle,True,2017
2018,2026-06-06T20:31:00,LINE2-M02,302.0,311.9,1373,54.3,61,Running,True,2018
2019,2026-06-06T20:37:00,LINE1-M02,299.5,309.2,1709,53.7,63,Maintenance,False,2019
2020,2026-06-06T20:39:00,LINE1-M02,299.5,310.2,1450,37.0,66,Running,True,2020
2021,2026-06-06T20:43:00,LINE1-M02,300.6,310.0,1246,27.6,71,Running,True,2021
2022,2026-06-06T20:46:00,LINE2-M01,298.8,309.9,1669,35.2,73,Running,True,2022
2023,2026-06-06T20:52:00,LINE3-M01,299.2,309.6,1268,29.7,75,Running,True,2023
2024,2026-06-06T20:55:00,LINE2-M01,302.5,314.0,1355,45.5,77,Running,True,2024
2025,2026-06-06T20:57:00,LINE2-M02,300.5,310.2,1573,43.6,79,Running,True,2025
2026,2026-06-06T21:01:00,LINE2-M01,301.4,311.7,1962,46.4,81,Stopped,False,2026
2027,2026-06-06T21:03:00,LINE2-M02,300.7,312.1,1544,35.6,83,Running,True,2027
2028,2026-06-06T21:05:00,LINE2-M02,299.2,308.8,1485,51.4,86,Running,True,2028
2029,2026-06-06T21:10:00,LINE3-M02,301.8,311.9,1634,38.9,91,Running,True,2029
2030,2026-06-06T21:13:00,LINE2-M02,304.6,313.8,1168,32.5,93,Idle,True,2030
2031,2026-06-06T21:16:00,LINE2-M02,299.6,308.4,1573,29.2,96,Idle,True,2031
2032,2026-06-06T21:18:00,LINE1-M02,300.9,310.7,1296,21.1,98,Maintenance,True,2032
2033,2026-06-06T21:24:00,LINE2-M01,299.3,310.1,1486,39.5,100,Running,True,2033
2034,2026-06-06T21:27:00,LINE1-M02,298.4,306.6,1256,55.5,105,Maintenance,False,2034
2035,2026-06-06T21:29:00,LINE1-M01,298.1,307.5,1291,48.2,108,Running,True,2035
2036,2026-06-06T21:32:00,LINE3-M01,299.1,308.1,1818,51.1,110,Stopped,False,2036
2037,2026-06-06T21:34:00,LINE3-M02,301.4,311.7,1374,33.7,112,Idle,True,2037
2038,2026-06-06T21:40:00,LINE3-M01,297.3,308.0,1415,40.3,114,Running,True,2038
2039,2026-06-06T21:46:00,LINE2-M01,296.9,306.3,1653,41.7,119,Running,True,2039
2040,2026-06-06T21:52:00,LINE3-M01,298.6,307.0,1168,47.1,121,Maintenance,True,2040
2041,2026-06-06T21:57:00,LINE3-M02,299.2,309.1,1632,35.7,123,Idle,False,2041
2042,2026-06-06T22:03:00,LINE2-M01,299.8,310.1,1907,42.4,125,Running,True,2042
2043,2026-06-06T22:07:00,LINE1-M01,297.9,308.2,1566,22.9,127,Running,True,2043
2044,2026-06-06T22:11:00,LINE2-M01,299.5,309.3,1168,36.1,132,Running,True,2044
2045,2026-06-06T22:16:00,LINE2-M02,305.9,314.7,1461,33.5,135,Running,True,2045
2046,2026-06-06T22:22:00,LINE1-M01,299.4,307.9,1394,49.6,137,Running,True,2046
2047,2026-06-06T22:24:00,LINE1-M01,300.0,310.8,1695,42.9,140,Idle,True,2047
2048,2026-06-06T22:26:00,LINE2-M01,302.1,312.4,1168,35.6,142,Running,True,2048
2049,2026-06-06T22:29:00,LINE1-M01,302.3,311.5,1895,43.7,145,Running,True,2049
2050,2026-06-06T22:33:00,LINE3-M02,302.0,314.0,1559,44.1,150,Idle,True,2050
2051,2026-06-06T22:39:00,LINE1-M01,299.0,309.0,1396,40.4,152,Running,True,2051
2052,2026-06-06T22:42:00,LINE1-M02,303.2,314.2,1347,23.1,157,Stopped,False,2052
2053,2026-06-06T22:47:00,LINE2-M01,303.9,313.8,1365,31.4,160,Running,True,2053
2054,2026-06-06T22:51:00,LINE1-M01,298.0,308.5,1352,32.9,163,Running,True,2054
2055,2026-06-06T22:53:00,LINE3-M01,303.0,312.5,1168,51.5,168,Running,True,2055
2056,2026-06-06T22:55:00,LINE3-M02,297.6,307.8,1590,28.5,170,Running,True,2056
2057,2026-06-06T23:01:00,LINE2-M02,300.3,311.9,1639,45.4,173,Idle,True,2057
2058,2026-06-06T23:06:00,LINE3-M02,302.2,311.7,1746,34.1,175,Running,True,2058
2059,2026-06-06T23:10:00,LINE1-M02,299.0,309.2,1471,38.4,177,Idle,True,2059
2060,2026-06-06T23:13:00,LINE3-M02,299.4,310.2,1759,45.5,180,Idle,True,2060
2061,2026-06-06T23:15:00,LINE3-M01,296.8,307.2,1563,44.4,182,Running,True,2061
2062,2026-06-06T23:19:00,LINE3-M01,301.0,311.1,1599,41.3,185,Running,True,2062
2063,2026-06-06T23:23:00,LINE2-M02,300.0,310.4,1468,16.6,190,Maintenance,False,2063
2064,2026-06-06T23:29:00,LINE3-M01,297.6,307.9,1499,58.7,192,Maintenance,False,2064
2065,2026-06-06T23:32:00,LINE1-M01,297.2,306.7,1425,45.7,194,Idle,True,2065
2066,2026-06-06T23:34:00,LINE1-M02,299.7,309.9,1544,57.6,199,Maintenance,False,2066
2067,2026-06-06T23:38:00,LINE2-M01,300.3,310.4,1513,25.4,201,Running,True,2067
2068,2026-06-06T23:43:00,LINE2-M02,301.0,310.9,1168,32.4,203,Running,True,2068
2069,2026-06-06T23:45:00,LINE3-M01,300.4,310.1,1638,52.5,205,Maintenance,True,2069
2070,2026-06-06T23:49:00,LINE2-M01,300.4,310.8,1427,29.8,207,Idle,True,2070
2071,2026-06-06T23:52:00,LINE3-M02,300.4,309.0,1820,52.5,209,Stopped,False,2071
2072,2026-06-06T23:57:00,LINE1-M01,299.1,307.7,1429,54.6,212,Idle,True,2072
2073,2026-06-07T00:02:00,LINE2-M01,301.2,309.5,1907,20.2,217,Running,True,2073
2074,2026-06-07T00:07:00,LINE2-M02,300.7,311.4,1492,36.4,219,Running,True,2074
2075,2026-06-07T00:09:00,LINE2-M02,298.8,308.9,1767,44.1,222,Stopped,False,2075
2076,2026-06-07T00:15:00,LINE2-M01,299.2,308.2,1730,40.5,225,Stopped,False,2076
2077,2026-06-07T00:18:00,LINE2-M01,302.0,310.9,1509,39.3,230,Stopped,False,2077
2078,2026-06-07T00:24:00,LINE3-M01,300.2,309.7,1339,30.6,232,Running,True,2078
2079,2026-06-07T00:29:00,LINE1-M01,297.2,306.1,1168,42.9,237,Stopped,False,2079
2080,2026-06-07T00:32:00,LINE3-M02,300.2,310.6,1617,34.0,239,Stopped,False,2080
2081,2026-06-07T00:35:00,LINE1-M01,303.4,313.1,1891,37.1,0,Running,False,2081
2082,2026-06-07T00:39:00,LINE2-M02,299.9,310.0,1549,37.1,3,Running,True,2082
2083,2026-06-07T00:44:00,LINE3-M02,298.3,308.1,1288,58.8,5,Running,True,2083
2084,2026-06-07T00:49:00,LINE2-M02,297.1,308.9,1589,19.3,8,Maintenance,False,2084
2085,2026-06-07T00:52:00,LINE2-M02,300.5,310.7,1755,43.4,10,Running,True,2085
2086,2026-06-07T00:58:00,LINE2-M01,300.3,311.3,1491,42.3,13,Running,True,2086
2087,2026-06-07T01:04:00,LINE2-M02,301.0,309.9,1168,36.7,15,Idle,True,2087
2088,2026-06-07T01:08:00,LINE1-M01,301.6,310.4,1359,52.3,17,Running,True,2088
2089,2026-06-07T01:12:00,LINE1-M02,302.4,311.0,1288,48.9,19,Running,True,2089
2090,2026-06-07T01:17:00,LINE1-M02,300.8,311.1,1428,49.2,21,Running,True,2090
2091,2026-06-07T01:20:00,LINE3-M02,303.3,312.8,1766,23.3,24,Running,True,2091
2092,2026-06-07T01:25:00,LINE3-M02,302.5,311.9,1441,38.9,26,Running,True,2092
2093,2026-06-07T01:31:00,LINE2-M02,302.6,313.3,1577,45.4,28,Running,True,2093
2094,2026-06-07T01:34:00,LINE2-M02,298.7,310.0,1191,59.7,33,Running,True,2094
2095,2026-06-07T01:37:00,LINE3-M01,297.9,308.1,1305,39.3,36,Idle,True,2095
2096,2026-06-07T01:40:00,LINE2-M02,301.1,310.9,1168,36.4,38,Running,True,2096
2097,2026-06-07T01:43:00,LINE2-M01,301.3,310.9,1531,39.5,40,Running,True,2097
2098,2026-06-07T01:47:00,LINE1-M02,297.6,307.2,1600,37.7,45,Running,True,2098
2099,2026-06-07T01:49:00,LINE1-M01,299.9,308.7,1642,39.3,47,Running,True,2099
2100,2026-06-07T01:54:00,LINE3-M01,300.1,309.0,1464,57.0,49,Running,True,2100
2101,2026-06-07T01:56:00,LINE1-M02,301.9,310.4,1772,25.8,51,Idle,True,2101
2102,2026-06-07T01:59:00,LINE2-M02,299.6,310.4,1861,28.4,53,Running,True,2102
2103,2026-06-07T02:05:00,LINE3-M01,298.6,308.0,1716,38.2,55,Running,True,2103
2104,2026-06-07T02:09:00,LINE3-M01,296.8,308.2,1843,38.1,57,Running,True,2104
2105,2026-06-07T02:12:00,LINE3-M01,302.6,311.4,1336,33.1,60,Running,True,2105
2106,2026-06-07T02:15:00,LINE2-M01,302.4,312.5,1937,32.0,65,Running,True,2106
2107,2026-06-07T02:20:00,LINE2-M01,302.1,310.8,1742,48.5,67,Running,True,2107
2108,2026-06-07T02:22:00,LINE3-M01,300.0,309.2,1703,46.4,69,Running,True,2108
2109,2026-06-07T02:24:00,LINE2-M01,302.2,311.9,1320,49.6,74,Running,True,2109
2110,2026-06-07T02:29:00,LINE3-M02,296.5,307.8,1743,33.9,77,Running,True,2110
2111,2026-06-07T02:33:00,LINE2-M02,298.2,309.0,1809,18.5,79,Idle,False,2111
2112,2026-06-07T02:36:00,LINE1-M01,301.9,312.1,1815,37.2,81,Running,True,2112
2113,2026-06-07T02:39:00,LINE2-M01,296.1,305.0,1626,39.9,83,Running,True,2113
2114,2026-06-07T02:42:00,LINE3-M02,300.4,309.7,1467,42.9,85,Running,True,2114
2115,2026-06-07T02:47:00,LINE1-M01,298.4,308.1,1693,35.0,87,Running,True,2115
2116,2026-06-07T02:51:00,LINE1-M01,298.6,308.5,1476,49.2,92,Running,True,2116
2117,2026-06-07T02:53:00,LINE3-M02,304.1,313.1,1746,37.8,94,Running,True,2117
2118,2026-06-07T02:55:00,LINE3-M02,299.4,307.8,1348,32.0,97,Maintenance,False,2118
2119,2026-06-07T03:00:00,LINE1-M02,298.6,308.9,1390,51.2,99,Running,True,2119
2120,2026-06-07T03:02:00,LINE2-M01,295.2,304.6,1370,22.2,102,Maintenance,False,2120
2121,2026-06-07T03:08:00,LINE3-M01,300.5,310.5,1423,33.8,105,Running,True,2121
2122,2026-06-07T03:13:00,LINE2-M01,300.8,310.0,1645,42.9,107,Running,True,2122
2123,2026-06-07T03:16:00,LINE3-M01,300.9,312.1,1530,56.5,110,Maintenance,False,2123
2124,2026-06-07T03:19:00,LINE3-M02,299.8,309.3,1261,37.6,115,Running,True,2124
2125,2026-06-07T03:25:00,LINE3-M02,300.0,309.4,1605,57.7,120,Maintenance,False,2125
2126,2026-06-07T03:30:00,LINE3-M02,295.1,303.8,1524,50.0,122,Running,True,2126
2127,2026-06-07T03:36:00,LINE3-M02,298.4,310.3,1168,44.2,127,Running,True,2127
2128,2026-06-07T03:42:00,LINE3-M02,299.5,309.4,1487,25.6,130,Running,True,2128
2129,2026-06-07T03:45:00,LINE1-M02,295.7,306.0,1216,43.8,133,Running,True,2129
2130,2026-06-07T03:49:00,LINE1-M02,300.7,309.3,1624,51.0,135,Running,True,2130
2131,2026-06-07T03:53:00,LINE2-M01,301.7,311.5,1931,30.5,140,Idle,True,2131
2132,2026-06-07T03:57:00,LINE2-M02,299.1,307.3,1382,28.4,145,Running,True,2132
2133,2026-06-07T03:59:00,LINE2-M01,302.6,312.7,1330,35.3,147,Running,True,2133
2134,2026-06-07T04:01:00,LINE1-M02,299.8,308.5,2065,52.4,152,Stopped,False,2134
2135,2026-06-07T04:06:00,LINE3-M01,299.9,309.6,2120,40.0,154,Running,True,2135
2136,2026-06-07T04:09:00,LINE3-M02,300.8,311.9,1629,55.6,157,Stopped,False,2136
2137,2026-06-07T04:11:00,LINE1-M01,302.0,310.2,1698,52.5,160,Stopped,False,2137
2138,2026-06-07T04:17:00,LINE3-M02,300.8,310.4,1347,41.6,163,Running,True,2138
2139,2026-06-07T04:21:00,LINE2-M02,298.4,307.4,1869,59.8,165,Maintenance,True,2139
2140,2026-06-07T04:27:00,LINE3-M01,298.6,307.4,1483,36.5,167,Running,True,2140
2141,2026-06-07T04:31:00,LINE2-M02,303.2,313.7,1536,43.1,170,Running,True,2141
2142,2026-06-07T04:37:00,LINE2-M01,301.1,312.2,1573,37.3,173,Running,True,2142
2143,2026-06-07T04:43:00,LINE3-M02,299.0,307.2,1200,27.6,175,Stopped,True,2143
2144,2026-06-07T04:46:00,LINE1-M02,299.8,311.2,1418,55.0,177,Idle,True,2144
2145,2026-06-07T04:50:00,LINE3-M02,301.5,310.2,1961,36.6,179,Running,True,2145
2146,2026-06-07T04:52:00,LINE1-M01,299.5,310.7,1637,41.5,181,Running,True,2146
2147,2026-06-07T04:54:00,LINE1-M01,304.0,313.7,1308,60.7,183,Maintenance,False,2147
2148,2026-06-07T04:59:00,LINE2-M02,301.6,312.8,1168,34.4,185,Running,True,2148
2149,2026-06-07T05:04:00,LINE1-M02,301.6,310.8,1847,39.2,188,Running,True,2149
2150,2026-06-07T05:10:00,LINE2-M01,300.9,310.8,1168,30.3,190,Running,True,2150
2151,2026-06-07T05:16:00,LINE3-M02,305.3,315.1,1563,23.8,192,Running,True,2151
2152,2026-06-07T05:19:00,LINE1-M01,299.0,309.2,1337,40.2,195,Running,True,2152
2153,2026-06-07T05:21:00,LINE1-M02,300.2,311.1,1742,43.4,197,Running,True,2153
2154,2026-06-07T05:26:00,LINE3-M01,299.1,310.1,1654,26.0,200,Idle,True,2154
2155,2026-06-07T05:30:00,LINE2-M01,299.5,310.3,1385,41.3,203,Running,True,2155
2156,2026-06-07T05:33:00,LINE1-M02,298.6,310.2,1539,37.8,206,Stopped,True,2156
2157,2026-06-07T05:36:00,LINE3-M02,299.1,309.2,1491,30.5,208,Running,True,2157
2158,2026-06-07T05:39:00,LINE1-M01,300.9,311.2,1701,24.9,213,Stopped,False,2158
2159,2026-06-07T05:41:00,LINE1-M01,301.1,311.8,1803,48.3,218,Stopped,False,2159
2160,2026-06-07T05:46:00,LINE2-M01,299.8,310.0,1750,33.6,221,Maintenance,False,2160
2161,2026-06-07T05:49:00,LINE2-M02,299.1,307.4,1326,32.3,224,Stopped,False,2161
2162,2026-06-07T05:52:00,LINE1-M01,298.5,308.6,1403,24.4,227,Stopped,False,2162
2163,2026-06-07T05:57:00,LINE3-M01,299.7,308.8,1791,29.4,230,Stopped,False,2163
2164,2026-06-07T06:03:00,LINE2-M01,298.4,309.3,1713,25.4,233,Stopped,False,2164
2165,2026-06-07T06:05:00,LINE2-M02,299.5,309.5,1518,48.4,236,Maintenance,False,2165
2166,2026-06-07T06:11:00,LINE1-M01,299.4,309.7,1689,20.5,239,Maintenance,True,2166
2167,2026-06-07T06:15:00,LINE3-M02,298.9,308.7,1522,43.4,0,Running,True,2167
2168,2026-06-07T06:17:00,LINE1-M01,300.6,311.0,1578,27.2,3,Running,True,2168
2169,2026-06-07T06:23:00,LINE1-M01,298.9,310.5,1422,39.7,6,Idle,True,2169
2170,2026-06-07T06:25:00,LINE2-M01,302.0,311.1,1168,38.5,8,Idle,True,2170
2171,2026-06-07T06:29:00,LINE1-M02,300.1,311.2,1284,19.2,10,Maintenance,True,2171
2172,2026-06-07T06:32:00,LINE1-M02,300.9,311.0,1854,42.8,15,Running,True,2172
2173,2026-06-07T06:36:00,LINE2-M01,300.0,310.4,1422,35.8,20,Running,True,2173
2174,2026-06-07T06:40:00,LINE3-M02,301.4,313.1,1317,38.7,22,Running,True,2174
2175,2026-06-07T06:44:00,LINE2-M02,301.6,310.8,1168,40.2,25,Running,True,2175
2176,2026-06-07T06:50:00,LINE2-M01,298.9,308.9,1506,53.0,28,Running,True,2176
2177,2026-06-07T06:55:00,LINE3-M02,298.8,310.0,1386,31.1,31,Running,True,2177
2178,2026-06-07T07:01:00,LINE3-M01,300.9,311.9,1492,43.2,33,Running,True,2178
2179,2026-06-07T07:05:00,LINE2-M01,301.4,311.7,1799,36.4,38,Running,True,2179
2180,2026-06-07T07:08:00,LINE2-M01,298.9,309.8,1345,54.1,41,Running,True,2180
2181,2026-06-07T07:14:00,LINE1-M01,298.8,308.5,1811,46.6,43,Running,True,2181
2182,2026-06-07T07:16:00,LINE1-M02,298.9,307.9,1384,32.0,46,Running,True,2182
2183,2026-06-07T07:22:00,LINE2-M01,300.4,308.4,1168,35.9,49,Maintenance,False,2183
2184,2026-06-07T07:24:00,LINE2-M02,303.5,313.8,1489,48.7,51,Running,True,2184
2185,2026-06-07T07:28:00,LINE1-M01,299.1,309.3,1879,55.1,53,Maintenance,False,2185
2186,2026-06-07T07:30:00,LINE3-M01,299.0,311.9,1599,21.1,56,Running,True,2186
2187,2026-06-07T07:34:00,LINE3-M01,301.4,311.7,1799,59.5,59,Stopped,False,2187
2188,2026-06-07T07:36:00,LINE1-M01,300.8,311.2,1375,54.2,61,Running,True,2188
2189,2026-06-07T07:40:00,LINE1-M01,299.8,310.6,1213,45.1,64,Running,True,2189
2190,2026-06-07T07:45:00,LINE3-M02,302.6,312.7,1359,35.0,67,Running,True,2190
2191,2026-06-07T07:50:00,LINE2-M02,298.3,309.1,1451,39.6,72,Running,True,2191
2192,2026-06-07T07:53:00,LINE1-M01,298.0,307.1,1574,61.5,74,Stopped,False,2192
2193,2026-06-07T07:56:00,LINE3-M02,301.4,312.8,1549,38.0,79,Running,True,2193
2194,2026-06-07T08:02:00,LINE3-M01,299.0,308.2,1501,47.2,81,Running,True,2194
2195,2026-06-07T08:08:00,LINE3-M02,297.8,308.0,1168,25.5,83,Stopped,False,2195
2196,2026-06-07T08:11:00,LINE2-M02,297.5,307.0,1651,42.3,85,Running,True,2196
2197,2026-06-07T08:14:00,LINE3-M01,301.9,313.0,1789,42.7,90,Running,True,2197
2198,2026-06-07T08:18:00,LINE3-M01,297.9,306.8,2104,41.0,92,Stopped,False,2198
2199,2026-06-07T08:21:00,LINE2-M01,302.0,311.5,1798,46.6,95,Running,True,2199
2200,2026-06-07T08:26:00,LINE1-M02,297.9,308.3,1374,28.6,97,Running,True,2200
2201,2026-06-07T08:32:00,LINE3-M02,297.0,306.6,1192,35.4,99,Running,True,2201
2202,2026-06-07T08:38:00,LINE2-M01,301.2,310.2,1168,46.8,101,Running,True,2202
2203,2026-06-07T08:44:00,LINE2-M01,298.9,308.4,1284,55.0,103,Running,True,2203
2204,2026-06-07T08:47:00,LINE3-M01,296.8,306.1,1509,42.9,105,Running,True,2204
2205,2026-06-07T08:52:00,LINE3-M01,300.1,309.2,1168,56.2,107,Running,True,2205
2206,2026-06-07T08:54:00,LINE2-M02,298.0,307.7,1424,51.1,109,Running,True,2206
2207,2026-06-07T08:58:00,LINE3-M01,301.6,311.7,1568,40.2,111,Running,True,2207
2208,2026-06-07T09:00:00,LINE3-M01,301.7,311.9,1617,35.0,116,Running,True,2208
2209,2026-06-07T09:02:00,LINE2-M02,301.4,312.6,1327,27.8,119,Running,True,2209
2210,2026-06-07T09:05:00,LINE3-M01,298.7,308.2,1317,28.4,122,Running,True,2210
2211,2026-06-07T09:11:00,LINE2-M01,301.2,311.7,1168,61.5,124,Running,True,2211
2212,2026-06-07T09:15:00,LINE3-M01,298.8,308.2,1168,57.9,127,Running,True,2212
2213,2026-06-07T09:17:00,LINE2-M02,298.7,310.1,2042,17.8,129,Running,True,2213
2214,2026-06-07T09:23:00,LINE2-M02,302.3,312.6,1168,54.8,131,Running,True,2214
2215,2026-06-07T09:25:00,LINE3-M01,298.9,309.2,1399,27.8,134,Running,True,2215
2216,2026-06-07T09:29:00,LINE3-M02,299.8,308.1,1168,28.8,136,Stopped,False,2216
2217,2026-06-07T09:34:00,LINE2-M01,298.8,309.5,1500,49.9,138,Running,True,2217
2218,2026-06-07T09:40:00,LINE3-M01,299.5,309.7,1428,18.0,140,Stopped,False,2218
2219,2026-06-07T09:45:00,LINE1-M02,301.3,309.7,1723,43.0,145,Running,True,2219
2220,2026-06-07T09:50:00,LINE2-M02,304.6,315.8,1541,31.7,148,Running,True,2220
2221,2026-06-07T09:54:00,LINE2-M01,299.3,309.4,1891,37.1,150,Running,True,2221
2222,2026-06-07T09:56:00,LINE2-M02,299.7,307.5,1168,31.7,152,Stopped,False,2222
2223,2026-06-07T10:00:00,LINE2-M01,301.8,312.9,1456,48.4,157,Idle,True,2223
2224,2026-06-07T10:03:00,LINE1-M02,303.8,312.0,1820,36.4,159,Idle,True,2224
2225,2026-06-07T10:07:00,LINE3-M01,299.0,308.3,1295,34.3,162,Running,True,2225
2226,2026-06-07T10:10:00,LINE2-M02,296.0,305.8,1359,27.8,165,Running,True,2226
2227,2026-06-07T10:12:00,LINE3-M01,301.6,311.0,1477,18.0,168,Maintenance,False,2227
2228,2026-06-07T10:16:00,LINE3-M01,300.2,309.6,1488,34.2,170,Running,True,2228
2229,2026-06-07T10:19:00,LINE3-M01,298.6,309.3,1544,43.5,172,Idle,True,2229
2230,2026-06-07T10:24:00,LINE2-M01,297.7,307.7,1701,36.8,174,Running,True,2230
2231,2026-06-07T10:28:00,LINE3-M02,301.5,312.2,1168,52.7,177,Running,True,2231
2232,2026-06-07T10:31:00,LINE1-M01,301.2,313.5,1205,26.9,179,Maintenance,False,2232
2233,2026-06-07T10:35:00,LINE2-M02,301.6,309.3,1642,40.9,182,Running,True,2233
2234,2026-06-07T10:41:00,LINE2-M02,298.2,309.3,1168,42.8,187,Running,True,2234
2235,2026-06-07T10:43:00,LINE1-M02,299.2,309.3,1631,30.5,189,Running,True,2235
2236,2026-06-07T10:49:00,LINE1-M01,300.0,310.6,1711,43.6,192,Running,True,2236
2237,2026-06-07T10:51:00,LINE3-M02,296.0,306.1,1484,39.6,194,Running,True,2237
2238,2026-06-07T10:55:00,LINE3-M01,300.4,311.8,1409,63.1,196,Maintenance,False,2238
2239,2026-06-07T10:59:00,LINE1-M02,297.3,309.2,1788,31.7,198,Running,True,2239
2240,2026-06-07T11:01:00,LINE2-M01,297.8,307.9,1490,30.1,203,Maintenance,False,2240
2241,2026-06-07T11:06:00,LINE2-M02,300.6,311.2,1580,20.9,206,Stopped,False,2241
2242,2026-06-07T11:11:00,LINE1-M02,302.4,311.9,1585,50.9,208,Running,True,2242
2243,2026-06-07T11:17:00,LINE1-M01,300.8,310.6,1623,31.9,210,Running,True,2243
2244,2026-06-07T11:23:00,LINE1-M02,298.2,308.2,1336,48.8,213,Maintenance,True,2244
2245,2026-06-07T11:29:00,LINE2-M01,301.5,311.6,2044,26.2,216,Running,True,2245
2246,2026-06-07T11:31:00,LINE2-M02,302.0,312.7,1406,32.6,218,Stopped,False,2246
2247,2026-06-07T11:34:00,LINE2-M01,298.6,306.2,1546,17.3,221,Stopped,False,2247
2248,2026-06-07T11:39:00,LINE1-M02,304.8,314.6,1279,27.2,223,Stopped,True,2248
2249,2026-06-07T11:44:00,LINE1-M02,299.7,310.0,1380,36.8,226,Stopped,False,2249
2250,2026-06-07T11:46:00,LINE1-M02,297.6,307.7,1879,47.0,229,Maintenance,True,2250
2251,2026-06-07T11:48:00,LINE3-M01,299.8,308.8,1316,59.0,232,Stopped,False,2251
2252,2026-06-07T11:54:00,LINE3-M02,301.9,312.2,1638,34.7,235,Stopped,False,2252
2253,2026-06-07T12:00:00,LINE2-M01,299.8,309.7,1574,45.1,238,Stopped,False,2253
2254,2026-06-07T12:04:00,LINE3-M01,298.6,309.4,1381,57.7,240,Stopped,True,2254
2255,2026-06-07T12:08:00,LINE1-M02,302.6,311.9,1605,30.5,0,Running,False,2255
2256,2026-06-07T12:14:00,LINE1-M01,301.0,309.7,1684,45.8,2,Running,True,2256
2257,2026-06-07T12:19:00,LINE3-M01,294.2,303.0,1713,58.5,7,Maintenance,True,2257
2258,2026-06-07T12:21:00,LINE1-M01,296.8,307.8,1278,42.1,9,Running,True,2258
2259,2026-06-07T12:26:00,LINE2-M01,302.6,312.6,1567,21.6,11,Running,True,2259
2260,2026-06-07T12:32:00,LINE1-M02,302.0,311.0,1538,34.0,13,Running,True,2260
2261,2026-06-07T12:34:00,LINE1-M01,300.0,310.9,1568,39.0,15,Idle,True,2261
2262,2026-06-07T12:40:00,LINE2-M02,302.1,312.2,1590,33.4,20,Running,True,2262
2263,2026-06-07T12:42:00,LINE3-M02,298.7,309.0,2060,53.8,23,Stopped,False,2263
2264,2026-06-07T12:47:00,LINE1-M02,299.9,310.5,1257,29.2,25,Running,True,2264
2265,2026-06-07T12:52:00,LINE1-M01,300.4,310.2,1705,45.7,30,Running,True,2265
2266,2026-06-07T12:56:00,LINE1-M01,300.4,310.6,1734,42.1,32,Running,True,2266
2267,2026-06-07T13:01:00,LINE1-M02,299.5,308.6,1430,54.8,35,Running,True,2267
2268,2026-06-07T13:06:00,LINE2-M01,297.5,307.9,1662,33.8,38,Running,True,2268
2269,2026-06-07T13:08:00,LINE2-M02,297.4,306.2,1633,24.9,40,Running,True,2269
2270,2026-06-07T13:11:00,LINE2-M02,297.9,307.7,1553,18.3,43,Stopped,False,2270
2271,2026-06-07T13:13:00,LINE2-M01,305.0,314.5,1525,26.5,46,Running,True,2271
2272,2026-06-07T13:18:00,LINE1-M01,301.1,312.8,1599,51.1,49,Running,True,2272
2273,2026-06-07T13:22:00,LINE3-M02,299.2,310.2,1459,36.6,52,Idle,True,2273
2274,2026-06-07T13:28:00,LINE3-M01,299.1,309.9,1339,22.2,57,Stopped,False,2274
2275,2026-06-07T13:32:00,LINE3-M02,300.9,309.9,1479,51.0,59,Running,True,2275
2276,2026-06-07T13:35:00,LINE1-M02,301.3,311.3,1374,38.2,62,Running,True,2276
2277,2026-06-07T13:41:00,LINE3-M01,302.6,311.8,2044,27.8,64,Running,True,2277
2278,2026-06-07T13:47:00,LINE3-M02,301.1,311.9,1413,43.6,67,Running,True,2278
2279,2026-06-07T13:51:00,LINE3-M02,295.3,304.6,1573,41.9,72,Idle,True,2279
2280,2026-06-07T13:56:00,LINE3-M01,299.6,309.9,1275,43.9,75,Running,True,2280
2281,2026-06-07T14:00:00,LINE1-M01,299.9,310.5,1522,30.4,77,Running,True,2281
2282,2026-06-07T14:06:00,LINE1-M01,299.9,310.3,1879,30.2,82,Running,True,2282
2283,2026-06-07T14:08:00,LINE1-M01,301.5,310.4,1286,40.0,87,Idle,True,2283
2284,2026-06-07T14:14:00,LINE3-M02,299.7,310.2,1778,30.7,92,Running,True,2284
2285,2026-06-07T14:17:00,LINE1-M02,297.0,306.6,1457,34.1,94,Running,True,2285
2286,2026-06-07T14:21:00,LINE2-M02,302.6,310.7,1630,52.7,97,Running,True,2286
2287,2026-06-07T14:26:00,LINE3-M02,298.2,308.1,1570,40.2,100,Running,True,2287
2288,2026-06-07T14:32:00,LINE3-M01,300.3,310.8,1622,29.7,102,Running,True,2288
2289,2026-06-07T14:35:00,LINE1-M02,294.9,305.3,1669,54.7,104,Maintenance,False,2289
2290,2026-06-07T14:40:00,LINE1-M01,301.4,312.1,1472,37.7,106,Running,True,2290
2291,2026-06-07T14:43:00,LINE2-M01,302.7,311.7,1447,46.1,109,Running,True,2291
2292,2026-06-07T14:45:00,LINE1-M01,303.2,311.9,1588,48.3,114,Running,True,2292
2293,2026-06-07T14:50:00,LINE1-M01,300.0,309.6,1779,44.5,119,Running,True,2293
2294,2026-06-07T14:53:00,LINE1-M01,298.0,307.2,1334,58.9,121,Running,True,2294
2295,2026-06-07T14:55:00,LINE3-M02,303.9,314.6,1644,33.0,126,Running,True,2295
2296,2026-06-07T15:01:00,LINE2-M01,297.8,307.8,1427,52.2,128,Running,True,2296
2297,2026-06-07T15:03:00,LINE1-M02,301.2,312.3,1595,38.9,133,Running,True,2297
2298,2026-06-07T15:08:00,LINE1-M01,300.9,311.2,1619,45.3,136,Running,True,2298
2299,2026-06-07T15:14:00,LINE2-M01,300.4,312.0,1341,35.2,138,Running,True,2299
2300,2026-06-07T15:18:00,LINE2-M02,298.2,307.5,1656,32.3,140,Running,True,2300
2301,2026-06-07T15:20:00,LINE2-M01,297.2,305.3,1341,43.1,145,Stopped,True,2301
2302,2026-06-07T15:23:00,LINE1-M02,302.2,313.0,1526,33.6,147,Running,True,2302
2303,2026-06-07T15:29:00,LINE2-M01,294.5,303.3,1541,47.4,150,Running,True,2303
2304,2026-06-07T15:34:00,LINE1-M02,302.8,311.9,1530,50.4,153,Running,True,2304
2305,2026-06-07T15:38:00,LINE1-M01,301.8,312.4,1191,59.5,156,Running,True,2305
2306,2026-06-07T15:44:00,LINE1-M01,300.3,310.2,1292,37.9,161,Running,True,2306
2307,2026-06-07T15:47:00,LINE1-M01,298.4,309.1,1479,50.8,164,Running,True,2307
2308,2026-06-07T15:49:00,LINE1-M02,298.8,308.5,1216,33.0,169,Running,True,2308
2309,2026-06-07T15:53:00,LINE2-M02,303.0,312.7,1707,46.3,174,Running,True,2309
2310,2026-06-07T15:55:00,LINE3-M02,303.3,311.7,1375,35.6,176,Maintenance,False,2310
2311,2026-06-07T15:57:00,LINE3-M01,302.0,312.1,1607,38.3,179,Running,True,2311
2312,2026-06-07T15:59:00,LINE1-M02,300.8,310.6,1479,66.7,181,Maintenance,False,2312
2313,2026-06-07T16:03:00,LINE3-M02,299.6,310.5,1195,21.5,184,Maintenance,False,2313
2314,2026-06-07T16:07:00,LINE2-M01,300.4,310.8,1560,46.2,186,Running,True,2314
2315,2026-06-07T16:12:00,LINE3-M01,296.8,308.2,1564,35.5,191,Running,True,2315
2316,2026-06-07T16:14:00,LINE1-M01,301.6,311.4,1731,31.3,193,Running,True,2316
2317,2026-06-07T16:19:00,LINE2-M01,297.9,308.1,1688,17.9,198,Stopped,False,2317
2318,2026-06-07T16:23:00,LINE1-M02,299.8,307.8,1632,29.8,200,Idle,True,2318
2319,2026-06-07T16:26:00,LINE1-M01,298.3,308.6,1350,23.9,202,Maintenance,False,2319
2320,2026-06-07T16:28:00,LINE2-M01,302.7,312.5,1523,36.1,204,Running,True,2320
2321,2026-06-07T16:34:00,LINE2-M02,296.8,308.1,1705,28.9,209,Running,True,2321
2322,2026-06-07T16:40:00,LINE3-M02,302.7,313.1,1274,49.7,214,Idle,True,2322
2323,2026-06-07T16:43:00,LINE2-M01,300.7,310.5,1422,29.9,217,Maintenance,False,2323
2324,2026-06-07T16:49:00,LINE1-M02,303.6,313.9,1468,36.2,220,Maintenance,False,2324
2325,2026-06-07T16:52:00,LINE2-M02,299.0,308.1,1629,33.6,222,Idle,True,2325
2326,2026-06-07T16:56:00,LINE2-M02,303.1,312.6,1311,55.4,225,Stopped,False,2326
2327,2026-06-07T17:02:00,LINE1-M01,302.1,311.0,1585,43.6,227,Idle,True,2327
2328,2026-06-07T17:04:00,LINE1-M02,299.7,309.1,1497,41.2,229,Idle,True,2328
2329,2026-06-07T17:08:00,LINE1-M02,302.9,311.8,1418,33.0,232,Running,True,2329
2330,2026-06-07T17:11:00,LINE2-M02,297.8,307.6,1650,28.9,235,Maintenance,True,2330
2331,2026-06-07T17:15:00,LINE1-M01,303.3,313.8,1716,40.8,237,Maintenance,True,2331
2332,2026-06-07T17:20:00,LINE1-M01,298.8,308.3,1727,27.2,240,Stopped,False,2332
2333,2026-06-07T17:26:00,LINE1-M01,303.5,313.4,1614,45.8,0,Idle,True,2333
2334,2026-06-07T17:29:00,LINE1-M02,297.8,308.7,1345,49.7,3,Running,True,2334
2335,2026-06-07T17:35:00,LINE3-M02,301.9,310.6,1504,30.9,5,Running,True,2335
2336,2026-06-07T17:39:00,LINE2-M02,298.9,309.7,1699,42.5,7,Idle,True,2336
2337,2026-06-07T17:44:00,LINE1-M02,298.4,306.7,1337,39.0,10,Stopped,False,2337
2338,2026-06-07T17:49:00,LINE1-M02,299.8,309.9,1662,25.7,13,Running,False,2338
2339,2026-06-07T17:55:00,LINE1-M01,298.2,308.6,1168,41.4,16,Running,True,2339
2340,2026-06-07T18:00:00,LINE1-M02,298.6,308.6,1566,35.8,18,Running,True,2340
2341,2026-06-07T18:03:00,LINE2-M01,299.8,310.6,1168,20.7,20,Stopped,True,2341
2342,2026-06-07T18:08:00,LINE1-M01,302.7,312.9,1168,47.3,23,Running,True,2342
2343,2026-06-07T18:10:00,LINE3-M02,303.6,313.6,1168,40.9,26,Idle,True,2343
2344,2026-06-07T18:14:00,LINE2-M01,299.6,308.7,2074,49.4,28,Maintenance,True,2344
2345,2026-06-07T18:16:00,LINE2-M02,301.5,310.4,1225,49.8,30,Running,True,2345
2346,2026-06-07T18:18:00,LINE2-M02,299.6,309.5,1788,24.8,35,Running,True,2346
2347,2026-06-07T18:21:00,LINE3-M01,296.0,304.8,1538,27.0,37,Idle,True,2347
2348,2026-06-07T18:25:00,LINE1-M02,298.9,310.0,1591,49.8,40,Idle,True,2348
2349,2026-06-07T18:27:00,LINE3-M02,300.3,309.7,1543,28.0,45,Running,True,2349
2350,2026-06-07T18:29:00,LINE2-M01,299.9,312.0,1522,47.5,47,Running,True,2350
2351,2026-06-07T18:32:00,LINE3-M02,297.7,306.5,1688,48.5,52,Running,True,2351
2352,2026-06-07T18:36:00,LINE3-M02,296.2,305.9,1521,57.2,54,Maintenance,False,2352
2353,2026-06-07T18:39:00,LINE1-M01,295.5,306.1,1497,56.0,59,Running,True,2353
2354,2026-06-07T18:45:00,LINE1-M01,301.0,310.8,1889,40.4,61,Running,True,2354
2355,2026-06-07T18:50:00,LINE1-M01,297.0,305.7,1571,53.0,64,Running,True,2355
2356,2026-06-07T18:55:00,LINE1-M01,303.9,314.7,1209,27.7,69,Idle,True,2356
2357,2026-06-07T19:01:00,LINE1-M02,299.8,309.9,1750,46.4,71,Running,True,2357
2358,2026-06-07T19:05:00,LINE2-M01,301.8,312.1,1482,37.8,74,Running,True,2358
2359,2026-06-07T19:11:00,LINE1-M01,298.1,307.8,1949,20.3,76,Running,True,2359
2360,2026-06-07T19:17:00,LINE3-M01,298.7,309.3,1634,41.4,78,Running,True,2360
2361,2026-06-07T19:19:00,LINE2-M01,297.3,307.0,1351,39.4,80,Running,True,2361
2362,2026-06-07T19:22:00,LINE1-M01,299.5,309.6,1454,42.4,83,Running,True,2362
2363,2026-06-07T19:24:00,LINE3-M01,300.5,310.2,1265,45.0,85,Idle,True,2363
2364,2026-06-07T19:26:00,LINE1-M01,300.8,310.3,1475,47.1,90,Running,True,2364
2365,2026-06-07T19:30:00,LINE2-M01,303.3,315.2,1569,24.8,95,Running,True,2365
2366,2026-06-07T19:33:00,LINE1-M02,298.8,309.7,1330,49.8,98,Running,False,2366
2367,2026-06-07T19:39:00,LINE3-M02,297.9,309.4,1351,56.5,103,Running,True,2367
2368,2026-06-07T19:44:00,LINE3-M02,297.7,308.4,2022,35.8,105,Running,True,2368
2369,2026-06-07T19:48:00,LINE3-M01,302.9,312.1,1168,37.2,110,Running,True,2369
2370,2026-06-07T19:51:00,LINE2-M01,304.6,313.6,1545,43.6,115,Running,True,2370
2371,2026-06-07T19:57:00,LINE2-M01,304.1,314.3,1168,37.5,117,Idle,True,2371
2372,2026-06-07T20:01:00,LINE3-M02,298.1,307.0,1554,42.7,122,Running,True,2372
2373,2026-06-07T20:06:00,LINE3-M01,299.2,311.2,1703,36.4,124,Running,True,2373
2374,2026-06-07T20:11:00,LINE2-M02,299.2,309.4,1625,36.5,126,Running,True,2374
2375,2026-06-07T20:14:00,LINE3-M02,300.9,311.1,1479,52.3,129,Running,True,2375
2376,2026-06-07T20:16:00,LINE2-M02,300.8,311.2,1330,24.5,132,Maintenance,False,2376
2377,2026-06-07T20:21:00,LINE1-M02,300.8,310.1,1510,31.6,134,Running,True,2377
2378,2026-06-07T20:26:00,LINE2-M01,301.9,313.2,1583,47.3,137,Running,True,2378
2379,2026-06-07T20:30:00,LINE2-M02,301.2,310.4,1799,45.6,140,Running,True,2379
2380,2026-06-07T20:33:00,LINE1-M02,302.1,311.2,1168,48.0,145,Running,True,2380
2381,2026-06-07T20:37:00,LINE2-M02,297.9,308.9,1733,18.3,147,Stopped,False,2381
2382,2026-06-07T20:42:00,LINE1-M02,299.5,309.5,1536,22.2,149,Running,True,2382
2383,2026-06-07T20:44:00,LINE1-M01,297.0,308.7,1614,52.7,151,Running,True,2383
2384,2026-06-07T20:49:00,LINE2-M01,296.2,306.6,1395,41.7,156,Running,True,2384
2385,2026-06-07T20:52:00,LINE3-M01,298.9,309.2,1543,41.9,161,Running,True,2385
2386,2026-06-07T20:57:00,LINE1-M02,297.6,306.5,1493,48.5,163,Running,True,2386
2387,2026-06-07T21:02:00,LINE3-M01,300.7,311.1,1267,39.5,168,Running,True,2387
2388,2026-06-07T21:05:00,LINE3-M02,297.5,306.9,1606,42.6,170,Running,True,2388
2389,2026-06-07T21:10:00,LINE3-M02,301.4,312.1,1662,42.6,175,Running,True,2389
2390,2026-06-07T21:16:00,LINE3-M02,302.4,312.5,1378,41.3,177,Running,True,2390
2391,2026-06-07T21:19:00,LINE2-M01,302.3,312.2,1362,26.1,180,Running,True,2391
2392,2026-06-07T21:22:00,LINE3-M02,300.9,311.6,1647,36.4,182,Running,True,2392
2393,2026-06-07T21:24:00,LINE2-M01,300.6,310.0,1223,30.8,184,Running,True,2393
2394,2026-06-07T21:29:00,LINE2-M02,300.8,311.4,1168,45.9,186,Running,True,2394
2395,2026-06-07T21:31:00,LINE1-M02,302.4,311.4,1444,35.5,191,Running,True,2395
2396,2026-06-07T21:36:00,LINE3-M01,300.8,310.7,1168,33.0,196,Running,True,2396
2397,2026-06-07T21:38:00,LINE1-M02,299.7,309.5,1838,37.4,201,Idle,True,2397
2398,2026-06-07T21:41:00,LINE1-M02,298.2,309.4,1815,43.7,203,Running,True,2398
2399,2026-06-07T21:46:00,LINE3-M01,301.0,310.3,1420,34.4,205,Running,True,2399
2400,2026-06-07T21:48:00,LINE1-M01,300.1,311.3,1301,44.9,207,Idle,False,2400
2401,2026-06-07T21:54:00,LINE1-M01,299.2,307.7,1633,35.6,209,Running,True,2401
2402,2026-06-07T22:00:00,LINE1-M01,302.2,311.6,1299,54.2,212,Maintenance,False,2402
2403,2026-06-07T22:04:00,LINE3-M01,301.0,311.3,1286,45.7,214,Running,True,2403
2404,2026-06-07T22:07:00,LINE2-M02,301.8,311.5,1530,30.9,216,Maintenance,False,2404
2405,2026-06-07T22:10:00,LINE3-M01,300.0,310.4,1425,52.8,219,Running,True,2405
2406,2026-06-07T22:14:00,LINE1-M01,302.8,313.6,1348,35.6,224,Running,True,2406
2407,2026-06-07T22:20:00,LINE1-M01,299.7,309.6,1309,41.4,229,Stopped,False,2407
2408,2026-06-07T22:23:00,LINE2-M01,293.8,304.1,1722,28.1,234,Maintenance,False,2408
2409,2026-06-07T22:28:00,LINE1-M02,301.6,311.9,1168,45.5,239,Maintenance,False,2409
2410,2026-06-07T22:34:00,LINE3-M02,299.1,308.5,1194,31.2,0,Idle,True,2410
2411,2026-06-07T22:36:00,LINE1-M01,300.1,310.1,1168,33.5,3,Running,True,2411
2412,2026-06-07T22:38:00,LINE1-M01,299.0,309.0,1449,39.5,6,Running,True,2412
2413,2026-06-07T22:42:00,LINE3-M01,301.4,310.7,1524,31.1,8,Running,True,2413
2414,2026-06-07T22:45:00,LINE1-M01,299.9,311.5,1792,32.7,10,Running,True,2414
2415,2026-06-07T22:49:00,LINE2-M01,303.5,312.3,1710,33.6,12,Running,True,2415
2416,2026-06-07T22:51:00,LINE1-M02,299.4,308.9,1435,39.1,14,Running,True,2416
2417,2026-06-07T22:57:00,LINE1-M01,302.1,310.9,1527,58.4,17,Stopped,False,2417
2418,2026-06-07T22:59:00,LINE2-M01,299.9,311.4,1322,48.6,19,Running,True,2418
2419,2026-06-07T23:01:00,LINE2-M02,299.8,311.7,1729,33.0,22,Running,True,2419
2420,2026-06-07T23:03:00,LINE1-M01,300.3,311.2,1552,55.3,24,Running,True,2420
2421,2026-06-07T23:07:00,LINE2-M01,299.0,309.0,1305,59.2,27,Running,True,2421
2422,2026-06-07T23:09:00,LINE3-M01,302.0,311.3,1543,43.2,29,Running,True,2422
2423,2026-06-07T23:14:00,LINE2-M01,298.7,309.0,1883,35.7,31,Running,True,2423
2424,2026-06-07T23:19:00,LINE2-M02,302.7,314.0,1418,34.4,33,Running,True,2424
2425,2026-06-07T23:22:00,LINE3-M01,297.8,308.7,1473,49.1,38,Running,True,2425
2426,2026-06-07T23:28:00,LINE3-M01,301.8,311.4,1755,45.6,43,Running,True,2426
2427,2026-06-07T23:31:00,LINE3-M01,297.1,309.9,1168,42.8,45,Running,True,2427
2428,2026-06-07T23:35:00,LINE1-M01,298.4,307.5,1500,48.6,47,Running,True,2428
2429,2026-06-07T23:41:00,LINE2-M02,299.7,309.8,1690,26.9,52,Running,True,2429
2430,2026-06-07T23:45:00,LINE3-M02,298.3,308.3,1644,48.3,54,Running,True,2430
2431,2026-06-07T23:49:00,LINE3-M01,302.5,312.0,1238,37.2,56,Running,True,2431
2432,2026-06-07T23:54:00,LINE2-M02,297.8,306.6,1596,28.2,61,Running,True,2432
2433,2026-06-08T00:00:00,LINE2-M02,299.1,307.6,1560,48.5,63,Running,True,2433
2434,2026-06-08T00:06:00,LINE3-M02,300.0,309.7,1423,41.8,68,Running,True,2434
2435,2026-06-08T00:10:00,LINE3-M01,299.6,310.2,1443,23.8,71,Running,True,2435
2436,2026-06-08T00:15:00,LINE1-M02,301.4,310.9,1597,39.7,73,Running,True,2436
2437,2026-06-08T00:18:00,LINE2-M02,298.3,307.9,1578,46.3,75,Running,True,2437
2438,2026-06-08T00:21:00,LINE1-M01,298.4,307.7,1519,61.4,78,Stopped,True,2438
2439,2026-06-08T00:25:00,LINE2-M01,299.3,308.0,1168,36.0,80,Running,True,2439
2440,2026-06-08T00:27:00,LINE1-M01,301.0,310.9,1910,32.0,82,Running,True,2440
2441,2026-06-08T00:29:00,LINE1-M02,301.1,310.6,1419,47.2,85,Running,True,2441
2442,2026-06-08T00:33:00,LINE1-M02,298.7,308.2,1343,31.4,90,Running,True,2442
2443,2026-06-08T00:35:00,LINE3-M01,298.2,308.4,1676,40.8,93,Running,True,2443
2444,2026-06-08T00:39:00,LINE1-M01,295.6,305.6,1885,41.2,98,Running,True,2444
2445,2026-06-08T00:42:00,LINE2-M01,295.2,305.2,1168,50.0,101,Idle,True,2445
2446,2026-06-08T00:47:00,LINE3-M01,300.0,311.7,1222,47.3,104,Idle,True,2446
2447,2026-06-08T00:49:00,LINE2-M02,301.4,311.6,1601,38.8,109,Running,True,2447
2448,2026-06-08T00:51:00,LINE1-M02,299.7,310.5,1537,46.7,112,Running,True,2448
2449,2026-06-08T00:56:00,LINE3-M01,301.2,313.1,1736,35.5,114,Idle,True,2449
2450,2026-06-08T00:58:00,LINE1-M02,303.1,313.9,1703,27.8,117,Idle,True,2450
2451,2026-06-08T01:03:00,LINE2-M02,298.2,307.2,1547,37.0,122,Running,True,2451
2452,2026-06-08T01:08:00,LINE3-M02,297.3,307.8,1349,37.3,124,Running,True,2452
2453,2026-06-08T01:14:00,LINE2-M01,300.9,311.2,1322,25.8,126,Running,True,2453
2454,2026-06-08T01:18:00,LINE1-M02,298.9,310.8,1384,20.5,128,Stopped,False,2454
2455,2026-06-08T01:22:00,LINE3-M01,300.6,311.9,1532,29.7,133,Running,True,2455
2456,2026-06-08T01:25:00,LINE2-M02,300.9,311.9,1168,52.8,136,Running,True,2456
2457,2026-06-08T01:31:00,LINE1-M01,301.7,311.3,1484,34.6,139,Running,True,2457
2458,2026-06-08T01:34:00,LINE2-M01,300.1,309.4,1475,43.9,142,Running,True,2458
2459,2026-06-08T01:36:00,LINE3-M01,297.8,307.8,1492,49.0,144,Idle,True,2459
2460,2026-06-08T01:40:00,LINE2-M02,299.8,309.4,1606,45.1,146,Running,True,2460
2461,2026-06-08T01:46:00,LINE1-M01,297.4,307.4,1547,53.1,149,Running,True,2461
2462,2026-06-08T01:50:00,LINE2-M02,299.4,310.4,1716,45.5,154,Running,True,2462
2463,2026-06-08T01:54:00,LINE2-M01,304.4,315.0,1398,45.9,156,Running,True,2463
2464,2026-06-08T01:58:00,LINE2-M02,300.9,310.2,1687,36.8,158,Running,True,2464
2465,2026-06-08T02:04:00,LINE1-M02,299.5,308.5,1673,50.9,160,Running,True,2465
2466,2026-06-08T02:10:00,LINE1-M01,298.1,307.3,1696,50.3,165,Running,True,2466
2467,2026-06-08T02:12:00,LINE3-M02,299.8,309.3,1572,38.6,168,Running,True,2467
2468,2026-06-08T02:16:00,LINE1-M02,298.2,306.4,1168,49.9,171,Stopped,False,2468
2469,2026-06-08T02:22:00,LINE1-M01,305.4,315.3,1636,34.2,176,Running,True,2469
2470,2026-06-08T02:27:00,LINE2-M01,301.6,310.2,1729,33.7,178,Running,True,2470
2471,2026-06-08T02:32:00,LINE3-M02,302.4,312.8,1168,45.1,183,Running,True,2471
2472,2026-06-08T02:37:00,LINE2-M01,300.4,311.5,1415,31.1,186,Running,True,2472
2473,2026-06-08T02:40:00,LINE3-M02,300.1,309.8,1491,36.0,191,Running,True,2473
2474,2026-06-08T02:46:00,LINE2-M02,298.2,309.0,1667,38.8,194,Running,True,2474
2475,2026-06-08T02:50:00,LINE3-M01,302.4,312.3,2032,41.2,197,Running,True,2475
2476,2026-06-08T02:52:00,LINE3-M02,300.3,309.1,1311,34.5,199,Running,True,2476
2477,2026-06-08T02:54:00,LINE2-M01,299.7,309.0,1824,40.7,201,Running,True,2477
2478,2026-06-08T03:00:00,LINE3-M01,301.3,309.6,1188,36.6,206,Stopped,False,2478
2479,2026-06-08T03:03:00,LINE2-M01,302.4,311.5,1585,57.7,208,Maintenance,False,2479
2480,2026-06-08T03:05:00,LINE1-M01,300.6,312.0,1572,41.5,210,Idle,True,2480
2481,2026-06-08T03:07:00,LINE1-M02,300.4,310.6,1641,29.3,212,Running,False,2481
2482,2026-06-08T03:13:00,LINE1-M01,300.5,309.8,1699,18.6,214,Stopped,False,2482
2483,2026-06-08T03:16:00,LINE3-M02,298.5,309.4,1611,31.4,217,Maintenance,False,2483
2484,2026-06-08T03:22:00,LINE1-M02,306.4,315.5,1604,43.2,219,Stopped,False,2484
2485,2026-06-08T03:28:00,LINE3-M01,300.9,311.1,1434,34.5,221,Stopped,False,2485
2486,2026-06-08T03:30:00,LINE1-M02,299.8,309.9,1459,28.5,223,Running,True,2486
2487,2026-06-08T03:34:00,LINE1-M02,298.6,307.9,1872,35.8,225,Stopped,False,2487
2488,2026-06-08T03:37:00,LINE2-M01,301.2,312.2,1449,36.8,227,Running,True,2488
2489,2026-06-08T03:41:00,LINE2-M02,299.5,308.8,1579,48.8,229,Stopped,False,2489
2490,2026-06-08T03:45:00,LINE1-M01,299.3,309.9,1372,25.9,232,Stopped,False,2490
2491,2026-06-08T03:48:00,LINE2-M02,299.0,308.8,1541,35.6,234,Stopped,True,2491
2492,2026-06-08T03:50:00,LINE3-M01,299.4,309.1,1629,27.7,239,Stopped,True,2492
2493,2026-06-08T03:54:00,LINE3-M02,298.3,306.6,1602,36.4,0,Running,True,2493
2494,2026-06-08T03:57:00,LINE2-M01,297.0,305.9,1168,38.6,3,Running,True,2494
2495,2026-06-08T04:00:00,LINE1-M02,296.6,307.0,1826,48.9,6,Maintenance,False,2495
2496,2026-06-08T04:06:00,LINE2-M02,299.3,309.2,1506,29.7,11,Running,True,2496
2497,2026-06-08T04:10:00,LINE1-M02,296.9,307.7,1513,47.7,14,Running,True,2497
2498,2026-06-08T04:15:00,LINE2-M02,298.9,309.2,1395,39.1,16,Running,True,2498
2499,2026-06-08T04:21:00,LINE3-M01,300.9,309.7,1816,35.5,18,Running,True,2499
2500,2026-06-08T04:25:00,LINE3-M02,301.3,311.7,1543,40.9,20,Running,True,2500
2501,2026-06-08T04:30:00,LINE2-M02,298.4,309.6,1511,36.7,22,Running,True,2501
2502,2026-06-08T04:35:00,LINE3-M01,298.7,308.3,1948,35.4,24,Running,True,2502
2503,2026-06-08T04:40:00,LINE3-M01,303.0,312.8,1565,26.1,26,Idle,True,2503
2504,2026-06-08T04:46:00,LINE3-M02,299.7,309.4,1255,49.5,28,Idle,True,2504
2505,2026-06-08T04:52:00,LINE3-M01,303.1,313.5,1453,45.1,33,Running,True,2505
2506,2026-06-08T04:57:00,LINE2-M02,301.5,311.0,1168,45.1,36,Running,True,2506
2507,2026-06-08T04:59:00,LINE2-M01,300.1,309.4,1591,36.5,38,Running,True,2507
2508,2026-06-08T05:03:00,LINE3-M01,299.4,308.9,1762,38.9,40,Running,True,2508
2509,2026-06-08T05:09:00,LINE1-M01,296.9,307.7,1678,44.4,42,Idle,True,2509
2510,2026-06-08T05:11:00,LINE3-M02,300.2,308.3,1177,64.5,47,Maintenance,True,2510
2511,2026-06-08T05:15:00,LINE3-M01,298.2,308.0,1458,49.2,50,Running,True,2511
2512,2026-06-08T05:19:00,LINE1-M02,299.2,310.0,1439,37.4,52,Running,True,2512
2513,2026-06-08T05:24:00,LINE2-M01,300.6,311.8,1360,33.3,55,Running,True,2513
2514,2026-06-08T05:27:00,LINE1-M01,296.9,308.2,1682,53.0,60,Maintenance,True,2514
2515,2026-06-08T05:31:00,LINE3-M02,302.8,311.2,1501,62.7,62,Maintenance,False,2515
2516,2026-06-08T05:37:00,LINE1-M01,301.2,310.1,1472,33.0,64,Idle,True,2516
2517,2026-06-08T05:42:00,LINE2-M01,299.3,309.3,1572,25.1,67,Running,True,2517
2518,2026-06-08T05:46:00,LINE1-M02,299.9,309.7,1595,50.4,72,Running,True,2518
2519,2026-06-08T05:48:00,LINE3-M01,299.8,309.3,1325,48.0,74,Running,True,2519
2520,2026-06-08T05:53:00,LINE2-M01,298.8,308.4,1168,49.6,77,Idle,True,2520
2521,2026-06-08T05:58:00,LINE1-M01,296.2,304.9,1433,39.9,82,Running,True,2521
2522,2026-06-08T06:00:00,LINE3-M01,298.3,306.1,1168,19.7,85,Stopped,False,2522
2523,2026-06-08T06:04:00,LINE2-M02,299.9,308.1,1502,35.4,88,Running,True,2523
2524,2026-06-08T06:10:00,LINE2-M01,299.6,308.0,1561,47.9,90,Idle,True,2524
2525,2026-06-08T06:15:00,LINE2-M02,300.0,307.5,1856,40.0,92,Running,True,2525
2526,2026-06-08T06:21:00,LINE2-M01,298.5,308.3,1866,38.0,94,Running,True,2526
2527,2026-06-08T06:25:00,LINE2-M01,300.7,310.8,1624,39.5,99,Running,True,2527
2528,2026-06-08T06:27:00,LINE2-M02,297.1,306.0,1168,34.0,101,Running,True,2528
2529,2026-06-08T06:33:00,LINE2-M02,297.8,306.3,1325,39.2,103,Stopped,False,2529
2530,2026-06-08T06:35:00,LINE3-M01,302.5,312.2,1602,36.7,105,Running,True,2530
2531,2026-06-08T06:37:00,LINE1-M01,302.1,310.6,1523,32.1,108,Running,True,2531
2532,2026-06-08T06:40:00,LINE3-M01,300.5,309.2,1556,42.4,111,Running,True,2532
2533,2026-06-08T06:44:00,LINE3-M01,298.1,311.9,1392,34.7,113,Running,True,2533
2534,2026-06-08T06:50:00,LINE3-M02,297.6,308.1,1537,56.5,115,Maintenance,False,2534
2535,2026-06-08T06:55:00,LINE1-M01,300.1,309.9,1337,40.9,118,Running,True,2535
2536,2026-06-08T07:01:00,LINE3-M01,301.6,310.5,1285,28.6,120,Idle,True,2536
2537,2026-06-08T07:03:00,LINE3-M01,300.0,310.7,1626,35.2,122,Running,True,2537
2538,2026-06-08T07:07:00,LINE1-M01,296.9,307.1,1234,49.3,124,Running,True,2538
2539,2026-06-08T07:13:00,LINE2-M02,300.1,308.9,1440,36.9,126,Running,True,2539
2540,2026-06-08T07:15:00,LINE1-M02,303.0,312.9,1342,34.5,128,Running,True,2540
2541,2026-06-08T07:17:00,LINE2-M01,297.2,306.6,1494,32.7,130,Idle,True,2541
2542,2026-06-08T07:21:00,LINE2-M02,303.7,315.1,1168,44.9,132,Running,True,2542
2543,2026-06-08T07:24:00,LINE1-M02,298.3,309.7,1964,42.4,134,Running,True,2543
2544,2026-06-08T07:27:00,LINE3-M02,300.7,311.7,1412,35.0,136,Running,True,2544
2545,2026-06-08T07:30:00,LINE2-M02,298.5,308.5,1374,46.4,138,Running,True,2545
2546,2026-06-08T07:36:00,LINE2-M01,297.8,306.9,1442,41.7,143,Idle,True,2546
2547,2026-06-08T07:41:00,LINE3-M02,298.3,309.2,1733,40.3,145,Running,True,2547
2548,2026-06-08T07:46:00,LINE1-M02,300.9,310.2,1376,30.4,148,Running,True,2548
2549,2026-06-08T07:50:00,LINE1-M01,298.1,308.2,1350,55.1,151,Running,True,2549
2550,2026-06-08T07:53:00,LINE3-M01,294.3,304.7,1462,36.2,153,Running,True,2550
2551,2026-06-08T07:56:00,LINE2-M02,299.7,309.8,1558,40.7,156,Idle,True,2551
2552,2026-06-08T07:59:00,LINE2-M01,301.7,311.1,1603,45.6,161,Running,True,2552
2553,2026-06-08T08:03:00,LINE2-M02,300.3,309.5,1892,12.8,163,Maintenance,False,2553
2554,2026-06-08T08:09:00,LINE3-M02,299.6,308.5,1364,45.2,166,Running,True,2554
2555,2026-06-08T08:15:00,LINE1-M02,300.9,311.2,1395,14.3,171,Maintenance,True,2555
2556,2026-06-08T08:18:00,LINE1-M02,296.6,307.0,1168,32.6,173,Running,True,2556
2557,2026-06-08T08:23:00,LINE1-M01,301.0,311.4,1552,31.0,178,Running,True,2557
2558,2026-06-08T08:28:00,LINE1-M02,302.0,311.2,1898,45.8,181,Stopped,False,2558
2559,2026-06-08T08:34:00,LINE2-M01,303.0,313.4,1496,31.2,186,Running,True,2559
2560,2026-06-08T08:36:00,LINE2-M02,300.0,310.4,1528,44.8,188,Running,True,2560
2561,2026-06-08T08:40:00,LINE1-M01,300.7,310.1,1358,26.7,190,Running,True,2561
2562,2026-06-08T08:46:00,LINE2-M01,301.2,310.6,1530,45.4,192,Running,True,2562
2563,2026-06-08T08:50:00,LINE3-M02,297.6,306.4,1726,26.2,194,Running,True,2563
2564,2026-06-08T08:52:00,LINE3-M02,301.4,310.2,1168,43.6,196,Running,True,2564
2565,2026-06-08T08:54:00,LINE3-M01,300.7,312.0,1581,36.8,198,Running,True,2565
2566,2026-06-08T08:59:00,LINE3-M01,302.4,312.4,1215,33.5,200,Idle,False,2566
2567,2026-06-08T09:04:00,LINE2-M01,296.4,308.1,1543,35.6,205,Running,True,2567
2568,2026-06-08T09:07:00,LINE1-M01,299.2,309.4,1410,37.3,207,Running,True,2568
2569,2026-06-08T09:10:00,LINE3-M02,297.8,309.6,1408,58.8,209,Maintenance,False,2569
2570,2026-06-08T09:13:00,LINE1-M02,298.8,308.1,1326,51.0,211,Running,True,2570
2571,2026-06-08T09:18:00,LINE2-M01,297.1,307.2,1417,33.1,213,Idle,True,2571
2572,2026-06-08T09:20:00,LINE1-M01,299.1,309.2,1168,45.9,218,Stopped,True,2572
2573,2026-06-08T09:23:00,LINE3-M02,299.7,309.4,1888,22.5,223,Stopped,False,2573
2574,2026-06-08T09:25:00,LINE3-M02,298.6,308.2,1526,29.9,226,Stopped,False,2574
2575,2026-06-08T09:29:00,LINE2-M01,300.4,310.5,1462,45.5,228,Stopped,True,2575
2576,2026-06-08T09:32:00,LINE1-M02,301.2,311.4,1393,30.4,231,Stopped,False,2576
2577,2026-06-08T09:34:00,LINE2-M02,301.1,310.5,1514,33.9,233,Stopped,False,2577
2578,2026-06-08T09:36:00,LINE2-M02,300.4,309.7,1215,39.7,238,Stopped,False,2578
2579,2026-06-08T09:40:00,LINE3-M01,301.3,310.0,1298,35.6,240,Maintenance,False,2579
2580,2026-06-08T09:43:00,LINE2-M02,301.8,310.5,1554,15.6,0,Stopped,True,2580
2581,2026-06-08T09:46:00,LINE3-M02,299.3,308.3,1671,41.2,2,Running,True,2581
2582,2026-06-08T09:50:00,LINE2-M01,300.6,308.7,1546,36.8,7,Running,True,2582
2583,2026-06-08T09:53:00,LINE1-M01,302.8,314.0,1883,32.0,10,Running,True,2583
2584,2026-06-08T09:59:00,LINE1-M02,304.6,316.8,1585,47.0,12,Running,True,2584
2585,2026-06-08T10:03:00,LINE1-M02,301.9,313.6,1421,34.3,15,Running,True,2585
2586,2026-06-08T10:06:00,LINE1-M01,302.8,312.4,1485,34.4,17,Running,True,2586
2587,2026-06-08T10:09:00,LINE3-M01,301.1,310.7,1782,42.2,22,Running,True,2587
2588,2026-06-08T10:13:00,LINE1-M01,300.9,310.5,1377,29.2,25,Running,True,2588
2589,2026-06-08T10:16:00,LINE1-M01,298.5,309.4,1310,31.6,30,Running,True,2589
2590,2026-06-08T10:19:00,LINE2-M02,297.7,307.4,1389,22.5,33,Stopped,False,2590
2591,2026-06-08T10:22:00,LINE2-M02,302.3,311.9,1332,22.2,38,Stopped,False,2591
2592,2026-06-08T10:26:00,LINE3-M02,302.8,311.2,1390,57.2,41,Running,True,2592
2593,2026-06-08T10:30:00,LINE2-M01,300.5,309.6,1421,19.3,43,Stopped,False,2593
2594,2026-06-08T10:36:00,LINE1-M01,299.5,308.3,1558,31.8,46,Running,True,2594
2595,2026-06-08T10:42:00,LINE1-M01,300.5,311.2,1496,33.1,48,Running,True,2595
2596,2026-06-08T10:46:00,LINE2-M02,301.0,311.9,1214,55.2,50,Running,True,2596
2597,2026-06-08T10:52:00,LINE2-M02,300.7,312.5,1234,50.2,52,Idle,True,2597
2598,2026-06-08T10:57:00,LINE2-M02,299.3,311.6,1315,43.8,57,Running,True,2598
2599,2026-06-08T11:02:00,LINE3-M01,298.3,307.3,1690,43.2,59,Running,True,2599
2600,2026-06-08T11:04:00,LINE1-M01,298.3,306.9,1286,59.8,62,Stopped,False,2600
2601,2026-06-08T11:07:00,LINE1-M02,298.7,308.3,1548,54.1,64,Running,True,2601
2602,2026-06-08T11:12:00,LINE1-M01,301.7,312.9,1340,41.2,69,Running,True,2602
2603,2026-06-08T11:16:00,LINE1-M01,300.9,311.0,1367,40.1,71,Running,True,2603
2604,2026-06-08T11:18:00,LINE3-M01,299.4,309.1,1413,45.9,74,Running,True,2604
2605,2026-06-08T11:20:00,LINE3-M02,299.4,310.6,1271,29.9,76,Running,True,2605
2606,2026-06-08T11:26:00,LINE2-M01,299.8,310.0,1324,37.8,81,Running,True,2606
2607,2026-06-08T11:32:00,LINE2-M01,299.4,310.8,1721,18.0,83,Stopped,True,2607
2608,2026-06-08T11:38:00,LINE1-M02,298.5,308.2,1346,30.6,85,Running,True,2608
2609,2026-06-08T11:44:00,LINE1-M01,301.3,310.9,1494,34.9,87,Running,True,2609
2610,2026-06-08T11:46:00,LINE1-M01,299.8,311.4,1227,48.9,89,Running,True,2610
2611,2026-06-08T11:52:00,LINE1-M02,301.6,311.5,1799,43.9,91,Running,True,2611
2612,2026-06-08T11:57:00,LINE2-M02,301.6,310.7,1896,31.1,94,Running,True,2612
2613,2026-06-08T12:01:00,LINE1-M02,299.4,310.1,1731,34.3,99,Running,True,2613
2614,2026-06-08T12:04:00,LINE3-M02,295.7,307.0,1698,42.2,102,Running,True,2614
2615,2026-06-08T12:10:00,LINE2-M01,298.3,305.9,1633,49.8,107,Running,True,2615
2616,2026-06-08T12:14:00,LINE3-M02,301.9,310.4,1168,43.3,109,Stopped,False,2616
2617,2026-06-08T12:19:00,LINE1-M01,298.8,309.1,1513,28.1,111,Running,True,2617
2618,2026-06-08T12:21:00,LINE2-M01,299.6,311.1,1724,34.7,116,Running,True,2618
2619,2026-06-08T12:26:00,LINE2-M02,298.9,308.7,1715,35.2,118,Running,True,2619
2620,2026-06-08T12:31:00,LINE1-M01,301.2,310.7,1581,57.3,120,Stopped,False,2620
2621,2026-06-08T12:34:00,LINE1-M02,299.9,311.1,1413,49.8,122,Running,True,2621
2622,2026-06-08T12:39:00,LINE2-M02,300.5,310.8,1417,43.9,125,Running,True,2622
2623,2026-06-08T12:43:00,LINE2-M02,298.9,307.2,1168,42.5,128,Maintenance,False,2623
2624,2026-06-08T12:49:00,LINE1-M01,301.7,312.0,1168,61.9,130,Running,True,2624
2625,2026-06-08T12:54:00,LINE3-M01,296.6,305.8,1168,42.4,133,Idle,True,2625
2626,2026-06-08T12:59:00,LINE1-M02,299.6,309.8,1902,39.3,136,Running,True,2626
2627,2026-06-08T13:05:00,LINE1-M01,301.0,309.5,1239,38.4,138,Stopped,False,2627
2628,2026-06-08T13:07:00,LINE3-M02,302.9,313.8,1168,48.8,140,Running,True,2628
2629,2026-06-08T13:13:00,LINE3-M02,302.8,313.3,1645,66.4,142,Maintenance,False,2629
2630,2026-06-08T13:18:00,LINE3-M01,301.2,310.4,1248,56.1,144,Running,True,2630
2631,2026-06-08T13:24:00,LINE3-M01,302.6,314.5,1258,54.7,147,Running,True,2631
2632,2026-06-08T13:30:00,LINE3-M02,300.3,309.7,1772,64.5,150,Maintenance,False,2632
2633,2026-06-08T13:34:00,LINE2-M02,303.6,313.6,1447,46.6,153,Running,True,2633
2634,2026-06-08T13:39:00,LINE2-M01,298.8,309.3,1642,37.7,156,Running,True,2634
2635,2026-06-08T13:41:00,LINE2-M02,298.8,309.1,1375,28.9,158,Idle,True,2635
2636,2026-06-08T13:43:00,LINE3-M02,299.9,310.0,1682,40.6,160,Running,True,2636
2637,2026-06-08T13:45:00,LINE2-M02,300.9,311.9,1687,15.7,163,Stopped,False,2637
2638,2026-06-08T13:48:00,LINE1-M02,296.4,307.1,1559,25.0,165,Running,True,2638
2639,2026-06-08T13:53:00,LINE3-M01,303.2,314.1,1476,39.4,170,Idle,True,2639
2640,2026-06-08T13:58:00,LINE3-M01,302.6,311.7,1382,31.8,175,Running,True,2640
2641,2026-06-08T14:02:00,LINE2-M02,300.7,310.6,1856,33.5,177,Running,True,2641
2642,2026-06-08T14:05:00,LINE2-M02,302.9,312.4,1837,28.4,179,Idle,True,2642
2643,2026-06-08T14:10:00,LINE1-M02,297.5,307.0,1688,44.5,182,Idle,True,2643
2644,2026-06-08T14:13:00,LINE3-M01,299.5,309.3,1634,35.8,185,Running,True,2644
2645,2026-06-08T14:16:00,LINE3-M01,304.4,313.7,1258,39.9,190,Running,True,2645
2646,2026-06-08T14:20:00,LINE3-M01,302.5,314.2,1426,38.6,192,Running,False,2646
2647,2026-06-08T14:24:00,LINE1-M02,298.7,307.2,1937,22.9,194,Running,True,2647
2648,2026-06-08T14:29:00,LINE1-M02,300.8,311.8,1168,33.6,197,Running,True,2648
2649,2026-06-08T14:33:00,LINE3-M02,297.1,306.3,1520,42.8,202,Running,True,2649
2650,2026-06-08T14:39:00,LINE1-M02,298.0,308.3,1522,39.1,204,Maintenance,True,2650
2651,2026-06-08T14:45:00,LINE3-M01,299.2,307.6,1352,41.6,207,Maintenance,True,2651
2652,2026-06-08T14:51:00,LINE2-M01,297.8,309.9,2062,52.5,210,Maintenance,False,2652
2653,2026-06-08T14:56:00,LINE2-M01,294.9,303.5,1509,19.5,213,Maintenance,False,2653
2654,2026-06-08T15:02:00,LINE2-M01,301.9,313.2,1821,43.1,215,Stopped,False,2654
2655,2026-06-08T15:07:00,LINE1-M01,296.5,307.0,1548,56.6,220,Stopped,True,2655
2656,2026-06-08T15:10:00,LINE3-M01,298.1,307.1,1566,48.5,222,Running,False,2656
2657,2026-06-08T15:15:00,LINE2-M01,300.9,312.0,1962,27.9,224,Stopped,False,2657
2658,2026-06-08T15:18:00,LINE3-M02,296.7,307.4,1601,47.5,227,Stopped,False,2658
2659,2026-06-08T15:23:00,LINE2-M02,303.0,313.0,1554,36.4,229,Maintenance,True,2659
2660,2026-06-08T15:28:00,LINE1-M02,301.1,310.1,1416,40.4,232,Running,True,2660
2661,2026-06-08T15:33:00,LINE3-M02,302.0,312.1,1304,43.1,235,Stopped,False,2661
2662,2026-06-08T15:37:00,LINE3-M01,299.8,309.7,1708,34.3,238,Maintenance,False,2662
2663,2026-06-08T15:41:00,LINE2-M02,304.8,315.0,1618,23.0,240,Stopped,False,2663
2664,2026-06-08T15:44:00,LINE1-M01,297.4,306.2,1711,42.8,0,Running,True,2664
2665,2026-06-08T15:49:00,LINE2-M01,299.0,309.1,1523,46.7,3,Running,True,2665
2666,2026-06-08T15:55:00,LINE3-M02,300.8,310.2,1527,42.9,8,Idle,True,2666
2667,2026-06-08T15:57:00,LINE3-M02,299.6,310.3,1168,56.0,13,Running,True,2667
2668,2026-06-08T16:00:00,LINE1-M02,302.7,313.8,1260,32.4,15,Running,True,2668
2669,2026-06-08T16:03:00,LINE1-M02,304.3,314.4,1339,42.4,20,Idle,True,2669
2670,2026-06-08T16:08:00,LINE2-M02,298.5,309.8,1749,26.8,25,Running,True,2670
2671,2026-06-08T16:10:00,LINE1-M02,300.0,311.6,1453,49.7,28,Running,True,2671
2672,2026-06-08T16:12:00,LINE2-M01,299.3,309.2,1615,44.7,30,Running,True,2672
2673,2026-06-08T16:14:00,LINE2-M02,300.3,309.1,1862,41.4,35,Running,True,2673
2674,2026-06-08T16:17:00,LINE3-M02,303.1,312.0,1331,28.2,38,Idle,True,2674
2675,2026-06-08T16:21:00,LINE3-M01,304.9,314.8,1406,50.4,40,Running,True,2675
2676,2026-06-08T16:25:00,LINE1-M02,299.8,308.8,1290,25.5,42,Stopped,True,2676
2677,2026-06-08T16:31:00,LINE1-M01,302.4,314.2,1960,44.9,44,Maintenance,False,2677
2678,2026-06-08T16:34:00,LINE1-M02,300.2,310.7,1512,43.7,46,Running,True,2678
2679,2026-06-08T16:36:00,LINE1-M01,298.6,307.7,1636,51.1,48,Running,True,2679
2680,2026-06-08T16:39:00,LINE3-M01,299.4,308.3,1423,35.1,51,Idle,True,2680
2681,2026-06-08T16:42:00,LINE1-M02,301.6,311.6,1599,29.8,56,Running,True,2681
2682,2026-06-08T16:47:00,LINE2-M02,298.3,310.1,1553,32.6,58,Running,True,2682
2683,2026-06-08T16:52:00,LINE2-M01,300.8,310.3,1564,52.3,60,Running,True,2683
2684,2026-06-08T16:57:00,LINE2-M02,300.7,312.9,1168,46.4,63,Running,True,2684
2685,2026-06-08T17:00:00,LINE3-M02,299.1,307.2,1626,35.2,68,Running,True,2685
2686,2026-06-08T17:05:00,LINE2-M02,302.1,310.5,1277,45.8,70,Maintenance,False,2686
2687,2026-06-08T17:07:00,LINE3-M02,301.9,310.4,1223,45.9,72,Maintenance,False,2687
2688,2026-06-08T17:11:00,LINE2-M02,302.1,311.7,1237,35.9,74,Running,True,2688
2689,2026-06-08T17:16:00,LINE1-M02,300.1,308.7,1526,32.6,76,Idle,True,2689
2690,2026-06-08T17:21:00,LINE2-M01,297.2,306.0,1473,31.0,81,Running,True,2690
2691,2026-06-08T17:26:00,LINE1-M01,300.1,310.7,1416,49.5,84,Running,True,2691
2692,2026-06-08T17:32:00,LINE3-M02,298.5,310.1,1703,52.8,89,Stopped,False,2692
2693,2026-06-08T17:35:00,LINE3-M01,301.5,310.3,1320,34.6,91,Running,True,2693
2694,2026-06-08T17:37:00,LINE2-M01,297.1,307.7,1233,45.3,96,Running,True,2694
2695,2026-06-08T17:42:00,LINE1-M02,302.5,313.7,1402,35.2,98,Running,True,2695
2696,2026-06-08T17:46:00,LINE3-M02,301.2,312.6,1751,29.8,101,Running,True,2696
2697,2026-06-08T17:52:00,LINE1-M01,303.5,311.8,1582,60.2,103,Stopped,True,2697
2698,2026-06-08T17:55:00,LINE2-M02,298.9,308.1,1248,45.2,106,Running,True,2698
2699,2026-06-08T18:00:00,LINE1-M01,302.9,313.0,1507,42.7,108,Idle,True,2699
2700,2026-06-08T18:06:00,LINE3-M02,299.2,308.0,1231,30.2,110,Running,True,2700
2701,2026-06-08T18:08:00,LINE3-M01,297.8,308.2,1818,51.1,115,Stopped,False,2701
2702,2026-06-08T18:14:00,LINE1-M01,295.8,305.8,1526,41.0,117,Running,True,2702
2703,2026-06-08T18:17:00,LINE2-M01,304.9,316.3,1444,37.6,119,Running,True,2703
2704,2026-06-08T18:19:00,LINE1-M01,299.9,308.7,1376,37.0,121,Idle,True,2704
2705,2026-06-08T18:24:00,LINE3-M01,299.9,309.9,1300,39.7,124,Running,True,2705
2706,2026-06-08T18:30:00,LINE3-M02,300.3,312.2,1384,47.7,127,Running,True,2706
2707,2026-06-08T18:32:00,LINE2-M01,299.6,310.0,1508,17.9,130,Stopped,False,2707
2708,2026-06-08T18:34:00,LINE2-M01,300.4,309.3,1442,36.0,132,Idle,True,2708
2709,2026-06-08T18:36:00,LINE2-M01,297.2,307.6,1410,35.2,137,Running,True,2709
2710,2026-06-08T18:39:00,LINE2-M02,300.1,309.2,1257,28.0,142,Idle,True,2710
2711,2026-06-08T18:42:00,LINE1-M02,302.1,311.3,1471,48.9,144,Running,True,2711
2712,2026-06-08T18:48:00,LINE1-M01,299.6,309.4,1253,52.9,147,Running,True,2712
2713,2026-06-08T18:50:00,LINE2-M01,301.3,312.2,1599,29.3,150,Running,True,2713
2714,2026-06-08T18:52:00,LINE1-M02,301.0,311.5,1390,56.0,152,Running,True,2714
2715,2026-06-08T18:54:00,LINE2-M01,299.2,308.8,1538,29.0,157,Running,True,2715
2716,2026-06-08T18:59:00,LINE3-M01,301.1,310.4,1456,44.1,162,Running,True,2716
2717,2026-06-08T19:03:00,LINE2-M01,299.5,310.5,1305,44.1,167,Idle,True,2717
2718,2026-06-08T19:08:00,LINE2-M01,302.1,313.2,1220,43.3,169,Idle,True,2718
2719,2026-06-08T19:11:00,LINE1-M02,304.4,315.5,1377,34.8,171,Running,True,2719
2720,2026-06-08T19:15:00,LINE1-M02,302.6,313.1,1689,45.4,173,Running,True,2720
2721,2026-06-08T19:19:00,LINE2-M01,297.8,306.6,1642,33.6,175,Idle,True,2721
2722,2026-06-08T19:23:00,LINE2-M02,298.0,309.0,1434,30.7,178,Running,True,2722
2723,2026-06-08T19:29:00,LINE3-M02,300.1,310.0,1775,39.3,181,Running,True,2723
2724,2026-06-08T19:32:00,LINE1-M01,301.9,312.6,1400,47.2,186,Running,True,2724
2725,2026-06-08T19:37:00,LINE2-M02,297.9,306.5,1596,39.6,188,Running,True,2725
2726,2026-06-08T19:40:00,LINE2-M01,300.2,310.7,1312,34.2,191,Running,True,2726
2727,2026-06-08T19:44:00,LINE1-M02,300.1,309.4,1556,28.0,194,Running,True,2727
2728,2026-06-08T19:48:00,LINE1-M01,300.6,311.2,1808,39.2,196,Idle,True,2728
2729,2026-06-08T19:52:00,LINE1-M02,298.6,307.8,1558,32.8,201,Maintenance,False,2729
2730,2026-06-08T19:54:00,LINE2-M01,300.1,310.0,1168,44.7,206,Stopped,False,2730
2731,2026-06-08T19:57:00,LINE1-M01,297.6,308.6,1547,40.7,209,Running,True,2731
2732,2026-06-08T20:01:00,LINE2-M02,299.8,310.6,1496,48.2,211,Running,True,2732
2733,2026-06-08T20:03:00,LINE1-M02,299.4,309.6,1799,58.6,213,Maintenance,False,2733
2734,2026-06-08T20:06:00,LINE2-M01,298.3,308.2,1168,40.9,215,Idle,True,2734
2735,2026-06-08T20:09:00,LINE3-M01,300.8,309.8,1577,57.1,220,Maintenance,False,2735
2736,2026-06-08T20:14:00,LINE3-M01,300.2,310.8,1383,33.3,223,Running,True,2736
2737,2026-06-08T20:16:00,LINE3-M02,302.9,313.1,1461,26.0,226,Maintenance,True,2737
2738,2026-06-08T20:20:00,LINE2-M02,300.7,310.4,1761,41.0,231,Running,True,2738
2739,2026-06-08T20:26:00,LINE3-M01,300.7,309.0,1552,49.4,233,Stopped,True,2739
2740,2026-06-08T20:31:00,LINE3-M01,300.3,310.5,1572,16.4,236,Maintenance,False,2740
2741,2026-06-08T20:36:00,LINE3-M01,300.7,309.8,1707,46.3,239,Stopped,False,2741
2742,2026-06-08T20:42:00,LINE2-M01,299.1,309.7,1694,35.5,0,Running,True,2742
2743,2026-06-08T20:46:00,LINE2-M01,300.6,310.7,1379,70.8,2,Stopped,False,2743
2744,2026-06-08T20:49:00,LINE1-M02,300.4,309.3,1693,40.3,5,Running,True,2744
2745,2026-06-08T20:54:00,LINE2-M01,299.0,309.3,1683,45.3,7,Running,True,2745
2746,2026-06-08T20:57:00,LINE2-M01,299.2,307.7,1199,36.6,10,Stopped,False,2746
2747,2026-06-08T21:01:00,LINE2-M02,299.0,309.7,1523,46.8,12,Running,True,2747
2748,2026-06-08T21:04:00,LINE1-M01,298.8,307.8,1725,41.0,15,Running,True,2748
2749,2026-06-08T21:06:00,LINE2-M01,300.4,309.5,1433,33.1,17,Idle,True,2749
2750,2026-06-08T21:08:00,LINE2-M02,300.6,310.9,1168,69.9,20,Running,True,2750
2751,2026-06-08T21:11:00,LINE2-M02,298.9,309.0,1791,36.2,25,Running,True,2751
2752,2026-06-08T21:14:00,LINE1-M01,300.6,310.9,1713,40.0,28,Running,True,2752
2753,2026-06-08T21:16:00,LINE2-M01,301.3,313.2,2038,16.4,31,Running,True,2753
2754,2026-06-08T21:22:00,LINE2-M02,300.7,310.5,1417,35.3,36,Running,True,2754
2755,2026-06-08T21:25:00,LINE3-M01,298.1,307.9,1606,29.2,38,Running,True,2755
2756,2026-06-08T21:28:00,LINE1-M02,298.3,307.3,1389,43.9,41,Running,True,2756
2757,2026-06-08T21:33:00,LINE1-M02,298.7,311.1,2480,14.7,46,Idle,True,2757
2758,2026-06-08T21:36:00,LINE3-M01,299.7,310.9,1346,45.6,48,Idle,True,2758
2759,2026-06-08T21:39:00,LINE1-M01,298.8,308.9,1817,58.8,50,Stopped,False,2759
2760,2026-06-08T21:45:00,LINE2-M01,295.5,306.8,1741,41.2,55,Running,True,2760
2761,2026-06-08T21:49:00,LINE2-M01,302.7,312.7,1168,26.5,57,Stopped,False,2761
2762,2026-06-08T21:55:00,LINE3-M02,298.1,307.4,1447,41.2,60,Running,False,2762
2763,2026-06-08T21:58:00,LINE1-M01,297.7,308.2,1435,42.1,63,Running,True,2763
2764,2026-06-08T22:03:00,LINE2-M01,296.9,308.8,1856,49.9,68,Maintenance,True,2764
2765,2026-06-08T22:07:00,LINE2-M01,299.4,309.9,1499,44.0,70,Running,True,2765
2766,2026-06-08T22:12:00,LINE2-M02,298.1,306.5,1443,29.8,75,Running,True,2766
2767,2026-06-08T22:17:00,LINE1-M01,302.3,313.7,1530,32.1,77,Running,True,2767
2768,2026-06-08T22:22:00,LINE3-M01,302.1,311.4,1572,35.1,79,Running,True,2768
2769,2026-06-08T22:24:00,LINE2-M02,300.3,310.7,1259,29.9,82,Running,True,2769
2770,2026-06-08T22:29:00,LINE1-M02,301.0,311.2,1259,34.2,84,Running,True,2770
2771,2026-06-08T22:35:00,LINE1-M01,300.3,310.0,1569,49.8,87,Running,True,2771
2772,2026-06-08T22:40:00,LINE1-M02,300.9,309.8,1833,31.7,90,Running,True,2772
2773,2026-06-08T22:42:00,LINE1-M01,298.4,306.9,1690,38.9,93,Running,True,2773
2774,2026-06-08T22:45:00,LINE1-M01,298.4,308.1,1527,41.0,95,Running,True,2774
2775,2026-06-08T22:50:00,LINE2-M01,299.3,307.4,1567,44.1,100,Running,True,2775
2776,2026-06-08T22:53:00,LINE3-M02,300.9,310.9,1419,41.9,102,Idle,True,2776
2777,2026-06-08T22:59:00,LINE1-M01,296.0,306.5,1187,36.1,105,Running,True,2777
2778,2026-06-08T23:03:00,LINE1-M02,298.6,309.3,1168,42.1,107,Idle,True,2778
2779,2026-06-08T23:07:00,LINE1-M01,300.1,310.6,1168,37.9,109,Running,True,2779
2780,2026-06-08T23:10:00,LINE2-M02,299.3,309.2,1645,37.5,112,Running,True,2780
2781,2026-06-08T23:15:00,LINE2-M02,299.0,307.2,1924,31.9,117,Running,True,2781
2782,2026-06-08T23:21:00,LINE2-M02,302.5,311.0,1552,34.3,120,Running,True,2782
2783,2026-06-08T23:26:00,LINE3-M01,300.9,310.8,1497,16.2,122,Maintenance,True,2783
2784,2026-06-08T23:29:00,LINE2-M02,298.1,308.7,1690,21.7,124,Running,True,2784
2785,2026-06-08T23:31:00,LINE3-M02,300.7,310.7,1309,42.5,126,Running,True,2785
2786,2026-06-08T23:34:00,LINE3-M01,297.1,306.7,1383,49.4,129,Running,True,2786
2787,2026-06-08T23:38:00,LINE2-M02,298.7,310.4,1292,45.2,132,Idle,True,2787
2788,2026-06-08T23:43:00,LINE1-M02,301.8,313.5,1168,49.6,134,Running,True,2788
2789,2026-06-08T23:46:00,LINE3-M01,298.3,307.9,1256,30.6,136,Running,True,2789
2790,2026-06-08T23:49:00,LINE1-M01,303.6,313.7,1434,40.4,138,Running,True,2790
2791,2026-06-08T23:51:00,LINE3-M02,298.9,308.7,1168,30.9,141,Running,True,2791
2792,2026-06-08T23:54:00,LINE3-M02,303.5,312.7,1252,24.4,143,Stopped,True,2792
2793,2026-06-08T23:58:00,LINE3-M02,299.5,307.1,1863,34.0,145,Idle,True,2793
2794,2026-06-09T00:01:00,LINE2-M02,299.5,309.7,1232,33.3,148,Running,True,2794
2795,2026-06-09T00:07:00,LINE3-M02,300.2,309.9,1762,29.3,150,Idle,True,2795
2796,2026-06-09T00:11:00,LINE3-M02,298.4,307.8,1590,41.4,153,Idle,True,2796
2797,2026-06-09T00:15:00,LINE3-M01,297.9,307.9,1352,39.9,158,Running,True,2797
2798,2026-06-09T00:21:00,LINE1-M02,299.0,310.0,1476,52.9,161,Running,True,2798
2799,2026-06-09T00:26:00,LINE2-M01,300.2,309.0,1731,39.4,166,Running,True,2799
2800,2026-06-09T00:28:00,LINE2-M02,300.4,310.3,1168,39.6,168,Running,True,2800
2801,2026-06-09T00:33:00,LINE2-M02,302.5,313.3,1234,44.6,170,Running,True,2801
2802,2026-06-09T00:39:00,LINE3-M01,298.9,308.2,1620,39.9,172,Running,True,2802
2803,2026-06-09T00:45:00,LINE3-M01,300.3,310.0,1647,34.5,177,Running,True,2803
2804,2026-06-09T00:50:00,LINE2-M02,299.7,309.8,1389,36.1,180,Idle,True,2804
2805,2026-06-09T00:52:00,LINE2-M01,298.6,309.3,1227,42.0,183,Running,True,2805
2806,2026-06-09T00:57:00,LINE3-M02,297.7,307.1,1683,26.6,185,Running,True,2806
2807,2026-06-09T01:01:00,LINE3-M01,304.3,315.2,1588,58.5,190,Stopped,False,2807
2808,2026-06-09T01:07:00,LINE1-M02,301.9,310.8,1168,47.0,193,Running,True,2808
2809,2026-06-09T01:11:00,LINE2-M01,297.0,306.6,1513,44.9,195,Running,True,2809
2810,2026-06-09T01:17:00,LINE3-M01,298.0,308.4,1168,61.4,198,Stopped,False,2810
2811,2026-06-09T01:23:00,LINE1-M01,303.6,312.0,1324,49.2,200,Maintenance,False,2811
2812,2026-06-09T01:26:00,LINE1-M01,301.2,311.3,1511,43.8,202,Running,True,2812
2813,2026-06-09T01:31:00,LINE2-M01,303.8,313.4,1726,45.4,204,Maintenance,False,2813
2814,2026-06-09T01:35:00,LINE2-M02,301.1,311.6,1248,48.8,206,Stopped,False,2814
2815,2026-06-09T01:37:00,LINE3-M02,299.0,309.1,1869,17.1,209,Maintenance,False,2815
2816,2026-06-09T01:43:00,LINE2-M01,300.9,312.4,1435,57.4,212,Maintenance,False,2816
2817,2026-06-09T01:48:00,LINE1-M01,303.4,314.3,1334,59.7,215,Stopped,False,2817
2818,2026-06-09T01:50:00,LINE2-M02,300.7,310.8,1653,44.8,217,Running,True,2818
2819,2026-06-09T01:55:00,LINE1-M02,299.6,308.0,1594,47.2,222,Running,True,2819
2820,2026-06-09T02:00:00,LINE2-M02,297.8,308.1,1458,49.8,224,Maintenance,False,2820
2821,2026-06-09T02:02:00,LINE1-M02,301.8,311.1,1487,31.5,227,Maintenance,False,2821
2822,2026-06-09T02:08:00,LINE1-M01,299.7,309.1,1496,41.3,230,Running,False,2822
2823,2026-06-09T02:10:00,LINE2-M01,297.7,306.9,1302,62.6,233,Stopped,True,2823
2824,2026-06-09T02:14:00,LINE1-M01,299.8,309.9,1791,35.4,238,Maintenance,False,2824
2825,2026-06-09T02:19:00,LINE2-M01,300.8,310.1,1229,35.1,240,Stopped,True,2825
2826,2026-06-09T02:23:00,LINE2-M01,301.6,313.1,1892,35.9,0,Running,True,2826
2827,2026-06-09T02:28:00,LINE3-M01,299.7,309.8,1168,42.8,2,Running,True,2827
2828,2026-06-09T02:33:00,LINE2-M01,299.3,308.4,1671,34.6,7,Idle,True,2828
2829,2026-06-09T02:36:00,LINE3-M02,300.0,310.8,1287,36.8,10,Running,True,2829
2830,2026-06-09T02:40:00,LINE2-M01,299.1,309.3,1258,46.2,13,Running,True,2830
2831,2026-06-09T02:43:00,LINE1-M02,301.1,312.8,1981,34.9,16,Running,True,2831
2832,2026-06-09T02:47:00,LINE1-M01,299.4,308.5,1332,31.7,18,Running,True,2832
2833,2026-06-09T02:52:00,LINE3-M01,296.2,306.6,1168,42.1,20,Running,True,2833
2834,2026-06-09T02:55:00,LINE2-M01,297.5,307.4,1725,43.4,23,Running,True,2834
2835,2026-06-09T03:01:00,LINE3-M01,302.5,311.7,1705,47.4,25,Running,True,2835
2836,2026-06-09T03:05:00,LINE3-M01,299.4,310.8,1168,27.4,27,Maintenance,False,2836
2837,2026-06-09T03:07:00,LINE3-M01,297.1,308.0,1336,43.2,29,Running,True,2837
2838,2026-06-09T03:12:00,LINE2-M01,303.3,313.1,1837,30.2,34,Running,False,2838
2839,2026-06-09T03:17:00,LINE3-M01,301.8,312.7,1210,55.0,39,Idle,False,2839
2840,2026-06-09T03:22:00,LINE1-M02,297.1,306.6,1906,37.9,44,Idle,True,2840
2841,2026-06-09T03:26:00,LINE3-M01,300.8,309.8,1468,45.2,49,Running,True,2841
2842,2026-06-09T03:32:00,LINE2-M02,296.1,306.7,1723,43.1,52,Running,True,2842
2843,2026-06-09T03:37:00,LINE3-M01,300.2,309.7,1295,44.9,57,Running,True,2843
2844,2026-06-09T03:42:00,LINE2-M02,299.1,307.3,1603,39.5,59,Running,True,2844
2845,2026-06-09T03:48:00,LINE3-M01,300.9,312.7,1825,42.6,61,Idle,True,2845
2846,2026-06-09T03:50:00,LINE1-M02,298.2,309.6,1168,53.0,63,Running,True,2846
2847,2026-06-09T03:55:00,LINE2-M02,302.7,310.6,1881,34.9,66,Running,True,2847
2848,2026-06-09T04:00:00,LINE1-M02,299.9,311.3,1622,42.8,69,Running,True,2848
2849,2026-06-09T04:06:00,LINE3-M01,297.8,307.8,1686,48.5,74,Running,True,2849
2850,2026-06-09T04:08:00,LINE1-M02,297.3,306.1,1393,38.5,79,Running,True,2850
2851,2026-06-09T04:14:00,LINE2-M02,298.2,310.1,1222,45.3,84,Idle,True,2851
2852,2026-06-09T04:20:00,LINE1-M02,297.0,305.0,1444,49.9,86,Running,True,2852
2853,2026-06-09T04:25:00,LINE2-M02,301.0,309.8,1783,57.0,91,Maintenance,False,2853
2854,2026-06-09T04:29:00,LINE1-M02,301.7,311.5,1377,41.1,96,Running,True,2854
2855,2026-06-09T04:33:00,LINE1-M01,297.2,305.6,1769,32.6,98,Running,True,2855
2856,2026-06-09T04:39:00,LINE2-M02,300.5,310.2,1460,44.9,100,Running,True,2856
2857,2026-06-09T04:45:00,LINE1-M01,301.8,310.0,1663,50.1,102,Running,True,2857
2858,2026-06-09T04:50:00,LINE3-M01,296.1,305.9,1398,44.2,104,Idle,True,2858
2859,2026-06-09T04:56:00,LINE2-M01,300.6,310.9,1168,26.8,109,Stopped,False,2859
2860,2026-06-09T04:59:00,LINE1-M01,297.5,307.0,1793,44.1,114,Running,True,2860
2861,2026-06-09T05:04:00,LINE3-M02,297.5,307.5,1168,41.0,117,Running,True,2861
2862,2026-06-09T05:08:00,LINE1-M02,299.3,308.9,1646,33.0,119,Idle,True,2862
2863,2026-06-09T05:12:00,LINE2-M02,301.5,310.3,1339,42.3,121,Running,True,2863
2864,2026-06-09T05:16:00,LINE2-M02,301.9,311.9,1168,63.9,124,Running,True,2864
2865,2026-06-09T05:22:00,LINE3-M02,301.2,313.9,1475,42.7,127,Idle,True,2865
2866,2026-06-09T05:26:00,LINE3-M01,299.4,311.5,1318,27.5,130,Running,True,2866
2867,2026-06-09T05:31:00,LINE1-M02,300.6,311.1,1646,48.3,132,Running,True,2867
2868,2026-06-09T05:36:00,LINE2-M02,299.6,309.8,1168,47.7,134,Idle,True,2868
2869,2026-06-09T05:39:00,LINE3-M02,298.8,307.1,1756,34.5,137,Running,True,2869
2870,2026-06-09T05:44:00,LINE3-M02,300.4,309.3,1366,33.8,140,Running,True,2870
2871,2026-06-09T05:46:00,LINE2-M01,299.8,310.0,1987,55.8,145,Stopped,False,2871
2872,2026-06-09T05:50:00,LINE1-M01,299.9,311.1,1684,44.1,150,Idle,True,2872
2873,2026-06-09T05:53:00,LINE3-M02,302.6,312.1,1417,38.4,153,Running,True,2873
2874,2026-06-09T05:55:00,LINE1-M02,298.3,307.1,1327,43.9,158,Running,True,2874
2875,2026-06-09T05:58:00,LINE3-M01,303.4,312.8,1493,43.3,161,Idle,True,2875
2876,2026-06-09T06:01:00,LINE2-M01,301.4,312.2,1412,55.4,163,Running,True,2876
2877,2026-06-09T06:04:00,LINE1-M02,299.8,311.1,1459,48.7,168,Running,True,2877
2878,2026-06-09T06:06:00,LINE1-M01,301.2,310.3,1605,44.3,171,Idle,True,2878
2879,2026-06-09T06:10:00,LINE1-M02,302.5,313.4,1929,43.8,173,Running,True,2879
2880,2026-06-09T06:14:00,LINE1-M01,300.5,310.5,2117,45.8,175,Stopped,False,2880
2881,2026-06-09T06:16:00,LINE2-M02,299.3,309.7,1561,38.1,177,Running,True,2881
2882,2026-06-09T06:21:00,LINE3-M02,301.8,311.1,1244,40.1,180,Running,True,2882
2883,2026-06-09T06:23:00,LINE2-M01,302.7,312.7,1367,61.1,183,Running,True,2883
2884,2026-06-09T06:28:00,LINE2-M02,299.9,311.1,1174,50.9,188,Running,True,2884
2885,2026-06-09T06:33:00,LINE3-M01,304.0,314.5,1604,27.5,193,Running,True,2885
2886,2026-06-09T06:39:00,LINE1-M02,300.4,310.9,1802,29.8,198,Idle,True,2886
2887,2026-06-09T06:42:00,LINE1-M02,297.6,308.8,1329,36.6,201,Running,True,2887
2888,2026-06-09T06:47:00,LINE3-M02,297.4,307.6,1570,35.3,204,Running,True,2888
2889,2026-06-09T06:53:00,LINE3-M01,301.5,313.0,1645,31.6,209,Running,True,2889
2890,2026-06-09T06:56:00,LINE2-M01,299.3,309.3,1586,36.1,211,Running,True,2890
2891,2026-06-09T06:58:00,LINE3-M02,300.0,309.9,1631,35.6,214,Maintenance,False,2891
2892,2026-06-09T07:04:00,LINE1-M01,299.3,309.2,1485,34.0,217,Stopped,False,2892
2893,2026-06-09T07:10:00,LINE1-M01,300.6,310.9,1827,20.6,219,Maintenance,False,2893
2894,2026-06-09T07:13:00,LINE3-M02,301.5,310.4,1412,22.1,224,Maintenance,False,2894
2895,2026-06-09T07:18:00,LINE2-M01,301.3,310.2,1578,38.4,229,Stopped,False,2895
2896,2026-06-09T07:21:00,LINE2-M02,299.2,308.2,1450,33.8,231,Stopped,True,2896
2897,2026-06-09T07:27:00,LINE2-M01,299.2,309.7,1451,43.7,234,Stopped,False,2897
2898,2026-06-09T07:30:00,LINE3-M02,300.0,311.7,1475,34.6,237,Stopped,False,2898
2899,2026-06-09T07:35:00,LINE3-M02,300.8,311.1,1425,37.1,240,Stopped,True,2899
2900,2026-06-09T07:37:00,LINE1-M01,301.9,312.5,2173,53.9,0,Stopped,False,2900
2901,2026-06-09T07:41:00,LINE3-M02,300.9,311.2,1693,36.7,5,Running,True,2901
2902,2026-06-09T07:43:00,LINE1-M01,302.1,310.3,1865,54.1,8,Maintenance,False,2902
2903,2026-06-09T07:47:00,LINE3-M01,300.5,309.0,1408,32.2,10,Running,True,2903
2904,2026-06-09T07:49:00,LINE1-M01,299.1,308.3,1644,21.9,12,Running,True,2904
2905,2026-06-09T07:52:00,LINE2-M02,299.7,308.5,1749,29.6,14,Running,True,2905
2906,2026-06-09T07:58:00,LINE3-M01,301.0,310.4,1480,54.3,17,Running,True,2906
2907,2026-06-09T08:00:00,LINE3-M02,299.4,309.9,1168,32.8,19,Running,True,2907
2908,2026-06-09T08:06:00,LINE3-M01,304.5,314.6,1524,39.3,21,Running,True,2908
2909,2026-06-09T08:12:00,LINE3-M02,299.6,309.6,1178,39.9,24,Running,True,2909
2910,2026-06-09T08:15:00,LINE1-M02,303.1,313.1,1870,26.5,29,Idle,True,2910
2911,2026-06-09T08:20:00,LINE1-M02,298.6,308.3,1431,36.6,32,Running,True,2911
2912,2026-06-09T08:24:00,LINE1-M01,296.3,305.6,1471,46.7,35,Running,True,2912
2913,2026-06-09T08:30:00,LINE1-M02,301.8,311.3,1538,48.6,37,Running,True,2913
2914,2026-06-09T08:33:00,LINE3-M02,300.3,310.1,1479,38.6,39,Running,True,2914
2915,2026-06-09T08:38:00,LINE1-M01,296.3,306.3,1679,32.1,42,Running,True,2915
2916,2026-06-09T08:41:00,LINE2-M01,300.3,310.9,1457,49.9,44,Running,True,2916
2917,2026-06-09T08:46:00,LINE2-M01,301.6,313.3,1168,47.2,47,Running,True,2917
2918,2026-06-09T08:52:00,LINE2-M02,302.8,315.3,1489,34.0,49,Running,True,2918
2919,2026-06-09T08:56:00,LINE3-M02,300.5,310.1,1292,44.5,52,Idle,True,2919
2920,2026-06-09T09:01:00,LINE1-M01,297.6,307.7,1266,41.4,54,Running,True,2920
2921,2026-06-09T09:05:00,LINE1-M01,296.8,308.0,1549,51.6,57,Running,True,2921
2922,2026-06-09T09:11:00,LINE3-M02,298.0,307.1,1397,31.1,59,Running,True,2922
2923,2026-06-09T09:16:00,LINE3-M02,300.9,312.4,1282,43.0,62,Running,True,2923
2924,2026-06-09T09:19:00,LINE1-M01,297.5,308.1,1168,32.9,65,Running,True,2924
2925,2026-06-09T09:24:00,LINE3-M01,300.3,312.3,1540,52.9,68,Running,True,2925
2926,2026-06-09T09:30:00,LINE1-M01,300.7,311.4,1446,37.4,70,Running,True,2926
2927,2026-06-09T09:34:00,LINE1-M02,297.7,308.7,1545,31.8,72,Running,True,2927
2928,2026-06-09T09:40:00,LINE1-M02,301.0,312.4,1172,66.5,74,Running,True,2928
2929,2026-06-09T09:46:00,LINE2-M01,302.3,311.7,1871,28.8,76,Running,True,2929
2930,2026-06-09T09:52:00,LINE3-M02,298.8,308.4,1179,49.5,78,Running,True,2930
2931,2026-06-09T09:56:00,LINE1-M01,298.7,306.9,1517,27.0,80,Running,True,2931
2932,2026-06-09T10:00:00,LINE2-M02,302.2,312.4,1168,28.1,82,Maintenance,True,2932
2933,2026-06-09T10:02:00,LINE2-M01,299.5,308.5,1880,19.5,85,Running,True,2933
2934,2026-06-09T10:04:00,LINE1-M02,298.4,307.7,1220,50.6,87,Running,True,2934
2935,2026-06-09T10:06:00,LINE2-M02,304.2,314.7,1208,32.6,89,Running,True,2935
2936,2026-06-09T10:12:00,LINE1-M01,299.4,309.2,1518,46.2,94,Running,True,2936
2937,2026-06-09T10:14:00,LINE2-M01,300.9,312.1,1430,27.9,97,Running,True,2937
2938,2026-06-09T10:19:00,LINE1-M01,300.6,310.4,1315,25.8,100,Running,True,2938
2939,2026-06-09T10:23:00,LINE3-M01,301.6,312.5,1265,49.7,103,Running,True,2939
2940,2026-06-09T10:29:00,LINE2-M02,301.0,310.8,1214,49.9,105,Running,True,2940
2941,2026-06-09T10:32:00,LINE3-M01,298.4,309.2,1300,42.6,110,Running,True,2941
2942,2026-06-09T10:35:00,LINE2-M02,302.0,311.8,1168,46.1,115,Running,True,2942
2943,2026-06-09T10:39:00,LINE3-M01,296.3,306.5,1591,43.6,120,Idle,True,2943
2944,2026-06-09T10:41:00,LINE3-M01,299.4,309.1,1293,45.7,122,Running,True,2944
2945,2026-06-09T10:44:00,LINE3-M02,301.9,313.2,1218,33.4,125,Running,True,2945
2946,2026-06-09T10:48:00,LINE1-M01,297.9,306.6,1168,30.5,127,Running,True,2946
2947,2026-06-09T10:53:00,LINE3-M02,301.3,310.4,1704,50.5,132,Stopped,False,2947
2948,2026-06-09T10:57:00,LINE3-M01,298.5,308.1,1702,37.7,137,Running,True,2948
2949,2026-06-09T11:00:00,LINE2-M01,300.1,309.0,1168,48.4,139,Idle,True,2949
2950,2026-06-09T11:06:00,LINE2-M01,299.4,310.2,1574,43.3,142,Running,True,2950
2951,2026-06-09T11:09:00,LINE3-M02,301.2,312.6,1745,43.1,145,Running,True,2951
2952,2026-06-09T11:13:00,LINE1-M01,297.5,308.1,1697,40.6,147,Running,True,2952
2953,2026-06-09T11:15:00,LINE1-M01,299.9,309.5,1472,42.9,150,Running,True,2953
2954,2026-06-09T11:19:00,LINE1-M01,295.6,305.6,1427,37.3,153,Running,True,2954
2955,2026-06-09T11:25:00,LINE2-M02,303.3,312.2,1659,44.1,155,Running,True,2955
2956,2026-06-09T11:27:00,LINE2-M02,298.7,308.6,1699,52.2,158,Stopped,False,2956
2957,2026-06-09T11:32:00,LINE1-M02,301.9,313.3,1369,53.5,161,Idle,True,2957
2958,2026-06-09T11:38:00,LINE1-M01,303.4,313.3,1316,27.8,163,Running,True,2958
2959,2026-06-09T11:44:00,LINE2-M01,297.4,307.6,1408,51.9,165,Running,True,2959
2960,2026-06-09T11:47:00,LINE2-M02,299.9,309.1,1541,31.4,168,Idle,True,2960
2961,2026-06-09T11:50:00,LINE1-M02,300.1,310.4,1604,53.9,170,Stopped,False,2961
2962,2026-06-09T11:52:00,LINE3-M01,299.8,311.4,1633,44.8,172,Idle,True,2962
2963,2026-06-09T11:57:00,LINE2-M01,301.6,311.9,1566,28.6,175,Running,True,2963
2964,2026-06-09T12:03:00,LINE3-M01,298.6,307.6,1538,47.5,177,Running,True,2964
2965,2026-06-09T12:09:00,LINE2-M02,297.7,307.4,1644,42.4,180,Running,True,2965
2966,2026-06-09T12:13:00,LINE1-M02,298.5,308.2,1488,41.3,182,Running,True,2966
2967,2026-06-09T12:17:00,LINE2-M01,302.6,311.8,1399,42.7,184,Running,True,2967
2968,2026-06-09T12:21:00,LINE1-M02,302.5,312.8,1422,44.6,186,Idle,True,2968
2969,2026-06-09T12:26:00,LINE3-M02,299.6,309.6,1562,58.0,189,Stopped,True,2969
2970,2026-06-09T12:31:00,LINE1-M01,298.8,308.9,1436,54.2,191,Running,True,2970
2971,2026-06-09T12:37:00,LINE2-M01,300.0,308.6,1411,35.7,194,Running,True,2971
2972,2026-06-09T12:42:00,LINE2-M02,296.3,308.0,1651,35.6,199,Running,True,2972
2973,2026-06-09T12:44:00,LINE2-M01,299.5,310.1,1439,49.5,201,Running,True,2973
2974,2026-06-09T12:46:00,LINE1-M01,299.4,310.0,1450,38.6,206,Idle,True,2974
2975,2026-06-09T12:51:00,LINE1-M02,301.1,310.4,1300,37.0,208,Running,True,2975
2976,2026-06-09T12:55:00,LINE1-M02,300.2,310.7,1466,44.0,211,Running,True,2976
2977,2026-06-09T12:58:00,LINE1-M02,301.2,310.4,1603,62.4,213,Maintenance,False,2977
2978,2026-06-09T13:02:00,LINE1-M02,298.8,308.3,2204,48.7,218,Stopped,False,2978
2979,2026-06-09T13:08:00,LINE2-M01,300.9,309.3,1996,33.8,223,Running,True,2979
2980,2026-06-09T13:12:00,LINE1-M01,302.1,310.5,1754,27.4,225,Maintenance,True,2980
2981,2026-06-09T13:16:00,LINE3-M01,299.8,308.6,1526,41.4,230,Stopped,False,2981
2982,2026-06-09T13:19:00,LINE2-M02,298.2,308.3,1389,41.9,233,Stopped,True,2982
2983,2026-06-09T13:23:00,LINE1-M01,300.9,310.1,1278,38.9,235,Stopped,True,2983
2984,2026-06-09T13:29:00,LINE2-M02,302.7,313.0,1549,45.1,237,Stopped,True,2984
2985,2026-06-09T13:33:00,LINE3-M02,298.6,308.6,1827,39.0,240,Maintenance,False,2985
2986,2026-06-09T13:35:00,LINE3-M01,298.6,308.4,1676,38.1,0,Running,True,2986
2987,2026-06-09T13:40:00,LINE3-M01,298.9,308.6,1168,46.5,2,Running,True,2987
2988,2026-06-09T13:45:00,LINE2-M02,299.9,308.8,1541,15.7,4,Maintenance,False,2988
2989,2026-06-09T13:51:00,LINE3-M02,301.6,311.7,1794,40.8,7,Idle,True,2989
2990,2026-06-09T13:55:00,LINE3-M01,299.7,310.4,1673,50.1,12,Running,True,2990
2991,2026-06-09T14:00:00,LINE2-M01,297.4,307.4,1700,8.6,14,Stopped,False,2991
2992,2026-06-09T14:05:00,LINE2-M02,301.4,312.8,1499,48.1,16,Running,True,2992
2993,2026-06-09T14:07:00,LINE2-M02,303.4,314.0,2203,29.7,18,Running,True,2993
2994,2026-06-09T14:09:00,LINE3-M02,297.3,307.1,1630,41.7,20,Running,True,2994
2995,2026-06-09T14:12:00,LINE3-M02,300.1,310.1,1878,36.8,22,Idle,True,2995
2996,2026-06-09T14:17:00,LINE2-M01,302.4,312.8,2195,32.7,24,Running,True,2996
2997,2026-06-09T14:19:00,LINE3-M01,300.5,311.6,1168,47.6,29,Idle,True,2997
2998,2026-06-09T14:21:00,LINE1-M01,296.6,306.3,1168,39.1,31,Running,True,2998
2999,2026-06-09T14:27:00,LINE3-M02,298.9,309.6,1889,42.9,34,Running,True,2999
3000,2026-06-09T14:30:00,LINE3-M02,298.7,308.3,1678,42.2,36,Running,True,3000
3001,2026-06-09T14:35:00,LINE1-M02,304.2,313.5,1286,52.3,38,Running,True,3001
3002,2026-06-09T14:40:00,LINE3-M02,300.2,308.6,1808,38.6,43,Running,True,3002
3003,2026-06-09T14:45:00,LINE2-M02,299.6,310.0,1426,23.5,46,Running,True,3003
3004,2026-06-09T14:48:00,LINE1-M01,299.1,310.8,1958,29.3,49,Running,True,3004
3005,2026-06-09T14:52:00,LINE2-M01,300.6,312.4,1555,53.0,51,Running,True,3005
3006,2026-06-09T14:56:00,LINE1-M01,302.3,312.8,1773,45.6,54,Running,True,3006
3007,2026-06-09T14:59:00,LINE1-M01,299.1,309.0,1250,18.8,57,Stopped,False,3007
3008,2026-06-09T15:02:00,LINE2-M02,298.3,309.8,1682,57.7,59,Maintenance,False,3008
3009,2026-06-09T15:07:00,LINE3-M01,296.9,308.8,1530,25.8,61,Running,True,3009
3010,2026-06-09T15:12:00,LINE2-M02,302.3,310.9,1909,53.0,63,Stopped,False,3010
3011,2026-06-09T15:15:00,LINE2-M02,300.8,310.7,1355,50.5,66,Running,True,3011
3012,2026-06-09T15:18:00,LINE3-M02,298.6,308.4,1610,40.1,68,Running,True,3012
3013,2026-06-09T15:24:00,LINE3-M01,300.3,312.4,1386,26.8,70,Running,True,3013
3014,2026-06-09T15:27:00,LINE3-M02,302.3,311.8,1275,47.6,72,Idle,True,3014
3015,2026-06-09T15:32:00,LINE2-M01,297.7,308.7,1540,23.6,74,Running,True,3015
3016,2026-06-09T15:38:00,LINE3-M01,299.1,309.8,1547,36.2,77,Idle,True,3016
3017,2026-06-09T15:42:00,LINE2-M01,304.1,313.0,1168,33.9,79,Running,True,3017
3018,2026-06-09T15:44:00,LINE3-M02,295.6,306.9,1480,32.1,82,Running,True,3018
3019,2026-06-09T15:46:00,LINE1-M01,298.8,307.7,1168,46.3,85,Running,True,3019
3020,2026-06-09T15:48:00,LINE2-M02,295.6,304.7,1222,51.2,88,Idle,True,3020
3021,2026-06-09T15:51:00,LINE1-M01,302.6,314.0,1520,30.0,90,Running,True,3021
3022,2026-06-09T15:56:00,LINE2-M01,300.7,310.4,1608,36.7,92,Idle,True,3022
3023,2026-06-09T16:02:00,LINE3-M02,302.7,311.6,1827,29.9,94,Running,True,3023
3024,2026-06-09T16:05:00,LINE3-M02,300.2,310.7,1549,43.2,99,Running,True,3024
3025,2026-06-09T16:11:00,LINE1-M01,299.2,309.2,1654,38.5,101,Running,True,3025
3026,2026-06-09T16:13:00,LINE3-M01,301.0,310.3,1634,33.4,106,Running,False,3026
3027,2026-06-09T16:18:00,LINE3-M01,302.6,312.7,1268,28.6,109,Running,True,3027
3028,2026-06-09T16:20:00,LINE2-M01,299.7,310.7,1739,42.7,111,Running,True,3028
3029,2026-06-09T16:24:00,LINE3-M02,299.8,312.0,1666,48.8,114,Running,True,3029
3030,2026-06-09T16:30:00,LINE1-M02,301.7,313.0,1959,26.0,117,Running,True,3030
3031,2026-06-09T16:33:00,LINE3-M02,296.6,307.6,1283,32.7,122,Running,True,3031
3032,2026-06-09T16:36:00,LINE1-M01,303.0,312.3,1438,40.2,124,Running,True,3032
3033,2026-06-09T16:40:00,LINE1-M02,303.1,313.1,1616,42.1,127,Running,True,3033
3034,2026-06-09T16:42:00,LINE2-M01,297.7,307.6,1677,51.1,132,Running,True,3034
3035,2026-06-09T16:44:00,LINE2-M01,300.3,310.3,2565,24.8,137,Running,True,3035
3036,2026-06-09T16:49:00,LINE2-M02,299.3,308.9,1499,19.9,139,Stopped,False,3036
3037,2026-06-09T16:54:00,LINE3-M02,301.4,309.5,1185,40.8,144,Stopped,True,3037
3038,2026-06-09T17:00:00,LINE3-M02,297.6,309.9,1168,51.2,149,Idle,True,3038
3039,2026-06-09T17:06:00,LINE3-M01,302.4,312.0,1168,43.4,152,Running,True,3039
3040,2026-06-09T17:09:00,LINE3-M01,301.4,311.2,1481,20.2,157,Stopped,False,3040
3041,2026-06-09T17:11:00,LINE3-M01,300.0,310.9,1528,39.0,159,Running,True,3041
3042,2026-06-09T17:15:00,LINE3-M02,299.1,310.4,1429,37.9,162,Running,True,3042
3043,2026-06-09T17:17:00,LINE3-M01,302.1,310.5,1843,26.2,164,Idle,True,3043
3044,2026-06-09T17:22:00,LINE1-M01,299.0,309.3,1574,41.5,167,Running,True,3044
3045,2026-06-09T17:24:00,LINE3-M02,298.9,310.9,1506,27.8,170,Running,True,3045
3046,2026-06-09T17:30:00,LINE2-M02,298.9,307.7,1558,39.4,172,Running,True,3046
3047,2026-06-09T17:33:00,LINE3-M01,297.0,308.0,1268,32.8,175,Running,True,3047
3048,2026-06-09T17:39:00,LINE1-M01,299.2,309.5,1419,38.9,177,Running,True,3048
3049,2026-06-09T17:45:00,LINE3-M02,303.3,313.3,1245,31.9,180,Running,True,3049
3050,2026-06-09T17:50:00,LINE3-M02,298.0,307.7,1437,33.8,183,Running,True,3050
3051,2026-06-09T17:53:00,LINE2-M02,302.3,313.1,1290,45.2,186,Running,True,3051
3052,2026-06-09T17:55:00,LINE1-M02,298.2,309.0,1168,35.3,189,Running,True,3052
3053,2026-06-09T17:59:00,LINE3-M01,300.7,311.0,1242,31.6,191,Running,True,3053
3054,2026-06-09T18:01:00,LINE3-M01,296.7,307.4,2140,28.1,194,Idle,True,3054
3055,2026-06-09T18:06:00,LINE2-M02,301.7,313.0,1607,33.6,196,Running,True,3055
3056,2026-06-09T18:10:00,LINE3-M02,299.2,310.3,2027,31.6,199,Running,True,3056
3057,2026-06-09T18:12:00,LINE3-M02,301.0,312.7,1844,28.4,201,Idle,True,3057
3058,2026-06-09T18:14:00,LINE3-M01,301.7,310.6,1260,27.1,203,Running,True,3058
3059,2026-06-09T18:16:00,LINE1-M02,303.7,312.9,1265,35.3,208,Idle,True,3059
3060,2026-06-09T18:22:00,LINE2-M01,302.2,313.4,1535,38.2,213,Stopped,False,3060
3061,2026-06-09T18:24:00,LINE1-M01,305.3,316.0,1252,33.9,216,Stopped,False,3061
3062,2026-06-09T18:29:00,LINE3-M01,307.0,316.2,1514,52.5,218,Maintenance,False,3062
3063,2026-06-09T18:34:00,LINE1-M02,299.5,309.0,1558,38.7,220,Stopped,True,3063
3064,2026-06-09T18:37:00,LINE2-M01,299.6,309.2,1472,48.2,222,Maintenance,True,3064
3065,2026-06-09T18:43:00,LINE3-M01,299.7,311.2,1570,19.9,225,Maintenance,True,3065
3066,2026-06-09T18:46:00,LINE1-M02,301.2,312.4,1598,38.4,228,Running,True,3066
3067,2026-06-09T18:50:00,LINE2-M01,296.9,306.8,1701,35.9,233,Stopped,True,3067
3068,2026-06-09T18:54:00,LINE2-M02,296.1,305.4,1554,39.1,236,Maintenance,True,3068
3069,2026-06-09T19:00:00,LINE1-M01,298.9,307.8,1868,22.6,239,Stopped,False,3069
3070,2026-06-09T19:06:00,LINE1-M02,299.8,310.9,1644,46.4,0,Running,True,3070
3071,2026-06-09T19:09:00,LINE3-M02,299.3,311.2,1449,43.8,3,Running,True,3071
3072,2026-06-09T19:13:00,LINE3-M01,303.4,312.8,1862,41.4,6,Running,True,3072
3073,2026-06-09T19:16:00,LINE3-M02,298.8,308.3,1373,49.3,11,Running,True,3073
3074,2026-06-09T19:21:00,LINE3-M01,302.3,311.4,1597,51.2,13,Running,True,3074
3075,2026-06-09T19:26:00,LINE2-M01,299.5,308.4,1842,33.1,15,Running,True,3075
3076,2026-06-09T19:28:00,LINE3-M01,298.6,307.9,1362,44.6,18,Running,True,3076
3077,2026-06-09T19:32:00,LINE3-M02,297.5,307.0,1168,48.3,20,Running,True,3077
3078,2026-06-09T19:36:00,LINE2-M02,300.1,311.4,1247,35.2,23,Running,True,3078
3079,2026-06-09T19:41:00,LINE2-M01,299.2,309.4,1468,48.6,25,Running,True,3079
3080,2026-06-09T19:45:00,LINE1-M01,299.9,308.1,1457,58.5,27,Running,True,3080
3081,2026-06-09T19:51:00,LINE2-M02,299.9,309.0,1302,35.8,32,Running,True,3081
3082,2026-06-09T19:56:00,LINE2-M01,300.8,309.8,1534,34.1,34,Running,True,3082
3083,2026-06-09T19:59:00,LINE1-M01,300.5,310.1,1503,30.2,36,Running,True,3083
3084,2026-06-09T20:04:00,LINE3-M02,298.3,308.7,1372,39.1,39,Running,True,3084
3085,2026-06-09T20:07:00,LINE2-M01,301.2,309.8,1518,41.2,41,Idle,True,3085
3086,2026-06-09T20:10:00,LINE2-M02,296.6,307.1,1604,26.7,43,Running,True,3086
3087,2026-06-09T20:15:00,LINE1-M01,301.0,311.0,1548,32.4,45,Running,True,3087
3088,2026-06-09T20:17:00,LINE2-M01,299.0,309.5,1656,70.1,47,Stopped,False,3088
3089,2026-06-09T20:21:00,LINE2-M01,300.5,310.5,1549,38.7,49,Running,True,3089
3090,2026-06-09T20:24:00,LINE3-M02,299.0,309.3,1514,47.6,51,Running,True,3090
3091,2026-06-09T20:27:00,LINE2-M02,303.1,312.4,1446,31.4,53,Running,True,3091
3092,2026-06-09T20:30:00,LINE3-M01,298.9,308.5,1765,22.2,56,Running,True,3092
3093,2026-06-09T20:33:00,LINE3-M01,298.3,308.4,1554,41.9,58,Running,True,3093
3094,2026-06-09T20:36:00,LINE2-M02,302.4,312.2,1168,35.2,61,Running,True,3094
3095,2026-06-09T20:41:00,LINE3-M02,295.7,306.0,1321,61.9,66,Running,True,3095
3096,2026-06-09T20:43:00,LINE3-M01,302.0,311.1,1284,52.9,68,Running,True,3096
3097,2026-06-09T20:46:00,LINE2-M01,299.1,309.5,2279,27.9,71,Idle,True,3097
3098,2026-06-09T20:51:00,LINE3-M02,301.9,313.0,1435,41.0,74,Idle,True,3098
3099,2026-06-09T20:56:00,LINE3-M01,303.8,315.1,1634,36.8,79,Running,True,3099
3100,2026-06-09T21:00:00,LINE3-M01,298.8,309.8,1766,34.0,81,Running,True,3100
3101,2026-06-09T21:06:00,LINE3-M01,299.1,307.8,1546,34.9,84,Running,True,3101
3102,2026-06-09T21:10:00,LINE3-M02,300.3,310.2,1456,31.9,86,Running,True,3102
3103,2026-06-09T21:14:00,LINE1-M01,298.8,307.4,1994,58.5,88,Maintenance,False,3103
3104,2026-06-09T21:17:00,LINE3-M01,296.9,306.3,1495,25.8,93,Running,True,3104
3105,2026-06-09T21:23:00,LINE1-M01,300.3,309.4,1299,23.1,98,Stopped,True,3105
3106,2026-06-09T21:27:00,LINE2-M01,300.4,311.8,1722,35.2,101,Running,True,3106
3107,2026-06-09T21:31:00,LINE2-M01,299.6,308.5,1379,57.2,103,Running,True,3107
3108,2026-06-09T21:33:00,LINE1-M01,299.7,309.7,1205,15.4,108,Stopped,False,3108
3109,2026-06-09T21:38:00,LINE2-M01,302.7,312.3,1360,30.2,110,Running,True,3109
3110,2026-06-09T21:43:00,LINE2-M02,297.1,308.2,1168,68.8,112,Idle,True,3110
3111,2026-06-09T21:45:00,LINE2-M02,297.0,307.2,1714,29.2,115,Running,True,3111
3112,2026-06-09T21:47:00,LINE1-M01,302.6,311.0,1499,42.5,117,Running,True,3112
3113,2026-06-09T21:51:00,LINE1-M01,301.2,313.2,1280,39.5,120,Running,True,3113
3114,2026-06-09T21:53:00,LINE2-M02,301.6,309.9,1427,43.0,122,Running,True,3114
3115,2026-06-09T21:56:00,LINE2-M01,299.4,307.9,2049,49.3,125,Stopped,False,3115
3116,2026-06-09T22:02:00,LINE1-M01,301.3,312.1,1168,56.2,127,Running,True,3116
3117,2026-06-09T22:06:00,LINE1-M01,299.1,309.5,1464,48.7,129,Running,True,3117
3118,2026-06-09T22:09:00,LINE2-M01,302.3,311.5,1635,48.8,131,Running,True,3118
3119,2026-06-09T22:11:00,LINE3-M02,302.3,312.6,1229,40.9,133,Idle,True,3119
3120,2026-06-09T22:14:00,LINE1-M02,301.1,311.9,1479,45.8,135,Running,True,3120
3121,2026-06-09T22:16:00,LINE1-M02,304.2,311.9,1531,46.9,140,Running,True,3121
3122,2026-06-09T22:20:00,LINE2-M02,301.2,311.6,1417,41.3,142,Running,True,3122
3123,2026-06-09T22:23:00,LINE3-M01,297.7,307.5,1428,39.1,144,Running,True,3123
3124,2026-06-09T22:29:00,LINE2-M02,299.0,309.4,1448,52.9,147,Running,True,3124
3125,2026-06-09T22:35:00,LINE2-M01,300.3,311.7,1360,49.9,149,Running,True,3125
3126,2026-06-09T22:39:00,LINE2-M02,302.5,311.8,1674,27.7,151,Running,True,3126
3127,2026-06-09T22:44:00,LINE1-M02,301.0,309.7,1168,40.8,154,Running,True,3127
3128,2026-06-09T22:50:00,LINE3-M02,301.3,311.6,1564,37.6,159,Running,True,3128
3129,2026-06-09T22:55:00,LINE2-M02,301.0,310.5,1274,39.9,161,Running,True,3129
3130,2026-06-09T23:01:00,LINE3-M02,301.1,311.8,1807,31.7,163,Running,True,3130
3131,2026-06-09T23:04:00,LINE1-M01,302.4,313.4,1235,54.1,166,Running,True,3131
3132,2026-06-09T23:09:00,LINE2-M02,301.2,312.1,1409,31.9,169,Idle,True,3132
3133,2026-06-09T23:15:00,LINE2-M02,299.3,309.6,1475,49.1,174,Idle,True,3133
3134,2026-06-09T23:19:00,LINE2-M01,304.2,316.2,1348,53.7,177,Running,True,3134
3135,2026-06-09T23:23:00,LINE3-M02,299.2,309.8,1433,44.4,182,Running,True,3135
3136,2026-06-09T23:29:00,LINE2-M02,298.7,308.9,1629,44.0,184,Running,True,3136
3137,2026-06-09T23:34:00,LINE1-M02,300.6,310.4,1807,41.5,187,Running,True,3137
3138,2026-06-09T23:38:00,LINE3-M01,297.9,308.2,1475,52.4,189,Running,True,3138
3139,2026-06-09T23:44:00,LINE2-M02,299.9,308.3,1622,24.0,191,Running,True,3139
3140,2026-06-09T23:49:00,LINE1-M01,299.5,309.6,1302,43.0,193,Running,True,3140
3141,2026-06-09T23:54:00,LINE2-M02,302.3,312.2,1941,32.0,196,Running,True,3141
3142,2026-06-10T00:00:00,LINE2-M01,296.1,307.0,1650,26.3,201,Running,True,3142
3143,2026-06-10T00:05:00,LINE1-M01,297.7,308.7,1168,55.7,203,Stopped,False,3143
3144,2026-06-10T00:10:00,LINE3-M01,298.6,308.1,1432,55.5,206,Running,True,3144
3145,2026-06-10T00:12:00,LINE1-M01,302.4,312.1,2169,28.6,208,Running,True,3145
3146,2026-06-10T00:14:00,LINE2-M02,300.6,311.1,1686,36.5,213,Stopped,False,3146
3147,2026-06-10T00:17:00,LINE3-M02,304.1,313.1,1462,47.2,215,Running,True,3147
3148,2026-06-10T00:19:00,LINE2-M02,299.7,309.1,1365,18.9,217,Stopped,True,3148
3149,2026-06-10T00:25:00,LINE3-M01,299.4,310.6,1701,40.8,220,Running,True,3149
3150,2026-06-10T00:27:00,LINE2-M01,300.4,311.9,1480,31.9,225,Stopped,True,3150
3151,2026-06-10T00:33:00,LINE3-M02,296.0,303.9,2071,56.7,228,Stopped,False,3151
3152,2026-06-10T00:36:00,LINE1-M02,298.5,307.7,1532,52.2,230,Maintenance,False,3152
3153,2026-06-10T00:42:00,LINE3-M01,301.3,311.1,1168,41.9,232,Running,True,3153
3154,2026-06-10T00:48:00,LINE2-M01,297.7,306.6,1307,38.6,235,Maintenance,False,3154
3155,2026-06-10T00:50:00,LINE2-M02,301.3,309.7,1916,32.6,237,Stopped,True,3155
3156,2026-06-10T00:52:00,LINE1-M02,299.3,309.6,1779,22.9,0,Running,True,3156
3157,2026-06-10T00:55:00,LINE1-M01,299.9,310.1,1516,40.4,2,Idle,True,3157
3158,2026-06-10T00:59:00,LINE2-M01,301.0,310.2,1627,54.9,5,Stopped,True,3158
3159,2026-06-10T01:04:00,LINE1-M02,304.9,315.2,1168,26.1,7,Stopped,False,3159
3160,2026-06-10T01:06:00,LINE1-M02,297.2,307.4,1550,39.2,12,Running,True,3160
3161,2026-06-10T01:09:00,LINE1-M01,302.3,312.1,1595,43.3,14,Running,True,3161
3162,2026-06-10T01:15:00,LINE1-M02,301.4,311.6,1191,62.0,19,Running,True,3162
3163,2026-06-10T01:20:00,LINE3-M01,300.7,310.2,1743,50.1,24,Stopped,False,3163
3164,2026-06-10T01:25:00,LINE1-M01,301.7,312.4,2071,46.3,27,Stopped,True,3164
3165,2026-06-10T01:31:00,LINE1-M02,302.4,311.9,1456,40.6,29,Running,True,3165
3166,2026-06-10T01:35:00,LINE1-M01,300.2,310.5,1745,13.5,34,Stopped,False,3166
3167,2026-06-10T01:41:00,LINE2-M01,298.8,308.8,1168,42.6,36,Idle,True,3167
3168,2026-06-10T01:45:00,LINE1-M01,295.5,307.3,1610,26.2,38,Running,True,3168
3169,2026-06-10T01:47:00,LINE2-M02,301.6,312.7,1371,42.1,40,Idle,True,3169
3170,2026-06-10T01:51:00,LINE3-M02,300.3,310.5,1619,28.7,42,Running,True,3170
3171,2026-06-10T01:57:00,LINE3-M01,299.1,308.7,1195,30.5,45,Running,True,3171
3172,2026-06-10T02:02:00,LINE3-M02,301.0,311.0,1168,34.4,47,Idle,True,3172
3173,2026-06-10T02:05:00,LINE3-M02,300.0,309.8,1892,46.0,49,Stopped,False,3173
3174,2026-06-10T02:10:00,LINE1-M02,300.8,312.3,1285,44.5,54,Idle,True,3174
3175,2026-06-10T02:13:00,LINE3-M01,298.8,310.1,1231,35.4,56,Running,True,3175
3176,2026-06-10T02:18:00,LINE3-M02,296.5,306.2,1503,30.2,58,Running,True,3176
3177,2026-06-10T02:22:00,LINE2-M01,302.6,313.2,1168,45.6,63,Running,True,3177
3178,2026-06-10T02:25:00,LINE1-M02,299.5,307.7,1504,41.5,66,Running,True,3178
3179,2026-06-10T02:28:00,LINE1-M01,299.6,307.8,1168,31.7,69,Maintenance,False,3179
3180,2026-06-10T02:30:00,LINE2-M01,296.7,304.4,1219,55.7,71,Stopped,True,3180
3181,2026-06-10T02:32:00,LINE3-M02,298.5,308.9,1712,45.4,74,Running,True,3181
3182,2026-06-10T02:36:00,LINE2-M02,299.5,308.2,1191,42.8,76,Running,True,3182
3183,2026-06-10T02:40:00,LINE3-M02,300.9,310.7,1729,47.5,81,Running,True,3183
3184,2026-06-10T02:44:00,LINE1-M01,298.0,309.6,1459,43.1,86,Running,True,3184
3185,2026-06-10T02:47:00,LINE2-M02,300.6,310.6,1710,43.8,88,Running,True,3185
3186,2026-06-10T02:49:00,LINE2-M02,300.2,308.4,1268,48.9,90,Maintenance,False,3186
3187,2026-06-10T02:53:00,LINE2-M02,299.3,308.5,1257,44.4,92,Running,True,3187
3188,2026-06-10T02:58:00,LINE3-M01,298.7,308.9,1259,48.5,94,Running,True,3188
3189,2026-06-10T03:04:00,LINE1-M01,302.7,310.7,1391,42.4,96,Running,True,3189
3190,2026-06-10T03:07:00,LINE3-M01,299.8,308.4,1168,14.5,98,Stopped,False,3190
3191,2026-06-10T03:09:00,LINE1-M01,301.2,309.9,1374,36.5,100,Running,True,3191
3192,2026-06-10T03:12:00,LINE1-M01,298.1,308.7,1501,38.7,102,Running,True,3192
3193,2026-06-10T03:17:00,LINE2-M01,300.1,309.7,1517,20.2,107,Maintenance,False,3193
3194,2026-06-10T03:19:00,LINE2-M01,301.8,312.3,1885,35.7,109,Running,True,3194
3195,2026-06-10T03:21:00,LINE2-M01,301.0,311.0,1334,40.1,114,Running,True,3195
3196,2026-06-10T03:25:00,LINE3-M01,298.1,306.1,1365,52.4,116,Maintenance,False,3196
3197,2026-06-10T03:27:00,LINE1-M01,303.0,313.7,1281,34.4,121,Running,True,3197
3198,2026-06-10T03:29:00,LINE2-M01,299.9,311.4,1470,38.9,124,Running,True,3198
3199,2026-06-10T03:31:00,LINE2-M01,300.2,313.1,1981,32.9,129,Idle,True,3199
3200,2026-06-10T03:37:00,LINE3-M02,304.8,314.1,1168,47.9,131,Running,True,3200
3201,2026-06-10T03:39:00,LINE2-M02,297.0,307.2,1464,36.9,136,Running,True,3201
3202,2026-06-10T03:42:00,LINE1-M02,297.5,307.9,1204,29.3,138,Running,True,3202
3203,2026-06-10T03:48:00,LINE3-M02,298.5,307.3,1831,39.2,141,Running,True,3203
3204,2026-06-10T03:53:00,LINE2-M01,300.4,311.2,1651,38.1,143,Running,True,3204
3205,2026-06-10T03:58:00,LINE3-M02,298.6,310.6,1367,24.4,145,Maintenance,False,3205
3206,2026-06-10T04:04:00,LINE1-M01,298.1,306.9,1272,44.4,148,Running,True,3206
3207,2026-06-10T04:06:00,LINE1-M01,299.5,308.0,1599,44.2,151,Running,True,3207
3208,2026-06-10T04:12:00,LINE3-M01,302.3,311.4,1351,38.1,154,Running,True,3208
3209,2026-06-10T04:18:00,LINE1-M02,301.1,313.3,1351,65.5,156,Stopped,True,3209
3210,2026-06-10T04:20:00,LINE2-M01,300.2,311.7,1168,37.3,158,Running,True,3210
3211,2026-06-10T04:23:00,LINE2-M02,300.9,309.2,1294,26.7,161,Maintenance,False,3211
3212,2026-06-10T04:25:00,LINE3-M02,301.9,311.5,1168,44.4,163,Running,True,3212
3213,2026-06-10T04:27:00,LINE2-M01,300.7,310.8,1665,54.3,165,Maintenance,False,3213
3214,2026-06-10T04:31:00,LINE2-M02,298.8,308.9,1405,49.0,167,Idle,True,3214
3215,2026-06-10T04:36:00,LINE2-M01,300.0,308.5,1543,47.7,169,Running,True,3215
3216,2026-06-10T04:42:00,LINE2-M02,302.2,313.1,1201,42.2,172,Running,True,3216
3217,2026-06-10T04:48:00,LINE2-M02,302.5,311.0,1168,43.4,174,Stopped,False,3217
3218,2026-06-10T04:54:00,LINE1-M01,302.2,312.2,1480,46.9,176,Running,True,3218
3219,2026-06-10T04:58:00,LINE1-M01,303.8,314.5,1403,40.3,181,Running,True,3219
3220,2026-06-10T05:03:00,LINE2-M02,301.9,313.2,1419,31.4,183,Running,True,3220
3221,2026-06-10T05:08:00,LINE3-M01,300.1,309.6,1685,39.5,185,Running,True,3221
3222,2026-06-10T05:12:00,LINE2-M02,301.4,310.5,1427,32.4,188,Idle,True,3222
3223,2026-06-10T05:14:00,LINE3-M01,298.2,308.0,1684,44.1,191,Running,True,3223
3224,2026-06-10T05:17:00,LINE2-M02,301.4,312.7,1740,45.5,193,Running,True,3224
3225,2026-06-10T05:20:00,LINE3-M01,299.7,311.1,1520,44.7,198,Running,True,3225
3226,2026-06-10T05:23:00,LINE3-M02,299.9,310.1,1262,31.3,200,Idle,True,3226
3227,2026-06-10T05:28:00,LINE3-M02,298.7,308.1,1357,58.6,205,Running,True,3227
3228,2026-06-10T05:31:00,LINE2-M01,302.4,312.6,1644,48.3,207,Running,True,3228
3229,2026-06-10T05:35:00,LINE3-M02,300.0,309.7,1620,27.3,210,Stopped,False,3229
3230,2026-06-10T05:40:00,LINE3-M02,299.5,307.2,1394,50.9,212,Maintenance,False,3230
3231,2026-06-10T05:46:00,LINE3-M01,301.9,311.3,1548,40.3,214,Running,True,3231
3232,2026-06-10T05:52:00,LINE1-M01,297.6,306.4,1375,24.0,217,Stopped,True,3232
3233,2026-06-10T05:58:00,LINE2-M01,302.7,314.2,1592,29.4,220,Stopped,False,3233
3234,2026-06-10T06:02:00,LINE1-M01,299.7,309.8,1494,38.1,222,Stopped,False,3234
3235,2026-06-10T06:05:00,LINE2-M01,297.8,308.7,1680,43.8,224,Stopped,False,3235
3236,2026-06-10T06:07:00,LINE3-M01,297.9,307.5,1302,37.5,226,Running,True,3236
3237,2026-06-10T06:09:00,LINE3-M01,299.5,309.3,1224,51.9,229,Stopped,False,3237
3238,2026-06-10T06:15:00,LINE3-M01,300.6,311.4,1217,35.1,234,Running,True,3238
3239,2026-06-10T06:21:00,LINE1-M02,299.3,307.3,1565,29.6,237,Maintenance,False,3239
3240,2026-06-10T06:25:00,LINE1-M02,299.3,310.5,1553,43.3,239,Stopped,True,3240
3241,2026-06-10T06:27:00,LINE2-M01,297.0,309.3,1492,42.6,0,Running,True,3241
3242,2026-06-10T06:29:00,LINE2-M02,300.9,309.7,1352,36.3,2,Running,True,3242
3243,2026-06-10T06:31:00,LINE2-M02,300.3,311.1,1175,40.6,5,Running,True,3243
3244,2026-06-10T06:33:00,LINE2-M02,299.1,308.3,1581,31.9,8,Idle,True,3244
3245,2026-06-10T06:37:00,LINE3-M02,294.2,303.5,1532,49.2,10,Running,True,3245
3246,2026-06-10T06:42:00,LINE2-M02,301.2,313.4,1786,47.1,12,Running,True,3246
3247,2026-06-10T06:45:00,LINE1-M01,298.7,308.0,1723,26.5,15,Idle,True,3247
3248,2026-06-10T06:48:00,LINE3-M02,299.6,308.9,1557,29.0,18,Running,True,3248
3249,2026-06-10T06:53:00,LINE2-M01,304.1,313.7,1772,33.1,20,Idle,True,3249
3250,2026-06-10T06:55:00,LINE3-M01,301.2,311.8,1168,38.7,23,Running,True,3250
3251,2026-06-10T06:57:00,LINE1-M02,298.8,308.9,1459,47.9,25,Running,True,3251
3252,2026-06-10T07:02:00,LINE2-M02,301.9,311.6,1335,29.7,27,Running,True,3252
3253,2026-06-10T07:08:00,LINE3-M02,301.6,312.0,1470,29.8,29,Running,True,3253
3254,2026-06-10T07:13:00,LINE1-M01,301.2,311.3,1971,22.3,31,Running,True,3254
3255,2026-06-10T07:16:00,LINE3-M02,299.0,309.2,1762,48.2,34,Running,True,3255
3256,2026-06-10T07:18:00,LINE2-M01,299.6,309.4,1623,33.2,37,Running,True,3256
3257,2026-06-10T07:20:00,LINE1-M02,301.5,311.4,2135,36.4,39,Running,True,3257
3258,2026-06-10T07:24:00,LINE2-M02,302.0,310.8,1713,54.6,42,Maintenance,False,3258
3259,2026-06-10T07:28:00,LINE1-M01,299.3,309.2,1168,31.8,45,Running,True,3259
3260,2026-06-10T07:31:00,LINE2-M01,299.6,310.4,1383,37.8,50,Running,True,3260
3261,2026-06-10T07:36:00,LINE3-M02,301.3,310.7,1307,58.3,55,Idle,True,3261
3262,2026-06-10T07:41:00,LINE1-M01,300.1,309.7,1671,42.3,57,Running,True,3262
3263,2026-06-10T07:44:00,LINE2-M02,296.5,304.7,1689,43.4,59,Running,True,3263
3264,2026-06-10T07:50:00,LINE2-M02,296.4,307.0,1216,55.2,62,Running,True,3264
3265,2026-06-10T07:56:00,LINE2-M01,299.2,310.0,1272,48.6,64,Running,True,3265
3266,2026-06-10T08:01:00,LINE3-M02,296.5,304.5,1218,53.8,67,Stopped,False,3266
3267,2026-06-10T08:06:00,LINE3-M01,301.7,311.1,1741,51.4,70,Stopped,False,3267
3268,2026-06-10T08:10:00,LINE2-M02,298.7,310.1,1467,41.7,72,Running,True,3268
3269,2026-06-10T08:14:00,LINE3-M02,298.1,308.7,1200,56.6,75,Running,True,3269
3270,2026-06-10T08:18:00,LINE3-M01,300.2,310.0,1284,53.9,77,Running,True,3270
3271,2026-06-10T08:21:00,LINE2-M02,301.0,309.7,1354,38.7,80,Running,True,3271
3272,2026-06-10T08:23:00,LINE1-M01,299.3,309.2,1263,56.2,83,Running,True,3272
3273,2026-06-10T08:27:00,LINE2-M01,297.7,308.0,1379,32.7,86,Running,True,3273
3274,2026-06-10T08:33:00,LINE3-M01,296.9,306.2,1299,29.4,91,Running,True,3274
3275,2026-06-10T08:36:00,LINE3-M01,296.2,305.6,1469,54.6,94,Running,True,3275
3276,2026-06-10T08:42:00,LINE2-M02,300.2,312.4,1269,55.5,97,Running,True,3276
3277,2026-06-10T08:44:00,LINE2-M02,299.4,308.9,1583,32.8,99,Idle,True,3277
3278,2026-06-10T08:48:00,LINE3-M02,302.1,311.3,1187,45.7,104,Running,False,3278
3279,2026-06-10T08:54:00,LINE1-M01,299.6,308.8,1506,40.8,106,Running,False,3279
3280,2026-06-10T08:58:00,LINE1-M02,300.8,309.8,1644,37.6,109,Idle,True,3280
3281,2026-06-10T09:00:00,LINE1-M01,298.4,309.3,1168,23.2,112,Stopped,False,3281
3282,2026-06-10T09:06:00,LINE1-M02,301.9,311.1,1537,33.5,115,Running,True,3282
3283,2026-06-10T09:12:00,LINE3-M01,297.6,307.1,1689,33.9,117,Idle,True,3283
3284,2026-06-10T09:18:00,LINE1-M02,298.3,308.1,1225,50.9,120,Running,True,3284
3285,2026-06-10T09:22:00,LINE3-M02,299.6,309.2,1790,29.5,125,Running,True,3285
3286,2026-06-10T09:26:00,LINE2-M02,304.0,312.0,1589,31.5,127,Running,True,3286
3287,2026-06-10T09:28:00,LINE1-M02,300.7,311.5,1241,42.5,129,Running,True,3287
3288,2026-06-10T09:30:00,LINE2-M02,298.2,310.3,1658,38.5,131,Running,True,3288
3289,2026-06-10T09:32:00,LINE3-M02,298.6,305.4,1573,39.8,133,Idle,True,3289
3290,2026-06-10T09:36:00,LINE3-M01,298.4,309.2,1277,37.3,135,Running,True,3290
3291,2026-06-10T09:39:00,LINE2-M01,298.6,308.1,1306,29.5,137,Idle,True,3291
3292,2026-06-10T09:41:00,LINE1-M01,298.7,310.0,1554,39.9,142,Running,True,3292
3293,2026-06-10T09:47:00,LINE2-M02,300.7,312.6,1658,44.6,144,Running,True,3293
3294,2026-06-10T09:52:00,LINE3-M01,301.4,313.2,1453,40.8,147,Running,True,3294
3295,2026-06-10T09:58:00,LINE3-M01,299.2,308.1,1626,41.0,149,Running,True,3295
3296,2026-06-10T10:01:00,LINE2-M02,301.4,311.0,1377,41.4,152,Idle,True,3296
3297,2026-06-10T10:06:00,LINE2-M01,304.6,314.5,1666,19.3,155,Stopped,True,3297
3298,2026-06-10T10:12:00,LINE1-M02,301.8,310.2,1612,44.5,157,Running,True,3298
3299,2026-06-10T10:15:00,LINE3-M02,302.2,314.3,1567,48.9,159,Running,True,3299
3300,2026-06-10T10:18:00,LINE1-M01,299.9,310.0,1638,38.5,161,Running,True,3300
3301,2026-06-10T10:23:00,LINE2-M02,296.7,307.9,1942,34.3,166,Running,True,3301
3302,2026-06-10T10:29:00,LINE2-M01,301.9,313.0,1476,26.0,168,Running,True,3302
3303,2026-06-10T10:34:00,LINE3-M01,299.4,310.6,1386,55.7,171,Running,True,3303
3304,2026-06-10T10:36:00,LINE1-M02,302.1,312.3,1389,34.8,174,Running,True,3304
3305,2026-06-10T10:38:00,LINE1-M01,300.8,310.5,1168,42.3,179,Running,True,3305
3306,2026-06-10T10:41:00,LINE1-M01,304.8,314.9,1821,27.4,184,Running,True,3306
3307,2026-06-10T10:45:00,LINE1-M01,303.8,314.1,1168,45.6,186,Idle,True,3307
3308,2026-06-10T10:48:00,LINE3-M02,302.2,313.4,1865,35.4,189,Running,False,3308
3309,2026-06-10T10:54:00,LINE1-M01,303.1,312.3,1388,34.9,194,Running,True,3309
3310,2026-06-10T10:59:00,LINE3-M02,299.7,309.7,1391,51.0,196,Running,True,3310
3311,2026-06-10T11:03:00,LINE2-M02,297.8,306.8,1822,34.2,199,Running,True,3311
3312,2026-06-10T11:05:00,LINE1-M02,301.6,311.4,1440,41.9,201,Running,True,3312
3313,2026-06-10T11:10:00,LINE2-M02,301.4,311.5,1637,30.6,206,Running,True,3313
3314,2026-06-10T11:13:00,LINE2-M01,299.0,309.7,1678,34.9,211,Stopped,False,3314
3315,2026-06-10T11:16:00,LINE1-M02,302.8,310.4,1902,34.8,213,Running,True,3315
3316,2026-06-10T11:22:00,LINE1-M02,302.3,311.9,1270,36.7,216,Maintenance,False,3316
3317,2026-06-10T11:26:00,LINE2-M02,300.9,310.9,1628,46.8,218,Stopped,False,3317
3318,2026-06-10T11:30:00,LINE2-M02,300.7,311.2,1221,42.0,220,Running,True,3318
3319,2026-06-10T11:32:00,LINE1-M01,298.5,308.1,1489,39.7,222,Idle,True,3319
3320,2026-06-10T11:36:00,LINE3-M01,299.1,309.0,1521,49.5,224,Stopped,False,3320
3321,2026-06-10T11:39:00,LINE3-M01,301.9,311.5,1719,36.1,226,Stopped,True,3321
3322,2026-06-10T11:44:00,LINE2-M02,299.0,310.2,1442,45.5,228,Idle,True,3322
3323,2026-06-10T11:47:00,LINE2-M01,300.1,310.1,1168,55.9,231,Maintenance,False,3323
3324,2026-06-10T11:52:00,LINE1-M02,299.8,309.9,1168,52.0,236,Stopped,True,3324
3325,2026-06-10T11:54:00,LINE1-M01,300.6,309.6,1508,57.6,238,Stopped,True,3325
3326,2026-06-10T11:56:00,LINE1-M01,299.5,310.5,1484,48.9,0,Running,True,3326
3327,2026-06-10T11:59:00,LINE3-M02,299.9,309.2,1517,55.2,5,Running,True,3327
3328,2026-06-10T12:04:00,LINE1-M01,301.5,311.7,1679,25.1,7,Idle,True,3328
3329,2026-06-10T12:07:00,LINE3-M02,299.6,310.6,1456,38.7,12,Running,True,3329
3330,2026-06-10T12:11:00,LINE1-M02,300.1,309.8,1168,55.5,17,Idle,True,3330
3331,2026-06-10T12:13:00,LINE2-M01,301.5,311.5,1654,44.9,22,Idle,True,3331
3332,2026-06-10T12:17:00,LINE2-M02,301.3,311.7,1287,64.2,25,Running,True,3332
3333,2026-06-10T12:22:00,LINE3-M01,300.9,310.8,1649,46.9,27,Running,True,3333
3334,2026-06-10T12:25:00,LINE2-M02,298.3,308.3,1388,54.7,32,Running,True,3334
3335,2026-06-10T12:29:00,LINE1-M02,302.3,312.0,1930,25.2,35,Running,True,3335
3336,2026-06-10T12:35:00,LINE3-M01,300.6,310.9,1911,37.5,37,Running,True,3336
3337,2026-06-10T12:40:00,LINE3-M01,299.2,308.6,1272,34.1,39,Idle,True,3337
3338,2026-06-10T12:45:00,LINE2-M02,302.3,311.9,1654,51.5,41,Idle,True,3338
3339,2026-06-10T12:50:00,LINE3-M01,298.5,308.1,1762,26.7,43,Running,True,3339
3340,2026-06-10T12:53:00,LINE2-M01,302.1,311.5,1579,48.5,45,Running,True,3340
3341,2026-06-10T12:56:00,LINE1-M01,298.9,306.8,1751,51.2,50,Stopped,False,3341
3342,2026-06-10T13:02:00,LINE2-M01,300.9,310.2,1849,33.5,52,Idle,True,3342
3343,2026-06-10T13:07:00,LINE2-M01,300.8,310.8,1818,30.4,54,Running,True,3343
3344,2026-06-10T13:09:00,LINE2-M02,298.3,308.4,1651,50.4,59,Running,True,3344
3345,2026-06-10T13:12:00,LINE2-M02,299.6,309.8,1755,30.9,61,Running,True,3345
3346,2026-06-10T13:18:00,LINE1-M02,298.1,306.9,1480,30.3,64,Idle,True,3346
3347,2026-06-10T13:21:00,LINE1-M01,300.0,311.2,1721,17.4,66,Stopped,True,3347
3348,2026-06-10T13:25:00,LINE2-M02,300.4,311.6,1453,49.0,69,Running,True,3348
3349,2026-06-10T13:27:00,LINE3-M01,297.1,306.8,1717,25.0,71,Running,True,3349
3350,2026-06-10T13:30:00,LINE1-M01,300.9,309.4,1434,48.3,73,Running,True,3350
3351,2026-06-10T13:36:00,LINE3-M02,297.8,306.2,1383,47.2,76,Running,True,3351
3352,2026-06-10T13:42:00,LINE2-M01,300.9,308.3,1614,30.5,78,Running,True,3352
3353,2026-06-10T13:47:00,LINE3-M02,299.2,309.9,1441,36.5,81,Idle,True,3353
3354,2026-06-10T13:53:00,LINE1-M02,299.8,307.3,1574,29.1,84,Running,True,3354
3355,2026-06-10T13:56:00,LINE2-M02,300.0,310.1,1168,49.2,86,Running,True,3355
3356,2026-06-10T13:59:00,LINE1-M01,300.3,311.1,1434,40.1,91,Running,True,3356
3357,2026-06-10T14:04:00,LINE3-M01,301.4,312.4,1498,26.7,93,Running,True,3357
3358,2026-06-10T14:06:00,LINE1-M01,301.8,311.8,1702,40.5,98,Running,True,3358
3359,2026-06-10T14:11:00,LINE2-M02,302.3,312.9,1594,44.3,100,Running,True,3359
3360,2026-06-10T14:14:00,LINE3-M01,301.9,311.8,1332,43.0,102,Idle,True,3360
3361,2026-06-10T14:20:00,LINE1-M01,304.2,313.4,1946,27.0,105,Running,True,3361
3362,2026-06-10T14:25:00,LINE1-M01,300.3,310.7,1476,28.2,107,Running,True,3362
3363,2026-06-10T14:29:00,LINE1-M02,297.2,306.0,2027,35.7,109,Running,True,3363
3364,2026-06-10T14:35:00,LINE2-M01,303.6,314.4,1228,45.5,111,Running,True,3364
3365,2026-06-10T14:41:00,LINE3-M01,302.3,312.5,1369,48.4,114,Running,True,3365
3366,2026-06-10T14:45:00,LINE2-M02,298.0,307.4,1384,40.6,116,Running,True,3366
3367,2026-06-10T14:50:00,LINE1-M02,300.1,310.3,1272,29.6,119,Idle,True,3367
3368,2026-06-10T14:54:00,LINE2-M01,296.8,305.5,1180,57.6,122,Running,True,3368
3369,2026-06-10T14:59:00,LINE3-M02,298.1,307.2,1276,43.1,125,Running,True,3369
3370,2026-06-10T15:03:00,LINE2-M02,302.4,313.8,1226,41.9,128,Idle,True,3370
3371,2026-06-10T15:09:00,LINE2-M01,298.6,309.2,1358,47.5,133,Running,True,3371
3372,2026-06-10T15:15:00,LINE1-M02,301.2,312.8,1269,37.1,136,Running,True,3372
3373,2026-06-10T15:18:00,LINE2-M01,301.1,312.9,1743,57.0,139,Stopped,False,3373
3374,2026-06-10T15:20:00,LINE3-M02,298.0,309.1,1990,40.4,141,Running,True,3374
3375,2026-06-10T15:22:00,LINE1-M02,298.4,308.7,1581,39.8,143,Idle,True,3375
3376,2026-06-10T15:26:00,LINE1-M02,300.8,309.5,1438,56.8,145,Running,True,3376
3377,2026-06-10T15:32:00,LINE3-M01,297.7,306.7,1428,51.3,147,Running,True,3377
3378,2026-06-10T15:34:00,LINE2-M01,300.6,310.6,1756,31.6,150,Idle,True,3378
3379,2026-06-10T15:36:00,LINE2-M02,300.7,311.0,1448,26.3,153,Running,True,3379
3380,2026-06-10T15:39:00,LINE2-M02,300.9,312.1,1481,53.0,155,Running,True,3380
3381,2026-06-10T15:43:00,LINE2-M01,302.8,314.8,1805,24.3,160,Running,True,3381
3382,2026-06-10T15:49:00,LINE1-M01,300.8,312.5,1611,44.7,163,Running,True,3382
3383,2026-06-10T15:51:00,LINE3-M01,300.6,310.9,1452,29.6,165,Running,True,3383
3384,2026-06-10T15:54:00,LINE3-M01,303.6,313.9,1462,31.9,167,Running,True,3384
3385,2026-06-10T16:00:00,LINE2-M02,301.4,310.6,1168,47.3,172,Running,True,3385
3386,2026-06-10T16:04:00,LINE3-M01,297.3,307.6,1716,30.9,175,Running,True,3386
3387,2026-06-10T16:08:00,LINE2-M01,301.7,312.9,1289,30.4,177,Running,True,3387
3388,2026-06-10T16:12:00,LINE3-M01,299.7,310.3,1622,23.0,180,Running,True,3388
3389,2026-06-10T16:15:00,LINE2-M02,299.2,309.3,1376,38.7,183,Idle,True,3389
3390,2026-06-10T16:21:00,LINE1-M02,297.1,306.6,1372,33.7,186,Running,True,3390
3391,2026-06-10T16:27:00,LINE1-M02,295.7,304.8,1175,38.8,191,Running,True,3391
3392,2026-06-10T16:32:00,LINE2-M01,297.5,308.1,1767,52.1,193,Stopped,False,3392
3393,2026-06-10T16:34:00,LINE1-M02,299.5,309.3,1526,46.2,198,Running,True,3393
3394,2026-06-10T16:38:00,LINE2-M02,299.8,310.0,1448,58.8,201,Running,True,3394
3395,2026-06-10T16:42:00,LINE1-M02,299.9,310.0,1473,32.9,203,Idle,True,3395
3396,2026-06-10T16:44:00,LINE3-M02,298.0,307.1,1471,26.6,205,Running,True,3396
3397,2026-06-10T16:50:00,LINE3-M02,301.3,310.1,1781,46.0,208,Running,True,3397
3398,2026-06-10T16:52:00,LINE3-M01,297.6,307.1,2010,28.0,210,Running,True,3398
3399,2026-06-10T16:54:00,LINE1-M01,303.7,313.3,1168,47.5,212,Running,True,3399
3400,2026-06-10T16:57:00,LINE1-M02,301.9,312.1,1498,39.6,217,Running,True,3400
3401,2026-06-10T17:02:00,LINE3-M01,298.8,310.4,1640,39.0,219,Maintenance,True,3401
3402,2026-06-10T17:08:00,LINE2-M02,302.5,314.1,1592,35.9,222,Stopped,True,3402
3403,2026-06-10T17:12:00,LINE3-M02,299.5,310.0,1419,39.3,227,Stopped,False,3403
3404,2026-06-10T17:15:00,LINE3-M01,302.6,311.6,1724,39.7,229,Stopped,False,3404
3405,2026-06-10T17:19:00,LINE2-M02,300.0,311.5,1493,32.1,232,Maintenance,True,3405
3406,2026-06-10T17:25:00,LINE1-M01,302.0,312.7,1777,40.0,235,Stopped,False,3406
3407,2026-06-10T17:28:00,LINE2-M02,299.7,309.8,1849,51.2,238,Stopped,False,3407
3408,2026-06-10T17:33:00,LINE3-M01,301.7,312.0,1538,41.6,240,Maintenance,True,3408
3409,2026-06-10T17:36:00,LINE3-M01,299.7,310.8,1659,44.9,0,Running,True,3409
3410,2026-06-10T17:38:00,LINE2-M01,297.9,308.0,2002,58.4,2,Stopped,False,3410
3411,2026-06-10T17:41:00,LINE2-M01,299.0,308.3,1805,26.6,5,Running,True,3411
3412,2026-06-10T17:45:00,LINE2-M02,298.9,307.0,1733,45.9,8,Running,True,3412
3413,2026-06-10T17:48:00,LINE3-M01,294.6,304.3,1502,46.7,10,Running,True,3413
3414,2026-06-10T17:50:00,LINE2-M02,298.6,309.7,1763,49.2,12,Maintenance,False,3414
3415,2026-06-10T17:55:00,LINE2-M02,305.0,316.2,1884,28.6,15,Idle,True,3415
3416,2026-06-10T17:58:00,LINE2-M01,302.1,312.4,1309,50.2,17,Running,True,3416
3417,2026-06-10T18:02:00,LINE3-M02,300.7,309.7,1692,40.2,22,Running,True,3417
3418,2026-06-10T18:05:00,LINE3-M02,301.7,312.7,1951,36.7,25,Running,True,3418
3419,2026-06-10T18:08:00,LINE3-M02,300.8,311.2,1679,29.3,27,Idle,True,3419
3420,2026-06-10T18:13:00,LINE2-M02,299.6,310.6,1168,35.2,30,Running,True,3420
3421,2026-06-10T18:16:00,LINE2-M02,300.6,309.5,1168,60.8,35,Running,False,3421
3422,2026-06-10T18:19:00,LINE1-M01,299.8,309.3,1588,55.1,37,Maintenance,False,3422
3423,2026-06-10T18:22:00,LINE3-M01,300.1,310.0,1448,38.1,42,Running,True,3423
3424,2026-06-10T18:26:00,LINE2-M01,296.3,304.5,1530,26.9,44,Running,True,3424
3425,2026-06-10T18:31:00,LINE2-M01,299.8,309.1,1434,36.9,46,Running,True,3425
3426,2026-06-10T18:36:00,LINE1-M01,303.2,313.8,1717,55.8,51,Maintenance,False,3426
3427,2026-06-10T18:40:00,LINE3-M01,301.4,310.6,1469,28.8,53,Running,True,3427
3428,2026-06-10T18:46:00,LINE3-M01,300.7,311.7,1180,38.6,55,Running,True,3428
3429,2026-06-10T18:51:00,LINE3-M01,301.5,313.1,1482,44.3,57,Idle,True,3429
3430,2026-06-10T18:56:00,LINE1-M02,299.4,309.2,1392,54.7,59,Idle,True,3430
3431,2026-06-10T19:00:00,LINE3-M02,303.3,313.1,1765,37.8,62,Running,True,3431
3432,2026-06-10T19:03:00,LINE2-M02,298.0,308.5,1540,44.8,65,Running,True,3432
3433,2026-06-10T19:08:00,LINE1-M01,303.0,311.6,1994,43.6,68,Stopped,False,3433
3434,2026-06-10T19:12:00,LINE1-M02,304.3,315.2,1612,33.7,70,Running,True,3434
3435,2026-06-10T19:15:00,LINE3-M01,297.4,308.6,1446,42.2,73,Running,True,3435
3436,2026-06-10T19:21:00,LINE2-M01,298.4,308.4,1196,47.6,78,Running,True,3436
3437,2026-06-10T19:23:00,LINE2-M01,298.0,308.2,1677,25.9,81,Running,True,3437
3438,2026-06-10T19:28:00,LINE2-M01,304.0,314.8,1281,31.7,83,Running,True,3438
3439,2026-06-10T19:31:00,LINE3-M02,300.9,310.3,1335,39.4,88,Running,True,3439
3440,2026-06-10T19:36:00,LINE3-M02,302.9,313.4,1168,60.9,90,Running,True,3440
3441,2026-06-10T19:40:00,LINE1-M02,298.8,309.0,1656,29.2,92,Running,True,3441
3442,2026-06-10T19:45:00,LINE1-M02,298.0,307.2,1434,31.3,95,Running,True,3442
3443,2026-06-10T19:48:00,LINE3-M02,302.5,313.1,1168,39.1,100,Running,True,3443
3444,2026-06-10T19:54:00,LINE3-M01,301.2,311.4,1395,33.8,105,Running,True,3444
3445,2026-06-10T19:57:00,LINE1-M02,298.8,307.6,1609,51.2,108,Running,True,3445
3446,2026-06-10T20:00:00,LINE1-M01,300.8,312.5,1488,52.5,110,Running,True,3446
3447,2026-06-10T20:06:00,LINE1-M02,300.3,309.5,1536,51.5,113,Running,True,3447
3448,2026-06-10T20:08:00,LINE1-M02,300.6,310.3,1613,30.0,116,Idle,True,3448
3449,2026-06-10T20:12:00,LINE3-M01,299.3,308.8,1486,40.5,119,Running,True,3449
3450,2026-06-10T20:14:00,LINE2-M01,299.7,310.8,1168,42.4,124,Running,True,3450
3451,2026-06-10T20:18:00,LINE2-M02,299.3,309.4,1485,52.1,126,Running,True,3451
3452,2026-06-10T20:20:00,LINE3-M01,303.8,313.3,1647,24.4,129,Running,True,3452
3453,2026-06-10T20:26:00,LINE3-M02,300.4,310.6,1810,46.7,131,Running,True,3453
3454,2026-06-10T20:29:00,LINE2-M02,302.0,311.4,1728,17.3,134,Stopped,True,3454
3455,2026-06-10T20:31:00,LINE1-M01,297.8,307.8,1426,36.3,136,Running,True,3455
3456,2026-06-10T20:37:00,LINE2-M01,298.4,307.0,1175,55.2,138,Running,True,3456
3457,2026-06-10T20:43:00,LINE3-M01,299.8,311.2,1576,41.4,141,Running,True,3457
3458,2026-06-10T20:49:00,LINE1-M01,302.1,312.8,1226,39.9,144,Running,True,3458
3459,2026-06-10T20:55:00,LINE3-M01,297.2,307.5,1804,31.8,147,Running,True,3459
3460,2026-06-10T21:00:00,LINE2-M01,300.7,310.3,1735,39.4,149,Idle,True,3460
3461,2026-06-10T21:06:00,LINE3-M01,299.6,309.9,1753,31.0,154,Running,True,3461
3462,2026-06-10T21:08:00,LINE1-M01,298.3,309.0,1875,39.1,159,Idle,True,3462
3463,2026-06-10T21:12:00,LINE3-M02,300.3,309.9,1457,41.0,161,Idle,True,3463
3464,2026-06-10T21:17:00,LINE2-M01,301.6,311.8,1178,48.0,163,Running,True,3464
3465,2026-06-10T21:22:00,LINE1-M01,299.2,309.8,1375,21.6,165,Stopped,False,3465
3466,2026-06-10T21:24:00,LINE2-M02,300.4,310.1,1832,51.3,167,Maintenance,False,3466
3467,2026-06-10T21:26:00,LINE2-M02,303.2,312.7,1458,27.9,172,Running,True,3467
3468,2026-06-10T21:29:00,LINE1-M01,301.5,311.5,1693,43.8,174,Running,True,3468
3469,2026-06-10T21:35:00,LINE1-M01,298.6,308.9,1168,37.1,176,Running,True,3469
3470,2026-06-10T21:38:00,LINE1-M01,301.2,312.3,1168,37.4,178,Running,True,3470
3471,2026-06-10T21:43:00,LINE2-M02,298.9,309.0,1329,39.7,183,Running,True,3471
3472,2026-06-10T21:46:00,LINE2-M02,298.8,309.9,1408,50.9,188,Running,True,3472
3473,2026-06-10T21:50:00,LINE3-M01,296.3,306.7,1878,21.2,190,Running,True,3473
3474,2026-06-10T21:52:00,LINE1-M01,300.8,309.1,1362,44.1,193,Maintenance,False,3474
3475,2026-06-10T21:57:00,LINE3-M01,299.3,309.9,1278,41.9,198,Running,True,3475
3476,2026-06-10T22:00:00,LINE1-M01,303.0,313.3,1894,45.6,200,Stopped,False,3476
3477,2026-06-10T22:05:00,LINE3-M02,294.4,305.2,1654,33.7,202,Running,True,3477
3478,2026-06-10T22:07:00,LINE2-M01,301.9,312.1,1562,36.8,204,Running,True,3478
3479,2026-06-10T22:12:00,LINE1-M01,299.7,310.4,1221,39.1,207,Running,True,3479
3480,2026-06-10T22:16:00,LINE2-M01,300.3,310.2,1409,50.6,209,Running,True,3480
3481,2026-06-10T22:21:00,LINE1-M01,302.4,312.7,1375,34.2,212,Running,True,3481
3482,2026-06-10T22:24:00,LINE2-M01,298.4,307.6,1578,23.3,215,Running,True,3482
3483,2026-06-10T22:28:00,LINE2-M02,304.3,314.9,1516,43.5,217,Idle,True,3483
3484,2026-06-10T22:33:00,LINE3-M01,300.3,310.1,1589,37.0,219,Maintenance,True,3484
3485,2026-06-10T22:35:00,LINE2-M01,303.3,312.3,1168,33.6,221,Stopped,True,3485
3486,2026-06-10T22:40:00,LINE1-M01,297.5,307.6,1376,37.5,223,Maintenance,False,3486
3487,2026-06-10T22:43:00,LINE3-M02,299.1,308.9,1356,42.3,228,Maintenance,False,3487
3488,2026-06-10T22:48:00,LINE3-M01,300.3,309.2,1541,41.6,230,Stopped,False,3488
3489,2026-06-10T22:50:00,LINE3-M01,299.1,309.4,1817,31.8,232,Stopped,False,3489
3490,2026-06-10T22:53:00,LINE2-M02,298.2,307.4,1555,35.7,235,Maintenance,True,3490
3491,2026-06-10T22:58:00,LINE3-M02,299.9,309.5,1579,43.7,237,Stopped,True,3491
3492,2026-06-10T23:02:00,LINE3-M02,297.7,307.6,1679,45.9,0,Running,False,3492
3493,2026-06-10T23:07:00,LINE3-M02,299.2,309.1,1532,31.6,2,Running,True,3493
3494,2026-06-10T23:09:00,LINE2-M01,301.5,312.0,1408,40.7,7,Running,True,3494
3495,2026-06-10T23:13:00,LINE3-M02,302.8,312.4,1661,37.1,10,Running,True,3495
3496,2026-06-10T23:16:00,LINE3-M01,294.9,306.0,1168,40.6,12,Running,True,3496
3497,2026-06-10T23:18:00,LINE3-M01,296.7,307.9,1353,29.3,15,Running,True,3497
3498,2026-06-10T23:21:00,LINE3-M02,300.4,311.0,1574,51.3,18,Running,True,3498
3499,2026-06-10T23:23:00,LINE2-M02,298.3,306.6,1329,54.9,20,Maintenance,False,3499
3500,2026-06-10T23:27:00,LINE1-M01,299.3,307.4,1621,31.5,22,Running,True,3500
3501,2026-06-10T23:31:00,LINE2-M02,300.6,309.8,1544,45.8,25,Running,True,3501
3502,2026-06-10T23:35:00,LINE2-M02,302.6,313.8,1168,39.7,27,Running,True,3502
3503,2026-06-10T23:38:00,LINE3-M01,297.5,308.6,1168,57.2,29,Running,True,3503
3504,2026-06-10T23:40:00,LINE3-M01,297.1,306.6,1774,42.3,32,Running,True,3504
3505,2026-06-10T23:45:00,LINE2-M02,298.9,308.5,1814,36.8,37,Idle,True,3505
3506,2026-06-10T23:51:00,LINE2-M02,297.8,306.7,1728,42.5,39,Running,True,3506
3507,2026-06-10T23:57:00,LINE3-M02,296.4,306.7,2167,38.3,41,Running,True,3507
3508,2026-06-11T00:01:00,LINE3-M02,303.2,313.5,1570,55.5,43,Stopped,False,3508
3509,2026-06-11T00:05:00,LINE1-M01,300.4,312.2,1460,46.1,45,Running,True,3509
3510,2026-06-11T00:10:00,LINE3-M01,300.7,311.2,1565,41.9,50,Running,True,3510
3511,2026-06-11T00:14:00,LINE3-M01,299.2,310.3,1482,50.2,52,Running,True,3511
3512,2026-06-11T00:18:00,LINE2-M01,297.9,309.7,1740,31.3,57,Idle,True,3512
3513,2026-06-11T00:24:00,LINE1-M02,299.7,310.1,1218,41.8,62,Running,True,3513
3514,2026-06-11T00:29:00,LINE3-M02,299.5,310.5,1641,48.0,65,Running,True,3514
3515,2026-06-11T00:31:00,LINE3-M01,296.8,307.2,1570,37.9,70,Running,True,3515
3516,2026-06-11T00:36:00,LINE3-M02,301.9,310.7,1584,44.0,73,Running,True,3516
3517,2026-06-11T00:38:00,LINE2-M02,296.1,306.6,1904,50.4,75,Stopped,False,3517
3518,2026-06-11T00:44:00,LINE3-M01,299.1,309.0,1727,49.9,80,Stopped,False,3518
3519,2026-06-11T00:48:00,LINE2-M01,300.9,311.5,1820,40.9,82,Running,True,3519
3520,2026-06-11T00:51:00,LINE1-M01,301.0,310.3,1423,46.2,85,Idle,True,3520
3521,2026-06-11T00:56:00,LINE1-M01,300.0,311.5,1168,44.7,87,Running,True,3521
3522,2026-06-11T01:00:00,LINE1-M02,301.3,312.0,1669,44.2,89,Running,True,3522
3523,2026-06-11T01:04:00,LINE2-M02,297.8,309.2,1585,25.7,92,Running,True,3523
3524,2026-06-11T01:09:00,LINE3-M01,300.1,309.6,1672,32.7,97,Idle,True,3524
3525,2026-06-11T01:12:00,LINE1-M01,302.5,313.0,1922,49.5,99,Stopped,False,3525
3526,2026-06-11T01:18:00,LINE1-M02,304.0,314.3,1462,39.0,101,Running,True,3526
3527,2026-06-11T01:21:00,LINE1-M01,300.4,307.9,1577,29.6,103,Running,True,3527
3528,2026-06-11T01:23:00,LINE1-M02,301.6,312.1,1299,33.6,106,Running,True,3528
3529,2026-06-11T01:25:00,LINE2-M01,299.6,308.7,1594,37.0,111,Running,True,3529
3530,2026-06-11T01:31:00,LINE1-M02,293.0,304.1,1320,40.9,114,Running,True,3530
3531,2026-06-11T01:36:00,LINE3-M01,301.7,311.4,1237,26.9,119,Stopped,True,3531
3532,2026-06-11T01:41:00,LINE2-M02,300.4,308.9,1747,37.7,124,Running,True,3532
3533,2026-06-11T01:45:00,LINE2-M01,302.0,313.0,1696,31.0,127,Running,True,3533
3534,2026-06-11T01:51:00,LINE3-M01,302.9,312.5,1948,37.0,129,Running,True,3534
3535,2026-06-11T01:56:00,LINE1-M02,302.1,312.5,1402,33.8,131,Running,True,3535
3536,2026-06-11T02:02:00,LINE3-M01,301.3,311.2,1602,22.8,133,Running,True,3536
3537,2026-06-11T02:07:00,LINE3-M01,300.7,308.7,1427,46.3,136,Running,True,3537
3538,2026-06-11T02:13:00,LINE3-M02,300.9,313.2,1668,51.2,139,Running,True,3538
3539,2026-06-11T02:15:00,LINE1-M02,300.5,312.2,1553,44.4,142,Idle,True,3539
3540,2026-06-11T02:20:00,LINE3-M01,303.4,313.3,1223,40.3,144,Running,True,3540
3541,2026-06-11T02:24:00,LINE3-M02,303.4,313.9,1308,53.8,146,Running,True,3541
3542,2026-06-11T02:26:00,LINE1-M02,298.6,306.8,1426,55.0,151,Running,True,3542
3543,2026-06-11T02:30:00,LINE2-M02,299.6,309.2,1168,49.6,154,Running,True,3543
3544,2026-06-11T02:36:00,LINE3-M02,300.2,311.6,1580,31.0,156,Running,True,3544
3545,2026-06-11T02:40:00,LINE3-M02,301.3,310.8,1407,50.5,159,Running,True,3545
3546,2026-06-11T02:45:00,LINE1-M02,302.5,310.0,1326,41.8,161,Maintenance,False,3546
3547,2026-06-11T02:50:00,LINE3-M02,299.5,309.6,1430,34.9,163,Running,True,3547
3548,2026-06-11T02:53:00,LINE1-M01,297.7,308.8,1329,22.6,168,Stopped,True,3548
3549,2026-06-11T02:55:00,LINE3-M01,298.3,307.6,1661,28.5,170,Running,True,3549
3550,2026-06-11T02:57:00,LINE3-M02,302.5,311.1,1268,50.2,173,Idle,True,3550
3551,2026-06-11T03:03:00,LINE3-M01,299.1,308.7,1542,39.8,175,Running,True,3551
3552,2026-06-11T03:05:00,LINE2-M02,299.6,309.5,1521,35.1,180,Running,True,3552
3553,2026-06-11T03:09:00,LINE3-M02,299.5,309.6,1387,60.6,182,Stopped,False,3553
3554,2026-06-11T03:14:00,LINE3-M02,301.6,311.1,1568,60.0,184,Maintenance,False,3554
3555,2026-06-11T03:17:00,LINE3-M01,304.6,315.1,1230,34.9,186,Idle,True,3555
3556,2026-06-11T03:20:00,LINE2-M02,299.2,309.5,1600,18.3,189,Stopped,True,3556
3557,2026-06-11T03:23:00,LINE2-M02,301.4,312.5,1759,18.4,191,Maintenance,False,3557
3558,2026-06-11T03:26:00,LINE1-M01,298.9,308.8,1400,59.6,194,Running,True,3558
3559,2026-06-11T03:32:00,LINE3-M01,300.2,311.3,1491,39.8,199,Running,True,3559
3560,2026-06-11T03:37:00,LINE3-M02,297.5,307.2,1637,43.0,201,Running,True,3560
3561,2026-06-11T03:40:00,LINE3-M02,300.3,309.7,1168,48.9,203,Running,True,3561
3562,2026-06-11T03:45:00,LINE3-M02,300.3,311.0,1707,44.2,205,Stopped,False,3562
3563,2026-06-11T03:49:00,LINE2-M02,303.1,313.5,2023,34.9,208,Maintenance,False,3563
3564,2026-06-11T03:51:00,LINE1-M02,302.7,314.5,1454,53.7,210,Stopped,False,3564
3565,2026-06-11T03:53:00,LINE1-M02,298.9,308.2,1168,33.5,213,Running,True,3565
3566,2026-06-11T03:59:00,LINE2-M02,298.6,308.1,1209,49.6,216,Stopped,False,3566
3567,2026-06-11T04:03:00,LINE2-M01,299.6,309.5,1744,51.5,219,Maintenance,False,3567
3568,2026-06-11T04:05:00,LINE3-M01,301.0,311.3,1594,54.8,221,Maintenance,True,3568
3569,2026-06-11T04:10:00,LINE3-M02,302.6,311.5,1499,36.7,226,Stopped,True,3569
3570,2026-06-11T04:15:00,LINE3-M02,298.8,309.1,1599,47.2,228,Stopped,False,3570
3571,2026-06-11T04:18:00,LINE3-M01,301.3,312.3,1323,43.4,231,Idle,True,3571
3572,2026-06-11T04:22:00,LINE1-M02,298.1,308.3,1351,36.9,236,Running,True,3572
3573,2026-06-11T04:25:00,LINE1-M01,297.5,307.6,1318,44.5,238,Maintenance,False,3573
3574,2026-06-11T04:27:00,LINE1-M02,299.2,307.9,1271,31.2,0,Running,True,3574
3575,2026-06-11T04:30:00,LINE3-M02,297.5,306.5,1946,28.5,2,Running,True,3575
3576,2026-06-11T04:33:00,LINE2-M01,297.7,309.2,1534,38.0,7,Idle,True,3576
3577,2026-06-11T04:37:00,LINE1-M02,299.4,308.7,1562,39.8,9,Running,True,3577
3578,2026-06-11T04:39:00,LINE3-M01,303.1,313.5,1321,23.1,11,Maintenance,False,3578
3579,2026-06-11T04:43:00,LINE2-M02,301.3,310.3,1295,52.6,13,Running,True,3579
3580,2026-06-11T04:47:00,LINE3-M02,296.7,306.9,1957,57.3,15,Stopped,False,3580
3581,2026-06-11T04:53:00,LINE3-M02,298.4,309.2,1575,27.5,20,Idle,True,3581
3582,2026-06-11T04:57:00,LINE2-M01,300.2,310.5,1521,47.7,23,Running,True,3582
3583,2026-06-11T05:02:00,LINE1-M01,304.1,316.8,1861,30.3,25,Idle,True,3583
3584,2026-06-11T05:06:00,LINE2-M02,303.6,313.8,1690,38.8,28,Running,True,3584
3585,2026-06-11T05:08:00,LINE3-M01,300.8,310.9,1890,38.4,30,Running,True,3585
3586,2026-06-11T05:10:00,LINE2-M01,299.4,310.1,1790,44.3,33,Running,True,3586
3587,2026-06-11T05:15:00,LINE2-M02,298.2,307.7,1811,52.5,36,Maintenance,False,3587
3588,2026-06-11T05:17:00,LINE2-M02,301.6,312.0,1641,45.3,39,Running,True,3588
3589,2026-06-11T05:19:00,LINE2-M02,300.6,310.1,1679,25.9,44,Running,True,3589
3590,2026-06-11T05:25:00,LINE2-M02,302.3,309.6,1502,47.4,46,Running,True,3590
3591,2026-06-11T05:27:00,LINE1-M02,300.9,311.1,1412,47.1,49,Running,True,3591
3592,2026-06-11T05:31:00,LINE3-M02,300.5,310.5,1676,39.4,52,Running,True,3592
3593,2026-06-11T05:36:00,LINE1-M02,298.8,309.5,1290,28.1,57,Running,True,3593
3594,2026-06-11T05:42:00,LINE2-M02,298.3,309.2,1271,37.1,60,Running,True,3594
3595,2026-06-11T05:47:00,LINE3-M02,303.2,312.5,1554,33.6,63,Running,True,3595
3596,2026-06-11T05:52:00,LINE3-M02,299.9,311.4,1498,32.6,65,Running,True,3596
3597,2026-06-11T05:55:00,LINE1-M01,300.3,309.3,1552,34.2,67,Running,True,3597
3598,2026-06-11T05:58:00,LINE2-M02,298.0,307.5,1168,43.7,70,Running,True,3598
3599,2026-06-11T06:02:00,LINE3-M02,299.6,309.1,1546,27.0,73,Idle,True,3599
3600,2026-06-11T06:05:00,LINE1-M02,301.6,311.7,1473,29.8,78,Running,True,3600
3601,2026-06-11T06:11:00,LINE2-M02,296.5,306.8,1576,25.1,83,Running,True,3601
3602,2026-06-11T06:14:00,LINE1-M01,293.4,303.0,1864,47.5,88,Maintenance,True,3602
3603,2026-06-11T06:16:00,LINE2-M01,302.4,311.3,1239,48.4,93,Running,True,3603
3604,2026-06-11T06:19:00,LINE3-M02,301.7,312.2,1368,22.6,96,Maintenance,False,3604
3605,2026-06-11T06:25:00,LINE1-M01,299.5,309.7,1293,42.9,98,Running,True,3605
3606,2026-06-11T06:31:00,LINE1-M01,300.5,310.7,1524,43.7,100,Running,True,3606
3607,2026-06-11T06:35:00,LINE1-M02,299.9,309.5,1253,39.0,102,Running,True,3607
3608,2026-06-11T06:38:00,LINE3-M02,301.4,310.5,1577,31.2,107,Running,True,3608
3609,2026-06-11T06:42:00,LINE1-M02,298.2,309.0,1498,28.7,109,Running,True,3609
3610,2026-06-11T06:47:00,LINE3-M01,299.7,309.9,1475,46.3,112,Running,True,3610
3611,2026-06-11T06:51:00,LINE1-M01,301.5,310.4,1446,46.4,114,Running,True,3611
3612,2026-06-11T06:54:00,LINE2-M02,299.6,310.2,1675,50.0,116,Running,True,3612
3613,2026-06-11T06:57:00,LINE1-M02,298.3,308.5,1771,37.7,119,Idle,True,3613
3614,2026-06-11T07:03:00,LINE1-M02,298.5,307.2,1498,46.8,121,Running,True,3614
3615,2026-06-11T07:08:00,LINE2-M01,301.5,310.9,1521,36.6,124,Running,True,3615
3616,2026-06-11T07:11:00,LINE2-M01,299.7,309.9,1419,34.3,129,Running,True,3616
3617,2026-06-11T07:15:00,LINE2-M01,299.7,309.1,1292,33.8,132,Running,True,3617
3618,2026-06-11T07:19:00,LINE1-M02,298.2,308.8,1553,46.8,134,Idle,True,3618
3619,2026-06-11T07:25:00,LINE3-M02,298.8,310.1,1225,30.8,136,Running,True,3619
3620,2026-06-11T07:31:00,LINE2-M01,299.0,309.7,1494,45.3,141,Running,True,3620
3621,2026-06-11T07:34:00,LINE3-M02,300.2,308.4,1328,21.4,143,Stopped,False,3621
3622,2026-06-11T07:39:00,LINE3-M01,301.7,311.7,1722,38.2,145,Running,True,3622
3623,2026-06-11T07:44:00,LINE1-M01,299.0,309.8,1605,28.1,148,Running,True,3623
3624,2026-06-11T07:49:00,LINE2-M01,302.2,310.9,1168,30.3,151,Running,True,3624
3625,2026-06-11T07:52:00,LINE1-M01,299.8,307.6,1539,42.7,153,Running,True,3625
3626,2026-06-11T07:54:00,LINE2-M01,300.1,311.1,1629,40.4,158,Idle,True,3626
3627,2026-06-11T08:00:00,LINE1-M02,298.0,307.7,1587,28.2,160,Running,True,3627
3628,2026-06-11T08:02:00,LINE2-M01,299.1,309.4,1543,46.4,162,Idle,True,3628
3629,2026-06-11T08:07:00,LINE1-M01,300.1,309.8,1168,55.6,165,Running,True,3629
3630,2026-06-11T08:13:00,LINE1-M01,302.9,313.6,1265,46.0,168,Running,True,3630
3631,2026-06-11T08:19:00,LINE2-M01,301.1,311.2,1386,33.5,170,Running,True,3631
3632,2026-06-11T08:22:00,LINE3-M01,297.0,308.4,1289,44.9,173,Running,True,3632
3633,2026-06-11T08:27:00,LINE3-M01,298.4,306.8,1506,37.3,176,Idle,True,3633
3634,2026-06-11T08:31:00,LINE3-M02,301.6,312.2,1557,24.1,178,Running,True,3634
3635,2026-06-11T08:35:00,LINE3-M02,301.0,310.6,1298,34.0,181,Running,True,3635
3636,2026-06-11T08:40:00,LINE2-M01,302.1,312.8,1445,36.0,183,Idle,True,3636
3637,2026-06-11T08:45:00,LINE3-M01,299.9,309.2,1240,32.6,185,Running,True,3637
3638,2026-06-11T08:50:00,LINE2-M01,299.1,309.4,1476,23.1,190,Idle,True,3638
3639,2026-06-11T08:56:00,LINE3-M02,300.2,310.7,1645,28.6,192,Running,True,3639
3640,2026-06-11T08:59:00,LINE1-M01,299.2,311.9,1318,39.7,194,Running,True,3640
3641,2026-06-11T09:04:00,LINE2-M02,297.9,306.8,1217,35.1,197,Running,True,3641
3642,2026-06-11T09:06:00,LINE1-M02,299.5,309.9,1444,48.6,199,Running,True,3642
3643,2026-06-11T09:12:00,LINE1-M02,296.3,305.9,1620,31.3,201,Running,True,3643
3644,2026-06-11T09:14:00,LINE3-M02,295.7,305.6,1348,46.8,206,Running,True,3644
3645,2026-06-11T09:17:00,LINE3-M01,303.0,312.2,1476,33.2,209,Running,True,3645
3646,2026-06-11T09:20:00,LINE2-M02,300.9,311.7,1410,23.0,211,Stopped,False,3646
3647,2026-06-11T09:25:00,LINE1-M02,302.3,313.7,1515,45.2,216,Running,False,3647
3648,2026-06-11T09:31:00,LINE3-M01,303.2,315.0,1168,49.6,219,Maintenance,False,3648
3649,2026-06-11T09:34:00,LINE2-M02,296.8,307.8,1185,27.1,224,Stopped,True,3649
3650,2026-06-11T09:39:00,LINE2-M01,298.8,307.6,1519,36.4,226,Maintenance,False,3650
3651,2026-06-11T09:43:00,LINE3-M02,302.4,314.0,1739,30.4,228,Stopped,False,3651
3652,2026-06-11T09:45:00,LINE1-M01,303.7,312.4,1746,16.3,233,Stopped,True,3652
3653,2026-06-11T09:50:00,LINE1-M02,300.9,309.5,1898,39.5,236,Maintenance,True,3653
3654,2026-06-11T09:52:00,LINE3-M02,300.1,310.1,1490,51.2,238,Stopped,False,3654
3655,2026-06-11T09:55:00,LINE2-M02,297.8,307.4,1264,33.9,0,Running,True,3655
3656,2026-06-11T10:00:00,LINE3-M02,300.5,311.1,1581,36.4,2,Running,True,3656
3657,2026-06-11T10:06:00,LINE2-M02,300.0,309.3,1870,42.8,4,Running,True,3657
3658,2026-06-11T10:08:00,LINE2-M02,297.3,307.3,1364,58.5,6,Idle,True,3658
3659,2026-06-11T10:10:00,LINE3-M01,302.8,313.2,1400,45.4,11,Running,True,3659
3660,2026-06-11T10:12:00,LINE3-M02,301.3,310.7,1435,42.0,16,Idle,True,3660
3661,2026-06-11T10:16:00,LINE2-M01,301.1,310.0,1573,39.8,19,Idle,True,3661
3662,2026-06-11T10:21:00,LINE3-M01,299.6,308.1,1326,47.4,24,Maintenance,False,3662
3663,2026-06-11T10:27:00,LINE1-M01,301.6,311.0,1288,55.4,29,Running,True,3663
3664,2026-06-11T10:31:00,LINE1-M02,303.4,314.7,1491,30.9,31,Running,True,3664
3665,2026-06-11T10:35:00,LINE1-M02,297.9,309.1,1593,52.1,36,Running,True,3665
3666,2026-06-11T10:38:00,LINE2-M02,301.1,309.9,1543,46.3,38,Running,True,3666
3667,2026-06-11T10:42:00,LINE2-M02,301.6,310.8,1810,38.2,43,Idle,True,3667
3668,2026-06-11T10:47:00,LINE2-M01,297.1,308.5,1502,53.8,46,Running,True,3668
3669,2026-06-11T10:53:00,LINE2-M02,302.8,312.7,1758,34.6,49,Running,True,3669
3670,2026-06-11T10:59:00,LINE2-M01,303.1,312.8,1581,58.1,54,Stopped,False,3670
3671,2026-06-11T11:03:00,LINE1-M02,301.0,311.7,1900,32.8,56,Running,True,3671
3672,2026-06-11T11:08:00,LINE1-M01,298.2,307.6,1347,33.7,59,Running,True,3672
3673,2026-06-11T11:13:00,LINE3-M02,299.8,309.9,1616,61.0,62,Maintenance,False,3673
3674,2026-06-11T11:18:00,LINE1-M01,303.8,316.3,1356,22.1,64,Stopped,False,3674
3675,2026-06-11T11:24:00,LINE3-M01,298.4,308.6,1756,30.5,66,Running,True,3675
3676,2026-06-11T11:27:00,LINE3-M01,302.4,313.6,1418,41.8,68,Running,True,3676
3677,2026-06-11T11:33:00,LINE2-M01,298.1,308.5,1682,38.5,71,Idle,True,3677
3678,2026-06-11T11:37:00,LINE3-M01,305.4,314.7,1428,42.2,73,Running,True,3678
3679,2026-06-11T11:41:00,LINE1-M01,298.9,309.7,1178,44.4,76,Idle,True,3679
3680,2026-06-11T11:47:00,LINE3-M02,299.7,310.2,1745,48.5,79,Running,True,3680
3681,2026-06-11T11:51:00,LINE3-M02,299.6,308.6,1518,33.7,81,Running,True,3681
3682,2026-06-11T11:53:00,LINE2-M02,299.6,310.8,1544,50.4,83,Running,True,3682
3683,2026-06-11T11:55:00,LINE2-M01,302.0,310.8,1308,46.3,85,Idle,True,3683
3684,2026-06-11T12:01:00,LINE2-M02,298.6,308.1,1633,38.6,88,Running,True,3684
3685,2026-06-11T12:07:00,LINE1-M01,296.4,306.9,1653,26.4,90,Running,True,3685
3686,2026-06-11T12:09:00,LINE3-M02,300.2,310.7,1827,36.3,92,Running,True,3686
3687,2026-06-11T12:12:00,LINE1-M01,298.9,308.1,1599,19.9,94,Stopped,False,3687
3688,2026-06-11T12:16:00,LINE2-M02,304.2,313.3,1812,44.4,96,Running,True,3688
3689,2026-06-11T12:20:00,LINE2-M01,301.3,312.0,1547,50.1,101,Running,True,3689
3690,2026-06-11T12:26:00,LINE2-M01,296.9,306.4,1280,47.9,104,Running,True,3690
3691,2026-06-11T12:32:00,LINE1-M01,302.7,313.9,1271,48.1,107,Idle,True,3691
3692,2026-06-11T12:34:00,LINE3-M01,301.3,309.7,1656,23.1,109,Running,True,3692
3693,2026-06-11T12:39:00,LINE1-M02,302.5,310.5,1617,42.4,114,Running,True,3693
3694,2026-06-11T12:42:00,LINE2-M02,296.0,305.3,1291,48.6,116,Running,True,3694
3695,2026-06-11T12:48:00,LINE1-M02,302.8,311.6,1640,40.1,119,Running,True,3695
3696,2026-06-11T12:51:00,LINE3-M02,303.0,313.4,1763,45.3,121,Running,True,3696
3697,2026-06-11T12:56:00,LINE3-M01,297.7,308.2,1691,48.0,124,Running,True,3697
3698,2026-06-11T13:02:00,LINE2-M02,299.0,308.8,1552,46.0,127,Running,True,3698
3699,2026-06-11T13:04:00,LINE3-M02,302.1,311.1,1452,60.1,129,Stopped,False,3699
3700,2026-06-11T13:10:00,LINE1-M02,302.0,309.5,1876,41.1,131,Idle,True,3700
3701,2026-06-11T13:15:00,LINE3-M02,300.6,311.5,1526,42.4,136,Running,True,3701
3702,2026-06-11T13:19:00,LINE3-M01,303.4,314.3,1215,24.6,139,Stopped,True,3702
3703,2026-06-11T13:24:00,LINE2-M02,299.5,309.9,1256,43.9,141,Running,True,3703
3704,2026-06-11T13:30:00,LINE2-M01,301.0,309.1,1691,46.0,144,Running,True,3704
3705,2026-06-11T13:35:00,LINE1-M02,295.6,306.7,1511,20.7,146,Stopped,False,3705
3706,2026-06-11T13:39:00,LINE3-M01,300.3,310.7,1184,53.4,148,Running,True,3706
3707,2026-06-11T13:44:00,LINE1-M01,296.5,306.2,1416,39.6,150,Idle,True,3707
3708,2026-06-11T13:49:00,LINE2-M02,299.2,309.7,1927,47.8,152,Stopped,False,3708
3709,2026-06-11T13:52:00,LINE3-M02,303.7,312.4,1620,67.1,157,Maintenance,True,3709
3710,2026-06-11T13:54:00,LINE2-M01,297.4,308.7,1322,36.9,160,Running,True,3710
3711,2026-06-11T13:58:00,LINE2-M02,298.8,308.5,1570,48.1,163,Running,True,3711
3712,2026-06-11T14:03:00,LINE3-M01,301.8,312.5,1761,32.5,165,Idle,True,3712
3713,2026-06-11T14:09:00,LINE1-M02,301.9,312.9,1506,42.4,167,Running,True,3713
3714,2026-06-11T14:11:00,LINE2-M01,302.5,313.8,1462,44.1,172,Running,True,3714
3715,2026-06-11T14:15:00,LINE1-M01,303.4,314.9,1566,48.5,175,Running,True,3715
3716,2026-06-11T14:17:00,LINE3-M01,302.2,312.0,1198,29.8,177,Idle,True,3716
3717,2026-06-11T14:23:00,LINE3-M02,301.0,311.1,1508,52.3,179,Running,True,3717
3718,2026-06-11T14:26:00,LINE3-M01,300.3,310.8,1480,20.7,181,Stopped,False,3718
3719,2026-06-11T14:29:00,LINE3-M01,297.7,308.2,1766,62.3,183,Stopped,False,3719
3720,2026-06-11T14:35:00,LINE3-M02,300.0,309.3,1341,25.1,185,Running,True,3720
3721,2026-06-11T14:39:00,LINE2-M01,298.3,309.0,1968,32.0,187,Running,True,3721
3722,2026-06-11T14:42:00,LINE3-M01,301.6,312.0,1579,14.9,189,Stopped,False,3722
3723,2026-06-11T14:46:00,LINE2-M02,299.7,309.5,1168,35.8,194,Running,True,3723
3724,2026-06-11T14:52:00,LINE1-M01,302.2,310.3,1341,35.8,196,Stopped,True,3724
3725,2026-06-11T14:57:00,LINE2-M02,297.7,307.6,1242,39.3,201,Running,True,3725
3726,2026-06-11T14:59:00,LINE2-M02,302.4,313.3,1823,32.8,203,Running,True,3726
3727,2026-06-11T15:02:00,LINE1-M02,298.3,308.0,1720,34.3,205,Running,True,3727
3728,2026-06-11T15:04:00,LINE1-M02,298.1,307.4,1437,46.1,208,Running,True,3728
3729,2026-06-11T15:10:00,LINE2-M02,301.4,311.3,1483,37.4,210,Stopped,True,3729
3730,2026-06-11T15:13:00,LINE1-M01,300.9,311.3,1889,48.0,212,Stopped,False,3730
3731,2026-06-11T15:19:00,LINE2-M01,299.1,310.6,1438,34.5,215,Stopped,False,3731
3732,2026-06-11T15:25:00,LINE1-M01,300.1,311.5,1168,30.9,217,Running,True,3732
3733,2026-06-11T15:29:00,LINE3-M02,299.7,310.3,1387,43.0,222,Running,True,3733
3734,2026-06-11T15:31:00,LINE1-M02,297.0,309.5,1168,37.3,225,Maintenance,False,3734
3735,2026-06-11T15:35:00,LINE1-M02,301.9,312.4,1823,35.3,230,Stopped,False,3735
3736,2026-06-11T15:39:00,LINE1-M01,301.8,310.7,1168,50.3,232,Maintenance,False,3736
3737,2026-06-11T15:42:00,LINE1-M01,300.8,310.6,1502,31.4,234,Running,True,3737
3738,2026-06-11T15:44:00,LINE2-M02,295.5,305.0,1472,41.1,236,Maintenance,False,3738
3739,2026-06-11T15:47:00,LINE1-M01,298.9,306.8,1803,40.1,239,Stopped,False,3739
3740,2026-06-11T15:52:00,LINE3-M01,299.0,309.7,1649,33.7,0,Running,True,3740
3741,2026-06-11T15:58:00,LINE3-M01,304.1,313.8,1484,43.9,2,Running,True,3741
3742,2026-06-11T16:04:00,LINE2-M02,298.9,309.7,1295,38.3,4,Running,True,3742
3743,2026-06-11T16:06:00,LINE2-M01,302.0,313.2,1623,44.1,6,Running,True,3743
3744,2026-06-11T16:08:00,LINE2-M01,296.3,306.1,2037,32.9,8,Idle,True,3744
3745,2026-06-11T16:13:00,LINE2-M02,298.9,308.8,1655,26.8,13,Running,True,3745
3746,2026-06-11T16:16:00,LINE1-M02,301.6,312.0,1581,45.6,15,Running,True,3746
3747,2026-06-11T16:21:00,LINE1-M02,304.2,312.8,1513,45.4,17,Running,True,3747
3748,2026-06-11T16:26:00,LINE2-M01,299.1,308.6,1978,36.4,19,Running,True,3748
3749,2026-06-11T16:29:00,LINE1-M01,296.9,307.9,1581,34.8,22,Running,True,3749
3750,2026-06-11T16:32:00,LINE2-M02,299.0,309.0,1662,37.8,27,Running,True,3750
3751,2026-06-11T16:34:00,LINE3-M01,301.5,311.9,1731,34.5,29,Running,True,3751
3752,2026-06-11T16:36:00,LINE2-M02,302.7,313.5,1799,40.2,31,Running,True,3752
3753,2026-06-11T16:38:00,LINE1-M01,300.1,309.9,1443,35.7,33,Running,True,3753
3754,2026-06-11T16:41:00,LINE1-M01,297.8,309.1,1234,43.1,36,Running,True,3754
3755,2026-06-11T16:43:00,LINE3-M02,302.7,311.4,1188,43.4,41,Running,True,3755
3756,2026-06-11T16:48:00,LINE2-M02,298.1,308.8,1442,35.2,46,Running,True,3756
3757,2026-06-11T16:54:00,LINE1-M01,297.2,306.5,1515,17.3,48,Stopped,False,3757
3758,2026-06-11T17:00:00,LINE1-M01,300.7,311.5,1603,32.1,50,Running,True,3758
3759,2026-06-11T17:04:00,LINE3-M02,301.1,308.9,1471,36.1,52,Running,True,3759
3760,2026-06-11T17:07:00,LINE2-M02,301.1,311.3,1668,50.7,54,Running,True,3760
3761,2026-06-11T17:11:00,LINE2-M02,304.2,314.5,1321,25.6,59,Idle,True,3761
3762,2026-06-11T17:17:00,LINE2-M01,298.5,306.5,1659,37.2,61,Running,True,3762
3763,2026-06-11T17:20:00,LINE1-M02,300.5,309.8,2007,47.4,66,Maintenance,False,3763
3764,2026-06-11T17:23:00,LINE1-M02,298.0,308.6,1479,52.9,69,Running,True,3764
3765,2026-06-11T17:29:00,LINE2-M02,299.8,309.2,1459,36.2,72,Idle,True,3765
3766,2026-06-11T17:35:00,LINE1-M01,297.5,307.5,1812,52.2,77,Maintenance,True,3766
3767,2026-06-11T17:41:00,LINE1-M01,298.4,307.3,1660,32.7,82,Idle,True,3767
3768,2026-06-11T17:46:00,LINE1-M02,300.2,311.6,1168,51.5,85,Running,True,3768
3769,2026-06-11T17:50:00,LINE2-M01,296.3,306.4,1584,39.3,88,Running,True,3769
3770,2026-06-11T17:55:00,LINE2-M02,298.0,308.9,1722,34.8,93,Idle,True,3770
3771,2026-06-11T17:59:00,LINE2-M01,301.4,311.7,1532,24.2,95,Running,True,3771
3772,2026-06-11T18:01:00,LINE1-M02,299.4,308.4,1346,30.1,98,Running,True,3772
3773,2026-06-11T18:03:00,LINE1-M01,300.4,311.0,1600,29.7,100,Running,True,3773
3774,2026-06-11T18:05:00,LINE3-M01,296.6,304.7,1788,40.4,102,Running,True,3774
3775,2026-06-11T18:10:00,LINE3-M01,303.7,312.2,1368,32.2,104,Maintenance,False,3775
3776,2026-06-11T18:15:00,LINE1-M01,298.0,308.8,1875,28.2,109,Running,True,3776
3777,2026-06-11T18:17:00,LINE1-M02,299.8,309.5,1606,29.1,111,Running,True,3777
3778,2026-06-11T18:20:00,LINE3-M02,297.8,309.0,1557,60.5,114,Stopped,False,3778
3779,2026-06-11T18:22:00,LINE2-M01,301.7,310.7,1168,35.8,117,Idle,True,3779
3780,2026-06-11T18:27:00,LINE2-M01,297.6,307.6,1168,42.7,119,Running,True,3780
3781,2026-06-11T18:31:00,LINE3-M02,298.0,307.4,1358,34.8,122,Running,True,3781
3782,2026-06-11T18:33:00,LINE2-M02,298.3,309.7,1505,58.3,125,Stopped,False,3782
3783,2026-06-11T18:37:00,LINE1-M01,302.4,312.9,1235,47.8,127,Running,True,3783
3784,2026-06-11T18:41:00,LINE1-M01,299.9,311.4,1458,39.4,129,Running,True,3784
3785,2026-06-11T18:47:00,LINE1-M01,299.7,308.2,1403,44.4,132,Running,True,3785
3786,2026-06-11T18:53:00,LINE1-M01,300.9,310.2,1513,15.5,134,Stopped,True,3786
3787,2026-06-11T18:57:00,LINE3-M02,299.9,311.8,1281,24.4,136,Maintenance,False,3787
3788,2026-06-11T19:00:00,LINE2-M01,300.4,312.9,1371,49.6,138,Running,True,3788
3789,2026-06-11T19:04:00,LINE2-M01,302.6,312.4,1625,48.6,143,Running,True,3789
3790,2026-06-11T19:07:00,LINE2-M02,301.1,309.3,1236,42.4,145,Stopped,False,3790
3791,2026-06-11T19:12:00,LINE3-M02,303.9,315.0,2198,30.7,147,Running,True,3791
3792,2026-06-11T19:17:00,LINE2-M01,298.0,306.7,1514,39.5,152,Running,True,3792
3793,2026-06-11T19:23:00,LINE1-M02,299.2,309.9,1422,25.2,154,Running,True,3793
3794,2026-06-11T19:27:00,LINE1-M02,297.8,308.2,1471,40.0,157,Running,True,3794
3795,2026-06-11T19:33:00,LINE1-M02,298.8,309.2,1481,33.6,159,Running,True,3795
3796,2026-06-11T19:38:00,LINE3-M02,303.6,313.4,1870,35.4,162,Running,True,3796
3797,2026-06-11T19:44:00,LINE1-M02,304.6,314.8,1340,54.4,165,Running,True,3797
3798,2026-06-11T19:48:00,LINE1-M02,297.9,309.4,1558,36.9,167,Running,True,3798
3799,2026-06-11T19:52:00,LINE1-M01,296.2,307.4,1887,33.4,170,Idle,True,3799
3800,2026-06-11T19:58:00,LINE2-M02,301.1,311.6,1497,28.0,172,Running,True,3800
3801,2026-06-11T20:00:00,LINE1-M01,299.0,308.2,1267,46.2,174,Running,True,3801
3802,2026-06-11T20:02:00,LINE1-M01,303.0,312.4,1961,26.3,176,Idle,True,3802
3803,2026-06-11T20:08:00,LINE2-M01,298.5,308.5,1544,44.5,178,Running,True,3803
3804,2026-06-11T20:13:00,LINE2-M02,297.7,307.6,1607,40.8,181,Idle,True,3804
3805,2026-06-11T20:18:00,LINE1-M02,302.4,311.8,1572,42.5,184,Running,True,3805
3806,2026-06-11T20:20:00,LINE1-M02,297.0,307.3,1499,30.2,186,Running,True,3806
3807,2026-06-11T20:23:00,LINE3-M02,298.5,308.6,1596,41.3,189,Running,True,3807
3808,2026-06-11T20:27:00,LINE2-M02,298.5,308.9,1168,54.9,192,Running,True,3808
3809,2026-06-11T20:29:00,LINE2-M01,301.2,310.9,1235,61.0,197,Running,True,3809
3810,2026-06-11T20:33:00,LINE1-M02,300.6,310.6,1764,46.8,200,Running,True,3810
3811,2026-06-11T20:36:00,LINE1-M01,298.7,309.1,1435,51.9,202,Running,True,3811
3812,2026-06-11T20:42:00,LINE1-M02,298.6,309.2,1420,29.7,205,Maintenance,False,3812
3813,2026-06-11T20:47:00,LINE2-M02,300.5,310.8,1612,33.0,207,Idle,True,3813
3814,2026-06-11T20:49:00,LINE2-M02,304.0,313.1,1696,38.2,210,Running,True,3814
3815,2026-06-11T20:53:00,LINE3-M02,304.1,314.0,1358,50.7,213,Running,True,3815
3816,2026-06-11T20:57:00,LINE3-M01,298.8,308.7,1550,31.4,218,Running,True,3816
3817,2026-06-11T21:01:00,LINE1-M02,300.3,311.1,1325,55.1,220,Stopped,False,3817
3818,2026-06-11T21:07:00,LINE3-M01,301.1,311.2,1387,38.2,225,Stopped,False,3818
3819,2026-06-11T21:09:00,LINE2-M02,299.6,308.9,1897,36.4,227,Stopped,False,3819
3820,2026-06-11T21:13:00,LINE3-M02,304.2,313.6,1247,49.5,230,Running,True,3820
3821,2026-06-11T21:15:00,LINE1-M02,302.1,310.6,1581,46.7,232,Idle,True,3821
3822,2026-06-11T21:19:00,LINE3-M01,296.7,307.2,1717,39.8,235,Stopped,False,3822
3823,2026-06-11T21:25:00,LINE2-M01,301.8,312.7,1623,39.0,238,Maintenance,True,3823
3824,2026-06-11T21:28:00,LINE3-M02,300.7,311.3,1302,39.5,0,Running,True,3824
3825,2026-06-11T21:32:00,LINE2-M01,297.0,305.6,1629,35.6,2,Idle,True,3825
3826,2026-06-11T21:35:00,LINE2-M01,298.5,308.3,1820,42.7,4,Running,True,3826
3827,2026-06-11T21:40:00,LINE2-M02,300.8,310.6,1379,26.0,6,Running,True,3827
3828,2026-06-11T21:46:00,LINE3-M02,298.9,307.9,1314,43.3,11,Running,True,3828
3829,2026-06-11T21:51:00,LINE2-M01,299.9,307.8,1495,26.4,13,Running,True,3829
3830,2026-06-11T21:53:00,LINE1-M01,300.9,310.2,1539,38.1,18,Running,True,3830
3831,2026-06-11T21:59:00,LINE3-M02,298.4,308.0,1396,33.4,20,Running,True,3831
3832,2026-06-11T22:04:00,LINE2-M02,300.5,310.1,1291,49.7,25,Running,True,3832
3833,2026-06-11T22:09:00,LINE3-M01,301.7,313.8,1577,51.6,27,Running,True,3833
3834,2026-06-11T22:15:00,LINE1-M01,300.1,310.2,1519,52.6,29,Running,True,3834
3835,2026-06-11T22:20:00,LINE3-M01,298.8,309.9,1473,49.1,31,Idle,True,3835
3836,2026-06-11T22:25:00,LINE3-M01,302.2,313.2,1569,39.0,34,Running,True,3836
3837,2026-06-11T22:27:00,LINE3-M02,302.4,313.0,1554,34.2,37,Running,True,3837
3838,2026-06-11T22:30:00,LINE2-M02,300.7,309.6,1972,15.3,39,Stopped,True,3838
3839,2026-06-11T22:34:00,LINE1-M02,302.4,311.7,1551,29.2,42,Running,True,3839
3840,2026-06-11T22:38:00,LINE2-M02,298.8,308.6,1612,27.0,44,Running,True,3840
3841,2026-06-11T22:40:00,LINE2-M02,301.3,311.2,1499,38.7,49,Running,True,3841
3842,2026-06-11T22:43:00,LINE1-M02,298.2,306.0,1717,49.4,51,Running,True,3842
3843,2026-06-11T22:45:00,LINE3-M02,298.5,308.5,1296,28.2,56,Running,True,3843
3844,2026-06-11T22:49:00,LINE1-M01,295.6,305.7,1308,47.3,58,Running,True,3844
3845,2026-06-11T22:54:00,LINE1-M02,300.1,309.9,1429,42.0,60,Running,True,3845
3846,2026-06-11T22:56:00,LINE2-M01,299.5,310.8,1168,56.3,65,Running,True,3846
3847,2026-06-11T23:01:00,LINE3-M02,298.1,307.8,1468,48.1,67,Running,True,3847
3848,2026-06-11T23:07:00,LINE1-M02,302.6,312.4,1332,55.0,69,Running,True,3848
3849,2026-06-11T23:11:00,LINE3-M02,296.6,306.4,1723,36.4,71,Running,True,3849
3850,2026-06-11T23:16:00,LINE3-M02,299.6,308.9,1878,42.9,73,Running,True,3850
3851,2026-06-11T23:18:00,LINE1-M02,301.1,311.1,1546,25.7,76,Running,True,3851
3852,2026-06-11T23:24:00,LINE3-M02,303.0,313.8,1387,44.9,78,Running,True,3852
3853,2026-06-11T23:30:00,LINE2-M01,297.5,308.5,1370,47.1,83,Running,True,3853
3854,2026-06-11T23:35:00,LINE2-M02,295.5,305.8,1630,23.7,85,Running,True,3854
3855,2026-06-11T23:39:00,LINE1-M02,300.2,310.2,1653,33.7,90,Running,True,3855
3856,2026-06-11T23:44:00,LINE1-M02,302.7,312.7,1654,35.5,93,Running,True,3856
3857,2026-06-11T23:47:00,LINE1-M02,300.8,310.9,1763,41.4,98,Idle,True,3857
3858,2026-06-11T23:50:00,LINE1-M02,299.1,308.6,1342,51.1,100,Running,True,3858
3859,2026-06-11T23:53:00,LINE1-M01,299.3,308.3,1482,52.6,103,Running,True,3859
3860,2026-06-11T23:58:00,LINE1-M01,297.4,308.5,1282,41.4,105,Running,True,3860
3861,2026-06-12T00:03:00,LINE3-M02,297.9,307.9,1893,51.7,107,Maintenance,False,3861
3862,2026-06-12T00:07:00,LINE2-M02,300.3,311.4,1939,39.2,112,Running,True,3862
3863,2026-06-12T00:13:00,LINE3-M02,298.1,307.5,1700,46.1,115,Running,True,3863
3864,2026-06-12T00:17:00,LINE1-M01,303.3,314.4,1487,55.7,117,Running,True,3864
3865,2026-06-12T00:23:00,LINE1-M01,298.3,308.1,1168,32.3,119,Running,True,3865
3866,2026-06-12T00:26:00,LINE1-M02,305.4,314.1,1851,46.9,121,Stopped,False,3866
3867,2026-06-12T00:29:00,LINE2-M01,301.1,310.9,1728,35.6,126,Idle,True,3867
3868,2026-06-12T00:33:00,LINE3-M01,297.8,307.3,1168,29.2,128,Running,True,3868
3869,2026-06-12T00:39:00,LINE1-M01,299.7,309.8,1375,41.7,130,Running,True,3869
3870,2026-06-12T00:43:00,LINE2-M01,299.2,310.1,1527,23.1,133,Running,True,3870
3871,2026-06-12T00:45:00,LINE2-M01,301.2,311.2,1605,27.6,135,Running,True,3871
3872,2026-06-12T00:50:00,LINE3-M01,299.4,308.3,1606,23.6,137,Running,True,3872
3873,2026-06-12T00:54:00,LINE2-M02,296.5,305.6,1414,27.9,139,Running,True,3873
3874,2026-06-12T00:56:00,LINE2-M02,297.9,307.4,1434,32.3,141,Running,True,3874
3875,2026-06-12T00:59:00,LINE3-M01,296.9,308.2,1257,30.3,144,Running,True,3875
3876,2026-06-12T01:03:00,LINE1-M02,304.5,313.2,1557,52.7,149,Running,True,3876
3877,2026-06-12T01:08:00,LINE2-M02,300.5,311.3,1707,42.6,151,Idle,True,3877
3878,2026-06-12T01:12:00,LINE3-M02,297.5,307.3,1207,37.6,154,Running,True,3878
3879,2026-06-12T01:17:00,LINE1-M02,299.4,308.9,1639,30.3,156,Running,True,3879
3880,2026-06-12T01:19:00,LINE1-M01,300.1,309.7,1447,46.6,158,Running,True,3880
3881,2026-06-12T01:23:00,LINE2-M01,300.6,312.4,1497,53.1,160,Running,True,3881
3882,2026-06-12T01:26:00,LINE2-M02,300.1,309.4,1412,40.7,162,Running,True,3882
3883,2026-06-12T01:30:00,LINE3-M01,298.5,308.0,1435,63.0,167,Stopped,True,3883
3884,2026-06-12T01:36:00,LINE3-M01,300.4,310.3,1488,39.1,169,Running,True,3884
3885,2026-06-12T01:42:00,LINE1-M01,301.7,311.3,1214,42.6,171,Running,True,3885
3886,2026-06-12T01:45:00,LINE1-M01,300.1,309.8,1537,34.7,173,Running,True,3886
3887,2026-06-12T01:47:00,LINE1-M02,300.2,309.8,1372,22.5,175,Stopped,False,3887
3888,2026-06-12T01:50:00,LINE3-M01,300.9,310.3,1331,27.3,177,Idle,True,3888
3889,2026-06-12T01:54:00,LINE1-M02,302.4,312.0,1446,17.8,182,Maintenance,False,3889
3890,2026-06-12T01:56:00,LINE3-M01,298.4,307.9,1815,65.4,184,Stopped,False,3890
3891,2026-06-12T01:59:00,LINE1-M01,299.2,309.3,1520,41.7,186,Running,True,3891
3892,2026-06-12T02:04:00,LINE2-M01,302.8,312.4,1623,45.7,188,Running,True,3892
3893,2026-06-12T02:09:00,LINE1-M01,299.0,308.2,1322,30.2,193,Running,True,3893
3894,2026-06-12T02:13:00,LINE2-M01,300.5,310.6,1419,34.3,198,Running,True,3894
3895,2026-06-12T02:18:00,LINE2-M01,300.0,310.8,1240,28.5,201,Running,True,3895
3896,2026-06-12T02:20:00,LINE2-M02,302.4,313.5,1455,28.9,203,Running,True,3896
3897,2026-06-12T02:23:00,LINE2-M01,298.2,308.0,1396,46.6,208,Running,True,3897
3898,2026-06-12T02:25:00,LINE2-M01,300.1,309.4,1503,36.9,210,Maintenance,False,3898
3899,2026-06-12T02:29:00,LINE2-M02,299.5,310.7,1333,52.4,215,Maintenance,False,3899
3900,2026-06-12T02:35:00,LINE2-M02,300.0,308.7,1402,40.7,217,Stopped,False,3900
3901,2026-06-12T02:41:00,LINE3-M01,299.0,309.6,1801,43.2,219,Idle,True,3901
3902,2026-06-12T02:45:00,LINE2-M01,303.9,312.9,1760,39.8,224,Idle,False,3902
3903,2026-06-12T02:49:00,LINE3-M02,298.7,308.0,1727,56.8,226,Stopped,False,3903
3904,2026-06-12T02:52:00,LINE2-M02,299.3,310.4,1378,31.0,228,Running,True,3904
3905,2026-06-12T02:58:00,LINE3-M01,299.5,309.8,1251,33.4,231,Stopped,False,3905
3906,2026-06-12T03:02:00,LINE1-M01,296.0,305.8,1459,60.7,236,Stopped,False,3906
3907,2026-06-12T03:08:00,LINE3-M02,299.5,309.8,1921,22.1,0,Running,True,3907
3908,2026-06-12T03:11:00,LINE2-M01,301.0,311.7,1221,55.6,2,Running,True,3908
3909,2026-06-12T03:15:00,LINE3-M02,296.5,306.0,1717,16.7,7,Maintenance,True,3909
3910,2026-06-12T03:20:00,LINE3-M02,298.9,308.7,1667,48.4,12,Running,True,3910
3911,2026-06-12T03:23:00,LINE3-M02,301.5,311.3,1168,47.5,14,Running,True,3911
3912,2026-06-12T03:26:00,LINE2-M02,302.2,313.1,1501,63.9,16,Stopped,False,3912
3913,2026-06-12T03:31:00,LINE2-M02,302.0,313.2,1882,30.4,19,Running,True,3913
3914,2026-06-12T03:33:00,LINE1-M02,299.3,307.8,1564,46.8,21,Running,True,3914
3915,2026-06-12T03:37:00,LINE3-M02,301.9,310.4,1200,50.0,26,Maintenance,True,3915
3916,2026-06-12T03:42:00,LINE2-M02,303.5,314.3,1218,55.5,28,Running,True,3916
3917,2026-06-12T03:45:00,LINE3-M02,303.7,313.4,1437,67.4,30,Stopped,False,3917
3918,2026-06-12T03:49:00,LINE1-M01,300.7,310.5,1374,40.7,33,Running,True,3918
3919,2026-06-12T03:53:00,LINE1-M02,304.1,313.3,1624,42.3,35,Running,True,3919
3920,2026-06-12T03:57:00,LINE1-M02,297.4,306.5,1469,54.1,38,Running,True,3920
3921,2026-06-12T04:00:00,LINE1-M01,301.7,312.4,1436,29.0,40,Running,True,3921
3922,2026-06-12T04:04:00,LINE1-M02,297.2,306.9,1608,64.4,45,Maintenance,True,3922
3923,2026-06-12T04:09:00,LINE1-M02,301.6,312.6,1529,40.6,48,Idle,True,3923
3924,2026-06-12T04:14:00,LINE3-M02,299.1,308.6,1523,25.6,53,Running,True,3924
3925,2026-06-12T04:20:00,LINE1-M02,303.3,313.2,1834,42.9,56,Running,True,3925
3926,2026-06-12T04:23:00,LINE1-M02,300.1,309.6,1412,43.6,61,Running,True,3926
3927,2026-06-12T04:28:00,LINE1-M01,299.4,309.3,1677,38.2,66,Running,True,3927
3928,2026-06-12T04:34:00,LINE3-M02,302.0,312.5,1648,49.3,68,Running,True,3928
3929,2026-06-12T04:37:00,LINE1-M01,302.3,313.8,1695,25.5,70,Running,True,3929
3930,2026-06-12T04:43:00,LINE2-M01,295.8,307.9,1333,46.6,75,Running,True,3930
3931,2026-06-12T04:46:00,LINE1-M01,301.9,313.3,1584,30.4,77,Running,True,3931
3932,2026-06-12T04:51:00,LINE2-M02,300.9,312.2,1238,55.2,80,Running,True,3932
3933,2026-06-12T04:53:00,LINE2-M02,303.2,314.4,1172,35.6,83,Running,True,3933
3934,2026-06-12T04:58:00,LINE2-M02,298.4,308.2,1168,51.9,85,Running,True,3934
3935,2026-06-12T05:00:00,LINE3-M01,297.3,306.9,1336,45.1,87,Idle,True,3935
3936,2026-06-12T05:06:00,LINE2-M02,302.5,312.6,1428,24.2,89,Running,True,3936
3937,2026-06-12T05:09:00,LINE2-M01,298.4,307.3,1436,41.2,91,Idle,True,3937
3938,2026-06-12T05:14:00,LINE2-M02,299.7,310.1,1689,44.2,93,Running,True,3938
3939,2026-06-12T05:19:00,LINE3-M02,299.8,310.3,1373,46.6,95,Running,True,3939
3940,2026-06-12T05:21:00,LINE2-M02,299.4,310.5,1597,45.1,100,Running,True,3940
3941,2026-06-12T05:24:00,LINE3-M02,302.0,312.4,1805,57.2,105,Stopped,False,3941
3942,2026-06-12T05:29:00,LINE3-M02,302.2,312.9,1558,34.5,107,Idle,True,3942
3943,2026-06-12T05:32:00,LINE2-M01,300.8,312.3,1508,25.6,112,Running,True,3943
3944,2026-06-12T05:37:00,LINE2-M01,299.0,308.3,1392,46.0,115,Running,False,3944
3945,2026-06-12T05:43:00,LINE1-M01,300.0,311.8,1370,52.0,117,Idle,True,3945
3946,2026-06-12T05:45:00,LINE1-M02,300.7,310.4,1605,20.8,122,Stopped,False,3946
3947,2026-06-12T05:51:00,LINE3-M02,299.8,309.5,1894,25.0,127,Running,True,3947
3948,2026-06-12T05:56:00,LINE2-M01,303.3,312.1,1168,45.6,129,Idle,True,3948
3949,2026-06-12T06:00:00,LINE2-M01,298.5,307.8,1415,40.4,131,Running,True,3949
3950,2026-06-12T06:04:00,LINE1-M01,298.9,309.9,1746,48.4,134,Running,True,3950
3951,2026-06-12T06:09:00,LINE3-M02,297.3,307.9,1796,34.8,137,Running,True,3951
3952,2026-06-12T06:11:00,LINE3-M02,296.0,306.7,1503,44.9,142,Running,True,3952
3953,2026-06-12T06:15:00,LINE1-M01,301.6,312.6,1630,38.5,144,Running,True,3953
3954,2026-06-12T06:20:00,LINE2-M02,300.8,311.4,1488,33.2,146,Running,True,3954
3955,2026-06-12T06:25:00,LINE1-M02,301.9,312.9,1304,48.8,148,Idle,True,3955
3956,2026-06-12T06:29:00,LINE1-M02,296.7,307.6,1354,34.0,150,Running,True,3956
3957,2026-06-12T06:35:00,LINE3-M02,302.1,311.5,1477,47.1,155,Running,True,3957
3958,2026-06-12T06:37:00,LINE2-M01,298.7,310.3,1498,33.7,157,Running,True,3958
3959,2026-06-12T06:41:00,LINE3-M01,298.7,307.2,1583,54.7,159,Stopped,True,3959
3960,2026-06-12T06:45:00,LINE3-M01,298.4,307.1,1370,38.8,161,Idle,True,3960
3961,2026-06-12T06:47:00,LINE2-M02,297.7,308.8,1248,38.3,163,Idle,True,3961
3962,2026-06-12T06:51:00,LINE3-M02,298.5,309.6,1470,33.1,165,Running,True,3962
3963,2026-06-12T06:57:00,LINE1-M01,300.1,310.6,1373,38.2,167,Running,True,3963
3964,2026-06-12T07:02:00,LINE2-M02,298.0,308.0,1276,52.9,170,Running,True,3964
3965,2026-06-12T07:04:00,LINE3-M02,299.3,310.4,1680,40.3,175,Idle,True,3965
3966,2026-06-12T07:07:00,LINE3-M02,299.5,309.2,1778,46.8,178,Running,True,3966
3967,2026-06-12T07:11:00,LINE3-M02,300.3,310.0,1324,31.4,181,Running,True,3967
3968,2026-06-12T07:15:00,LINE2-M02,298.2,307.2,1168,40.3,183,Running,True,3968
3969,2026-06-12T07:17:00,LINE2-M01,301.9,312.5,1269,20.0,185,Stopped,False,3969
3970,2026-06-12T07:19:00,LINE2-M02,299.4,309.5,1486,20.7,190,Stopped,False,3970
3971,2026-06-12T07:22:00,LINE1-M01,299.5,309.0,1959,30.9,192,Running,True,3971
3972,2026-06-12T07:24:00,LINE1-M01,301.0,312.1,1423,46.8,194,Running,True,3972
3973,2026-06-12T07:30:00,LINE2-M02,300.8,311.5,1381,42.5,199,Running,True,3973
3974,2026-06-12T07:36:00,LINE2-M01,300.1,309.3,1703,43.4,204,Running,True,3974
3975,2026-06-12T07:40:00,LINE2-M01,300.9,310.0,1564,53.0,206,Idle,True,3975
3976,2026-06-12T07:46:00,LINE2-M01,302.8,311.4,1321,40.7,209,Stopped,False,3976
3977,2026-06-12T07:52:00,LINE3-M02,298.2,306.4,1659,45.5,211,Running,True,3977
3978,2026-06-12T07:55:00,LINE2-M02,299.0,308.9,1751,48.1,214,Running,True,3978
3979,2026-06-12T08:00:00,LINE1-M02,297.3,308.0,1705,23.5,216,Running,True,3979
3980,2026-06-12T08:06:00,LINE1-M02,303.0,314.9,1321,41.7,218,Stopped,False,3980
3981,2026-06-12T08:11:00,LINE2-M01,300.5,310.7,1716,35.7,223,Maintenance,True,3981
3982,2026-06-12T08:15:00,LINE3-M01,301.9,312.9,1170,33.3,225,Running,True,3982
3983,2026-06-12T08:18:00,LINE1-M02,300.1,310.3,1654,31.2,227,Running,True,3983
3984,2026-06-12T08:23:00,LINE1-M02,300.2,308.6,1482,31.4,230,Stopped,False,3984
3985,2026-06-12T08:26:00,LINE3-M01,302.1,310.9,1462,25.0,235,Stopped,False,3985
3986,2026-06-12T08:32:00,LINE1-M02,301.6,312.6,1562,28.2,237,Stopped,True,3986
3987,2026-06-12T08:36:00,LINE1-M01,297.8,307.5,1914,59.0,239,Maintenance,False,3987
3988,2026-06-12T08:42:00,LINE1-M01,296.6,307.8,1688,33.3,0,Running,True,3988
3989,2026-06-12T08:48:00,LINE2-M01,298.2,306.2,1168,36.6,2,Maintenance,False,3989
3990,2026-06-12T08:53:00,LINE1-M01,296.0,306.2,1696,29.5,4,Running,True,3990
3991,2026-06-12T08:58:00,LINE3-M01,299.8,311.2,1575,48.1,6,Running,True,3991
3992,2026-06-12T09:01:00,LINE2-M02,297.8,307.9,1714,48.6,8,Running,True,3992
3993,2026-06-12T09:06:00,LINE1-M01,300.2,310.1,1468,34.2,11,Idle,True,3993
3994,2026-06-12T09:09:00,LINE3-M01,300.6,311.0,1869,26.6,13,Running,True,3994
3995,2026-06-12T09:11:00,LINE2-M01,299.7,310.5,1360,54.7,16,Running,True,3995
3996,2026-06-12T09:14:00,LINE3-M01,302.0,311.3,2005,31.9,18,Running,True,3996
3997,2026-06-12T09:18:00,LINE3-M01,298.4,308.1,1403,41.3,20,Running,True,3997
3998,2026-06-12T09:20:00,LINE1-M01,298.7,308.5,1568,45.8,22,Running,False,3998
3999,2026-06-12T09:24:00,LINE3-M01,301.7,312.0,1658,33.5,24,Idle,True,3999
4000,2026-06-12T09:27:00,LINE1-M01,301.4,311.7,1338,43.8,26,Idle,True,4000
4001,2026-06-12T09:31:00,LINE3-M01,297.0,303.5,1931,45.7,28,Stopped,False,4001
4002,2026-06-12T09:35:00,LINE1-M01,296.0,305.3,1761,43.2,30,Running,True,4002
4003,2026-06-12T09:37:00,LINE3-M01,302.4,312.8,1614,44.7,32,Idle,True,4003
4004,2026-06-12T09:43:00,LINE1-M02,300.4,309.6,1299,40.2,34,Running,True,4004
4005,2026-06-12T09:48:00,LINE3-M02,299.0,309.7,1250,38.7,37,Idle,True,4005
4006,2026-06-12T09:52:00,LINE1-M01,302.3,313.2,1488,51.1,39,Running,True,4006
4007,2026-06-12T09:55:00,LINE2-M02,298.4,307.2,1510,28.4,41,Running,True,4007
4008,2026-06-12T10:00:00,LINE1-M02,300.3,310.1,1193,38.9,43,Running,True,4008
4009,2026-06-12T10:04:00,LINE2-M01,299.6,310.1,1501,38.6,45,Running,True,4009
4010,2026-06-12T10:09:00,LINE3-M02,297.8,307.7,1330,44.6,47,Running,True,4010
4011,2026-06-12T10:14:00,LINE2-M02,298.6,308.1,1644,56.7,49,Stopped,False,4011
4012,2026-06-12T10:20:00,LINE3-M02,302.4,311.1,1796,46.5,51,Running,True,4012
4013,2026-06-12T10:22:00,LINE1-M01,301.2,311.3,1168,46.9,54,Running,True,4013
4014,2026-06-12T10:27:00,LINE3-M02,298.8,307.1,1168,27.2,56,Stopped,False,4014
4015,2026-06-12T10:29:00,LINE3-M02,302.4,311.7,1588,26.2,61,Running,True,4015
4016,2026-06-12T10:32:00,LINE2-M01,301.5,312.2,1575,41.7,64,Running,True,4016
4017,2026-06-12T10:37:00,LINE2-M01,299.5,308.7,1283,38.5,69,Running,True,4017
4018,2026-06-12T10:42:00,LINE1-M01,301.4,312.0,1562,52.6,71,Running,True,4018
4019,2026-06-12T10:45:00,LINE2-M01,296.8,306.6,1785,45.2,76,Running,True,4019
4020,2026-06-12T10:49:00,LINE3-M02,297.1,306.2,1951,34.9,78,Running,True,4020
4021,2026-06-12T10:55:00,LINE2-M01,300.7,310.2,1734,52.0,81,Maintenance,False,4021
4022,2026-06-12T11:00:00,LINE3-M01,301.5,310.1,1583,45.3,83,Running,True,4022
4023,2026-06-12T11:05:00,LINE2-M02,297.6,306.7,1681,49.0,85,Running,True,4023
4024,2026-06-12T11:11:00,LINE3-M02,301.1,310.4,1235,49.3,88,Idle,True,4024
4025,2026-06-12T11:13:00,LINE3-M02,300.1,311.0,1743,30.8,90,Running,True,4025
4026,2026-06-12T11:18:00,LINE1-M02,303.0,311.7,1950,36.6,92,Idle,True,4026
4027,2026-06-12T11:23:00,LINE3-M01,302.0,312.0,1628,44.3,94,Running,True,4027
4028,2026-06-12T11:29:00,LINE3-M01,302.6,311.9,1494,36.9,99,Running,True,4028
4029,2026-06-12T11:32:00,LINE2-M02,297.8,307.6,1754,38.9,104,Running,True,4029
4030,2026-06-12T11:36:00,LINE3-M02,299.9,310.0,1525,44.5,107,Idle,True,4030
4031,2026-06-12T11:42:00,LINE3-M02,302.5,312.5,1448,41.5,112,Idle,True,4031
4032,2026-06-12T11:45:00,LINE2-M02,301.5,310.1,1902,15.2,117,Maintenance,True,4032
4033,2026-06-12T11:51:00,LINE2-M02,300.5,312.5,1507,50.6,119,Running,True,4033
4034,2026-06-12T11:57:00,LINE1-M01,298.0,306.6,1168,39.3,121,Running,True,4034
4035,2026-06-12T12:00:00,LINE2-M02,295.2,304.7,1524,29.2,123,Running,True,4035
4036,2026-06-12T12:03:00,LINE2-M02,302.8,312.5,1542,40.0,126,Running,True,4036
4037,2026-06-12T12:06:00,LINE1-M01,303.6,313.9,1334,40.3,128,Running,True,4037
4038,2026-06-12T12:08:00,LINE3-M01,299.3,308.0,1417,35.8,130,Running,True,4038
4039,2026-06-12T12:11:00,LINE2-M01,303.3,314.3,1876,36.9,132,Running,True,4039
4040,2026-06-12T12:14:00,LINE2-M01,298.7,310.1,1527,27.7,134,Idle,True,4040
4041,2026-06-12T12:16:00,LINE1-M01,298.2,307.4,1611,62.6,139,Maintenance,False,4041
4042,2026-06-12T12:20:00,LINE2-M01,298.5,307.0,1974,43.5,144,Running,True,4042
4043,2026-06-12T12:22:00,LINE2-M02,298.7,309.5,1782,35.1,146,Running,True,4043
4044,2026-06-12T12:26:00,LINE1-M02,300.5,311.6,1220,23.6,148,Maintenance,False,4044
4045,2026-06-12T12:28:00,LINE3-M02,303.4,314.1,1522,34.0,150,Idle,True,4045
4046,2026-06-12T12:32:00,LINE1-M01,297.2,306.8,1700,21.4,155,Idle,True,4046
4047,2026-06-12T12:35:00,LINE2-M01,302.8,313.1,1526,23.5,158,Running,True,4047
4048,2026-06-12T12:39:00,LINE3-M01,299.9,308.7,1646,38.5,160,Running,True,4048
4049,2026-06-12T12:43:00,LINE1-M02,297.7,309.3,1924,40.9,165,Idle,True,4049
4050,2026-06-12T12:45:00,LINE1-M01,299.9,310.2,1280,43.9,167,Running,True,4050
4051,2026-06-12T12:48:00,LINE1-M02,301.5,310.3,1689,40.0,169,Running,True,4051
4052,2026-06-12T12:50:00,LINE1-M02,299.4,309.2,1450,30.8,171,Idle,True,4052
4053,2026-06-12T12:54:00,LINE1-M02,301.3,312.2,1217,60.5,174,Running,True,4053
4054,2026-06-12T12:57:00,LINE1-M01,297.9,307.0,1791,40.0,177,Running,True,4054
4055,2026-06-12T13:01:00,LINE1-M01,300.5,310.8,1367,38.5,180,Running,True,4055
4056,2026-06-12T13:03:00,LINE1-M02,299.6,309.1,1564,57.1,182,Stopped,False,4056
4057,2026-06-12T13:08:00,LINE2-M01,297.6,309.0,1485,36.5,184,Running,True,4057
4058,2026-06-12T13:10:00,LINE3-M01,298.8,309.3,1421,46.8,187,Running,True,4058
4059,2026-06-12T13:16:00,LINE1-M02,297.8,307.4,1478,24.4,192,Running,True,4059
4060,2026-06-12T13:22:00,LINE2-M01,299.0,308.5,1542,50.0,197,Running,True,4060
4061,2026-06-12T13:28:00,LINE1-M01,298.1,308.8,1356,47.8,199,Running,True,4061
4062,2026-06-12T13:32:00,LINE1-M02,298.6,308.1,1509,31.6,201,Idle,True,4062
4063,2026-06-12T13:36:00,LINE1-M01,300.1,309.1,1571,53.1,206,Running,True,4063
4064,2026-06-12T13:40:00,LINE2-M01,301.6,312.8,1644,41.3,211,Running,True,4064
4065,2026-06-12T13:45:00,LINE3-M02,300.3,310.3,1376,41.0,216,Running,True,4065
4066,2026-06-12T13:49:00,LINE1-M02,300.7,310.6,1924,42.7,219,Stopped,False,4066
4067,2026-06-12T13:51:00,LINE1-M01,301.5,310.4,1558,35.6,221,Running,True,4067
4068,2026-06-12T13:56:00,LINE1-M02,302.2,311.4,1864,56.4,226,Stopped,False,4068
4069,2026-06-12T14:01:00,LINE2-M02,299.7,309.6,1580,39.5,231,Stopped,True,4069
4070,2026-06-12T14:05:00,LINE1-M02,302.2,311.6,1712,46.0,233,Maintenance,False,4070
4071,2026-06-12T14:11:00,LINE2-M01,298.8,308.5,1168,36.1,235,Stopped,False,4071
4072,2026-06-12T14:16:00,LINE1-M01,298.7,309.9,1540,35.4,237,Maintenance,False,4072
4073,2026-06-12T14:19:00,LINE3-M02,300.6,310.9,2096,39.6,0,Running,True,4073
4074,2026-06-12T14:24:00,LINE2-M02,301.2,310.7,1858,36.5,2,Running,True,4074
4075,2026-06-12T14:29:00,LINE3-M02,298.3,306.7,1702,28.6,4,Running,True,4075
4076,2026-06-12T14:34:00,LINE2-M01,305.2,315.9,1168,43.5,6,Idle,True,4076
4077,2026-06-12T14:37:00,LINE2-M01,299.4,309.5,1732,47.3,8,Running,True,4077
4078,2026-06-12T14:41:00,LINE1-M01,301.5,311.9,1739,15.8,11,Maintenance,False,4078
4079,2026-06-12T14:46:00,LINE1-M02,298.2,309.2,1320,46.5,13,Idle,True,4079
4080,2026-06-12T14:51:00,LINE1-M02,302.1,312.9,1334,55.6,15,Running,True,4080
4081,2026-06-12T14:55:00,LINE1-M02,299.1,308.7,1363,40.3,17,Running,True,4081
4082,2026-06-12T15:01:00,LINE2-M02,296.2,306.5,1504,46.9,19,Running,True,4082
4083,2026-06-12T15:07:00,LINE3-M02,302.1,311.3,1614,44.1,22,Running,True,4083
4084,2026-06-12T15:10:00,LINE3-M01,298.9,308.2,1168,43.9,25,Running,True,4084
4085,2026-06-12T15:14:00,LINE3-M02,303.0,313.0,1495,20.1,28,Stopped,False,4085
4086,2026-06-12T15:17:00,LINE3-M02,296.1,305.9,1227,41.7,31,Idle,True,4086
4087,2026-06-12T15:21:00,LINE1-M02,298.2,306.6,1652,41.9,34,Running,True,4087
4088,2026-06-12T15:24:00,LINE3-M01,297.8,307.8,1608,37.4,39,Running,True,4088
4089,2026-06-12T15:27:00,LINE1-M01,298.1,308.2,1168,37.1,44,Running,True,4089
4090,2026-06-12T15:30:00,LINE3-M02,299.0,308.6,1622,47.8,47,Running,False,4090
4091,2026-06-12T15:32:00,LINE2-M02,300.3,310.6,1663,32.4,52,Running,True,4091
4092,2026-06-12T15:34:00,LINE2-M02,304.2,316.0,1490,32.2,54,Idle,True,4092
4093,2026-06-12T15:36:00,LINE3-M02,299.3,307.0,1591,27.2,56,Running,True,4093
4094,2026-06-12T15:40:00,LINE2-M01,300.6,312.6,1395,44.7,58,Idle,True,4094
4095,2026-06-12T15:43:00,LINE3-M01,299.6,310.1,1168,31.6,61,Running,True,4095
4096,2026-06-12T15:48:00,LINE1-M02,301.1,310.6,1458,44.0,64,Idle,True,4096
4097,2026-06-12T15:53:00,LINE1-M02,299.8,309.3,1705,29.5,66,Running,True,4097
4098,2026-06-12T15:59:00,LINE2-M02,300.2,308.8,1761,31.6,71,Running,True,4098
4099,2026-06-12T16:02:00,LINE1-M01,300.8,310.8,1858,40.4,73,Running,True,4099
4100,2026-06-12T16:07:00,LINE1-M02,299.8,309.3,1433,36.7,78,Running,True,4100
4101,2026-06-12T16:09:00,LINE3-M02,296.1,307.0,1810,58.1,80,Maintenance,False,4101
4102,2026-06-12T16:13:00,LINE3-M02,299.7,309.6,1307,63.5,82,Idle,True,4102
4103,2026-06-12T16:19:00,LINE3-M01,299.6,311.2,1454,56.6,87,Running,True,4103
4104,2026-06-12T16:25:00,LINE3-M01,299.1,307.6,1706,38.9,90,Running,True,4104
4105,2026-06-12T16:27:00,LINE2-M01,302.1,312.6,1469,53.5,93,Running,True,4105
4106,2026-06-12T16:30:00,LINE3-M01,299.5,308.1,1693,45.0,95,Idle,True,4106
4107,2026-06-12T16:36:00,LINE3-M02,299.3,308.8,1623,32.9,98,Idle,True,4107
4108,2026-06-12T16:40:00,LINE2-M02,302.1,313.1,1253,47.8,103,Running,True,4108
4109,2026-06-12T16:42:00,LINE1-M02,301.3,310.8,1468,46.0,108,Running,True,4109
4110,2026-06-12T16:46:00,LINE1-M01,298.0,306.1,2055,50.1,110,Stopped,False,4110
4111,2026-06-12T16:51:00,LINE2-M01,301.8,311.6,1695,31.5,113,Running,True,4111
4112,2026-06-12T16:57:00,LINE2-M01,299.3,309.7,1558,35.7,116,Running,True,4112
4113,2026-06-12T17:02:00,LINE2-M02,299.6,308.2,1316,46.5,119,Stopped,False,4113
4114,2026-06-12T17:07:00,LINE3-M01,302.3,312.2,1168,50.5,122,Idle,True,4114
4115,2026-06-12T17:13:00,LINE3-M01,300.2,309.5,1587,54.3,127,Maintenance,False,4115
4116,2026-06-12T17:18:00,LINE2-M02,302.0,314.1,1950,42.2,132,Running,True,4116
4117,2026-06-12T17:24:00,LINE2-M02,301.0,313.2,1619,37.4,135,Running,True,4117
4118,2026-06-12T17:30:00,LINE3-M01,299.7,308.9,1639,22.4,137,Running,True,4118
4119,2026-06-12T17:34:00,LINE1-M02,299.6,309.5,1851,49.8,139,Stopped,False,4119
4120,2026-06-12T17:36:00,LINE2-M01,299.1,309.0,1354,34.7,141,Running,True,4120
4121,2026-06-12T17:38:00,LINE2-M01,297.8,305.3,1498,44.7,143,Running,True,4121
4122,2026-06-12T17:43:00,LINE1-M02,298.1,306.9,1168,67.4,145,Idle,False,4122
4123,2026-06-12T17:46:00,LINE3-M01,301.9,312.5,2000,27.5,147,Running,True,4123
4124,2026-06-12T17:51:00,LINE1-M02,303.5,312.9,1773,28.3,152,Running,True,4124
4125,2026-06-12T17:53:00,LINE3-M02,299.8,310.2,1575,24.3,154,Running,True,4125
4126,2026-06-12T17:58:00,LINE1-M01,299.1,308.8,1654,32.5,157,Running,True,4126
4127,2026-06-12T18:04:00,LINE3-M01,302.1,311.6,1397,36.5,160,Running,True,4127
4128,2026-06-12T18:09:00,LINE2-M02,300.6,312.1,1285,51.3,163,Running,True,4128
4129,2026-06-12T18:14:00,LINE2-M02,301.1,312.3,1719,28.7,166,Running,True,4129
4130,2026-06-12T18:20:00,LINE1-M02,296.8,309.0,1496,53.5,168,Running,True,4130
4131,2026-06-12T18:22:00,LINE1-M02,296.6,305.2,1670,32.7,171,Running,True,4131
4132,2026-06-12T18:28:00,LINE3-M01,300.0,310.2,1168,35.8,174,Idle,True,4132
4133,2026-06-12T18:30:00,LINE2-M02,300.9,311.1,1751,33.5,176,Running,True,4133
4134,2026-06-12T18:33:00,LINE2-M01,295.9,306.1,1548,31.8,178,Running,False,4134
4135,2026-06-12T18:37:00,LINE2-M02,296.8,305.5,1712,41.0,180,Idle,True,4135
4136,2026-06-12T18:41:00,LINE3-M01,296.4,304.9,1402,48.4,182,Idle,True,4136
4137,2026-06-12T18:46:00,LINE1-M01,301.3,311.6,1168,49.7,184,Running,True,4137
4138,2026-06-12T18:49:00,LINE2-M01,297.4,308.7,1715,48.5,189,Running,True,4138
4139,2026-06-12T18:55:00,LINE3-M01,300.1,310.0,1435,37.3,191,Running,True,4139
4140,2026-06-12T19:01:00,LINE3-M01,300.4,309.7,1754,29.4,196,Running,True,4140
4141,2026-06-12T19:05:00,LINE3-M01,298.0,308.1,1286,37.0,199,Running,True,4141
4142,2026-06-12T19:09:00,LINE2-M02,300.0,309.3,1821,46.0,202,Running,True,4142
4143,2026-06-12T19:11:00,LINE2-M01,301.2,312.1,1634,22.8,205,Running,True,4143
4144,2026-06-12T19:16:00,LINE1-M01,301.6,313.1,1593,42.7,207,Running,True,4144
4145,2026-06-12T19:18:00,LINE1-M02,303.6,314.3,1544,41.5,210,Maintenance,True,4145
4146,2026-06-12T19:20:00,LINE3-M01,301.0,310.0,1276,36.4,213,Stopped,False,4146
4147,2026-06-12T19:23:00,LINE2-M02,302.7,311.2,1329,43.2,215,Stopped,False,4147
4148,2026-06-12T19:28:00,LINE2-M02,301.6,312.5,1679,31.4,217,Stopped,False,4148
4149,2026-06-12T19:34:00,LINE2-M02,302.6,311.5,1571,39.0,219,Idle,True,4149
4150,2026-06-12T19:39:00,LINE2-M01,301.7,311.9,1514,33.6,221,Running,True,4150
4151,2026-06-12T19:44:00,LINE1-M02,298.7,309.2,1532,36.5,224,Idle,True,4151
4152,2026-06-12T19:49:00,LINE3-M01,303.3,312.1,1907,34.2,227,Stopped,True,4152
4153,2026-06-12T19:51:00,LINE1-M01,299.6,310.0,1570,23.3,230,Stopped,False,4153
4154,2026-06-12T19:54:00,LINE2-M02,301.0,310.1,2086,30.4,233,Stopped,False,4154
4155,2026-06-12T20:00:00,LINE3-M02,302.6,312.4,1542,45.6,236,Stopped,True,4155
4156,2026-06-12T20:02:00,LINE3-M02,297.6,308.4,1589,50.0,239,Maintenance,False,4156
4157,2026-06-12T20:06:00,LINE3-M01,303.2,314.1,1760,41.1,0,Idle,True,4157
4158,2026-06-12T20:10:00,LINE2-M01,301.0,311.0,1612,33.3,5,Running,True,4158
4159,2026-06-12T20:16:00,LINE3-M02,303.5,312.5,1209,29.4,8,Running,True,4159
4160,2026-06-12T20:21:00,LINE1-M02,301.3,313.1,1401,29.6,10,Running,True,4160
4161,2026-06-12T20:24:00,LINE3-M02,297.8,308.2,1346,31.2,13,Running,True,4161
4162,2026-06-12T20:30:00,LINE3-M02,300.4,309.7,1284,44.6,16,Running,True,4162
4163,2026-06-12T20:33:00,LINE3-M01,298.4,307.5,1365,29.2,21,Running,True,4163
4164,2026-06-12T20:36:00,LINE3-M02,298.7,306.7,1380,39.5,26,Running,True,4164
4165,2026-06-12T20:39:00,LINE2-M02,299.7,308.8,1852,36.2,31,Running,True,4165
4166,2026-06-12T20:42:00,LINE3-M01,303.5,313.0,1334,39.2,33,Running,True,4166
4167,2026-06-12T20:45:00,LINE3-M01,296.0,305.7,1892,30.0,38,Idle,True,4167
4168,2026-06-12T20:47:00,LINE1-M01,300.6,309.4,1607,58.5,41,Maintenance,True,4168
4169,2026-06-12T20:52:00,LINE2-M01,300.1,311.1,1591,37.5,44,Running,True,4169
4170,2026-06-12T20:55:00,LINE2-M02,299.0,309.7,1652,28.0,46,Running,True,4170
4171,2026-06-12T21:00:00,LINE3-M01,299.2,310.0,1775,35.0,48,Idle,True,4171
4172,2026-06-12T21:05:00,LINE2-M01,299.5,309.7,1399,33.8,50,Running,True,4172
4173,2026-06-12T21:09:00,LINE1-M02,301.1,312.3,1247,28.5,53,Running,True,4173
4174,2026-06-12T21:11:00,LINE3-M01,298.8,309.5,1458,39.4,55,Running,True,4174
4175,2026-06-12T21:13:00,LINE1-M02,298.6,308.8,1298,41.5,57,Running,True,4175
4176,2026-06-12T21:19:00,LINE1-M02,300.6,310.8,1640,47.2,59,Running,True,4176
4177,2026-06-12T21:21:00,LINE3-M01,300.2,308.9,1708,28.5,61,Running,True,4177
4178,2026-06-12T21:27:00,LINE1-M01,301.5,311.7,1168,35.4,63,Running,True,4178
4179,2026-06-12T21:30:00,LINE3-M01,298.1,307.2,1312,54.7,68,Running,True,4179
4180,2026-06-12T21:36:00,LINE3-M01,299.9,311.2,1563,41.2,71,Running,True,4180
4181,2026-06-12T21:39:00,LINE3-M02,301.9,311.1,1436,29.2,73,Running,True,4181
4182,2026-06-12T21:44:00,LINE1-M01,305.6,314.7,1441,49.4,78,Running,True,4182
4183,2026-06-12T21:46:00,LINE3-M01,299.7,309.5,1504,51.2,81,Running,True,4183
4184,2026-06-12T21:49:00,LINE1-M01,300.1,309.0,1396,41.3,84,Running,True,4184
4185,2026-06-12T21:51:00,LINE3-M02,300.9,311.8,1362,34.9,87,Running,True,4185
4186,2026-06-12T21:55:00,LINE3-M01,296.6,307.5,1686,13.6,89,Stopped,True,4186
4187,2026-06-12T21:58:00,LINE3-M01,301.3,314.0,1510,53.3,92,Running,True,4187
4188,2026-06-12T22:04:00,LINE3-M02,301.1,312.3,1168,47.1,94,Running,True,4188
4189,2026-06-12T22:07:00,LINE3-M02,298.8,305.7,2216,28.6,96,Idle,True,4189
4190,2026-06-12T22:12:00,LINE2-M01,302.2,310.5,1456,34.6,101,Running,True,4190
4191,2026-06-12T22:16:00,LINE2-M02,302.3,313.7,1469,44.8,104,Running,True,4191
4192,2026-06-12T22:21:00,LINE1-M01,302.7,314.0,1447,43.7,109,Running,True,4192
4193,2026-06-12T22:25:00,LINE2-M02,301.6,312.4,1374,36.7,111,Running,True,4193
4194,2026-06-12T22:29:00,LINE3-M02,301.1,311.0,1218,44.1,113,Running,False,4194
4195,2026-06-12T22:32:00,LINE3-M01,296.2,307.2,1807,26.9,115,Idle,True,4195
4196,2026-06-12T22:34:00,LINE3-M01,301.7,311.2,1374,60.9,117,Running,True,4196
4197,2026-06-12T22:38:00,LINE2-M01,298.3,307.4,1169,57.8,119,Running,True,4197
4198,2026-06-12T22:44:00,LINE3-M01,299.4,310.4,1355,43.2,121,Idle,True,4198
4199,2026-06-12T22:49:00,LINE3-M01,299.7,309.7,1470,35.4,124,Running,True,4199
4200,2026-06-12T22:52:00,LINE3-M01,300.8,309.1,1360,32.7,127,Stopped,False,4200
4201,2026-06-12T22:54:00,LINE3-M01,297.3,306.9,1168,50.7,132,Running,True,4201
4202,2026-06-12T23:00:00,LINE3-M02,297.8,306.9,1685,29.8,135,Running,True,4202
4203,2026-06-12T23:06:00,LINE3-M01,300.4,311.1,1642,46.7,137,Running,True,4203
4204,2026-06-12T23:09:00,LINE3-M02,298.5,310.4,1312,45.0,142,Running,True,4204
4205,2026-06-12T23:15:00,LINE1-M01,301.3,312.3,1349,44.2,147,Running,True,4205
4206,2026-06-12T23:20:00,LINE2-M02,301.2,311.1,1464,36.9,149,Running,True,4206
4207,2026-06-12T23:22:00,LINE1-M02,302.9,311.5,1877,51.3,152,Maintenance,False,4207
4208,2026-06-12T23:25:00,LINE1-M01,297.2,306.4,1254,48.5,157,Running,True,4208
4209,2026-06-12T23:28:00,LINE3-M02,297.8,310.2,1314,45.8,162,Running,True,4209
4210,2026-06-12T23:30:00,LINE2-M01,296.9,308.0,1740,54.7,164,Stopped,False,4210
4211,2026-06-12T23:35:00,LINE3-M02,300.2,309.5,1732,41.2,166,Running,True,4211
4212,2026-06-12T23:37:00,LINE3-M01,302.2,311.9,1593,34.4,169,Running,True,4212
4213,2026-06-12T23:39:00,LINE1-M02,300.2,307.9,1620,41.1,172,Running,True,4213
4214,2026-06-12T23:42:00,LINE1-M01,298.8,309.1,1168,45.8,177,Running,True,4214
4215,2026-06-12T23:48:00,LINE3-M01,303.7,314.0,1471,39.6,180,Running,True,4215
4216,2026-06-12T23:53:00,LINE1-M01,299.7,308.0,1546,46.9,182,Running,True,4216
4217,2026-06-12T23:57:00,LINE1-M02,302.0,312.2,1645,6.6,184,Stopped,False,4217
4218,2026-06-13T00:03:00,LINE1-M02,300.3,311.6,1574,43.8,186,Running,True,4218
4219,2026-06-13T00:09:00,LINE2-M01,298.2,308.8,1599,42.5,189,Running,True,4219
4220,2026-06-13T00:12:00,LINE3-M02,301.8,311.4,1783,34.1,191,Running,True,4220
4221,2026-06-13T00:14:00,LINE3-M02,298.3,308.6,1560,52.8,196,Running,True,4221
4222,2026-06-13T00:17:00,LINE1-M01,302.1,311.8,1866,37.0,198,Running,True,4222
4223,2026-06-13T00:23:00,LINE2-M01,297.8,306.4,1623,63.7,203,Maintenance,True,4223
4224,2026-06-13T00:27:00,LINE3-M02,299.1,308.6,1653,36.1,205,Running,True,4224
4225,2026-06-13T00:31:00,LINE3-M02,299.9,309.8,1280,55.9,207,Stopped,True,4225
4226,2026-06-13T00:34:00,LINE2-M01,297.4,308.6,1559,30.9,210,Running,True,4226
4227,2026-06-13T00:40:00,LINE3-M02,300.2,310.6,2034,30.9,213,Running,True,4227
4228,2026-06-13T00:43:00,LINE3-M02,302.7,312.3,1565,51.2,218,Idle,True,4228
4229,2026-06-13T00:48:00,LINE3-M01,301.2,311.7,1849,47.1,221,Maintenance,True,4229
4230,2026-06-13T00:54:00,LINE2-M01,298.8,310.7,1288,28.1,226,Maintenance,False,4230
4231,2026-06-13T00:58:00,LINE1-M02,301.9,312.7,1618,38.9,229,Running,True,4231
4232,2026-06-13T01:04:00,LINE3-M01,301.7,312.8,1424,50.2,232,Idle,True,4232
4233,2026-06-13T01:06:00,LINE1-M01,305.4,315.8,1663,37.5,234,Maintenance,False,4233
4234,2026-06-13T01:10:00,LINE3-M02,297.1,306.2,1541,50.4,237,Stopped,True,4234
4235,2026-06-13T01:12:00,LINE2-M02,300.4,308.6,1292,55.7,239,Maintenance,True,4235
4236,2026-06-13T01:18:00,LINE2-M02,299.8,309.5,1601,26.2,0,Running,True,4236
4237,2026-06-13T01:24:00,LINE3-M01,299.1,307.7,1310,43.6,5,Stopped,False,4237
4238,2026-06-13T01:29:00,LINE3-M01,299.4,310.8,1632,36.8,7,Running,True,4238
4239,2026-06-13T01:33:00,LINE2-M01,298.6,307.2,1849,35.5,10,Idle,True,4239
4240,2026-06-13T01:35:00,LINE1-M01,298.8,308.2,1400,13.5,13,Stopped,True,4240
4241,2026-06-13T01:41:00,LINE1-M01,301.9,313.0,1721,40.0,15,Running,True,4241
4242,2026-06-13T01:43:00,LINE1-M01,299.3,308.9,1599,23.6,18,Running,True,4242
4243,2026-06-13T01:46:00,LINE3-M02,298.1,309.2,1302,54.0,21,Running,True,4243
4244,2026-06-13T01:50:00,LINE2-M02,300.6,311.8,1510,34.8,23,Running,True,4244
4245,2026-06-13T01:52:00,LINE3-M02,305.8,314.6,2417,24.6,25,Running,True,4245
4246,2026-06-13T01:54:00,LINE3-M01,300.8,311.7,1418,50.9,28,Running,True,4246
4247,2026-06-13T01:59:00,LINE2-M02,295.3,304.8,1922,23.7,30,Idle,True,4247
4248,2026-06-13T02:02:00,LINE2-M02,299.2,310.4,1608,24.2,33,Running,True,4248
4249,2026-06-13T02:06:00,LINE2-M01,304.5,315.1,1747,33.8,35,Idle,True,4249
4250,2026-06-13T02:10:00,LINE1-M01,300.4,310.3,1501,49.9,37,Running,True,4250
4251,2026-06-13T02:12:00,LINE2-M01,300.7,310.8,1797,62.4,39,Maintenance,False,4251
4252,2026-06-13T02:14:00,LINE2-M02,297.1,306.5,1168,40.3,41,Running,True,4252
4253,2026-06-13T02:17:00,LINE1-M02,300.3,309.3,1459,31.5,46,Running,True,4253
4254,2026-06-13T02:19:00,LINE1-M01,300.0,308.4,1666,33.4,49,Running,True,4254
4255,2026-06-13T02:25:00,LINE1-M02,299.7,310.4,1732,46.6,51,Idle,True,4255
4256,2026-06-13T02:28:00,LINE1-M02,307.0,317.0,1735,33.8,54,Running,True,4256
4257,2026-06-13T02:33:00,LINE1-M02,299.0,307.3,1228,39.4,59,Stopped,False,4257
4258,2026-06-13T02:39:00,LINE2-M01,300.6,312.0,1697,38.2,62,Running,True,4258
4259,2026-06-13T02:43:00,LINE3-M02,296.9,307.3,1604,51.4,65,Idle,True,4259
4260,2026-06-13T02:46:00,LINE2-M02,297.1,307.2,1307,40.6,68,Running,True,4260
4261,2026-06-13T02:52:00,LINE2-M01,298.6,308.1,1179,41.0,70,Running,True,4261
4262,2026-06-13T02:56:00,LINE3-M02,301.1,311.3,1580,43.1,73,Running,True,4262
4263,2026-06-13T02:58:00,LINE2-M01,301.1,311.2,1168,45.1,76,Running,True,4263
4264,2026-06-13T03:02:00,LINE1-M01,301.7,311.4,1501,48.7,78,Running,True,4264
4265,2026-06-13T03:06:00,LINE2-M02,301.9,312.6,1168,49.4,81,Running,True,4265
4266,2026-06-13T03:11:00,LINE2-M01,298.8,309.0,1376,34.2,83,Running,True,4266
4267,2026-06-13T03:15:00,LINE3-M02,302.5,311.7,1168,40.3,86,Running,True,4267
4268,2026-06-13T03:20:00,LINE2-M01,296.3,305.8,2164,36.8,91,Running,True,4268
4269,2026-06-13T03:25:00,LINE2-M01,302.7,313.1,1405,31.6,94,Running,True,4269
4270,2026-06-13T03:31:00,LINE1-M01,297.8,306.3,1480,38.2,96,Running,True,4270
4271,2026-06-13T03:35:00,LINE1-M01,301.1,309.6,1630,34.9,98,Running,True,4271
4272,2026-06-13T03:39:00,LINE2-M02,301.3,310.9,1860,35.5,103,Running,True,4272
4273,2026-06-13T03:41:00,LINE1-M01,299.7,309.1,1541,36.2,105,Running,True,4273
4274,2026-06-13T03:45:00,LINE3-M01,304.3,315.2,1492,41.1,108,Idle,True,4274
4275,2026-06-13T03:51:00,LINE1-M01,300.5,311.1,1601,47.3,110,Running,True,4275
4276,2026-06-13T03:54:00,LINE3-M02,301.8,312.0,1216,15.7,113,Stopped,False,4276
4277,2026-06-13T03:58:00,LINE3-M01,300.0,310.8,1409,50.0,116,Running,True,4277
4278,2026-06-13T04:02:00,LINE2-M02,299.8,309.7,1168,39.7,118,Running,True,4278
4279,2026-06-13T04:04:00,LINE2-M01,298.9,309.0,1590,27.9,121,Running,True,4279
4280,2026-06-13T04:09:00,LINE2-M02,297.7,306.7,1168,45.7,124,Running,True,4280
4281,2026-06-13T04:12:00,LINE3-M02,301.7,311.7,1254,41.8,126,Idle,True,4281
4282,2026-06-13T04:18:00,LINE1-M01,298.2,309.3,1816,35.8,128,Running,True,4282
4283,2026-06-13T04:22:00,LINE2-M02,297.3,307.7,1823,47.5,130,Maintenance,True,4283
4284,2026-06-13T04:24:00,LINE3-M02,303.4,313.6,1563,49.1,132,Running,True,4284
4285,2026-06-13T04:29:00,LINE1-M02,301.2,311.9,1303,32.9,135,Idle,True,4285
4286,2026-06-13T04:35:00,LINE3-M02,299.5,308.9,1429,44.1,137,Running,True,4286
4287,2026-06-13T04:41:00,LINE1-M01,300.7,311.1,2024,28.2,139,Running,True,4287
4288,2026-06-13T04:47:00,LINE3-M02,299.9,309.6,1201,43.2,144,Running,True,4288
4289,2026-06-13T04:52:00,LINE1-M02,297.6,306.3,1180,30.0,146,Idle,True,4289
4290,2026-06-13T04:55:00,LINE1-M02,296.9,307.1,1559,28.0,151,Running,True,4290
4291,2026-06-13T05:00:00,LINE2-M01,302.0,309.4,1170,48.3,156,Maintenance,False,4291
4292,2026-06-13T05:04:00,LINE1-M01,299.3,309.6,1407,49.1,158,Running,True,4292
4293,2026-06-13T05:07:00,LINE1-M01,301.7,312.1,1359,59.0,161,Running,True,4293
4294,2026-06-13T05:13:00,LINE2-M01,300.6,309.7,1813,56.2,164,Stopped,False,4294
4295,2026-06-13T05:16:00,LINE2-M01,301.3,310.8,1427,35.7,169,Running,True,4295
4296,2026-06-13T05:22:00,LINE1-M02,299.2,309.2,1319,63.5,174,Running,True,4296
4297,2026-06-13T05:26:00,LINE2-M02,299.0,308.3,1248,31.7,177,Running,True,4297
4298,2026-06-13T05:29:00,LINE3-M02,298.4,308.7,1333,37.0,179,Running,True,4298
4299,2026-06-13T05:33:00,LINE3-M01,301.5,311.3,1240,43.2,181,Running,True,4299
4300,2026-06-13T05:35:00,LINE3-M01,300.9,310.8,1853,32.8,184,Running,True,4300
4301,2026-06-13T05:38:00,LINE2-M02,298.6,308.2,1577,39.2,186,Idle,True,4301
4302,2026-06-13T05:43:00,LINE2-M02,303.4,313.7,1594,57.2,188,Stopped,False,4302
4303,2026-06-13T05:48:00,LINE1-M02,298.2,308.5,1650,41.5,190,Idle,True,4303
4304,2026-06-13T05:51:00,LINE3-M02,299.9,310.3,1784,42.1,193,Running,True,4304
4305,2026-06-13T05:57:00,LINE3-M01,302.3,311.3,1395,48.5,196,Idle,True,4305
4306,2026-06-13T06:02:00,LINE1-M01,298.4,307.6,1546,43.9,198,Running,True,4306
4307,2026-06-13T06:05:00,LINE3-M01,300.8,308.5,1980,48.7,200,Stopped,False,4307
4308,2026-06-13T06:10:00,LINE2-M01,299.5,309.4,1270,42.0,203,Running,True,4308
4309,2026-06-13T06:12:00,LINE2-M02,302.6,311.1,1575,47.7,206,Running,True,4309
4310,2026-06-13T06:18:00,LINE2-M01,302.5,313.8,1539,32.4,208,Running,True,4310
4311,2026-06-13T06:23:00,LINE2-M02,298.8,310.4,1745,52.8,210,Stopped,False,4311
4312,2026-06-13T06:25:00,LINE3-M02,300.9,311.1,1596,50.0,212,Running,True,4312
4313,2026-06-13T06:31:00,LINE3-M02,297.3,307.4,1882,27.3,217,Running,True,4313
4314,2026-06-13T06:34:00,LINE3-M01,299.5,308.4,1220,47.0,222,Stopped,True,4314
4315,2026-06-13T06:38:00,LINE2-M02,299.6,308.4,1662,42.2,224,Stopped,False,4315
4316,2026-06-13T06:40:00,LINE2-M01,299.0,310.4,1442,51.9,226,Stopped,True,4316
4317,2026-06-13T06:43:00,LINE2-M02,296.1,307.3,1640,34.6,228,Stopped,True,4317
4318,2026-06-13T06:45:00,LINE2-M01,301.6,310.9,1400,44.2,233,Stopped,True,4318
4319,2026-06-13T06:47:00,LINE3-M01,301.0,312.9,1797,51.5,236,Stopped,True,4319
4320,2026-06-13T06:51:00,LINE2-M01,298.5,308.0,1798,44.3,239,Stopped,False,4320
4321,2026-06-13T06:53:00,LINE2-M02,299.7,310.2,1935,42.5,0,Idle,True,4321
4322,2026-06-13T06:58:00,LINE2-M01,301.2,310.1,1438,49.2,2,Running,True,4322
4323,2026-06-13T07:03:00,LINE1-M01,302.2,312.2,1534,49.1,5,Running,True,4323
4324,2026-06-13T07:08:00,LINE1-M02,303.3,313.5,1764,45.7,8,Running,True,4324
4325,2026-06-13T07:12:00,LINE3-M01,301.0,310.6,1825,43.6,10,Running,True,4325
4326,2026-06-13T07:14:00,LINE3-M01,301.0,312.4,1777,23.7,12,Running,True,4326
4327,2026-06-13T07:16:00,LINE2-M01,300.1,309.2,1718,44.1,17,Running,True,4327
4328,2026-06-13T07:18:00,LINE2-M01,298.8,308.8,1674,27.1,20,Idle,True,4328
4329,2026-06-13T07:22:00,LINE3-M02,301.4,313.1,1335,41.8,22,Idle,True,4329
4330,2026-06-13T07:24:00,LINE1-M02,302.5,312.6,1314,62.0,24,Running,True,4330
4331,2026-06-13T07:26:00,LINE1-M02,304.2,315.3,1657,29.4,29,Running,True,4331
4332,2026-06-13T07:30:00,LINE3-M01,300.1,310.7,1498,53.5,32,Running,True,4332
4333,2026-06-13T07:36:00,LINE2-M02,300.3,310.3,1207,28.5,34,Idle,True,4333
4334,2026-06-13T07:39:00,LINE1-M01,301.2,311.4,1796,17.5,36,Maintenance,False,4334
4335,2026-06-13T07:44:00,LINE2-M02,301.6,310.1,1168,42.9,39,Maintenance,False,4335
4336,2026-06-13T07:50:00,LINE3-M02,300.8,311.0,1402,41.2,42,Running,True,4336
4337,2026-06-13T07:56:00,LINE2-M01,298.0,307.7,1186,42.4,44,Idle,False,4337
4338,2026-06-13T08:02:00,LINE2-M02,301.1,309.3,1767,60.9,46,Maintenance,False,4338
4339,2026-06-13T08:06:00,LINE2-M02,297.1,307.9,1596,59.8,48,Maintenance,False,4339
4340,2026-06-13T08:09:00,LINE2-M02,299.6,308.6,1351,41.6,53,Running,True,4340
4341,2026-06-13T08:15:00,LINE3-M01,296.1,307.0,1861,42.8,55,Running,True,4341
4342,2026-06-13T08:18:00,LINE1-M02,303.3,313.7,1251,41.1,60,Idle,True,4342
4343,2026-06-13T08:21:00,LINE1-M01,300.5,309.2,1168,42.7,62,Running,True,4343
4344,2026-06-13T08:25:00,LINE1-M01,301.9,313.3,1757,41.9,65,Running,True,4344
4345,2026-06-13T08:31:00,LINE3-M01,297.8,307.4,1469,32.5,68,Idle,True,4345
4346,2026-06-13T08:33:00,LINE2-M01,299.6,309.6,1436,34.2,70,Running,True,4346
4347,2026-06-13T08:39:00,LINE2-M02,302.3,311.1,1660,20.3,72,Running,False,4347
4348,2026-06-13T08:43:00,LINE3-M01,301.3,309.5,1560,37.6,75,Running,True,4348
4349,2026-06-13T08:45:00,LINE3-M02,301.0,309.4,1408,44.4,77,Running,True,4349
4350,2026-06-13T08:50:00,LINE3-M02,302.3,312.4,1611,49.7,79,Running,True,4350
4351,2026-06-13T08:52:00,LINE1-M01,303.8,314.7,1394,31.4,81,Running,True,4351
4352,2026-06-13T08:58:00,LINE1-M02,300.0,309.9,1291,49.4,83,Running,True,4352
4353,2026-06-13T09:02:00,LINE3-M01,301.7,312.7,1433,41.9,88,Running,True,4353
4354,2026-06-13T09:08:00,LINE1-M01,296.8,307.0,1168,39.2,90,Running,True,4354
4355,2026-06-13T09:11:00,LINE2-M02,301.0,310.2,1168,50.2,92,Running,False,4355
4356,2026-06-13T09:17:00,LINE3-M02,303.1,315.2,1953,41.8,94,Running,True,4356
4357,2026-06-13T09:19:00,LINE1-M02,302.8,310.2,1477,35.2,99,Running,True,4357
4358,2026-06-13T09:24:00,LINE3-M02,298.8,308.0,1529,34.9,104,Idle,True,4358
4359,2026-06-13T09:30:00,LINE3-M01,298.2,307.2,1360,30.7,106,Running,True,4359
4360,2026-06-13T09:35:00,LINE3-M01,300.0,310.5,1513,37.5,108,Running,True,4360
4361,2026-06-13T09:37:00,LINE1-M02,298.8,308.3,1735,33.7,111,Running,True,4361
4362,2026-06-13T09:42:00,LINE3-M02,299.7,311.5,2013,31.4,113,Running,True,4362
4363,2026-06-13T09:48:00,LINE3-M02,299.5,309.2,1324,27.4,115,Idle,True,4363
4364,2026-06-13T09:52:00,LINE3-M02,300.5,309.6,1529,34.2,117,Running,True,4364
4365,2026-06-13T09:55:00,LINE1-M02,300.4,310.8,1619,47.1,120,Running,True,4365
4366,2026-06-13T10:01:00,LINE2-M01,298.0,308.2,1292,28.3,125,Running,True,4366
4367,2026-06-13T10:05:00,LINE2-M02,300.1,311.4,1550,40.5,127,Running,True,4367
4368,2026-06-13T10:08:00,LINE1-M01,295.7,306.6,1574,37.1,129,Running,True,4368
4369,2026-06-13T10:11:00,LINE3-M02,300.7,311.4,1168,35.4,131,Running,True,4369
4370,2026-06-13T10:16:00,LINE2-M02,297.9,308.5,1471,46.5,133,Running,True,4370
4371,2026-06-13T10:21:00,LINE2-M01,296.0,307.9,1778,38.8,135,Running,True,4371
4372,2026-06-13T10:25:00,LINE3-M02,298.9,310.1,1424,42.6,137,Running,True,4372
4373,2026-06-13T10:29:00,LINE3-M02,300.9,312.4,1762,28.0,139,Running,True,4373
4374,2026-06-13T10:31:00,LINE2-M01,303.5,313.1,1486,32.9,141,Running,True,4374
4375,2026-06-13T10:34:00,LINE2-M01,297.8,307.5,2408,30.1,143,Running,True,4375
4376,2026-06-13T10:39:00,LINE2-M02,295.7,306.4,1496,42.5,146,Running,True,4376
4377,2026-06-13T10:44:00,LINE2-M01,295.5,305.5,1724,38.3,148,Running,True,4377
4378,2026-06-13T10:46:00,LINE2-M01,300.8,310.5,1655,39.2,150,Running,True,4378
4379,2026-06-13T10:52:00,LINE1-M02,300.3,311.0,1569,34.7,155,Running,False,4379
4380,2026-06-13T10:57:00,LINE3-M02,303.8,313.9,1168,50.1,157,Running,True,4380
4381,2026-06-13T10:59:00,LINE2-M01,297.7,308.8,2039,47.2,159,Stopped,False,4381
4382,2026-06-13T11:02:00,LINE2-M01,301.7,311.6,1733,54.0,161,Maintenance,False,4382
4383,2026-06-13T11:05:00,LINE2-M01,297.1,306.8,1489,35.3,163,Running,True,4383
4384,2026-06-13T11:08:00,LINE3-M02,300.6,312.0,1342,43.0,165,Running,True,4384
4385,2026-06-13T11:10:00,LINE1-M02,300.8,310.4,1425,31.3,168,Running,True,4385
4386,2026-06-13T11:15:00,LINE3-M01,300.3,309.7,1367,48.4,173,Idle,True,4386
4387,2026-06-13T11:20:00,LINE3-M02,299.8,308.1,1539,56.8,175,Stopped,False,4387
4388,2026-06-13T11:25:00,LINE1-M01,298.4,309.5,1268,52.7,180,Running,True,4388
4389,2026-06-13T11:27:00,LINE2-M01,298.4,309.6,1607,38.9,183,Running,True,4389
4390,2026-06-13T11:29:00,LINE2-M01,300.3,310.6,1185,42.5,188,Idle,True,4390
4391,2026-06-13T11:34:00,LINE3-M01,299.8,310.5,1386,46.2,190,Running,True,4391
4392,2026-06-13T11:37:00,LINE3-M02,299.0,309.3,1761,31.6,192,Running,True,4392
4393,2026-06-13T11:41:00,LINE2-M01,299.1,309.0,1832,46.7,195,Idle,True,4393
4394,2026-06-13T11:47:00,LINE1-M02,302.7,312.8,1587,36.4,200,Idle,True,4394
4395,2026-06-13T11:50:00,LINE3-M01,297.1,306.8,1361,33.9,205,Running,True,4395
4396,2026-06-13T11:55:00,LINE2-M02,297.0,306.9,1874,49.1,207,Maintenance,True,4396
4397,2026-06-13T12:00:00,LINE1-M01,300.7,310.4,1385,48.7,210,Stopped,False,4397
4398,2026-06-13T12:02:00,LINE2-M02,301.1,310.7,1414,42.8,215,Running,True,4398
4399,2026-06-13T12:06:00,LINE2-M01,300.0,309.6,1373,40.2,217,Running,True,4399
4400,2026-06-13T12:11:00,LINE1-M01,298.2,308.6,1325,37.0,222,Maintenance,False,4400
4401,2026-06-13T12:14:00,LINE3-M02,301.2,310.0,1194,48.0,224,Running,True,4401
4402,2026-06-13T12:20:00,LINE3-M02,301.7,311.9,1267,56.0,226,Maintenance,True,4402
4403,2026-06-13T12:24:00,LINE2-M01,299.9,312.1,1737,36.5,229,Running,True,4403
4404,2026-06-13T12:26:00,LINE3-M02,302.6,315.3,1488,32.3,231,Idle,True,4404
4405,2026-06-13T12:31:00,LINE3-M02,300.4,309.6,1440,37.8,233,Maintenance,False,4405
4406,2026-06-13T12:37:00,LINE3-M02,297.4,307.8,1748,27.5,235,Stopped,False,4406
4407,2026-06-13T12:43:00,LINE3-M02,301.5,311.3,1246,34.0,240,Stopped,True,4407
4408,2026-06-13T12:47:00,LINE2-M02,301.7,311.5,1233,32.7,0,Running,True,4408
4409,2026-06-13T12:50:00,LINE1-M02,298.6,308.0,1784,56.6,3,Stopped,False,4409
4410,2026-06-13T12:56:00,LINE3-M02,299.5,309.0,1168,51.4,5,Idle,True,4410
4411,2026-06-13T13:00:00,LINE1-M02,298.5,308.2,1700,36.4,7,Running,True,4411
4412,2026-06-13T13:05:00,LINE3-M02,300.3,307.8,1198,24.7,10,Maintenance,False,4412
4413,2026-06-13T13:07:00,LINE3-M02,297.7,307.9,1527,27.5,12,Running,True,4413
4414,2026-06-13T13:10:00,LINE2-M02,300.9,311.7,1343,54.6,15,Running,True,4414
4415,2026-06-13T13:15:00,LINE2-M02,299.8,308.8,1590,30.0,20,Running,True,4415
4416,2026-06-13T13:21:00,LINE2-M02,302.8,312.2,2030,26.9,23,Running,True,4416
4417,2026-06-13T13:25:00,LINE1-M02,299.0,309.4,1688,28.0,25,Running,True,4417
4418,2026-06-13T13:28:00,LINE1-M01,301.5,312.3,1561,47.8,28,Running,True,4418
4419,2026-06-13T13:30:00,LINE3-M01,302.2,311.1,1440,21.1,33,Stopped,False,4419
4420,2026-06-13T13:33:00,LINE3-M01,299.0,308.5,1541,40.9,35,Running,True,4420
4421,2026-06-13T13:35:00,LINE2-M01,300.2,309.8,1730,40.2,38,Running,True,4421
4422,2026-06-13T13:37:00,LINE3-M01,301.9,311.5,1392,32.5,41,Running,True,4422
4423,2026-06-13T13:42:00,LINE1-M01,302.3,313.5,2320,36.4,44,Idle,True,4423
4424,2026-06-13T13:47:00,LINE2-M01,300.9,310.6,1355,64.6,46,Stopped,True,4424
4425,2026-06-13T13:52:00,LINE1-M01,301.4,311.0,1600,45.1,48,Running,True,4425
4426,2026-06-13T13:57:00,LINE3-M02,299.7,309.5,1497,31.8,50,Running,True,4426
4427,2026-06-13T14:02:00,LINE1-M02,297.0,307.0,1607,20.6,53,Stopped,False,4427
4428,2026-06-13T14:07:00,LINE2-M01,300.3,311.0,1587,33.3,58,Running,True,4428
4429,2026-06-13T14:11:00,LINE1-M01,298.4,308.7,1296,30.3,61,Running,True,4429
4430,2026-06-13T14:14:00,LINE3-M02,298.6,308.9,1581,51.2,64,Running,True,4430
4431,2026-06-13T14:17:00,LINE3-M01,303.6,314.3,1826,33.9,66,Running,True,4431
4432,2026-06-13T14:21:00,LINE2-M01,301.3,310.7,1168,40.9,69,Running,True,4432
4433,2026-06-13T14:26:00,LINE1-M01,299.4,310.2,1604,53.1,71,Running,True,4433
4434,2026-06-13T14:31:00,LINE1-M02,297.5,307.0,1394,22.1,76,Maintenance,True,4434
4435,2026-06-13T14:37:00,LINE3-M02,296.5,307.9,1799,37.9,81,Running,True,4435
4436,2026-06-13T14:39:00,LINE2-M01,297.0,307.1,1284,35.1,83,Running,True,4436
4437,2026-06-13T14:42:00,LINE3-M02,300.8,311.4,1901,43.6,86,Running,True,4437
4438,2026-06-13T14:47:00,LINE3-M02,298.9,307.8,1704,36.7,91,Running,True,4438
4439,2026-06-13T14:53:00,LINE1-M02,301.2,311.4,1263,47.0,96,Running,True,4439
4440,2026-06-13T14:58:00,LINE3-M01,297.2,307.9,1307,37.9,101,Running,True,4440
4441,2026-06-13T15:03:00,LINE1-M01,298.3,307.7,1581,36.6,103,Idle,True,4441
4442,2026-06-13T15:06:00,LINE1-M02,298.3,307.8,1799,38.0,105,Idle,True,4442
4443,2026-06-13T15:12:00,LINE1-M02,298.6,309.8,1821,30.6,110,Running,True,4443
4444,2026-06-13T15:14:00,LINE2-M02,297.7,308.1,1660,51.6,112,Running,True,4444
4445,2026-06-13T15:18:00,LINE2-M01,298.6,306.3,1708,35.5,117,Running,True,4445
4446,2026-06-13T15:21:00,LINE2-M01,303.7,314.6,1404,23.4,120,Maintenance,False,4446
4447,2026-06-13T15:27:00,LINE2-M02,300.5,311.0,1219,49.0,122,Running,True,4447
4448,2026-06-13T15:31:00,LINE2-M01,301.4,310.5,1168,44.9,124,Idle,True,4448
4449,2026-06-13T15:35:00,LINE1-M02,301.1,310.3,1460,37.0,126,Running,True,4449
4450,2026-06-13T15:41:00,LINE3-M01,300.5,310.8,1382,35.4,131,Running,True,4450
4451,2026-06-13T15:46:00,LINE1-M01,298.6,308.1,1750,25.8,133,Running,True,4451
4452,2026-06-13T15:48:00,LINE1-M01,298.5,310.4,1684,32.6,138,Idle,True,4452
4453,2026-06-13T15:51:00,LINE1-M02,295.5,305.3,1168,23.0,141,Stopped,False,4453
4454,2026-06-13T15:54:00,LINE2-M02,301.0,310.8,1725,36.5,144,Idle,True,4454
4455,2026-06-13T15:59:00,LINE1-M01,299.2,308.3,1695,32.2,146,Running,True,4455
4456,2026-06-13T16:05:00,LINE3-M01,302.2,312.6,1809,61.7,151,Stopped,False,4456
4457,2026-06-13T16:09:00,LINE2-M02,300.4,310.0,1385,38.9,156,Running,True,4457
4458,2026-06-13T16:13:00,LINE1-M01,303.4,314.9,1423,39.2,158,Running,True,4458
4459,2026-06-13T16:17:00,LINE1-M02,298.2,309.7,1839,63.2,160,Stopped,False,4459
4460,2026-06-13T16:19:00,LINE2-M01,296.4,306.8,1440,46.8,165,Idle,True,4460
4461,2026-06-13T16:25:00,LINE1-M01,300.0,308.5,1515,46.5,168,Running,True,4461
4462,2026-06-13T16:28:00,LINE3-M01,301.0,310.8,1866,41.8,171,Running,True,4462
4463,2026-06-13T16:33:00,LINE1-M02,295.8,305.5,1520,48.6,174,Running,True,4463
4464,2026-06-13T16:36:00,LINE2-M02,297.9,307.0,1541,47.0,176,Running,True,4464
4465,2026-06-13T16:42:00,LINE2-M02,298.8,309.6,1530,42.7,178,Running,True,4465
4466,2026-06-13T16:48:00,LINE3-M02,298.7,310.4,1529,37.7,180,Running,True,4466
4467,2026-06-13T16:53:00,LINE1-M02,296.5,305.1,1647,29.1,182,Idle,True,4467
4468,2026-06-13T16:57:00,LINE2-M01,297.3,306.8,1354,39.1,184,Running,True,4468
4469,2026-06-13T17:00:00,LINE2-M02,301.5,310.8,1524,34.3,186,Running,True,4469
4470,2026-06-13T17:05:00,LINE3-M02,299.7,308.7,1342,40.6,188,Running,True,4470
4471,2026-06-13T17:07:00,LINE1-M02,301.0,310.0,1777,23.2,190,Running,True,4471
4472,2026-06-13T17:09:00,LINE3-M01,297.4,308.1,1180,37.8,192,Running,True,4472
4473,2026-06-13T17:12:00,LINE2-M01,302.3,311.9,1606,38.9,195,Running,True,4473
4474,2026-06-13T17:14:00,LINE2-M02,299.9,313.4,1602,39.0,198,Running,True,4474
4475,2026-06-13T17:18:00,LINE1-M02,300.4,312.4,1682,48.5,201,Running,True,4475
4476,2026-06-13T17:23:00,LINE3-M01,302.3,312.0,1445,44.5,206,Running,True,4476
4477,2026-06-13T17:27:00,LINE1-M01,300.9,312.1,1195,49.7,208,Idle,True,4477
4478,2026-06-13T17:30:00,LINE2-M02,299.5,309.0,1169,34.9,210,Running,True,4478
4479,2026-06-13T17:34:00,LINE3-M01,301.3,314.3,1212,29.3,213,Running,True,4479
4480,2026-06-13T17:37:00,LINE2-M01,299.8,312.1,1706,37.2,215,Running,True,4480
4481,2026-06-13T17:40:00,LINE1-M02,299.4,308.9,1245,38.9,217,Running,True,4481
4482,2026-06-13T17:45:00,LINE2-M02,303.7,313.8,1489,60.1,219,Stopped,False,4482
4483,2026-06-13T17:49:00,LINE2-M02,301.3,311.0,1882,46.9,222,Stopped,False,4483
4484,2026-06-13T17:52:00,LINE2-M02,300.6,311.5,1776,27.9,224,Maintenance,True,4484
4485,2026-06-13T17:54:00,LINE3-M02,298.1,308.0,1442,63.1,226,Maintenance,False,4485
4486,2026-06-13T17:59:00,LINE1-M01,300.1,311.5,1569,23.0,228,Stopped,False,4486
4487,2026-06-13T18:02:00,LINE1-M02,299.3,308.4,1373,48.1,231,Running,True,4487
4488,2026-06-13T18:04:00,LINE1-M01,300.9,310.4,1431,48.9,233,Stopped,False,4488
4489,2026-06-13T18:06:00,LINE1-M02,302.4,313.4,1814,35.5,235,Idle,True,4489
4490,2026-06-13T18:09:00,LINE2-M01,299.9,309.6,1528,63.7,238,Stopped,False,4490
4491,2026-06-13T18:14:00,LINE2-M01,301.8,312.7,1332,41.1,240,Stopped,True,4491
4492,2026-06-13T18:19:00,LINE3-M01,299.6,309.4,1179,49.9,0,Running,True,4492
4493,2026-06-13T18:24:00,LINE3-M01,301.7,312.5,1409,26.9,3,Running,True,4493
4494,2026-06-13T18:28:00,LINE1-M01,298.1,307.2,1486,44.5,6,Running,True,4494
4495,2026-06-13T18:33:00,LINE1-M01,298.3,308.9,1168,35.0,8,Running,True,4495
4496,2026-06-13T18:38:00,LINE3-M02,299.6,311.7,1966,37.2,11,Running,True,4496
4497,2026-06-13T18:43:00,LINE3-M01,297.3,304.9,1600,39.5,13,Running,False,4497
4498,2026-06-13T18:45:00,LINE3-M02,302.1,312.7,1680,37.5,15,Running,True,4498
4499,2026-06-13T18:48:00,LINE1-M01,297.4,307.8,1540,47.2,17,Running,True,4499
4500,2026-06-13T18:51:00,LINE3-M02,298.1,307.5,1409,30.0,20,Idle,True,4500
4501,2026-06-13T18:57:00,LINE3-M01,295.6,305.2,1539,38.3,22,Running,True,4501
4502,2026-06-13T19:00:00,LINE1-M01,300.2,312.4,1490,35.9,25,Running,True,4502
4503,2026-06-13T19:04:00,LINE2-M01,302.0,311.8,1455,34.1,28,Running,True,4503
4504,2026-06-13T19:08:00,LINE2-M02,298.9,307.7,1640,42.5,30,Running,True,4504
4505,2026-06-13T19:14:00,LINE2-M02,300.5,309.9,1180,49.1,32,Running,True,4505
4506,2026-06-13T19:17:00,LINE3-M02,299.3,309.9,1334,35.4,35,Running,True,4506
4507,2026-06-13T19:22:00,LINE2-M02,299.1,311.3,1874,35.9,37,Idle,True,4507
4508,2026-06-13T19:28:00,LINE2-M02,300.5,309.5,1613,26.2,40,Idle,True,4508
4509,2026-06-13T19:30:00,LINE3-M01,303.6,313.4,1390,54.7,43,Idle,True,4509
4510,2026-06-13T19:34:00,LINE3-M01,300.6,309.4,1254,26.8,45,Running,True,4510
4511,2026-06-13T19:39:00,LINE3-M02,298.8,308.4,1857,34.2,47,Running,True,4511
4512,2026-06-13T19:45:00,LINE3-M01,300.2,311.3,1361,35.7,49,Idle,True,4512
4513,2026-06-13T19:48:00,LINE2-M01,298.1,307.1,1682,47.3,52,Running,True,4513
4514,2026-06-13T19:53:00,LINE2-M01,299.4,308.9,1434,41.9,54,Running,True,4514
4515,2026-06-13T19:56:00,LINE1-M01,300.3,309.8,1342,36.2,57,Running,True,4515
4516,2026-06-13T20:02:00,LINE2-M02,300.5,308.6,1744,42.7,60,Running,True,4516
4517,2026-06-13T20:08:00,LINE2-M01,304.0,317.0,1720,40.8,63,Running,True,4517
4518,2026-06-13T20:12:00,LINE2-M02,300.0,309.3,1836,23.7,66,Idle,True,4518
4519,2026-06-13T20:16:00,LINE1-M02,298.5,307.4,1766,21.9,71,Running,True,4519
4520,2026-06-13T20:18:00,LINE1-M01,300.2,311.0,1889,22.9,74,Running,True,4520
4521,2026-06-13T20:23:00,LINE1-M01,301.3,312.5,1267,35.0,76,Running,True,4521
4522,2026-06-13T20:28:00,LINE2-M01,300.3,311.7,1258,44.8,78,Running,True,4522
4523,2026-06-13T20:31:00,LINE1-M01,300.9,309.5,1317,63.0,83,Running,True,4523
4524,2026-06-13T20:35:00,LINE1-M02,299.0,308.7,1788,43.4,85,Idle,True,4524
4525,2026-06-13T20:41:00,LINE3-M01,302.1,312.5,1426,40.5,88,Idle,True,4525
4526,2026-06-13T20:43:00,LINE1-M01,300.8,313.0,1228,37.0,91,Running,True,4526
4527,2026-06-13T20:47:00,LINE2-M02,299.9,309.6,1463,45.3,94,Running,True,4527
4528,2026-06-13T20:49:00,LINE3-M02,300.0,308.7,1168,55.3,99,Idle,True,4528
4529,2026-06-13T20:54:00,LINE3-M02,300.1,311.4,1652,40.3,101,Running,True,4529
4530,2026-06-13T20:57:00,LINE2-M01,304.9,314.0,1870,44.7,103,Idle,True,4530
4531,2026-06-13T21:02:00,LINE1-M01,298.3,308.2,1733,55.9,105,Stopped,False,4531
4532,2026-06-13T21:04:00,LINE2-M01,300.3,310.4,2122,25.6,108,Running,True,4532
4533,2026-06-13T21:09:00,LINE2-M01,300.4,309.5,1543,48.0,110,Running,True,4533
4534,2026-06-13T21:13:00,LINE2-M01,296.8,305.3,1419,27.3,112,Idle,True,4534
4535,2026-06-13T21:15:00,LINE1-M02,301.8,311.8,1452,37.2,117,Running,True,4535
4536,2026-06-13T21:17:00,LINE1-M02,298.4,308.4,1298,68.6,120,Maintenance,False,4536
4537,2026-06-13T21:20:00,LINE1-M02,299.9,309.8,1694,31.6,122,Running,True,4537
4538,2026-06-13T21:25:00,LINE1-M01,301.7,311.9,1834,49.2,124,Maintenance,False,4538
4539,2026-06-13T21:29:00,LINE1-M01,300.6,311.2,1699,41.2,126,Running,True,4539
4540,2026-06-13T21:31:00,LINE2-M02,298.7,310.1,1562,35.5,128,Running,True,4540
4541,2026-06-13T21:35:00,LINE1-M01,301.9,311.4,1382,24.1,133,Maintenance,False,4541
4542,2026-06-13T21:38:00,LINE3-M01,299.4,308.8,1672,26.6,136,Running,True,4542
4543,2026-06-13T21:43:00,LINE3-M02,301.6,311.6,1621,36.9,138,Running,True,4543
4544,2026-06-13T21:49:00,LINE1-M01,299.9,308.2,1465,46.5,141,Idle,True,4544
4545,2026-06-13T21:54:00,LINE2-M02,297.4,306.9,2080,43.4,144,Stopped,False,4545
4546,2026-06-13T21:59:00,LINE3-M02,300.3,308.9,1356,21.3,147,Stopped,True,4546
4547,2026-06-13T22:04:00,LINE2-M01,298.1,308.8,1587,33.9,150,Running,True,4547
4548,2026-06-13T22:06:00,LINE3-M02,295.4,304.9,1564,44.9,153,Running,True,4548
4549,2026-06-13T22:12:00,LINE2-M01,300.4,310.9,1452,35.0,155,Running,True,4549
4550,2026-06-13T22:18:00,LINE2-M02,301.1,314.0,1434,19.9,158,Stopped,False,4550
4551,2026-06-13T22:21:00,LINE3-M01,303.1,314.3,1630,38.9,163,Running,True,4551
4552,2026-06-13T22:25:00,LINE1-M02,300.3,309.1,1700,49.3,168,Idle,True,4552
4553,2026-06-13T22:31:00,LINE3-M01,301.0,310.9,1554,31.4,170,Running,True,4553
4554,2026-06-13T22:33:00,LINE2-M02,302.5,312.3,1354,34.1,173,Running,True,4554
4555,2026-06-13T22:36:00,LINE1-M01,301.0,309.4,1271,48.4,176,Stopped,True,4555
4556,2026-06-13T22:40:00,LINE2-M01,299.8,311.6,1669,37.8,179,Idle,True,4556
4557,2026-06-13T22:43:00,LINE2-M01,300.9,310.9,1650,43.1,181,Running,True,4557
4558,2026-06-13T22:48:00,LINE2-M01,302.7,310.5,1277,48.0,186,Stopped,False,4558
4559,2026-06-13T22:50:00,LINE2-M02,300.4,311.0,1612,23.5,188,Running,True,4559
4560,2026-06-13T22:54:00,LINE3-M01,300.4,309.2,1482,45.5,193,Idle,True,4560
4561,2026-06-13T22:56:00,LINE3-M02,299.9,309.1,1519,40.2,196,Running,True,4561
4562,2026-06-13T22:59:00,LINE2-M02,302.0,311.6,1530,30.2,198,Running,True,4562
4563,2026-06-13T23:02:00,LINE3-M01,301.9,313.7,1497,61.2,200,Stopped,False,4563
4564,2026-06-13T23:05:00,LINE1-M01,298.2,308.5,1424,31.7,202,Idle,True,4564
4565,2026-06-13T23:08:00,LINE2-M02,301.9,312.7,1266,63.6,205,Maintenance,False,4565
4566,2026-06-13T23:11:00,LINE3-M01,300.9,312.1,1811,38.0,207,Running,True,4566
4567,2026-06-13T23:17:00,LINE2-M02,298.9,308.2,1331,36.0,209,Running,True,4567
4568,2026-06-13T23:22:00,LINE1-M02,297.6,309.1,1473,41.1,212,Running,True,4568
4569,2026-06-13T23:24:00,LINE2-M01,304.5,315.7,1729,31.6,214,Maintenance,True,4569
4570,2026-06-13T23:26:00,LINE3-M01,300.0,309.3,1389,47.8,216,Running,True,4570
4571,2026-06-13T23:29:00,LINE3-M01,301.1,310.9,1682,41.6,221,Running,True,4571
4572,2026-06-13T23:32:00,LINE3-M01,299.9,310.2,1307,38.5,223,Maintenance,False,4572
4573,2026-06-13T23:36:00,LINE2-M01,297.6,308.1,1721,34.0,225,Maintenance,True,4573
4574,2026-06-13T23:40:00,LINE3-M01,295.0,306.5,1202,53.3,227,Stopped,False,4574
4575,2026-06-13T23:44:00,LINE1-M01,300.2,312.1,1768,49.9,229,Stopped,False,4575
4576,2026-06-13T23:49:00,LINE3-M02,302.6,312.2,1484,24.9,231,Stopped,False,4576
4577,2026-06-13T23:51:00,LINE2-M01,297.8,307.0,1780,39.6,233,Stopped,False,4577
4578,2026-06-13T23:54:00,LINE1-M01,301.2,310.8,1607,35.1,238,Maintenance,True,4578
4579,2026-06-13T23:56:00,LINE3-M01,299.2,309.6,1856,36.3,240,Stopped,False,4579
4580,2026-06-13T23:58:00,LINE1-M02,299.6,309.9,1489,35.5,0,Running,True,4580
4581,2026-06-14T00:00:00,LINE1-M02,297.6,310.6,1427,58.6,2,Running,True,4581
4582,2026-06-14T00:03:00,LINE2-M02,298.5,309.1,1436,54.0,7,Running,True,4582
4583,2026-06-14T00:06:00,LINE1-M02,298.2,306.7,1654,49.9,10,Running,True,4583
4584,2026-06-14T00:12:00,LINE1-M02,300.4,310.6,1451,43.2,12,Idle,True,4584
4585,2026-06-14T00:14:00,LINE1-M01,300.9,310.4,1168,48.5,14,Running,True,4585
4586,2026-06-14T00:20:00,LINE1-M01,298.6,309.6,1568,39.8,16,Running,True,4586
4587,2026-06-14T00:25:00,LINE3-M02,299.4,309.4,1608,42.0,19,Running,False,4587
4588,2026-06-14T00:31:00,LINE1-M02,299.5,308.4,1356,59.5,24,Running,True,4588
4589,2026-06-14T00:35:00,LINE1-M02,300.5,310.2,1323,45.4,26,Idle,True,4589
4590,2026-06-14T00:38:00,LINE1-M01,300.3,309.1,1620,40.0,29,Running,True,4590
4591,2026-06-14T00:41:00,LINE1-M01,299.2,308.1,1321,33.7,32,Running,True,4591
4592,2026-06-14T00:45:00,LINE3-M01,298.7,308.0,2075,42.6,37,Maintenance,True,4592
4593,2026-06-14T00:49:00,LINE3-M02,300.2,310.9,1468,21.9,40,Stopped,False,4593
4594,2026-06-14T00:53:00,LINE3-M02,299.2,308.0,1633,28.3,42,Idle,True,4594
4595,2026-06-14T00:57:00,LINE1-M02,295.5,306.3,1253,22.3,45,Stopped,False,4595
4596,2026-06-14T01:00:00,LINE2-M02,298.4,308.3,1555,57.1,47,Stopped,False,4596
4597,2026-06-14T01:06:00,LINE1-M01,301.8,310.8,1627,31.6,52,Running,True,4597
4598,2026-06-14T01:12:00,LINE3-M01,299.7,309.6,1734,38.1,54,Running,True,4598
4599,2026-06-14T01:14:00,LINE2-M01,302.1,311.4,1370,35.8,56,Running,True,4599
4600,2026-06-14T01:19:00,LINE3-M02,299.2,311.5,1471,45.3,58,Idle,True,4600
4601,2026-06-14T01:22:00,LINE3-M01,297.1,307.4,1528,44.9,60,Running,True,4601
4602,2026-06-14T01:27:00,LINE1-M02,301.8,315.3,1168,57.6,63,Running,True,4602
4603,2026-06-14T01:33:00,LINE3-M01,300.9,309.3,1257,29.6,65,Stopped,False,4603
4604,2026-06-14T01:36:00,LINE2-M01,302.8,313.9,1846,44.7,67,Running,True,4604
4605,2026-06-14T01:42:00,LINE2-M02,301.0,312.6,1320,39.2,69,Running,True,4605
4606,2026-06-14T01:48:00,LINE2-M01,296.6,306.1,1426,36.9,71,Idle,True,4606
4607,2026-06-14T01:52:00,LINE2-M01,300.5,310.6,1565,38.0,73,Running,True,4607
4608,2026-06-14T01:58:00,LINE1-M02,300.2,308.7,1168,45.8,76,Maintenance,False,4608
4609,2026-06-14T02:03:00,LINE3-M01,298.1,306.3,2006,30.4,81,Running,True,4609
4610,2026-06-14T02:09:00,LINE2-M01,300.3,309.7,1235,40.4,83,Running,True,4610
4611,2026-06-14T02:14:00,LINE2-M02,299.3,309.3,1878,44.5,86,Running,True,4611
4612,2026-06-14T02:17:00,LINE2-M01,299.6,308.5,1168,28.0,88,Maintenance,False,4612
4613,2026-06-14T02:22:00,LINE1-M02,299.8,309.8,1391,34.6,90,Running,True,4613
4614,2026-06-14T02:27:00,LINE3-M01,302.6,312.9,1592,51.0,92,Running,True,4614
4615,2026-06-14T02:32:00,LINE2-M02,300.0,309.4,1666,42.8,94,Running,True,4615
4616,2026-06-14T02:34:00,LINE1-M02,301.1,312.0,1557,50.5,96,Idle,True,4616
4617,2026-06-14T02:38:00,LINE1-M02,298.4,309.2,1348,44.7,98,Idle,True,4617
4618,2026-06-14T02:42:00,LINE2-M02,299.6,308.9,1350,36.4,100,Running,True,4618
4619,2026-06-14T02:47:00,LINE1-M01,301.0,311.4,1514,40.4,102,Idle,True,4619
4620,2026-06-14T02:53:00,LINE2-M01,301.7,313.0,1451,42.8,107,Running,True,4620
4621,2026-06-14T02:56:00,LINE2-M02,301.8,311.5,1684,25.3,112,Running,True,4621
4622,2026-06-14T03:02:00,LINE3-M02,301.3,312.9,1968,30.9,114,Running,True,4622
4623,2026-06-14T03:08:00,LINE3-M01,301.7,311.5,1168,49.2,116,Idle,True,4623
4624,2026-06-14T03:11:00,LINE3-M02,300.7,312.0,1718,31.5,119,Running,True,4624
4625,2026-06-14T03:13:00,LINE2-M02,300.3,311.5,1667,42.0,121,Running,True,4625
4626,2026-06-14T03:16:00,LINE2-M02,297.8,306.5,1788,41.8,123,Running,True,4626
4627,2026-06-14T03:19:00,LINE3-M02,297.6,306.5,1607,37.6,125,Running,True,4627
4628,2026-06-14T03:23:00,LINE3-M01,303.2,311.2,1438,50.8,130,Running,True,4628
4629,2026-06-14T03:28:00,LINE3-M01,301.5,310.4,1215,44.0,135,Running,True,4629
4630,2026-06-14T03:30:00,LINE3-M01,299.4,310.4,1377,39.0,138,Running,True,4630
4631,2026-06-14T03:35:00,LINE2-M01,300.9,311.2,1764,44.0,140,Running,True,4631
4632,2026-06-14T03:41:00,LINE2-M01,298.2,309.6,1875,51.2,145,Maintenance,False,4632
4633,2026-06-14T03:44:00,LINE3-M02,299.8,310.2,1504,24.1,148,Idle,True,4633
4634,2026-06-14T03:50:00,LINE2-M01,303.5,312.8,1245,63.0,153,Running,True,4634
4635,2026-06-14T03:53:00,LINE1-M01,301.4,312.4,1460,37.6,155,Running,True,4635
4636,2026-06-14T03:58:00,LINE3-M02,300.4,311.7,1444,33.1,158,Running,True,4636
4637,2026-06-14T04:01:00,LINE3-M01,299.9,310.0,1168,33.9,160,Running,True,4637
4638,2026-06-14T04:05:00,LINE1-M02,302.7,311.3,1356,43.3,162,Running,True,4638
4639,2026-06-14T04:09:00,LINE1-M01,301.0,310.3,1826,35.7,164,Running,True,4639
4640,2026-06-14T04:14:00,LINE3-M01,299.3,310.5,1762,25.0,166,Idle,True,4640
4641,2026-06-14T04:17:00,LINE1-M02,298.9,310.4,1947,30.5,168,Idle,True,4641
4642,2026-06-14T04:21:00,LINE3-M01,300.3,310.1,1875,34.4,173,Running,True,4642
4643,2026-06-14T04:26:00,LINE3-M01,297.8,307.3,1620,24.3,178,Running,True,4643
4644,2026-06-14T04:29:00,LINE3-M02,300.8,309.6,1706,48.0,180,Running,True,4644
4645,2026-06-14T04:34:00,LINE3-M01,296.9,307.0,1168,65.5,183,Running,True,4645
4646,2026-06-14T04:37:00,LINE3-M02,298.7,309.2,1839,37.4,188,Running,True,4646
4647,2026-06-14T04:41:00,LINE2-M01,301.7,310.1,1266,27.8,190,Stopped,False,4647
4648,2026-06-14T04:43:00,LINE3-M01,296.5,304.8,1394,53.5,192,Running,True,4648
4649,2026-06-14T04:46:00,LINE2-M02,299.0,307.3,1168,66.5,197,Stopped,True,4649
4650,2026-06-14T04:49:00,LINE2-M01,298.1,308.7,1267,33.3,199,Running,True,4650
4651,2026-06-14T04:53:00,LINE2-M02,300.9,310.6,1168,34.4,204,Running,True,4651
4652,2026-06-14T04:55:00,LINE3-M02,299.2,308.3,1168,36.6,209,Idle,True,4652
4653,2026-06-14T04:57:00,LINE2-M01,300.0,308.6,1854,41.0,214,Maintenance,True,4653
4654,2026-06-14T05:00:00,LINE1-M02,296.5,307.6,1484,34.9,219,Maintenance,False,4654
4655,2026-06-14T05:03:00,LINE2-M01,303.2,313.4,1212,39.1,224,Idle,True,4655
4656,2026-06-14T05:07:00,LINE1-M01,297.3,308.6,1598,45.3,229,Stopped,True,4656
4657,2026-06-14T05:10:00,LINE3-M02,301.6,311.8,1620,29.7,231,Maintenance,True,4657
4658,2026-06-14T05:16:00,LINE3-M01,300.4,311.6,1532,19.5,236,Maintenance,False,4658
4659,2026-06-14T05:20:00,LINE3-M02,299.2,309.8,1640,41.0,239,Maintenance,True,4659
4660,2026-06-14T05:25:00,LINE3-M02,300.6,309.5,1357,35.9,0,Running,True,4660
4661,2026-06-14T05:30:00,LINE1-M02,303.1,314.9,1556,31.6,3,Running,True,4661
4662,2026-06-14T05:34:00,LINE1-M02,299.2,307.0,1329,52.7,5,Stopped,False,4662
4663,2026-06-14T05:40:00,LINE1-M02,299.1,308.5,1555,30.1,8,Running,True,4663
4664,2026-06-14T05:45:00,LINE1-M02,298.2,308.6,1497,43.8,10,Running,True,4664
4665,2026-06-14T05:49:00,LINE2-M01,299.9,308.7,1742,36.1,12,Running,True,4665
4666,2026-06-14T05:53:00,LINE1-M02,299.2,308.1,1478,35.5,15,Idle,True,4666
4667,2026-06-14T05:56:00,LINE3-M02,300.0,309.6,1168,35.4,17,Running,True,4667
4668,2026-06-14T06:00:00,LINE1-M01,301.7,310.0,1374,50.2,22,Stopped,False,4668
4669,2026-06-14T06:06:00,LINE2-M02,297.2,307.6,1691,24.1,24,Running,True,4669
4670,2026-06-14T06:12:00,LINE1-M02,299.8,309.6,1569,36.5,26,Running,True,4670
4671,2026-06-14T06:14:00,LINE1-M02,298.0,308.9,1635,35.9,28,Running,True,4671
4672,2026-06-14T06:17:00,LINE3-M02,298.2,308.8,1451,37.4,30,Running,True,4672
4673,2026-06-14T06:22:00,LINE1-M02,300.5,311.5,1329,36.9,33,Running,True,4673
4674,2026-06-14T06:27:00,LINE2-M01,302.9,312.2,1736,34.5,36,Running,True,4674
4675,2026-06-14T06:31:00,LINE1-M02,300.0,310.4,1805,48.0,38,Stopped,False,4675
4676,2026-06-14T06:36:00,LINE2-M01,300.4,309.2,1378,47.6,43,Running,True,4676
4677,2026-06-14T06:39:00,LINE2-M01,299.2,308.0,1679,44.4,48,Running,True,4677
4678,2026-06-14T06:43:00,LINE1-M02,297.7,307.5,1414,34.6,50,Running,True,4678
4679,2026-06-14T06:48:00,LINE2-M01,300.7,310.7,1168,56.3,52,Running,True,4679
4680,2026-06-14T06:54:00,LINE2-M02,301.6,313.1,2336,40.2,54,Stopped,False,4680
4681,2026-06-14T06:57:00,LINE3-M01,300.3,311.3,1663,53.8,56,Stopped,False,4681
4682,2026-06-14T07:01:00,LINE2-M01,299.6,309.0,1172,45.0,61,Running,True,4682
4683,2026-06-14T07:04:00,LINE2-M01,296.6,306.5,1989,32.2,64,Idle,True,4683
4684,2026-06-14T07:08:00,LINE1-M02,300.4,311.3,1441,53.7,66,Running,False,4684
4685,2026-06-14T07:13:00,LINE2-M02,298.0,307.9,1300,32.8,68,Running,True,4685
4686,2026-06-14T07:16:00,LINE2-M02,300.5,311.6,1445,19.4,70,Stopped,True,4686
4687,2026-06-14T07:22:00,LINE2-M01,299.6,310.1,1168,63.6,73,Running,True,4687
4688,2026-06-14T07:28:00,LINE2-M01,299.1,307.6,1353,51.8,75,Maintenance,True,4688
4689,2026-06-14T07:33:00,LINE2-M02,296.5,305.6,1362,46.2,77,Running,True,4689
4690,2026-06-14T07:36:00,LINE1-M01,297.7,308.3,1431,53.3,79,Running,True,4690
4691,2026-06-14T07:41:00,LINE1-M02,297.1,306.0,1549,38.1,81,Running,True,4691
4692,2026-06-14T07:45:00,LINE3-M01,301.6,309.4,1307,27.1,83,Maintenance,False,4692
4693,2026-06-14T07:49:00,LINE2-M01,301.3,308.6,1522,16.8,88,Stopped,False,4693
4694,2026-06-14T07:51:00,LINE3-M01,301.3,311.2,1747,50.8,90,Stopped,True,4694
4695,2026-06-14T07:56:00,LINE1-M01,300.9,311.5,1541,26.3,93,Running,True,4695
4696,2026-06-14T07:59:00,LINE3-M02,300.0,309.8,1168,32.8,95,Running,True,4696
4697,2026-06-14T08:02:00,LINE3-M02,299.2,308.1,1222,42.9,97,Running,True,4697
4698,2026-06-14T08:06:00,LINE2-M01,300.0,310.1,1560,54.8,102,Running,False,4698
4699,2026-06-14T08:10:00,LINE1-M02,299.8,308.6,1361,27.3,107,Running,True,4699
4700,2026-06-14T08:14:00,LINE1-M01,297.8,308.4,1473,57.6,112,Running,True,4700
4701,2026-06-14T08:16:00,LINE2-M02,299.6,308.3,1425,22.7,117,Stopped,False,4701
4702,2026-06-14T08:19:00,LINE2-M02,303.0,312.8,1534,26.6,120,Running,True,4702
4703,2026-06-14T08:25:00,LINE2-M02,302.5,311.7,1612,45.7,122,Running,True,4703
4704,2026-06-14T08:28:00,LINE3-M02,299.9,310.6,1679,31.0,124,Idle,True,4704
4705,2026-06-14T08:31:00,LINE2-M01,297.7,308.6,1827,34.0,127,Running,True,4705
4706,2026-06-14T08:36:00,LINE1-M02,298.0,309.2,1956,40.9,130,Running,True,4706
4707,2026-06-14T08:42:00,LINE1-M02,301.9,312.2,1441,59.7,132,Stopped,False,4707
4708,2026-06-14T08:46:00,LINE3-M02,299.3,310.0,1386,51.4,135,Running,True,4708
4709,2026-06-14T08:50:00,LINE1-M02,300.0,309.3,1445,35.7,137,Running,True,4709
4710,2026-06-14T08:52:00,LINE3-M02,299.2,309.1,1349,57.4,140,Running,True,4710
4711,2026-06-14T08:54:00,LINE1-M01,301.5,310.5,1739,52.8,142,Stopped,True,4711
4712,2026-06-14T09:00:00,LINE2-M01,304.4,316.2,1551,60.9,145,Maintenance,False,4712
4713,2026-06-14T09:04:00,LINE1-M02,299.3,310.6,1197,51.5,147,Running,True,4713
4714,2026-06-14T09:07:00,LINE2-M01,296.6,305.8,1331,41.8,150,Running,True,4714
4715,2026-06-14T09:12:00,LINE1-M02,301.6,312.8,1289,38.0,152,Idle,True,4715
4716,2026-06-14T09:14:00,LINE3-M01,298.8,310.3,1327,45.7,155,Running,True,4716
4717,2026-06-14T09:20:00,LINE3-M01,299.8,308.9,1880,31.3,158,Running,True,4717
4718,2026-06-14T09:26:00,LINE3-M02,299.1,308.9,1719,57.6,160,Maintenance,True,4718
4719,2026-06-14T09:31:00,LINE2-M01,302.7,311.7,1782,22.8,163,Running,True,4719
4720,2026-06-14T09:36:00,LINE2-M01,301.6,311.9,1168,47.2,168,Running,True,4720
4721,2026-06-14T09:39:00,LINE3-M02,306.7,315.6,1356,49.3,170,Running,True,4721
4722,2026-06-14T09:44:00,LINE3-M01,300.3,310.1,1168,29.5,173,Running,True,4722
4723,2026-06-14T09:50:00,LINE2-M01,300.6,311.6,1191,32.0,175,Running,True,4723
4724,2026-06-14T09:52:00,LINE3-M02,301.1,310.2,1577,57.4,180,Maintenance,False,4724
4725,2026-06-14T09:55:00,LINE1-M02,299.5,310.3,1826,25.6,185,Running,True,4725
4726,2026-06-14T09:58:00,LINE2-M01,297.4,306.3,1858,34.1,188,Idle,True,4726
4727,2026-06-14T10:03:00,LINE3-M02,301.9,311.7,1562,41.6,190,Idle,True,4727
4728,2026-06-14T10:09:00,LINE2-M02,301.7,311.3,1193,51.7,195,Running,True,4728
4729,2026-06-14T10:12:00,LINE2-M01,299.7,311.6,1469,27.5,197,Running,True,4729
4730,2026-06-14T10:18:00,LINE3-M02,299.8,309.8,1476,41.2,200,Idle,True,4730
4731,2026-06-14T10:20:00,LINE1-M02,296.9,306.5,1230,36.3,205,Idle,True,4731
4732,2026-06-14T10:25:00,LINE3-M02,298.7,308.3,1172,40.4,208,Running,True,4732
4733,2026-06-14T10:29:00,LINE1-M01,298.8,308.3,1665,40.4,211,Running,True,4733
4734,2026-06-14T10:33:00,LINE3-M02,299.1,308.3,1832,31.2,213,Stopped,False,4734
4735,2026-06-14T10:37:00,LINE1-M01,301.4,311.7,1361,35.3,218,Idle,True,4735
4736,2026-06-14T10:43:00,LINE3-M02,301.4,309.8,1374,36.7,223,Stopped,True,4736
4737,2026-06-14T10:47:00,LINE2-M02,300.4,310.1,1271,38.4,225,Stopped,False,4737
4738,2026-06-14T10:52:00,LINE3-M02,304.3,314.8,1859,55.8,227,Maintenance,False,4738
4739,2026-06-14T10:55:00,LINE3-M02,303.8,312.0,1209,49.9,232,Stopped,False,4739
4740,2026-06-14T10:58:00,LINE2-M02,300.2,308.7,1792,41.0,234,Stopped,False,4740
4741,2026-06-14T11:03:00,LINE2-M02,300.9,310.6,1378,44.8,237,Stopped,False,4741
4742,2026-06-14T11:06:00,LINE2-M01,301.0,311.4,1289,58.4,239,Maintenance,False,4742
4743,2026-06-14T11:11:00,LINE2-M02,298.1,309.2,1357,26.2,0,Running,True,4743
4744,2026-06-14T11:13:00,LINE3-M01,299.3,309.1,1168,37.4,3,Running,True,4744
4745,2026-06-14T11:19:00,LINE2-M02,304.3,314.2,1531,44.1,8,Running,True,4745
4746,2026-06-14T11:23:00,LINE2-M01,298.8,308.9,1292,49.3,11,Running,True,4746
4747,2026-06-14T11:25:00,LINE3-M02,299.8,309.5,1250,39.9,13,Running,True,4747
4748,2026-06-14T11:30:00,LINE3-M01,297.0,306.9,1814,29.1,18,Running,True,4748
4749,2026-06-14T11:35:00,LINE3-M01,299.0,308.3,1614,54.8,21,Maintenance,False,4749
4750,2026-06-14T11:37:00,LINE1-M02,299.2,307.9,1168,44.9,23,Running,True,4750
4751,2026-06-14T11:40:00,LINE2-M02,300.2,311.2,1564,39.6,25,Running,True,4751
4752,2026-06-14T11:45:00,LINE2-M01,300.9,313.8,1797,38.5,27,Idle,True,4752
4753,2026-06-14T11:50:00,LINE3-M02,296.6,306.7,1541,44.9,30,Running,True,4753
4754,2026-06-14T11:54:00,LINE1-M02,299.8,309.3,1590,28.7,33,Running,True,4754
4755,2026-06-14T12:00:00,LINE3-M01,299.8,309.7,1357,26.7,38,Idle,True,4755
4756,2026-06-14T12:06:00,LINE3-M01,300.4,311.4,1291,46.6,40,Idle,True,4756
4757,2026-06-14T12:08:00,LINE3-M01,298.5,307.4,1243,39.0,42,Running,True,4757
4758,2026-06-14T12:12:00,LINE1-M01,299.9,310.2,1251,24.5,44,Stopped,False,4758
4759,2026-06-14T12:14:00,LINE2-M02,298.4,308.1,1392,28.1,46,Running,True,4759
4760,2026-06-14T12:20:00,LINE2-M01,297.8,309.3,1951,14.2,49,Stopped,False,4760
4761,2026-06-14T12:22:00,LINE1-M02,300.7,311.0,1346,30.9,54,Running,True,4761
4762,2026-06-14T12:28:00,LINE1-M01,301.6,310.5,1458,51.3,57,Running,True,4762
4763,2026-06-14T12:34:00,LINE2-M02,302.1,313.9,1264,46.9,62,Running,True,4763
4764,2026-06-14T12:38:00,LINE2-M01,299.2,309.6,1640,29.7,64,Running,True,4764
4765,2026-06-14T12:43:00,LINE2-M01,305.7,315.0,1666,35.2,67,Idle,True,4765
4766,2026-06-14T12:48:00,LINE3-M01,301.8,311.0,1337,40.1,69,Running,True,4766
4767,2026-06-14T12:51:00,LINE3-M02,295.9,306.7,1773,25.3,71,Running,True,4767
4768,2026-06-14T12:55:00,LINE2-M01,297.4,307.1,1366,40.2,73,Running,True,4768
4769,2026-06-14T13:01:00,LINE1-M01,298.9,309.8,1426,37.0,75,Running,True,4769
4770,2026-06-14T13:07:00,LINE1-M02,303.9,313.6,1366,60.5,78,Running,True,4770
4771,2026-06-14T13:12:00,LINE3-M02,302.0,311.6,1510,42.6,80,Running,True,4771
4772,2026-06-14T13:16:00,LINE3-M01,298.7,309.5,1716,28.3,83,Running,True,4772
4773,2026-06-14T13:19:00,LINE2-M01,303.2,313.5,1615,28.7,86,Running,True,4773
4774,2026-06-14T13:25:00,LINE3-M01,301.4,311.8,1614,28.7,88,Running,True,4774
4775,2026-06-14T13:28:00,LINE2-M02,302.6,312.0,1300,56.4,90,Running,True,4775
4776,2026-06-14T13:34:00,LINE2-M01,299.4,308.4,1745,55.6,93,Stopped,False,4776
4777,2026-06-14T13:38:00,LINE2-M01,300.7,310.6,1490,58.0,98,Maintenance,False,4777
4778,2026-06-14T13:42:00,LINE3-M02,300.1,311.2,1462,28.9,101,Running,True,4778
4779,2026-06-14T13:47:00,LINE1-M02,302.2,311.4,1255,34.3,106,Running,True,4779
4780,2026-06-14T13:52:00,LINE3-M01,300.0,309.6,1638,24.7,108,Running,True,4780
4781,2026-06-14T13:54:00,LINE3-M02,299.3,310.1,1619,35.7,111,Running,True,4781
4782,2026-06-14T13:56:00,LINE1-M01,300.8,310.2,1848,38.0,116,Running,True,4782
4783,2026-06-14T14:00:00,LINE3-M02,298.2,308.7,1168,43.8,118,Running,True,4783
4784,2026-06-14T14:06:00,LINE3-M01,302.5,312.5,1318,62.8,120,Running,True,4784
4785,2026-06-14T14:09:00,LINE2-M02,302.3,312.3,1549,60.7,125,Stopped,False,4785
4786,2026-06-14T14:13:00,LINE3-M02,298.9,309.3,1544,37.1,130,Running,True,4786
4787,2026-06-14T14:16:00,LINE1-M01,297.4,306.4,1754,55.3,133,Maintenance,False,4787
4788,2026-06-14T14:20:00,LINE2-M01,300.8,311.7,1461,38.8,135,Running,True,4788
4789,2026-06-14T14:24:00,LINE1-M02,298.1,304.9,1745,36.6,138,Running,True,4789
4790,2026-06-14T14:29:00,LINE1-M02,301.0,311.3,1261,19.5,143,Maintenance,True,4790
4791,2026-06-14T14:34:00,LINE3-M01,303.6,315.1,1168,22.9,145,Stopped,False,4791
4792,2026-06-14T14:36:00,LINE3-M01,296.3,306.8,1444,29.9,150,Idle,True,4792
4793,2026-06-14T14:42:00,LINE2-M02,300.6,311.5,1280,44.8,153,Running,True,4793
4794,2026-06-14T14:46:00,LINE2-M02,301.2,312.1,1525,45.9,155,Running,True,4794
4795,2026-06-14T14:48:00,LINE1-M02,302.8,312.1,1522,42.5,157,Running,True,4795
4796,2026-06-14T14:51:00,LINE2-M02,300.3,311.6,1550,50.4,159,Running,True,4796
4797,2026-06-14T14:56:00,LINE2-M02,301.4,311.0,1679,43.8,162,Running,True,4797
4798,2026-06-14T14:58:00,LINE2-M01,298.6,309.0,1729,39.1,167,Running,True,4798
4799,2026-06-14T15:01:00,LINE1-M01,298.3,308.0,1658,31.5,170,Running,True,4799
4800,2026-06-14T15:03:00,LINE2-M02,299.9,308.4,1906,44.7,175,Running,True,4800
4801,2026-06-14T15:07:00,LINE1-M02,299.4,307.1,1310,43.3,178,Maintenance,False,4801
4802,2026-06-14T15:13:00,LINE1-M02,295.8,306.2,1381,37.0,181,Running,True,4802
4803,2026-06-14T15:15:00,LINE2-M01,299.9,310.6,1567,32.6,183,Running,True,4803
4804,2026-06-14T15:18:00,LINE2-M02,299.7,309.5,1502,41.1,185,Running,True,4804
4805,2026-06-14T15:24:00,LINE3-M02,299.7,309.7,1399,22.6,187,Stopped,False,4805
4806,2026-06-14T15:30:00,LINE3-M02,302.7,312.2,1470,49.2,189,Running,True,4806
4807,2026-06-14T15:33:00,LINE1-M01,294.8,305.0,1281,53.2,194,Running,True,4807
4808,2026-06-14T15:39:00,LINE3-M01,301.0,310.5,1765,19.0,196,Running,True,4808
4809,2026-06-14T15:44:00,LINE3-M02,295.4,304.6,1168,39.9,198,Running,True,4809
4810,2026-06-14T15:46:00,LINE1-M02,298.3,308.1,1573,32.3,200,Running,False,4810
4811,2026-06-14T15:48:00,LINE1-M01,300.0,310.8,1168,46.3,202,Running,True,4811
4812,2026-06-14T15:52:00,LINE2-M02,298.7,307.8,1327,13.5,204,Stopped,True,4812
4813,2026-06-14T15:56:00,LINE3-M01,300.6,312.5,1769,34.6,206,Running,True,4813
4814,2026-06-14T16:00:00,LINE3-M01,301.1,310.7,1889,35.6,209,Stopped,False,4814
4815,2026-06-14T16:02:00,LINE3-M01,300.9,310.7,1478,48.6,211,Running,True,4815
4816,2026-06-14T16:08:00,LINE1-M01,302.8,312.3,1320,50.1,216,Running,True,4816
4817,2026-06-14T16:14:00,LINE2-M01,305.0,316.1,1465,52.9,218,Maintenance,False,4817
4818,2026-06-14T16:20:00,LINE3-M01,299.6,308.4,1458,32.4,220,Running,True,4818
4819,2026-06-14T16:26:00,LINE3-M01,301.0,312.0,1522,43.8,223,Running,True,4819
4820,2026-06-14T16:31:00,LINE3-M01,296.5,306.0,1173,42.5,225,Maintenance,True,4820
4821,2026-06-14T16:36:00,LINE3-M01,298.5,309.7,1236,37.8,227,Stopped,True,4821
4822,2026-06-14T16:42:00,LINE3-M02,303.9,314.6,1527,54.1,232,Stopped,False,4822
4823,2026-06-14T16:45:00,LINE2-M01,298.9,309.0,1301,42.4,234,Stopped,False,4823
4824,2026-06-14T16:50:00,LINE2-M02,302.0,311.6,1201,46.6,236,Maintenance,False,4824
4825,2026-06-14T16:54:00,LINE3-M02,303.4,314.1,1260,49.8,238,Stopped,False,4825
4826,2026-06-14T16:57:00,LINE1-M02,301.5,311.6,1381,40.5,0,Running,True,4826
4827,2026-06-14T17:02:00,LINE1-M02,300.6,311.0,1518,44.2,3,Running,True,4827
4828,2026-06-14T17:06:00,LINE3-M02,302.3,312.2,1726,42.4,8,Running,True,4828
4829,2026-06-14T17:12:00,LINE3-M01,299.2,308.4,1821,34.8,13,Running,True,4829
4830,2026-06-14T17:16:00,LINE1-M02,302.6,313.1,1545,37.7,18,Idle,False,4830
4831,2026-06-14T17:19:00,LINE1-M01,296.9,306.9,1751,39.6,20,Running,True,4831
4832,2026-06-14T17:21:00,LINE2-M02,304.1,313.8,1519,45.7,22,Running,True,4832
4833,2026-06-14T17:24:00,LINE2-M01,300.1,311.1,2232,32.1,24,Running,True,4833
4834,2026-06-14T17:29:00,LINE2-M02,298.6,307.4,1240,35.7,29,Idle,True,4834
4835,2026-06-14T17:31:00,LINE2-M02,301.4,310.9,1737,37.8,32,Running,True,4835
4836,2026-06-14T17:37:00,LINE1-M02,295.4,305.1,1465,26.4,34,Running,True,4836
4837,2026-06-14T17:41:00,LINE3-M02,299.3,310.2,1177,39.2,36,Running,True,4837
4838,2026-06-14T17:46:00,LINE1-M02,300.5,309.7,1188,46.7,38,Running,True,4838
4839,2026-06-14T17:52:00,LINE1-M01,297.4,307.5,1289,39.5,43,Running,True,4839
4840,2026-06-14T17:57:00,LINE2-M01,299.5,311.3,1500,56.3,46,Running,True,4840
4841,2026-06-14T17:59:00,LINE1-M02,301.0,312.2,1341,43.3,51,Running,True,4841
4842,2026-06-14T18:05:00,LINE3-M02,304.3,313.8,1604,34.5,53,Running,True,4842
4843,2026-06-14T18:11:00,LINE2-M01,300.1,310.6,1687,39.4,55,Running,True,4843
4844,2026-06-14T18:17:00,LINE3-M01,302.2,312.0,1412,60.9,57,Maintenance,False,4844
4845,2026-06-14T18:20:00,LINE3-M02,300.5,310.8,1661,40.9,59,Running,True,4845
4846,2026-06-14T18:25:00,LINE1-M01,296.6,305.6,1414,61.1,61,Maintenance,True,4846
4847,2026-06-14T18:28:00,LINE3-M02,300.4,312.1,1773,47.8,64,Running,True,4847
4848,2026-06-14T18:33:00,LINE1-M02,299.0,307.9,1676,38.1,69,Running,True,4848
4849,2026-06-14T18:38:00,LINE3-M01,294.7,304.1,1659,35.2,71,Running,True,4849
4850,2026-06-14T18:44:00,LINE3-M02,301.3,311.7,1674,20.4,76,Running,True,4850
4851,2026-06-14T18:46:00,LINE1-M01,296.4,304.0,1409,35.3,78,Running,True,4851
4852,2026-06-14T18:51:00,LINE1-M02,299.8,309.3,1214,39.2,80,Running,True,4852
4853,2026-06-14T18:55:00,LINE1-M01,298.7,309.5,1592,55.7,82,Stopped,False,4853
4854,2026-06-14T18:57:00,LINE2-M01,297.0,308.0,1543,61.7,84,Stopped,False,4854
4855,2026-06-14T18:59:00,LINE3-M02,298.2,310.0,1499,52.9,86,Running,True,4855
4856,2026-06-14T19:04:00,LINE1-M01,301.0,311.1,1797,46.6,89,Running,True,4856
4857,2026-06-14T19:09:00,LINE2-M01,299.7,311.6,1405,34.5,91,Running,True,4857
4858,2026-06-14T19:11:00,LINE2-M01,301.5,312.1,1168,34.8,93,Running,True,4858
4859,2026-06-14T19:16:00,LINE2-M02,299.1,308.5,1197,42.8,98,Running,True,4859
4860,2026-06-14T19:18:00,LINE1-M02,300.3,310.2,1177,40.2,101,Running,True,4860
4861,2026-06-14T19:21:00,LINE1-M01,303.2,312.5,1485,30.4,103,Running,True,4861
4862,2026-06-14T19:24:00,LINE1-M01,303.0,313.2,1562,29.6,105,Running,True,4862
4863,2026-06-14T19:26:00,LINE2-M01,300.1,309.7,1168,33.9,108,Running,True,4863
4864,2026-06-14T19:28:00,LINE1-M02,298.0,306.3,1168,42.3,110,Stopped,False,4864
4865,2026-06-14T19:31:00,LINE2-M01,296.4,306.8,1738,54.9,113,Stopped,False,4865
4866,2026-06-14T19:37:00,LINE3-M01,297.3,307.2,2312,9.6,115,Maintenance,False,4866
4867,2026-06-14T19:40:00,LINE3-M02,300.5,309.8,1362,41.7,117,Running,True,4867
4868,2026-06-14T19:42:00,LINE3-M02,298.5,308.1,1497,38.3,122,Running,True,4868
4869,2026-06-14T19:45:00,LINE2-M01,299.9,309.5,1775,37.0,124,Running,True,4869
4870,2026-06-14T19:49:00,LINE2-M01,300.2,309.5,1312,45.6,127,Running,True,4870
4871,2026-06-14T19:53:00,LINE1-M01,298.7,309.4,1528,41.4,129,Running,True,4871
4872,2026-06-14T19:56:00,LINE2-M01,302.4,314.1,1300,37.6,134,Idle,True,4872
4873,2026-06-14T19:58:00,LINE2-M01,299.5,308.5,1505,38.9,136,Running,True,4873
4874,2026-06-14T20:03:00,LINE2-M01,296.6,306.2,1839,41.5,138,Running,True,4874
4875,2026-06-14T20:06:00,LINE2-M02,302.8,312.5,1379,50.3,140,Running,True,4875
4876,2026-06-14T20:09:00,LINE3-M02,302.4,311.6,1892,45.9,142,Stopped,False,4876
4877,2026-06-14T20:15:00,LINE2-M01,298.2,307.7,1594,41.6,145,Running,True,4877
4878,2026-06-14T20:20:00,LINE3-M01,303.3,311.7,1270,41.9,148,Stopped,True,4878
4879,2026-06-14T20:24:00,LINE3-M02,299.9,309.3,1369,42.1,150,Running,True,4879
4880,2026-06-14T20:30:00,LINE1-M01,298.8,309.3,1538,52.1,155,Idle,True,4880
4881,2026-06-14T20:36:00,LINE3-M01,301.4,311.4,1589,39.4,158,Running,True,4881
4882,2026-06-14T20:41:00,LINE2-M01,300.3,311.2,1933,37.2,161,Idle,True,4882
4883,2026-06-14T20:45:00,LINE1-M02,295.2,304.4,1168,59.9,163,Running,True,4883
4884,2026-06-14T20:51:00,LINE3-M02,300.8,310.7,1610,22.5,165,Running,True,4884
4885,2026-06-14T20:57:00,LINE3-M02,300.6,310.3,1452,43.0,167,Running,True,4885
4886,2026-06-14T21:03:00,LINE2-M01,297.1,307.5,1369,45.8,169,Running,True,4886
4887,2026-06-14T21:08:00,LINE2-M01,299.7,310.7,1722,22.7,174,Running,True,4887
4888,2026-06-14T21:10:00,LINE3-M02,300.0,309.5,1664,43.4,179,Running,True,4888
4889,2026-06-14T21:14:00,LINE1-M01,297.7,307.3,1168,49.1,181,Running,True,4889
4890,2026-06-14T21:20:00,LINE2-M02,302.7,313.5,1515,57.1,184,Maintenance,False,4890
4891,2026-06-14T21:24:00,LINE1-M02,302.1,309.7,1173,26.8,189,Maintenance,False,4891
4892,2026-06-14T21:26:00,LINE3-M01,301.0,309.5,1847,34.0,192,Running,True,4892
4893,2026-06-14T21:28:00,LINE2-M02,299.9,310.0,1505,39.2,194,Running,True,4893
4894,2026-06-14T21:31:00,LINE2-M02,301.1,310.7,1398,48.6,199,Running,True,4894
4895,2026-06-14T21:34:00,LINE3-M01,303.7,313.6,1563,37.6,201,Running,True,4895
4896,2026-06-14T21:36:00,LINE1-M02,302.0,311.4,1168,37.7,203,Running,True,4896
4897,2026-06-14T21:39:00,LINE3-M01,297.7,307.5,1776,38.2,206,Running,True,4897
4898,2026-06-14T21:44:00,LINE3-M01,300.6,311.1,1667,38.6,208,Running,True,4898
4899,2026-06-14T21:48:00,LINE2-M01,297.5,306.5,1168,39.2,210,Running,True,4899
4900,2026-06-14T21:53:00,LINE2-M02,300.8,308.8,1379,36.1,213,Stopped,False,4900
4901,2026-06-14T21:55:00,LINE3-M02,299.3,310.9,1313,38.6,215,Running,True,4901
4902,2026-06-14T22:01:00,LINE3-M01,301.2,310.2,1348,31.7,217,Stopped,False,4902
4903,2026-06-14T22:04:00,LINE3-M01,299.3,310.1,1710,51.0,219,Stopped,True,4903
4904,2026-06-14T22:10:00,LINE1-M01,301.4,310.3,1728,23.9,221,Stopped,True,4904
4905,2026-06-14T22:13:00,LINE1-M02,300.4,309.5,1168,41.9,223,Stopped,True,4905
4906,2026-06-14T22:15:00,LINE3-M02,300.3,311.3,1502,32.4,228,Running,True,4906
4907,2026-06-14T22:17:00,LINE3-M01,298.3,308.5,2156,49.9,230,Stopped,False,4907
4908,2026-06-14T22:21:00,LINE2-M02,302.4,313.8,1357,48.0,233,Stopped,True,4908
4909,2026-06-14T22:27:00,LINE2-M02,301.0,311.3,1553,33.1,235,Stopped,True,4909
4910,2026-06-14T22:32:00,LINE2-M02,299.8,309.8,1215,52.7,238,Maintenance,False,4910
4911,2026-06-14T22:35:00,LINE3-M02,300.0,310.3,1168,55.9,240,Stopped,False,4911
4912,2026-06-14T22:37:00,LINE2-M02,302.2,312.5,1362,54.6,0,Running,True,4912
4913,2026-06-14T22:41:00,LINE1-M01,302.2,310.5,1776,47.3,3,Running,True,4913
4914,2026-06-14T22:47:00,LINE2-M02,301.2,310.7,1529,31.8,5,Running,True,4914
4915,2026-06-14T22:51:00,LINE3-M01,300.8,309.4,1168,43.5,7,Stopped,False,4915
4916,2026-06-14T22:56:00,LINE2-M01,299.8,311.6,1278,39.6,10,Running,True,4916
4917,2026-06-14T23:00:00,LINE1-M02,300.4,311.1,1566,22.0,12,Running,True,4917
4918,2026-06-14T23:05:00,LINE3-M01,301.4,311.3,1202,44.6,14,Idle,True,4918
4919,2026-06-14T23:08:00,LINE1-M02,297.5,308.6,1563,42.1,16,Idle,True,4919
4920,2026-06-14T23:12:00,LINE2-M01,298.4,308.4,1239,42.5,19,Running,True,4920
4921,2026-06-14T23:15:00,LINE1-M01,301.5,312.4,1217,55.3,22,Running,True,4921
4922,2026-06-14T23:20:00,LINE3-M01,299.9,308.5,1258,44.3,27,Running,True,4922
4923,2026-06-14T23:22:00,LINE1-M02,299.8,310.9,1363,51.2,30,Idle,True,4923
4924,2026-06-14T23:26:00,LINE2-M01,301.1,311.4,1762,18.9,33,Maintenance,False,4924
4925,2026-06-14T23:30:00,LINE2-M02,302.1,309.6,1598,35.2,35,Running,True,4925
4926,2026-06-14T23:33:00,LINE2-M02,299.9,310.1,1348,49.3,38,Running,True,4926
4927,2026-06-14T23:35:00,LINE2-M01,300.8,311.5,1421,40.1,43,Running,True,4927
4928,2026-06-14T23:38:00,LINE3-M01,301.0,312.3,1701,53.3,46,Maintenance,False,4928
4929,2026-06-14T23:44:00,LINE1-M01,300.0,307.3,1524,65.5,49,Stopped,False,4929
4930,2026-06-14T23:46:00,LINE1-M01,298.8,307.2,1405,29.3,54,Running,True,4930
4931,2026-06-14T23:52:00,LINE1-M01,298.2,309.1,1786,36.6,56,Running,True,4931
4932,2026-06-14T23:58:00,LINE1-M01,300.4,309.8,1317,35.9,59,Running,True,4932
4933,2026-06-15T00:01:00,LINE1-M02,298.7,308.9,1408,58.0,62,Running,True,4933
4934,2026-06-15T00:05:00,LINE3-M01,298.1,305.9,1168,37.8,67,Maintenance,False,4934
4935,2026-06-15T00:08:00,LINE3-M01,301.3,311.6,1853,34.1,69,Running,True,4935
4936,2026-06-15T00:13:00,LINE3-M01,299.1,307.3,1382,34.1,71,Running,True,4936
4937,2026-06-15T00:15:00,LINE3-M01,298.3,310.3,1630,37.0,73,Running,True,4937
4938,2026-06-15T00:21:00,LINE2-M01,301.8,312.0,1312,44.1,75,Running,True,4938
4939,2026-06-15T00:24:00,LINE1-M02,298.3,308.0,1465,51.2,77,Idle,True,4939
4940,2026-06-15T00:29:00,LINE3-M01,301.0,310.5,1256,40.7,79,Running,True,4940
4941,2026-06-15T00:33:00,LINE2-M02,298.4,307.5,1761,38.7,82,Running,True,4941
4942,2026-06-15T00:35:00,LINE2-M02,296.0,306.0,1238,42.3,85,Running,True,4942
4943,2026-06-15T00:38:00,LINE2-M02,302.0,313.3,1481,33.1,87,Running,True,4943
4944,2026-06-15T00:44:00,LINE2-M01,301.1,310.9,1657,32.3,90,Running,True,4944
4945,2026-06-15T00:49:00,LINE1-M02,301.0,311.2,1330,45.9,92,Running,True,4945
4946,2026-06-15T00:54:00,LINE2-M02,298.3,308.5,1262,23.8,95,Stopped,False,4946
4947,2026-06-15T00:57:00,LINE2-M02,301.8,310.8,1168,57.4,98,Running,True,4947
4948,2026-06-15T01:02:00,LINE3-M02,304.5,314.1,1168,53.7,100,Running,True,4948
4949,2026-06-15T01:08:00,LINE1-M02,299.5,309.0,1291,52.7,103,Running,True,4949
4950,2026-06-15T01:14:00,LINE3-M01,300.7,311.1,1517,44.2,106,Running,True,4950
4951,2026-06-15T01:16:00,LINE1-M02,298.7,308.8,1679,23.4,111,Running,True,4951
4952,2026-06-15T01:22:00,LINE1-M02,300.7,309.9,1821,37.3,114,Idle,True,4952
4953,2026-06-15T01:24:00,LINE1-M02,300.6,309.1,1840,28.9,116,Running,True,4953
4954,2026-06-15T01:30:00,LINE3-M01,299.4,309.3,1779,30.5,118,Running,True,4954
4955,2026-06-15T01:36:00,LINE1-M02,297.8,307.8,1329,37.2,123,Running,True,4955
4956,2026-06-15T01:42:00,LINE3-M02,299.4,309.2,1266,45.7,125,Running,True,4956
4957,2026-06-15T01:45:00,LINE1-M02,305.3,315.8,1168,43.3,127,Running,True,4957
4958,2026-06-15T01:47:00,LINE1-M02,300.4,310.8,1168,40.8,130,Running,True,4958
4959,2026-06-15T01:50:00,LINE3-M01,299.0,307.7,1168,36.6,133,Running,True,4959
4960,2026-06-15T01:52:00,LINE2-M02,303.7,313.0,1312,43.5,135,Running,True,4960
4961,2026-06-15T01:56:00,LINE1-M01,298.5,309.1,1583,28.5,138,Running,True,4961
4962,2026-06-15T01:58:00,LINE2-M01,300.2,309.2,1606,32.8,143,Running,True,4962
4963,2026-06-15T02:01:00,LINE2-M02,296.7,307.0,1809,36.0,148,Running,True,4963
4964,2026-06-15T02:03:00,LINE2-M01,299.8,306.9,1692,50.9,150,Stopped,False,4964
4965,2026-06-15T02:05:00,LINE2-M01,300.8,311.2,1398,28.4,152,Running,True,4965
4966,2026-06-15T02:11:00,LINE1-M02,303.7,314.6,1530,45.3,157,Running,True,4966
4967,2026-06-15T02:13:00,LINE3-M02,301.7,312.2,1439,26.0,160,Running,True,4967
4968,2026-06-15T02:16:00,LINE2-M01,302.1,310.7,1298,48.4,163,Stopped,True,4968
4969,2026-06-15T02:22:00,LINE1-M01,299.4,310.8,1626,34.1,165,Running,True,4969
4970,2026-06-15T02:26:00,LINE1-M01,299.1,307.5,1641,28.0,170,Running,True,4970
4971,2026-06-15T02:30:00,LINE2-M02,301.5,311.5,1485,15.0,173,Stopped,False,4971
4972,2026-06-15T02:33:00,LINE1-M02,299.2,310.8,1168,60.0,176,Idle,True,4972
4973,2026-06-15T02:38:00,LINE3-M01,302.5,313.9,1366,18.1,178,Stopped,False,4973
4974,2026-06-15T02:43:00,LINE2-M02,301.0,310.3,1310,59.2,183,Running,True,4974
4975,2026-06-15T02:48:00,LINE2-M01,297.9,305.7,1646,53.0,185,Stopped,True,4975
4976,2026-06-15T02:50:00,LINE3-M02,299.1,310.8,1986,26.1,188,Running,True,4976
4977,2026-06-15T02:54:00,LINE2-M01,300.2,309.8,1214,44.0,190,Running,True,4977
4978,2026-06-15T02:58:00,LINE1-M01,300.1,308.8,1392,17.2,192,Maintenance,False,4978
4979,2026-06-15T03:00:00,LINE3-M02,299.5,309.4,1697,15.6,197,Stopped,True,4979
4980,2026-06-15T03:06:00,LINE1-M02,300.9,312.8,1460,54.3,199,Running,True,4980
4981,2026-06-15T03:11:00,LINE1-M02,298.5,310.5,1659,46.6,202,Running,True,4981
4982,2026-06-15T03:16:00,LINE1-M01,300.1,311.3,1578,49.6,205,Running,True,4982
4983,2026-06-15T03:20:00,LINE1-M02,300.0,309.2,1409,47.4,210,Running,True,4983
4984,2026-06-15T03:22:00,LINE1-M02,298.6,309.6,1280,32.3,213,Running,True,4984
4985,2026-06-15T03:28:00,LINE3-M01,301.8,311.7,1299,32.9,215,Running,True,4985
4986,2026-06-15T03:33:00,LINE1-M02,301.9,311.2,1814,37.3,217,Maintenance,False,4986
4987,2026-06-15T03:38:00,LINE2-M02,300.9,312.3,1205,50.6,222,Running,False,4987
4988,2026-06-15T03:43:00,LINE1-M02,299.2,309.1,1168,43.7,224,Running,True,4988
4989,2026-06-15T03:48:00,LINE1-M02,301.3,310.9,1660,42.7,227,Running,True,4989
4990,2026-06-15T03:50:00,LINE1-M01,303.6,311.1,1367,34.4,229,Maintenance,False,4990
4991,2026-06-15T03:55:00,LINE2-M02,299.4,307.3,1708,42.2,231,Stopped,False,4991
4992,2026-06-15T04:01:00,LINE3-M02,300.0,311.3,1449,53.6,233,Stopped,False,4992
4993,2026-06-15T04:04:00,LINE3-M01,300.2,309.6,1508,28.6,235,Maintenance,True,4993
4994,2026-06-15T04:07:00,LINE2-M02,297.6,306.8,1594,37.7,238,Running,True,4994
4995,2026-06-15T04:13:00,LINE1-M01,302.9,313.0,1170,46.6,0,Running,True,4995
4996,2026-06-15T04:17:00,LINE1-M02,298.7,309.0,1168,34.5,5,Running,True,4996
4997,2026-06-15T04:21:00,LINE3-M01,298.1,307.7,1253,58.4,8,Running,True,4997
4998,2026-06-15T04:24:00,LINE2-M02,300.3,309.8,1168,46.6,10,Running,True,4998
4999,2026-06-15T04:29:00,LINE3-M02,302.5,311.4,1168,27.8,12,Stopped,False,4999
5000,2026-06-15T04:34:00,LINE3-M01,301.8,313.1,1350,34.6,14,Running,True,5000
5001,2026-06-15T04:36:00,LINE3-M02,298.9,310.9,1582,51.1,16,Running,True,5001
5002,2026-06-15T04:39:00,LINE1-M02,298.3,309.2,1436,31.7,19,Idle,True,5002
5003,2026-06-15T04:41:00,LINE1-M01,296.8,306.7,1815,28.5,22,Running,True,5003
5004,2026-06-15T04:46:00,LINE2-M02,299.6,310.2,1611,45.5,27,Idle,True,5004
5005,2026-06-15T04:52:00,LINE1-M01,299.1,308.9,1541,51.6,29,Running,True,5005
5006,2026-06-15T04:56:00,LINE1-M02,302.3,311.0,1585,32.3,31,Running,True,5006
5007,2026-06-15T04:58:00,LINE2-M01,297.2,306.2,1314,46.9,33,Running,True,5007
5008,2026-06-15T05:00:00,LINE1-M02,302.1,311.3,1318,54.3,35,Running,True,5008
5009,2026-06-15T05:02:00,LINE2-M01,300.9,310.7,1265,34.6,37,Running,True,5009
5010,2026-06-15T05:06:00,LINE2-M02,297.4,309.1,1611,40.3,42,Running,True,5010
5011,2026-06-15T05:11:00,LINE1-M01,299.9,310.7,1647,15.2,47,Maintenance,False,5011
5012,2026-06-15T05:13:00,LINE2-M02,300.9,310.4,1374,41.3,49,Running,True,5012
5013,2026-06-15T05:16:00,LINE3-M01,300.2,309.7,1168,52.2,54,Running,False,5013
5014,2026-06-15T05:19:00,LINE1-M02,297.4,308.0,1521,33.1,56,Running,True,5014
5015,2026-06-15T05:22:00,LINE3-M01,300.3,310.1,1434,56.2,59,Running,True,5015
5016,2026-06-15T05:25:00,LINE3-M01,301.9,311.3,1403,35.8,61,Running,True,5016
5017,2026-06-15T05:29:00,LINE3-M02,295.8,305.4,1604,40.7,66,Running,True,5017
5018,2026-06-15T05:34:00,LINE2-M02,301.1,310.6,1406,46.4,69,Running,True,5018
5019,2026-06-15T05:37:00,LINE1-M01,296.6,307.4,1586,44.3,71,Running,True,5019
5020,2026-06-15T05:42:00,LINE3-M02,301.8,310.9,1355,37.7,73,Running,True,5020
5021,2026-06-15T05:46:00,LINE2-M01,302.7,310.2,1686,34.7,75,Running,True,5021
5022,2026-06-15T05:48:00,LINE3-M02,298.4,310.0,1834,35.9,77,Running,True,5022
5023,2026-06-15T05:50:00,LINE2-M02,295.9,305.2,1477,41.6,82,Running,True,5023
5024,2026-06-15T05:55:00,LINE1-M01,303.4,313.5,1399,48.8,87,Running,True,5024
5025,2026-06-15T05:59:00,LINE3-M02,297.5,307.6,1644,37.8,90,Running,True,5025
5026,2026-06-15T06:04:00,LINE2-M01,296.9,305.8,1384,45.5,93,Running,True,5026
5027,2026-06-15T06:09:00,LINE2-M01,299.0,308.1,1808,35.3,96,Running,True,5027
5028,2026-06-15T06:14:00,LINE2-M01,299.7,310.4,1168,34.1,101,Running,True,5028
5029,2026-06-15T06:18:00,LINE1-M02,300.4,309.6,1670,48.4,103,Idle,True,5029
5030,2026-06-15T06:20:00,LINE1-M01,299.6,311.2,1781,29.1,105,Running,True,5030
5031,2026-06-15T06:22:00,LINE3-M02,295.8,306.8,1427,52.8,107,Running,True,5031
5032,2026-06-15T06:27:00,LINE2-M02,302.0,311.1,1407,28.8,109,Running,True,5032
5033,2026-06-15T06:31:00,LINE1-M02,298.9,307.4,1375,45.9,112,Maintenance,False,5033
5034,2026-06-15T06:33:00,LINE1-M02,302.1,311.0,1552,33.7,114,Running,False,5034
5035,2026-06-15T06:35:00,LINE1-M02,300.8,310.6,1365,45.4,116,Running,True,5035
5036,2026-06-15T06:37:00,LINE3-M02,297.6,307.8,1709,41.0,118,Running,True,5036
5037,2026-06-15T06:42:00,LINE1-M01,299.0,309.6,1242,23.5,120,Stopped,False,5037
5038,2026-06-15T06:47:00,LINE1-M02,299.2,308.2,1558,33.4,123,Running,True,5038
5039,2026-06-15T06:50:00,LINE1-M02,302.0,311.4,1460,26.2,125,Running,True,5039
5040,2026-06-15T06:52:00,LINE3-M02,300.0,308.9,1562,26.1,128,Running,True,5040
5041,2026-06-15T06:57:00,LINE1-M02,299.4,308.9,1553,31.1,131,Running,True,5041
5042,2026-06-15T07:03:00,LINE3-M02,300.5,310.5,1410,49.3,133,Idle,True,5042
5043,2026-06-15T07:06:00,LINE2-M02,300.6,308.9,1168,38.8,135,Maintenance,False,5043
5044,2026-06-15T07:12:00,LINE3-M01,300.9,311.7,1538,32.5,137,Running,True,5044
5045,2026-06-15T07:15:00,LINE1-M01,300.3,310.5,1919,36.7,139,Running,True,5045
5046,2026-06-15T07:18:00,LINE1-M02,298.4,308.4,1599,40.1,142,Running,True,5046
5047,2026-06-15T07:20:00,LINE1-M02,299.8,308.6,1168,52.6,147,Running,True,5047
5048,2026-06-15T07:26:00,LINE2-M02,300.4,310.0,1445,15.7,150,Stopped,False,5048
5049,2026-06-15T07:28:00,LINE1-M02,297.4,308.3,1265,52.0,153,Idle,False,5049
5050,2026-06-15T07:31:00,LINE3-M01,298.3,307.8,1357,47.3,155,Running,True,5050
5051,2026-06-15T07:33:00,LINE3-M02,300.3,312.0,1426,47.3,157,Running,True,5051
5052,2026-06-15T07:37:00,LINE3-M01,295.9,306.3,1656,26.7,159,Running,True,5052
5053,2026-06-15T07:40:00,LINE1-M01,298.1,306.6,2329,32.9,161,Running,True,5053
5054,2026-06-15T07:46:00,LINE1-M02,299.8,307.8,1745,50.5,166,Stopped,False,5054
5055,2026-06-15T07:51:00,LINE1-M01,300.7,311.5,1314,46.4,169,Running,True,5055
5056,2026-06-15T07:56:00,LINE2-M02,297.5,306.3,1712,42.8,172,Idle,True,5056
5057,2026-06-15T08:02:00,LINE2-M02,302.9,312.0,1515,42.4,174,Running,True,5057
5058,2026-06-15T08:06:00,LINE1-M02,295.6,306.5,1421,32.8,179,Running,True,5058
5059,2026-06-15T08:11:00,LINE3-M02,297.6,306.8,1675,21.1,181,Running,True,5059
5060,2026-06-15T08:14:00,LINE3-M01,301.7,310.3,1706,44.1,184,Running,True,5060
5061,2026-06-15T08:16:00,LINE3-M02,297.9,306.5,1422,53.3,186,Running,True,5061
5062,2026-06-15T08:18:00,LINE3-M02,299.3,309.3,1547,43.0,191,Running,True,5062
5063,2026-06-15T08:23:00,LINE1-M02,297.1,308.0,1297,32.4,194,Running,True,5063
5064,2026-06-15T08:29:00,LINE3-M02,300.3,311.2,1168,40.3,196,Running,True,5064
5065,2026-06-15T08:34:00,LINE1-M01,299.3,308.4,1420,41.3,198,Running,True,5065
5066,2026-06-15T08:39:00,LINE2-M01,299.3,308.3,1597,60.1,200,Stopped,False,5066
5067,2026-06-15T08:42:00,LINE2-M01,300.0,308.2,1365,44.7,202,Stopped,True,5067
5068,2026-06-15T08:45:00,LINE2-M02,298.4,307.8,1570,29.8,207,Running,True,5068
5069,2026-06-15T08:47:00,LINE3-M02,302.2,312.8,1893,42.6,210,Running,True,5069
5070,2026-06-15T08:50:00,LINE3-M01,300.3,311.2,1429,31.6,215,Running,True,5070
5071,2026-06-15T08:56:00,LINE3-M01,304.4,314.7,1338,33.6,220,Stopped,False,5071
5072,2026-06-15T09:00:00,LINE3-M01,299.5,309.7,1372,51.3,222,Stopped,False,5072
5073,2026-06-15T09:02:00,LINE1-M02,298.7,309.3,1220,63.8,225,Stopped,False,5073
5074,2026-06-15T09:07:00,LINE2-M02,299.0,310.1,1168,53.7,227,Maintenance,False,5074
5075,2026-06-15T09:13:00,LINE1-M01,302.2,311.9,1632,54.6,229,Stopped,False,5075
5076,2026-06-15T09:17:00,LINE3-M02,299.6,309.7,1673,44.7,234,Stopped,True,5076
5077,2026-06-15T09:19:00,LINE2-M02,302.6,314.2,1408,66.3,236,Stopped,False,5077
5078,2026-06-15T09:24:00,LINE2-M01,302.4,311.6,1696,40.8,238,Maintenance,False,5078
5079,2026-06-15T09:28:00,LINE1-M02,301.7,311.4,1605,48.6,240,Stopped,False,5079
5080,2026-06-15T09:30:00,LINE2-M02,302.5,313.0,1244,37.2,0,Running,True,5080
5081,2026-06-15T09:36:00,LINE3-M01,296.5,305.6,1972,39.0,3,Running,True,5081
5082,2026-06-15T09:38:00,LINE3-M01,298.9,308.6,1415,34.1,5,Running,True,5082
5083,2026-06-15T09:44:00,LINE3-M01,300.1,310.1,1306,49.4,10,Running,True,5083
5084,2026-06-15T09:49:00,LINE3-M01,299.2,307.4,1326,53.6,12,Stopped,True,5084
5085,2026-06-15T09:53:00,LINE2-M02,297.5,306.8,1510,48.3,15,Running,True,5085
5086,2026-06-15T09:59:00,LINE3-M01,299.8,310.3,1826,51.6,18,Stopped,True,5086
5087,2026-06-15T10:05:00,LINE3-M02,298.7,309.5,1426,33.9,20,Running,True,5087
5088,2026-06-15T10:10:00,LINE3-M02,299.8,309.6,1628,32.7,22,Idle,True,5088
5089,2026-06-15T10:15:00,LINE2-M02,301.8,312.0,1243,27.3,25,Running,True,5089
5090,2026-06-15T10:21:00,LINE1-M01,300.9,311.8,1342,47.7,27,Running,True,5090
5091,2026-06-15T10:25:00,LINE1-M02,301.2,310.4,1553,47.8,29,Idle,True,5091
5092,2026-06-15T10:28:00,LINE3-M01,300.0,308.3,1226,53.7,34,Stopped,True,5092
5093,2026-06-15T10:31:00,LINE1-M01,299.1,308.8,1557,37.7,39,Running,True,5093
5094,2026-06-15T10:35:00,LINE2-M01,303.1,313.1,1344,37.9,41,Running,True,5094
5095,2026-06-15T10:38:00,LINE2-M01,298.1,306.7,1969,31.7,43,Running,True,5095
5096,2026-06-15T10:44:00,LINE2-M01,302.0,311.3,1453,21.0,45,Stopped,True,5096
5097,2026-06-15T10:50:00,LINE2-M02,297.3,307.2,1379,43.3,47,Running,True,5097
5098,2026-06-15T10:53:00,LINE2-M02,296.4,305.1,1579,40.0,52,Idle,True,5098
5099,2026-06-15T10:56:00,LINE2-M02,298.8,308.1,1272,62.8,57,Running,True,5099
5100,2026-06-15T11:02:00,LINE1-M02,298.7,309.1,1257,54.3,59,Running,True,5100
5101,2026-06-15T11:08:00,LINE2-M01,293.6,304.8,1515,21.5,61,Stopped,True,5101
5102,2026-06-15T11:13:00,LINE2-M02,300.0,308.2,1420,38.1,63,Running,True,5102
5103,2026-06-15T11:19:00,LINE3-M01,299.3,310.2,1461,34.5,65,Running,True,5103
5104,2026-06-15T11:25:00,LINE1-M02,299.0,310.3,1694,31.1,70,Running,True,5104
5105,2026-06-15T11:30:00,LINE2-M02,297.9,308.8,1400,33.0,73,Running,True,5105
5106,2026-06-15T11:36:00,LINE2-M02,305.0,314.9,1235,27.6,75,Running,True,5106
5107,2026-06-15T11:38:00,LINE1-M01,297.9,308.2,1458,33.2,78,Idle,True,5107
5108,2026-06-15T11:41:00,LINE3-M02,302.6,311.6,1591,35.4,81,Running,True,5108
5109,2026-06-15T11:45:00,LINE3-M02,295.6,305.1,1767,20.7,86,Running,True,5109
5110,2026-06-15T11:47:00,LINE1-M02,300.5,310.2,1304,54.6,91,Running,True,5110
5111,2026-06-15T11:51:00,LINE3-M01,299.9,309.2,1450,48.8,93,Running,True,5111
5112,2026-06-15T11:55:00,LINE1-M01,301.2,309.7,1611,30.4,95,Running,True,5112
5113,2026-06-15T12:01:00,LINE2-M02,299.2,307.2,1367,44.4,98,Stopped,False,5113
5114,2026-06-15T12:07:00,LINE1-M02,300.9,310.4,1489,42.7,101,Idle,True,5114
5115,2026-06-15T12:09:00,LINE1-M02,299.2,307.9,1372,27.6,104,Running,True,5115
5116,2026-06-15T12:11:00,LINE2-M01,299.2,308.6,1653,51.7,106,Running,True,5116
5117,2026-06-15T12:16:00,LINE2-M02,298.2,308.2,1229,24.6,108,Maintenance,True,5117
5118,2026-06-15T12:20:00,LINE2-M02,299.3,307.4,1442,59.7,110,Stopped,False,5118
5119,2026-06-15T12:25:00,LINE2-M02,299.8,309.5,1222,42.1,115,Running,True,5119
5120,2026-06-15T12:31:00,LINE2-M01,301.0,310.6,1783,49.1,118,Stopped,False,5120
5121,2026-06-15T12:34:00,LINE2-M02,303.4,314.5,1573,41.4,120,Running,True,5121
5122,2026-06-15T12:40:00,LINE2-M02,303.2,313.2,1708,40.5,123,Running,True,5122
5123,2026-06-15T12:42:00,LINE2-M02,298.2,306.5,1557,51.5,128,Running,True,5123
5124,2026-06-15T12:44:00,LINE1-M01,300.1,311.6,1531,42.1,130,Running,True,5124
5125,2026-06-15T12:48:00,LINE3-M02,297.3,306.8,1452,35.0,132,Running,True,5125
5126,2026-06-15T12:51:00,LINE1-M01,304.0,315.2,1229,46.2,135,Running,True,5126
5127,2026-06-15T12:56:00,LINE3-M01,298.3,309.6,1349,37.7,137,Running,True,5127
5128,2026-06-15T13:01:00,LINE2-M01,301.2,310.0,1459,44.8,139,Idle,True,5128
5129,2026-06-15T13:07:00,LINE2-M01,295.6,304.8,1587,44.9,142,Running,True,5129
5130,2026-06-15T13:12:00,LINE2-M01,297.8,306.3,1421,25.0,145,Idle,True,5130
5131,2026-06-15T13:15:00,LINE3-M02,300.4,311.2,1670,32.8,147,Running,True,5131
5132,2026-06-15T13:20:00,LINE2-M02,298.0,307.3,1338,38.4,149,Running,True,5132
5133,2026-06-15T13:26:00,LINE2-M02,298.1,307.7,1695,37.8,151,Running,True,5133
5134,2026-06-15T13:28:00,LINE2-M01,299.9,310.1,1510,46.7,153,Running,True,5134
5135,2026-06-15T13:33:00,LINE2-M01,300.7,310.2,1428,43.7,155,Running,True,5135
5136,2026-06-15T13:38:00,LINE2-M02,298.9,307.8,1168,43.6,157,Running,True,5136
5137,2026-06-15T13:40:00,LINE2-M01,297.7,307.7,1791,39.9,159,Running,True,5137
5138,2026-06-15T13:46:00,LINE2-M01,303.0,313.3,1591,48.9,164,Running,True,5138
5139,2026-06-15T13:50:00,LINE3-M01,298.1,308.3,1462,35.6,166,Running,True,5139
5140,2026-06-15T13:52:00,LINE2-M01,301.5,309.0,1266,19.0,169,Stopped,True,5140
5141,2026-06-15T13:57:00,LINE1-M01,298.9,306.1,1377,38.2,171,Stopped,False,5141
5142,2026-06-15T13:59:00,LINE1-M02,303.1,314.1,1426,40.7,176,Running,True,5142
5143,2026-06-15T14:03:00,LINE3-M02,299.5,308.3,1168,33.8,179,Running,True,5143
5144,2026-06-15T14:08:00,LINE2-M01,298.5,308.9,1684,44.1,181,Running,True,5144
5145,2026-06-15T14:13:00,LINE1-M01,301.4,310.9,1168,21.1,183,Maintenance,False,5145
5146,2026-06-15T14:15:00,LINE2-M01,299.8,309.3,1496,36.3,185,Running,True,5146
5147,2026-06-15T14:19:00,LINE3-M02,301.8,313.0,1688,43.0,188,Running,True,5147
5148,2026-06-15T14:22:00,LINE2-M02,301.3,310.6,1168,44.5,190,Running,True,5148
5149,2026-06-15T14:26:00,LINE1-M01,296.4,305.9,1809,30.5,192,Running,True,5149
5150,2026-06-15T14:30:00,LINE3-M01,299.9,309.2,1291,21.2,194,Stopped,False,5150
5151,2026-06-15T14:36:00,LINE3-M01,300.6,311.2,1317,22.3,196,Stopped,False,5151
5152,2026-06-15T14:39:00,LINE3-M02,298.2,308.9,1822,30.9,198,Running,True,5152
5153,2026-06-15T14:45:00,LINE3-M01,301.4,310.7,1474,37.1,200,Idle,True,5153
5154,2026-06-15T14:48:00,LINE3-M01,299.6,310.3,1316,38.4,205,Running,True,5154
5155,2026-06-15T14:52:00,LINE1-M02,296.5,307.7,1189,40.2,208,Running,True,5155
5156,2026-06-15T14:56:00,LINE2-M02,299.7,310.7,1716,38.0,210,Running,True,5156
5157,2026-06-15T14:58:00,LINE3-M02,299.3,309.5,1809,30.4,215,Running,True,5157
5158,2026-06-15T15:01:00,LINE1-M01,299.3,310.0,1806,50.9,220,Stopped,False,5158
5159,2026-06-15T15:03:00,LINE1-M02,301.4,310.6,1989,37.2,225,Stopped,True,5159
5160,2026-06-15T15:07:00,LINE3-M01,301.5,312.5,1659,40.7,227,Running,True,5160
5161,2026-06-15T15:10:00,LINE3-M02,301.4,310.3,1362,46.3,229,Maintenance,False,5161
5162,2026-06-15T15:13:00,LINE2-M01,298.9,308.0,1401,28.0,232,Stopped,False,5162
5163,2026-06-15T15:15:00,LINE1-M01,298.4,307.6,1605,37.6,235,Running,True,5163
5164,2026-06-15T15:18:00,LINE2-M01,298.3,310.0,1514,49.0,240,Maintenance,False,5164
5165,2026-06-15T15:22:00,LINE2-M01,300.2,310.7,1280,45.1,0,Running,True,5165
5166,2026-06-15T15:28:00,LINE2-M02,300.9,308.3,1343,35.0,3,Maintenance,False,5166
5167,2026-06-15T15:34:00,LINE2-M01,300.6,310.2,1664,39.1,5,Running,True,5167
5168,2026-06-15T15:36:00,LINE3-M01,302.4,311.0,1650,47.9,10,Running,True,5168
5169,2026-06-15T15:38:00,LINE3-M02,296.6,306.9,2026,35.4,12,Running,True,5169
5170,2026-06-15T15:41:00,LINE2-M01,300.1,310.2,1378,23.7,14,Stopped,False,5170
5171,2026-06-15T15:44:00,LINE3-M01,300.0,310.1,1807,35.8,16,Running,True,5171
5172,2026-06-15T15:47:00,LINE3-M01,296.1,306.3,1631,42.0,21,Idle,True,5172
5173,2026-06-15T15:49:00,LINE1-M02,301.4,312.9,1315,32.8,26,Idle,True,5173
5174,2026-06-15T15:54:00,LINE3-M01,300.3,310.3,1447,52.6,28,Running,False,5174
5175,2026-06-15T15:58:00,LINE1-M01,300.5,310.7,1307,36.6,30,Idle,True,5175
5176,2026-06-15T16:02:00,LINE2-M02,300.5,310.9,1624,43.3,33,Running,True,5176
5177,2026-06-15T16:05:00,LINE3-M02,303.4,311.8,1612,34.4,38,Running,True,5177
5178,2026-06-15T16:08:00,LINE1-M02,301.8,310.6,1468,36.0,43,Idle,True,5178
5179,2026-06-15T16:11:00,LINE1-M02,302.1,311.4,1303,37.7,45,Running,True,5179
5180,2026-06-15T16:17:00,LINE1-M02,299.1,308.9,1564,54.0,48,Running,True,5180
5181,2026-06-15T16:21:00,LINE3-M02,300.1,310.8,1274,30.4,53,Idle,True,5181
5182,2026-06-15T16:24:00,LINE3-M01,301.6,309.9,1476,49.3,55,Running,True,5182
5183,2026-06-15T16:30:00,LINE2-M02,302.3,312.7,1673,17.5,60,Stopped,False,5183
5184,2026-06-15T16:32:00,LINE2-M01,300.2,310.7,1617,30.0,62,Running,True,5184
5185,2026-06-15T16:37:00,LINE3-M01,300.0,310.1,1615,42.4,64,Idle,True,5185
5186,2026-06-15T16:40:00,LINE2-M01,298.1,308.2,1432,41.9,69,Running,True,5186
5187,2026-06-15T16:42:00,LINE3-M01,301.8,313.0,1682,38.3,71,Running,True,5187
5188,2026-06-15T16:47:00,LINE3-M02,299.2,309.9,1909,34.3,74,Running,True,5188
5189,2026-06-15T16:51:00,LINE1-M02,299.9,309.9,1864,37.5,77,Running,True,5189
5190,2026-06-15T16:55:00,LINE1-M02,303.2,314.3,1448,39.5,79,Running,True,5190
5191,2026-06-15T16:58:00,LINE1-M02,299.4,310.3,1499,51.5,81,Running,True,5191
5192,2026-06-15T17:01:00,LINE2-M01,300.4,307.5,1168,50.9,86,Stopped,False,5192
5193,2026-06-15T17:04:00,LINE3-M01,297.7,308.4,1655,41.5,88,Idle,True,5193
5194,2026-06-15T17:07:00,LINE1-M02,301.5,312.3,1239,51.4,91,Running,True,5194
5195,2026-06-15T17:09:00,LINE2-M02,296.9,308.0,1674,42.1,93,Running,True,5195
5196,2026-06-15T17:12:00,LINE1-M02,300.7,310.5,1858,43.0,98,Running,True,5196
5197,2026-06-15T17:14:00,LINE1-M01,300.1,309.6,1234,45.8,100,Running,True,5197
5198,2026-06-15T17:18:00,LINE1-M01,299.6,307.2,1168,31.0,102,Stopped,False,5198
5199,2026-06-15T17:20:00,LINE2-M01,302.1,312.5,1479,49.3,104,Running,True,5199
5200,2026-06-15T17:23:00,LINE1-M02,301.4,312.3,1568,40.4,106,Idle,True,5200
5201,2026-06-15T17:27:00,LINE1-M01,298.1,309.6,1291,35.7,108,Running,True,5201
5202,2026-06-15T17:30:00,LINE1-M01,297.6,305.7,1755,24.6,110,Running,True,5202
5203,2026-06-15T17:35:00,LINE3-M02,300.9,310.3,1486,41.8,115,Running,True,5203
5204,2026-06-15T17:39:00,LINE3-M01,300.4,309.6,1482,44.4,117,Running,True,5204
5205,2026-06-15T17:44:00,LINE1-M02,300.8,310.5,1661,39.8,119,Running,True,5205
5206,2026-06-15T17:46:00,LINE2-M01,298.0,309.5,1324,51.5,124,Running,True,5206
5207,2026-06-15T17:51:00,LINE1-M02,299.5,310.2,1834,36.4,129,Running,True,5207
5208,2026-06-15T17:53:00,LINE2-M01,304.5,315.0,1514,35.1,131,Running,True,5208
5209,2026-06-15T17:58:00,LINE1-M02,301.0,311.8,1454,22.9,133,Stopped,False,5209
5210,2026-06-15T18:00:00,LINE2-M01,302.0,312.6,1543,66.4,135,Stopped,True,5210
5211,2026-06-15T18:06:00,LINE3-M02,302.5,310.9,1522,26.2,137,Running,True,5211
5212,2026-06-15T18:09:00,LINE1-M02,297.8,307.4,1491,51.9,139,Running,True,5212
5213,2026-06-15T18:15:00,LINE1-M01,300.0,308.7,1168,37.4,141,Running,True,5213
5214,2026-06-15T18:21:00,LINE1-M01,299.9,310.6,1468,37.0,143,Running,True,5214
5215,2026-06-15T18:24:00,LINE3-M01,298.4,308.2,1346,41.4,146,Running,True,5215
5216,2026-06-15T18:30:00,LINE2-M01,302.7,313.1,1325,28.3,149,Running,True,5216
5217,2026-06-15T18:33:00,LINE2-M02,298.3,309.1,1588,46.0,151,Idle,True,5217
5218,2026-06-15T18:39:00,LINE2-M02,299.8,309.2,1847,16.4,156,Stopped,False,5218
5219,2026-06-15T18:42:00,LINE2-M01,295.6,305.9,1168,34.3,158,Running,True,5219
5220,2026-06-15T18:47:00,LINE2-M02,298.4,308.4,1454,48.5,160,Running,True,5220
5221,2026-06-15T18:51:00,LINE1-M01,299.7,311.5,1677,24.6,163,Idle,True,5221
5222,2026-06-15T18:53:00,LINE2-M02,300.7,309.4,1649,45.6,166,Running,True,5222
5223,2026-06-15T18:58:00,LINE1-M02,299.3,308.6,1180,49.6,168,Running,True,5223
5224,2026-06-15T19:04:00,LINE2-M01,301.0,311.2,1292,41.9,170,Idle,True,5224
5225,2026-06-15T19:10:00,LINE2-M02,300.1,310.1,2037,65.0,172,Stopped,False,5225
5226,2026-06-15T19:15:00,LINE2-M01,302.4,312.1,1921,32.3,174,Idle,True,5226
5227,2026-06-15T19:21:00,LINE3-M02,298.4,306.9,1288,48.7,176,Maintenance,False,5227
5228,2026-06-15T19:23:00,LINE3-M01,301.8,314.1,1542,33.5,181,Running,True,5228
5229,2026-06-15T19:29:00,LINE1-M01,299.3,310.5,1442,33.6,184,Running,True,5229
5230,2026-06-15T19:35:00,LINE1-M02,298.8,308.5,1449,38.8,186,Running,True,5230
5231,2026-06-15T19:39:00,LINE1-M01,301.8,312.1,1400,30.5,188,Running,True,5231
5232,2026-06-15T19:42:00,LINE3-M01,298.9,307.4,1520,46.6,190,Running,True,5232
5233,2026-06-15T19:46:00,LINE3-M01,298.6,309.6,1265,38.8,192,Running,True,5233
5234,2026-06-15T19:48:00,LINE2-M02,301.5,310.7,1168,44.4,194,Running,True,5234
5235,2026-06-15T19:52:00,LINE2-M01,300.0,311.3,2263,59.2,196,Stopped,False,5235
5236,2026-06-15T19:57:00,LINE2-M01,299.9,309.8,1489,47.8,198,Running,True,5236
5237,2026-06-15T20:02:00,LINE1-M01,299.9,308.4,1647,26.9,200,Running,True,5237
5238,2026-06-15T20:06:00,LINE2-M02,301.3,311.9,1661,38.7,205,Idle,True,5238
5239,2026-06-15T20:11:00,LINE2-M01,298.3,309.6,2027,33.6,210,Running,True,5239
5240,2026-06-15T20:17:00,LINE1-M01,301.2,311.9,1438,50.2,212,Running,True,5240
5241,2026-06-15T20:20:00,LINE1-M01,302.7,312.3,1787,29.9,217,Stopped,False,5241
5242,2026-06-15T20:25:00,LINE3-M02,299.1,307.0,1168,63.3,219,Stopped,True,5242
5243,2026-06-15T20:27:00,LINE2-M01,297.9,307.6,1629,54.3,224,Stopped,False,5243
5244,2026-06-15T20:32:00,LINE1-M02,301.0,310.8,1168,39.0,226,Maintenance,True,5244
5245,2026-06-15T20:35:00,LINE3-M02,301.2,310.5,1274,33.6,228,Maintenance,False,5245
5246,2026-06-15T20:41:00,LINE2-M02,298.1,307.0,1470,38.1,230,Maintenance,False,5246
5247,2026-06-15T20:43:00,LINE3-M01,299.6,309.0,1242,65.6,233,Stopped,False,5247
5248,2026-06-15T20:46:00,LINE3-M01,297.7,307.3,1605,26.7,236,Maintenance,False,5248
5249,2026-06-15T20:50:00,LINE2-M02,299.1,309.2,1423,45.7,239,Stopped,False,5249
5250,2026-06-15T20:53:00,LINE3-M01,301.5,313.2,1234,39.0,0,Running,True,5250
5251,2026-06-15T20:57:00,LINE1-M01,300.8,310.5,1321,53.9,2,Running,True,5251
5252,2026-06-15T21:00:00,LINE1-M02,297.5,307.8,1389,49.9,5,Idle,True,5252
5253,2026-06-15T21:02:00,LINE1-M02,301.9,311.9,1168,39.9,7,Running,True,5253
5254,2026-06-15T21:06:00,LINE1-M02,302.0,311.3,1869,39.8,10,Running,True,5254
5255,2026-06-15T21:10:00,LINE2-M01,298.5,310.4,1414,31.1,13,Running,True,5255
5256,2026-06-15T21:16:00,LINE3-M02,300.8,310.8,1229,31.7,18,Running,True,5256
5257,2026-06-15T21:21:00,LINE3-M01,299.8,310.5,1401,37.1,21,Running,False,5257
5258,2026-06-15T21:24:00,LINE3-M02,299.5,310.5,1744,42.3,23,Running,True,5258
5259,2026-06-15T21:26:00,LINE2-M01,298.5,307.2,1449,50.1,25,Running,False,5259
5260,2026-06-15T21:32:00,LINE1-M02,302.2,311.5,1331,41.2,27,Idle,True,5260
5261,2026-06-15T21:34:00,LINE3-M01,301.4,311.8,1564,31.7,29,Running,True,5261
5262,2026-06-15T21:38:00,LINE2-M02,301.0,312.0,1585,57.3,32,Stopped,False,5262
5263,2026-06-15T21:41:00,LINE2-M01,302.0,310.8,1771,38.7,35,Running,True,5263
5264,2026-06-15T21:47:00,LINE2-M01,296.1,307.1,1444,36.1,37,Running,True,5264
5265,2026-06-15T21:51:00,LINE1-M01,297.5,306.0,1418,15.0,39,Maintenance,False,5265
5266,2026-06-15T21:54:00,LINE2-M02,297.9,308.3,1209,41.8,41,Running,True,5266
5267,2026-06-15T21:58:00,LINE1-M02,300.4,310.1,1890,40.8,43,Running,True,5267
5268,2026-06-15T22:00:00,LINE3-M02,298.3,307.7,1975,35.0,45,Running,True,5268
5269,2026-06-15T22:02:00,LINE2-M01,298.8,307.0,1588,39.3,48,Running,True,5269
5270,2026-06-15T22:07:00,LINE1-M02,299.2,310.3,1357,59.1,51,Running,True,5270
5271,2026-06-15T22:12:00,LINE2-M01,299.5,310.7,1450,41.0,54,Running,True,5271
5272,2026-06-15T22:18:00,LINE1-M02,299.0,308.9,1725,42.9,56,Running,True,5272
5273,2026-06-15T22:24:00,LINE2-M02,297.3,307.8,1864,41.3,61,Running,True,5273
5274,2026-06-15T22:29:00,LINE1-M02,302.3,310.6,1533,50.9,63,Running,True,5274
5275,2026-06-15T22:32:00,LINE3-M01,305.8,316.2,1246,53.8,68,Running,True,5275
5276,2026-06-15T22:37:00,LINE2-M02,298.4,307.8,1226,34.8,73,Running,True,5276
5277,2026-06-15T22:41:00,LINE1-M01,302.6,314.3,1515,34.1,75,Running,True,5277
5278,2026-06-15T22:44:00,LINE3-M02,301.8,312.2,1309,41.2,80,Running,True,5278
5279,2026-06-15T22:47:00,LINE1-M01,305.3,317.0,1417,35.7,82,Running,True,5279
5280,2026-06-15T22:52:00,LINE2-M01,298.0,309.2,1588,39.4,85,Running,True,5280
5281,2026-06-15T22:58:00,LINE1-M02,297.2,307.2,1168,57.7,87,Running,True,5281
5282,2026-06-15T23:04:00,LINE2-M01,300.2,309.9,1416,32.3,92,Idle,True,5282
5283,2026-06-15T23:07:00,LINE1-M01,294.1,304.4,1754,51.0,95,Stopped,False,5283
5284,2026-06-15T23:09:00,LINE1-M02,298.4,310.1,1467,48.7,100,Running,True,5284
5285,2026-06-15T23:15:00,LINE3-M01,302.5,313.0,1800,45.8,105,Idle,True,5285
5286,2026-06-15T23:18:00,LINE2-M01,299.9,310.7,1250,40.6,107,Running,True,5286
5287,2026-06-15T23:21:00,LINE2-M01,300.3,311.1,1781,21.5,109,Running,True,5287
5288,2026-06-15T23:26:00,LINE1-M02,301.4,310.9,1505,20.7,111,Maintenance,False,5288
5289,2026-06-15T23:32:00,LINE3-M01,298.1,308.6,1669,20.8,114,Running,True,5289
5290,2026-06-15T23:36:00,LINE3-M02,298.3,307.4,1567,56.2,117,Maintenance,False,5290
5291,2026-06-15T23:38:00,LINE3-M01,296.5,304.6,1655,28.5,119,Running,True,5291
5292,2026-06-15T23:42:00,LINE2-M02,297.6,307.3,1168,63.2,121,Idle,True,5292
5293,2026-06-15T23:47:00,LINE2-M01,298.0,307.7,1625,27.8,123,Running,True,5293
5294,2026-06-15T23:51:00,LINE2-M02,298.7,310.9,1343,23.0,128,Maintenance,False,5294
5295,2026-06-15T23:54:00,LINE2-M01,299.4,308.0,1620,27.3,131,Running,False,5295
5296,2026-06-15T23:59:00,LINE1-M01,302.5,313.6,1360,45.3,134,Idle,True,5296
5297,2026-06-16T00:05:00,LINE1-M02,297.4,307.0,1216,48.0,139,Idle,True,5297
5298,2026-06-16T00:07:00,LINE2-M02,304.8,315.3,1446,64.1,141,Maintenance,False,5298
5299,2026-06-16T00:11:00,LINE1-M01,298.7,308.8,1526,43.5,143,Running,True,5299
5300,2026-06-16T00:14:00,LINE2-M01,304.6,315.7,1351,41.9,146,Running,True,5300
5301,2026-06-16T00:19:00,LINE2-M02,300.7,311.2,2129,41.8,149,Maintenance,False,5301
5302,2026-06-16T00:21:00,LINE1-M01,302.1,313.3,1577,45.2,154,Running,True,5302
5303,2026-06-16T00:25:00,LINE3-M01,299.1,309.3,2005,59.9,157,Maintenance,False,5303
5304,2026-06-16T00:30:00,LINE2-M01,297.4,308.1,1489,42.1,160,Running,True,5304
5305,2026-06-16T00:34:00,LINE3-M02,297.0,305.7,1302,56.1,162,Running,True,5305
5306,2026-06-16T00:37:00,LINE2-M02,302.6,312.0,1853,37.6,165,Running,True,5306
5307,2026-06-16T00:39:00,LINE2-M01,300.2,310.7,1541,30.6,170,Idle,True,5307
5308,2026-06-16T00:41:00,LINE3-M01,298.3,308.6,1509,40.9,173,Running,True,5308
5309,2026-06-16T00:45:00,LINE1-M02,299.0,309.8,1520,40.4,175,Running,True,5309
5310,2026-06-16T00:48:00,LINE3-M02,295.5,305.1,1395,41.2,180,Running,True,5310
5311,2026-06-16T00:54:00,LINE3-M01,298.7,309.8,1239,34.2,182,Idle,True,5311
5312,2026-06-16T00:58:00,LINE3-M02,300.8,311.5,1280,35.5,184,Running,True,5312
5313,2026-06-16T01:03:00,LINE3-M01,302.0,311.3,1291,36.6,186,Idle,True,5313
5314,2026-06-16T01:07:00,LINE3-M02,298.3,308.1,1572,53.6,191,Running,True,5314
5315,2026-06-16T01:11:00,LINE1-M01,299.9,309.3,1585,32.6,193,Running,True,5315
5316,2026-06-16T01:13:00,LINE1-M02,299.4,308.3,1575,50.4,195,Running,True,5316
5317,2026-06-16T01:16:00,LINE3-M01,300.9,311.7,1801,28.7,197,Running,True,5317
5318,2026-06-16T01:22:00,LINE3-M01,300.0,310.2,1459,40.5,202,Running,True,5318
5319,2026-06-16T01:26:00,LINE3-M01,300.3,309.7,1343,36.8,204,Running,True,5319
5320,2026-06-16T01:28:00,LINE3-M01,298.0,308.7,1339,43.6,209,Running,True,5320
5321,2026-06-16T01:31:00,LINE3-M02,301.2,311.3,1482,27.0,212,Running,True,5321
5322,2026-06-16T01:34:00,LINE3-M02,299.6,308.3,2005,40.6,214,Stopped,False,5322
5323,2026-06-16T01:37:00,LINE2-M01,297.3,305.9,1596,46.2,219,Running,True,5323
5324,2026-06-16T01:42:00,LINE3-M01,301.8,311.0,1555,35.3,222,Running,True,5324
5325,2026-06-16T01:48:00,LINE1-M02,299.0,309.1,1858,21.2,224,Stopped,True,5325
5326,2026-06-16T01:53:00,LINE3-M01,301.2,311.0,1647,33.1,226,Maintenance,False,5326
5327,2026-06-16T01:55:00,LINE3-M01,305.5,316.2,1371,34.1,231,Running,True,5327
5328,2026-06-16T02:01:00,LINE1-M02,302.0,310.4,1423,43.4,233,Maintenance,False,5328
5329,2026-06-16T02:05:00,LINE3-M02,301.1,309.6,1313,10.7,235,Stopped,False,5329
5330,2026-06-16T02:11:00,LINE3-M01,303.6,313.7,1824,29.9,237,Running,True,5330
5331,2026-06-16T02:17:00,LINE1-M01,297.1,307.2,1876,49.9,240,Stopped,False,5331
5332,2026-06-16T02:21:00,LINE3-M02,303.6,313.7,1689,41.1,0,Running,True,5332
5333,2026-06-16T02:24:00,LINE2-M01,301.0,310.0,1168,33.8,3,Running,True,5333
5334,2026-06-16T02:28:00,LINE1-M01,299.2,310.0,1408,40.4,8,Running,True,5334
5335,2026-06-16T02:30:00,LINE1-M01,298.5,307.9,1317,51.8,11,Running,True,5335
5336,2026-06-16T02:33:00,LINE3-M01,298.1,307.2,1245,35.5,13,Running,True,5336
5337,2026-06-16T02:37:00,LINE3-M02,302.0,312.3,1911,34.4,16,Running,True,5337
5338,2026-06-16T02:41:00,LINE2-M02,297.8,308.7,1585,19.3,18,Stopped,True,5338
5339,2026-06-16T02:43:00,LINE1-M01,298.8,307.0,1361,45.4,20,Stopped,False,5339
5340,2026-06-16T02:45:00,LINE2-M01,299.1,309.6,1915,41.3,23,Running,True,5340
5341,2026-06-16T02:48:00,LINE3-M02,297.0,306.9,1810,35.4,26,Running,False,5341
5342,2026-06-16T02:54:00,LINE2-M01,303.0,311.7,2069,47.5,28,Stopped,False,5342
5343,2026-06-16T02:59:00,LINE2-M02,299.2,310.4,1967,57.4,31,Maintenance,True,5343
5344,2026-06-16T03:05:00,LINE2-M01,302.0,312.2,1871,24.9,34,Idle,True,5344
5345,2026-06-16T03:11:00,LINE1-M02,295.1,305.2,1512,62.3,36,Stopped,False,5345
5346,2026-06-16T03:17:00,LINE2-M01,299.0,307.8,1238,40.1,39,Running,True,5346
5347,2026-06-16T03:22:00,LINE1-M02,298.0,308.4,2269,32.1,41,Running,True,5347
5348,2026-06-16T03:27:00,LINE2-M01,300.5,311.1,1477,42.4,43,Idle,True,5348
5349,2026-06-16T03:32:00,LINE3-M01,301.1,312.3,1247,29.9,46,Running,True,5349
5350,2026-06-16T03:36:00,LINE1-M02,301.5,311.0,1758,31.7,49,Running,True,5350
5351,2026-06-16T03:39:00,LINE3-M02,299.6,309.5,1397,32.0,52,Running,True,5351
5352,2026-06-16T03:45:00,LINE1-M01,299.7,310.2,1555,37.2,57,Idle,False,5352
5353,2026-06-16T03:50:00,LINE2-M01,297.3,307.7,1176,40.2,59,Running,True,5353
5354,2026-06-16T03:55:00,LINE3-M01,298.9,309.4,1524,34.1,62,Running,True,5354
5355,2026-06-16T03:59:00,LINE1-M01,299.8,308.4,1699,40.0,65,Running,True,5355
5356,2026-06-16T04:01:00,LINE1-M01,298.6,308.7,1418,42.0,67,Running,True,5356
5357,2026-06-16T04:04:00,LINE2-M02,300.8,311.3,1376,56.2,69,Idle,True,5357
5358,2026-06-16T04:07:00,LINE2-M02,303.0,313.1,1362,48.9,71,Running,True,5358
5359,2026-06-16T04:13:00,LINE3-M02,298.4,309.7,1627,44.6,73,Running,True,5359
5360,2026-06-16T04:19:00,LINE2-M02,297.2,307.0,1467,39.3,76,Idle,True,5360
5361,2026-06-16T04:23:00,LINE3-M02,299.9,309.9,1717,28.2,78,Running,True,5361
5362,2026-06-16T04:29:00,LINE1-M01,301.4,308.6,1763,38.3,80,Running,True,5362
5363,2026-06-16T04:33:00,LINE3-M01,297.5,308.7,1798,21.9,82,Idle,True,5363
5364,2026-06-16T04:38:00,LINE1-M02,298.3,309.4,1540,41.6,84,Running,True,5364
5365,2026-06-16T04:41:00,LINE1-M01,300.5,309.3,1511,22.9,86,Idle,True,5365
5366,2026-06-16T04:46:00,LINE2-M02,301.9,312.0,1738,45.8,88,Running,True,5366
5367,2026-06-16T04:52:00,LINE3-M02,301.8,311.3,1594,5.6,93,Stopped,False,5367
5368,2026-06-16T04:57:00,LINE1-M02,299.1,309.5,1564,41.6,96,Running,True,5368
5369,2026-06-16T05:00:00,LINE2-M01,299.9,310.5,1587,27.9,101,Running,False,5369
5370,2026-06-16T05:05:00,LINE3-M01,299.6,309.4,1762,56.7,104,Stopped,False,5370
5371,2026-06-16T05:10:00,LINE3-M01,300.4,310.7,1654,51.4,106,Running,True,5371
5372,2026-06-16T05:13:00,LINE3-M02,298.5,308.4,1168,31.5,111,Running,True,5372
5373,2026-06-16T05:18:00,LINE3-M01,301.2,311.8,1311,26.1,114,Running,True,5373
5374,2026-06-16T05:23:00,LINE3-M02,301.4,309.2,1617,42.6,117,Running,True,5374
5375,2026-06-16T05:28:00,LINE3-M02,298.8,307.1,1548,50.8,119,Running,True,5375
5376,2026-06-16T05:33:00,LINE3-M02,297.0,305.8,1888,56.2,122,Maintenance,False,5376
5377,2026-06-16T05:39:00,LINE1-M02,301.0,312.2,1694,45.0,124,Running,True,5377
5378,2026-06-16T05:43:00,LINE2-M02,302.4,312.1,1345,50.8,127,Running,True,5378
5379,2026-06-16T05:49:00,LINE3-M01,304.8,314.6,1168,44.3,129,Running,True,5379
5380,2026-06-16T05:52:00,LINE1-M01,302.4,312.3,1371,48.2,131,Idle,True,5380
5381,2026-06-16T05:57:00,LINE1-M02,299.2,308.9,1285,33.4,133,Running,True,5381
5382,2026-06-16T06:02:00,LINE2-M01,299.3,310.6,1709,31.9,138,Running,True,5382
5383,2026-06-16T06:05:00,LINE2-M01,298.6,308.5,1630,44.6,141,Running,True,5383
5384,2026-06-16T06:10:00,LINE2-M01,299.4,309.3,1336,35.4,144,Running,True,5384
5385,2026-06-16T06:13:00,LINE1-M01,301.5,313.1,1725,24.1,147,Running,True,5385
5386,2026-06-16T06:18:00,LINE1-M02,299.2,309.9,1504,54.4,150,Running,True,5386
5387,2026-06-16T06:20:00,LINE3-M02,298.0,307.9,1777,46.5,152,Running,True,5387
5388,2026-06-16T06:25:00,LINE1-M02,296.0,304.3,1287,37.5,154,Stopped,False,5388
5389,2026-06-16T06:28:00,LINE1-M01,298.3,308.9,1501,42.2,156,Running,True,5389
5390,2026-06-16T06:33:00,LINE3-M01,297.8,308.7,1512,44.1,158,Running,True,5390
5391,2026-06-16T06:36:00,LINE2-M02,300.7,310.5,1582,29.7,161,Running,True,5391
5392,2026-06-16T06:39:00,LINE1-M02,298.7,309.0,1611,39.4,164,Idle,True,5392
5393,2026-06-16T06:42:00,LINE1-M01,299.5,309.9,1168,44.1,169,Running,True,5393
5394,2026-06-16T06:45:00,LINE3-M02,300.5,309.7,1695,34.6,172,Running,True,5394
5395,2026-06-16T06:48:00,LINE2-M01,298.0,307.7,1965,31.4,175,Idle,True,5395
5396,2026-06-16T06:50:00,LINE2-M02,300.3,309.5,1925,27.3,178,Running,True,5396
5397,2026-06-16T06:56:00,LINE2-M01,300.3,309.1,1893,43.3,181,Running,True,5397
5398,2026-06-16T06:58:00,LINE1-M02,298.4,308.2,1364,41.0,183,Running,True,5398
5399,2026-06-16T07:04:00,LINE1-M01,298.5,307.7,1525,37.4,185,Running,True,5399
5400,2026-06-16T07:10:00,LINE1-M01,296.7,307.6,1526,66.7,187,Stopped,False,5400
5401,2026-06-16T07:14:00,LINE3-M01,303.6,314.0,1265,36.9,189,Running,True,5401
5402,2026-06-16T07:19:00,LINE3-M02,300.9,308.7,1945,17.9,191,Idle,True,5402
5403,2026-06-16T07:24:00,LINE1-M02,300.8,310.6,1509,42.0,193,Running,True,5403
5404,2026-06-16T07:27:00,LINE3-M02,301.3,311.9,1322,38.9,195,Running,True,5404
5405,2026-06-16T07:32:00,LINE3-M01,301.7,312.4,1563,44.1,197,Running,True,5405
5406,2026-06-16T07:37:00,LINE3-M02,302.9,313.8,1698,61.4,202,Stopped,True,5406
5407,2026-06-16T07:40:00,LINE3-M02,298.4,309.3,1408,44.3,204,Running,True,5407
5408,2026-06-16T07:43:00,LINE1-M02,300.0,312.3,1879,47.8,206,Maintenance,True,5408
5409,2026-06-16T07:49:00,LINE2-M01,297.9,308.6,1287,41.4,208,Running,True,5409
5410,2026-06-16T07:52:00,LINE1-M01,302.0,312.9,1168,41.4,211,Running,True,5410
5411,2026-06-16T07:57:00,LINE3-M02,300.4,311.9,1513,40.9,213,Running,True,5411
5412,2026-06-16T08:03:00,LINE1-M02,297.8,307.0,1736,34.5,215,Stopped,True,5412
5413,2026-06-16T08:09:00,LINE2-M01,300.5,311.2,1673,31.1,217,Running,True,5413
5414,2026-06-16T08:11:00,LINE2-M02,300.9,310.5,1715,29.3,222,Stopped,True,5414
5415,2026-06-16T08:16:00,LINE1-M02,302.0,310.9,1606,51.5,225,Maintenance,False,5415
5416,2026-06-16T08:22:00,LINE1-M02,297.1,306.8,1864,22.4,228,Stopped,True,5416
5417,2026-06-16T08:28:00,LINE1-M01,302.9,312.8,1539,40.4,233,Stopped,False,5417
5418,2026-06-16T08:32:00,LINE1-M01,300.4,310.0,1717,34.4,238,Maintenance,False,5418
5419,2026-06-16T08:37:00,LINE1-M02,301.0,309.1,1862,26.7,0,Running,True,5419
5420,2026-06-16T08:42:00,LINE3-M01,300.4,310.7,1481,46.6,2,Running,True,5420
5421,2026-06-16T08:48:00,LINE3-M02,301.4,310.7,1168,43.4,4,Running,True,5421
5422,2026-06-16T08:51:00,LINE3-M01,301.0,313.0,1740,36.6,9,Idle,True,5422
5423,2026-06-16T08:54:00,LINE2-M01,301.1,311.4,1699,33.5,11,Running,True,5423
5424,2026-06-16T09:00:00,LINE2-M01,301.1,311.0,1775,41.9,14,Running,True,5424
5425,2026-06-16T09:02:00,LINE3-M01,302.0,313.1,1518,49.5,16,Running,True,5425
5426,2026-06-16T09:05:00,LINE2-M02,301.9,311.3,1168,53.2,19,Running,True,5426
5427,2026-06-16T09:10:00,LINE1-M01,299.6,310.3,1488,44.6,21,Running,True,5427
5428,2026-06-16T09:14:00,LINE1-M01,298.4,309.0,1410,53.9,24,Idle,True,5428
5429,2026-06-16T09:17:00,LINE3-M02,298.3,308.7,1933,39.7,29,Running,True,5429
5430,2026-06-16T09:19:00,LINE2-M01,302.5,313.1,1697,44.9,31,Running,True,5430
5431,2026-06-16T09:23:00,LINE1-M01,300.9,312.1,1396,41.4,34,Running,True,5431
5432,2026-06-16T09:27:00,LINE2-M02,299.2,308.0,1168,44.8,36,Running,True,5432
5433,2026-06-16T09:29:00,LINE3-M01,302.5,314.5,1168,53.7,38,Running,True,5433
5434,2026-06-16T09:32:00,LINE1-M01,302.1,310.5,1946,48.9,41,Stopped,True,5434
5435,2026-06-16T09:37:00,LINE3-M02,304.4,314.4,1348,30.3,44,Idle,True,5435
5436,2026-06-16T09:41:00,LINE2-M01,302.7,312.2,1401,34.8,46,Running,True,5436
5437,2026-06-16T09:44:00,LINE1-M02,301.3,310.4,1717,46.5,48,Running,True,5437
5438,2026-06-16T09:46:00,LINE2-M01,297.2,306.6,1532,29.0,50,Running,True,5438
5439,2026-06-16T09:50:00,LINE3-M01,300.2,310.9,1435,43.1,53,Running,True,5439
5440,2026-06-16T09:54:00,LINE3-M02,301.0,310.7,1356,31.0,58,Running,True,5440
5441,2026-06-16T09:56:00,LINE3-M02,298.8,308.5,1514,46.9,60,Idle,True,5441
5442,2026-06-16T09:58:00,LINE1-M02,298.5,309.1,1356,47.7,62,Running,True,5442
5443,2026-06-16T10:04:00,LINE2-M01,300.5,311.1,1285,23.6,64,Maintenance,False,5443
5444,2026-06-16T10:08:00,LINE1-M02,301.8,311.8,1168,23.7,66,Maintenance,True,5444
5445,2026-06-16T10:13:00,LINE1-M01,296.4,305.9,2293,18.2,68,Running,True,5445
5446,2026-06-16T10:17:00,LINE2-M01,300.8,310.3,1182,40.0,70,Running,True,5446
5447,2026-06-16T10:23:00,LINE3-M01,297.5,307.9,1394,54.8,73,Running,True,5447
5448,2026-06-16T10:29:00,LINE3-M02,299.3,310.7,1533,47.1,78,Running,True,5448
5449,2026-06-16T10:34:00,LINE1-M02,296.7,306.1,1168,50.6,83,Running,True,5449
5450,2026-06-16T10:37:00,LINE2-M02,296.7,307.6,1444,41.1,85,Running,True,5450
5451,2026-06-16T10:42:00,LINE2-M01,298.2,307.1,1368,31.5,90,Running,True,5451
5452,2026-06-16T10:47:00,LINE3-M02,297.3,307.2,1168,39.7,92,Running,True,5452
5453,2026-06-16T10:50:00,LINE1-M02,297.2,307.9,1308,25.6,94,Running,True,5453
5454,2026-06-16T10:55:00,LINE2-M01,297.6,308.0,1483,46.6,96,Running,True,5454
5455,2026-06-16T10:59:00,LINE1-M01,299.7,311.2,1168,34.5,98,Running,True,5455
5456,2026-06-16T11:01:00,LINE3-M02,297.9,308.0,1623,33.5,100,Running,False,5456
5457,2026-06-16T11:03:00,LINE2-M01,302.6,311.4,1176,44.8,102,Running,True,5457
5458,2026-06-16T11:05:00,LINE3-M02,301.6,312.5,1461,29.0,107,Running,True,5458
5459,2026-06-16T11:10:00,LINE3-M02,301.6,309.4,1303,41.2,110,Maintenance,False,5459
5460,2026-06-16T11:13:00,LINE1-M02,301.1,311.4,1859,39.1,112,Running,True,5460
5461,2026-06-16T11:17:00,LINE3-M01,300.5,310.8,1247,16.5,114,Maintenance,False,5461
5462,2026-06-16T11:21:00,LINE2-M02,300.1,308.5,1913,29.5,119,Running,True,5462
5463,2026-06-16T11:23:00,LINE3-M02,302.2,313.0,1380,41.5,122,Running,True,5463
5464,2026-06-16T11:27:00,LINE1-M01,300.9,310.1,1346,35.8,127,Running,True,5464
5465,2026-06-16T11:33:00,LINE1-M02,296.4,306.0,1480,36.6,129,Running,True,5465
5466,2026-06-16T11:35:00,LINE3-M02,295.3,304.0,1358,54.6,131,Running,True,5466
5467,2026-06-16T11:41:00,LINE1-M01,300.8,310.6,1429,64.9,136,Stopped,False,5467
5468,2026-06-16T11:43:00,LINE2-M01,298.6,309.1,1168,44.3,139,Running,True,5468
5469,2026-06-16T11:47:00,LINE1-M02,299.2,309.5,1360,48.2,144,Running,True,5469
5470,2026-06-16T11:50:00,LINE3-M02,297.6,308.7,1742,25.4,149,Running,True,5470
5471,2026-06-16T11:55:00,LINE3-M01,302.2,310.0,1361,41.7,154,Stopped,False,5471
5472,2026-06-16T11:57:00,LINE2-M01,299.6,310.8,1473,31.7,156,Running,True,5472
5473,2026-06-16T11:59:00,LINE3-M02,300.6,310.9,1385,28.8,159,Running,True,5473
5474,2026-06-16T12:03:00,LINE2-M02,300.8,309.5,1193,36.9,164,Running,True,5474
5475,2026-06-16T12:08:00,LINE3-M02,302.1,312.3,1571,37.5,166,Running,True,5475
5476,2026-06-16T12:11:00,LINE1-M02,297.9,307.8,1219,37.9,169,Running,True,5476
5477,2026-06-16T12:13:00,LINE3-M01,301.2,313.1,1382,47.4,172,Running,True,5477
5478,2026-06-16T12:16:00,LINE2-M02,298.0,308.1,1337,40.2,174,Running,True,5478
5479,2026-06-16T12:18:00,LINE3-M01,301.2,310.9,1611,35.8,176,Running,True,5479
5480,2026-06-16T12:21:00,LINE3-M01,298.8,308.8,1200,49.9,178,Running,True,5480
5481,2026-06-16T12:23:00,LINE2-M02,297.4,307.9,1611,9.9,180,Stopped,False,5481
5482,2026-06-16T12:28:00,LINE3-M01,298.3,308.8,1168,38.0,182,Idle,True,5482
5483,2026-06-16T12:33:00,LINE3-M02,298.7,308.2,1361,33.5,185,Running,True,5483
5484,2026-06-16T12:36:00,LINE1-M01,301.1,309.8,1168,42.6,190,Idle,True,5484
5485,2026-06-16T12:40:00,LINE1-M01,300.7,310.8,1216,47.0,192,Running,True,5485
5486,2026-06-16T12:42:00,LINE1-M01,298.8,309.7,1338,43.4,194,Running,True,5486
5487,2026-06-16T12:46:00,LINE3-M01,303.0,314.2,1700,37.3,196,Running,False,5487
5488,2026-06-16T12:48:00,LINE2-M02,297.4,306.1,1840,33.4,199,Running,True,5488
5489,2026-06-16T12:50:00,LINE3-M02,297.3,308.3,1181,31.1,201,Running,True,5489
5490,2026-06-16T12:53:00,LINE1-M02,300.3,310.4,1168,50.9,203,Running,True,5490
5491,2026-06-16T12:55:00,LINE3-M02,297.4,307.7,1634,37.1,208,Maintenance,True,5491
5492,2026-06-16T12:58:00,LINE3-M01,299.9,309.9,1562,50.9,213,Running,True,5492
5493,2026-06-16T13:02:00,LINE2-M02,300.2,311.5,1168,60.5,215,Maintenance,True,5493
5494,2026-06-16T13:06:00,LINE2-M01,297.9,308.4,1388,26.6,217,Stopped,False,5494
5495,2026-06-16T13:09:00,LINE3-M02,301.3,311.2,1443,19.4,220,Stopped,False,5495
5496,2026-06-16T13:15:00,LINE1-M01,298.6,307.4,1439,19.5,223,Maintenance,False,5496
5497,2026-06-16T13:19:00,LINE1-M01,304.2,313.9,1735,38.6,225,Running,True,5497
5498,2026-06-16T13:24:00,LINE2-M02,299.8,312.6,1328,37.6,227,Idle,True,5498
5499,2026-06-16T13:30:00,LINE2-M02,301.4,312.7,1478,45.1,229,Running,True,5499
5500,2026-06-16T13:36:00,LINE2-M02,300.2,309.2,1407,36.8,231,Maintenance,False,5500
5501,2026-06-16T13:40:00,LINE2-M02,301.9,313.0,1187,43.7,233,Stopped,False,5501
5502,2026-06-16T13:43:00,LINE3-M01,302.0,312.3,1303,25.5,238,Maintenance,False,5502
5503,2026-06-16T13:49:00,LINE1-M01,298.3,307.7,1328,31.1,0,Running,True,5503
5504,2026-06-16T13:52:00,LINE3-M02,302.8,313.0,1232,30.0,3,Running,True,5504
5505,2026-06-16T13:58:00,LINE2-M01,301.5,312.9,1693,48.3,5,Running,True,5505
5506,2026-06-16T14:01:00,LINE2-M01,299.6,309.0,1168,58.2,7,Running,True,5506
5507,2026-06-16T14:04:00,LINE1-M01,298.2,310.2,1254,38.3,10,Running,True,5507
5508,2026-06-16T14:10:00,LINE3-M01,301.1,312.9,1363,60.2,12,Running,True,5508
5509,2026-06-16T14:13:00,LINE2-M02,303.6,313.2,1202,36.2,14,Running,True,5509
5510,2026-06-16T14:18:00,LINE2-M02,297.9,307.3,1168,63.3,17,Running,True,5510
5511,2026-06-16T14:24:00,LINE1-M02,302.1,311.6,1353,42.4,22,Idle,True,5511
5512,2026-06-16T14:29:00,LINE1-M02,299.7,309.2,1469,41.5,24,Idle,True,5512
5513,2026-06-16T14:33:00,LINE3-M02,299.3,310.5,1485,15.5,26,Stopped,False,5513
5514,2026-06-16T14:37:00,LINE1-M02,301.0,310.1,1760,44.3,29,Running,True,5514
5515,2026-06-16T14:41:00,LINE2-M01,298.4,309.9,1942,28.8,31,Running,True,5515
5516,2026-06-16T14:45:00,LINE2-M02,299.7,310.3,1464,36.2,34,Running,True,5516
5517,2026-06-16T14:51:00,LINE2-M01,297.7,307.6,1446,45.1,36,Running,True,5517
5518,2026-06-16T14:53:00,LINE3-M02,300.8,309.3,1232,51.2,39,Stopped,False,5518
5519,2026-06-16T14:55:00,LINE3-M01,301.4,310.7,1511,28.9,41,Running,True,5519
5520,2026-06-16T14:58:00,LINE3-M01,297.1,307.5,1549,47.4,46,Running,True,5520
5521,2026-06-16T15:01:00,LINE2-M02,296.9,306.4,1492,48.8,48,Running,True,5521
5522,2026-06-16T15:07:00,LINE2-M01,299.9,310.3,1749,36.4,51,Idle,True,5522
5523,2026-06-16T15:13:00,LINE3-M01,298.9,308.2,1356,49.9,53,Running,True,5523
5524,2026-06-16T15:17:00,LINE3-M02,299.9,310.3,1606,10.7,58,Maintenance,True,5524
5525,2026-06-16T15:21:00,LINE3-M02,299.6,308.9,1452,35.1,60,Running,True,5525
5526,2026-06-16T15:24:00,LINE1-M01,300.9,311.7,1545,34.3,62,Running,True,5526
5527,2026-06-16T15:27:00,LINE1-M01,300.6,311.6,1665,22.6,64,Running,True,5527
5528,2026-06-16T15:33:00,LINE3-M01,299.6,310.0,1257,70.6,67,Maintenance,False,5528
5529,2026-06-16T15:38:00,LINE3-M02,302.3,312.9,1369,44.1,69,Running,True,5529
5530,2026-06-16T15:42:00,LINE3-M02,296.4,306.7,1440,48.9,71,Running,True,5530
5531,2026-06-16T15:44:00,LINE3-M02,297.1,307.1,1617,47.4,74,Idle,True,5531
5532,2026-06-16T15:48:00,LINE3-M01,298.9,308.5,1555,42.0,77,Running,True,5532
5533,2026-06-16T15:52:00,LINE1-M02,298.7,308.1,1541,40.4,80,Running,True,5533
5534,2026-06-16T15:57:00,LINE1-M02,299.8,309.8,1545,50.2,82,Running,True,5534
5535,2026-06-16T16:02:00,LINE3-M02,301.8,312.1,1554,47.7,87,Running,True,5535
5536,2026-06-16T16:08:00,LINE1-M02,299.4,310.2,1225,39.4,92,Running,True,5536
5537,2026-06-16T16:13:00,LINE2-M01,304.3,315.4,1530,46.0,97,Running,True,5537
5538,2026-06-16T16:19:00,LINE3-M01,301.2,311.6,1551,14.1,99,Maintenance,False,5538
5539,2026-06-16T16:22:00,LINE2-M02,299.9,310.3,1222,46.7,101,Running,True,5539
5540,2026-06-16T16:25:00,LINE1-M02,298.8,310.9,1840,17.7,103,Stopped,True,5540
5541,2026-06-16T16:29:00,LINE1-M02,298.3,306.8,1459,23.0,105,Running,True,5541
5542,2026-06-16T16:33:00,LINE3-M01,300.1,311.4,1169,42.1,107,Running,True,5542
5543,2026-06-16T16:35:00,LINE3-M01,302.4,311.4,1475,40.6,110,Running,True,5543
5544,2026-06-16T16:39:00,LINE3-M01,299.1,308.4,1168,46.2,112,Running,True,5544
5545,2026-06-16T16:44:00,LINE1-M02,298.0,307.7,1922,34.8,117,Running,True,5545
5546,2026-06-16T16:47:00,LINE3-M02,298.4,308.8,2022,36.3,122,Running,True,5546
5547,2026-06-16T16:50:00,LINE3-M01,298.0,308.6,1529,37.8,127,Running,True,5547
5548,2026-06-16T16:53:00,LINE2-M01,300.9,311.3,1792,36.7,130,Running,True,5548
5549,2026-06-16T16:57:00,LINE3-M02,300.2,308.5,1860,34.0,133,Idle,True,5549
5550,2026-06-16T17:01:00,LINE3-M01,302.1,312.1,1392,46.5,135,Running,True,5550
5551,2026-06-16T17:06:00,LINE1-M01,298.1,307.0,1252,35.2,137,Running,True,5551
5552,2026-06-16T17:10:00,LINE1-M02,300.5,309.0,2039,11.0,142,Maintenance,False,5552
5553,2026-06-16T17:13:00,LINE1-M01,301.6,311.9,1349,50.8,144,Running,True,5553
5554,2026-06-16T17:15:00,LINE1-M02,295.1,305.2,1523,44.6,149,Running,False,5554
5555,2026-06-16T17:20:00,LINE1-M01,298.9,307.8,1271,41.0,151,Running,True,5555
5556,2026-06-16T17:26:00,LINE1-M01,298.1,306.9,1316,36.4,153,Running,True,5556
5557,2026-06-16T17:30:00,LINE3-M02,300.5,311.5,1298,40.1,158,Running,True,5557
5558,2026-06-16T17:33:00,LINE3-M02,297.3,305.7,1761,47.2,161,Running,True,5558
5559,2026-06-16T17:39:00,LINE3-M02,296.6,306.4,1394,37.0,163,Running,True,5559
5560,2026-06-16T17:43:00,LINE3-M02,302.3,313.3,1535,53.7,165,Running,True,5560
5561,2026-06-16T17:47:00,LINE2-M01,300.8,310.3,1751,40.3,167,Running,True,5561
5562,2026-06-16T17:50:00,LINE3-M01,297.3,306.7,1168,45.2,169,Running,True,5562
5563,2026-06-16T17:54:00,LINE2-M02,296.6,306.9,1363,45.1,171,Running,True,5563
5564,2026-06-16T17:59:00,LINE2-M01,298.7,308.6,1740,32.5,176,Running,True,5564
5565,2026-06-16T18:05:00,LINE3-M02,301.6,311.9,1359,51.3,179,Idle,True,5565
5566,2026-06-16T18:07:00,LINE2-M01,298.8,307.7,1300,42.1,184,Running,True,5566
5567,2026-06-16T18:09:00,LINE1-M02,305.2,315.8,1330,36.0,186,Running,True,5567
5568,2026-06-16T18:15:00,LINE1-M02,298.9,309.1,1474,47.8,188,Idle,True,5568
5569,2026-06-16T18:19:00,LINE2-M01,300.2,309.7,1746,36.2,190,Running,True,5569
5570,2026-06-16T18:21:00,LINE3-M01,302.9,312.7,1632,37.3,195,Running,True,5570
5571,2026-06-16T18:24:00,LINE1-M02,300.2,311.6,1288,40.4,197,Running,True,5571
5572,2026-06-16T18:27:00,LINE2-M01,300.8,310.1,1425,21.7,199,Stopped,True,5572
5573,2026-06-16T18:30:00,LINE1-M02,294.5,304.3,1425,46.0,201,Maintenance,False,5573
5574,2026-06-16T18:36:00,LINE1-M02,302.2,311.6,1521,38.9,204,Running,False,5574
5575,2026-06-16T18:40:00,LINE1-M01,302.8,312.3,1756,28.9,209,Running,True,5575
5576,2026-06-16T18:46:00,LINE3-M01,300.9,310.6,1603,36.5,212,Maintenance,False,5576
5577,2026-06-16T18:49:00,LINE2-M01,299.8,310.0,1756,45.2,217,Running,True,5577
5578,2026-06-16T18:53:00,LINE2-M01,300.4,309.7,1168,43.4,220,Maintenance,False,5578
5579,2026-06-16T18:55:00,LINE2-M01,297.5,309.3,1701,35.4,225,Stopped,False,5579
5580,2026-06-16T19:01:00,LINE3-M01,298.6,309.2,1424,19.2,227,Stopped,False,5580
5581,2026-06-16T19:06:00,LINE1-M02,298.3,309.0,1584,41.1,229,Running,True,5581
5582,2026-06-16T19:11:00,LINE1-M01,302.3,312.4,1560,40.4,232,Maintenance,True,5582
5583,2026-06-16T19:14:00,LINE2-M01,298.0,307.3,1186,48.0,237,Stopped,False,5583
5584,2026-06-16T19:16:00,LINE2-M02,300.3,311.6,1168,34.0,240,Stopped,True,5584
5585,2026-06-16T19:22:00,LINE2-M02,299.1,308.5,1238,36.1,0,Running,True,5585
5586,2026-06-16T19:24:00,LINE1-M01,299.8,309.4,1212,57.3,3,Running,True,5586
5587,2026-06-16T19:29:00,LINE2-M01,300.2,309.1,1838,29.1,6,Running,True,5587
5588,2026-06-16T19:33:00,LINE1-M01,297.8,308.9,1231,51.9,8,Running,True,5588
5589,2026-06-16T19:38:00,LINE2-M01,299.6,310.6,1199,31.8,13,Idle,True,5589
5590,2026-06-16T19:40:00,LINE3-M02,299.3,308.1,1393,10.6,18,Stopped,False,5590
5591,2026-06-16T19:42:00,LINE3-M01,300.6,312.0,1394,37.2,20,Running,True,5591
5592,2026-06-16T19:44:00,LINE1-M01,298.6,310.7,1348,43.1,25,Running,True,5592
5593,2026-06-16T19:46:00,LINE1-M01,300.7,309.8,1210,47.1,30,Running,True,5593
5594,2026-06-16T19:51:00,LINE3-M02,297.5,308.0,1329,46.1,33,Idle,True,5594
5595,2026-06-16T19:55:00,LINE2-M02,299.5,309.8,1381,36.8,35,Running,True,5595
5596,2026-06-16T19:57:00,LINE2-M02,300.9,310.0,1513,45.6,37,Running,True,5596
5597,2026-06-16T20:01:00,LINE1-M01,303.1,311.6,1859,28.5,39,Running,True,5597
5598,2026-06-16T20:04:00,LINE1-M02,302.0,311.3,1651,38.8,41,Running,True,5598
5599,2026-06-16T20:06:00,LINE2-M02,297.6,307.9,1380,46.9,43,Running,True,5599
5600,2026-06-16T20:10:00,LINE3-M02,300.8,310.1,1232,35.6,46,Running,True,5600
5601,2026-06-16T20:14:00,LINE1-M02,300.1,309.6,1343,34.0,48,Running,True,5601
5602,2026-06-16T20:20:00,LINE3-M02,299.5,309.3,1617,40.1,50,Running,True,5602
5603,2026-06-16T20:24:00,LINE1-M02,296.9,307.3,1278,54.8,52,Running,True,5603
5604,2026-06-16T20:28:00,LINE2-M01,300.6,310.9,1168,40.3,55,Running,True,5604
5605,2026-06-16T20:33:00,LINE3-M01,299.5,312.1,1809,40.9,57,Running,True,5605
5606,2026-06-16T20:36:00,LINE2-M02,301.7,310.9,1442,40.4,60,Running,True,5606
5607,2026-06-16T20:41:00,LINE2-M02,293.6,303.8,1446,36.2,63,Running,True,5607
5608,2026-06-16T20:44:00,LINE3-M01,300.4,308.5,1723,51.2,66,Stopped,False,5608
5609,2026-06-16T20:49:00,LINE3-M02,296.5,307.1,1757,51.9,71,Maintenance,True,5609
5610,2026-06-16T20:52:00,LINE1-M01,302.7,312.8,1612,47.3,73,Running,True,5610
5611,2026-06-16T20:58:00,LINE2-M02,302.5,311.5,1168,46.1,75,Running,True,5611
5612,2026-06-16T21:02:00,LINE2-M02,302.4,312.1,1540,30.8,78,Running,True,5612
5613,2026-06-16T21:07:00,LINE1-M01,300.9,310.8,1515,45.9,80,Running,True,5613
5614,2026-06-16T21:12:00,LINE1-M02,297.2,308.1,1571,26.9,85,Running,True,5614
5615,2026-06-16T21:15:00,LINE1-M01,300.4,310.0,1318,39.9,87,Running,True,5615
5616,2026-06-16T21:20:00,LINE2-M01,300.0,311.0,1834,47.3,92,Maintenance,False,5616
5617,2026-06-16T21:25:00,LINE2-M02,301.5,312.1,1605,29.9,94,Running,True,5617
5618,2026-06-16T21:31:00,LINE3-M02,297.1,307.0,1560,30.8,96,Running,True,5618
5619,2026-06-16T21:34:00,LINE3-M02,298.6,309.6,1411,32.2,98,Running,True,5619
5620,2026-06-16T21:40:00,LINE1-M02,299.9,312.6,1446,50.8,100,Running,True,5620
5621,2026-06-16T21:46:00,LINE1-M02,299.0,309.5,1168,61.2,102,Running,True,5621
5622,2026-06-16T21:48:00,LINE1-M02,300.4,309.2,1835,54.8,105,Stopped,False,5622
5623,2026-06-16T21:51:00,LINE1-M02,301.5,312.1,1807,27.4,107,Running,True,5623
5624,2026-06-16T21:53:00,LINE1-M02,298.2,309.4,1567,47.2,112,Running,True,5624
5625,2026-06-16T21:55:00,LINE1-M01,295.7,305.1,1746,35.6,114,Running,True,5625
5626,2026-06-16T22:01:00,LINE1-M02,300.3,311.0,1526,35.4,116,Running,True,5626
5627,2026-06-16T22:07:00,LINE1-M02,301.8,311.4,2313,43.2,118,Stopped,True,5627
5628,2026-06-16T22:13:00,LINE2-M01,299.8,309.1,1522,42.6,120,Running,True,5628
5629,2026-06-16T22:18:00,LINE1-M01,299.6,309.7,1778,37.8,122,Running,True,5629
5630,2026-06-16T22:21:00,LINE3-M02,295.8,305.7,1334,34.1,125,Running,True,5630
5631,2026-06-16T22:26:00,LINE1-M01,302.9,313.3,1513,24.3,127,Running,True,5631
5632,2026-06-16T22:28:00,LINE1-M02,302.7,313.5,1363,26.2,129,Running,True,5632
5633,2026-06-16T22:32:00,LINE2-M01,296.8,305.7,1834,36.2,131,Idle,True,5633
5634,2026-06-16T22:35:00,LINE2-M01,301.5,311.9,1578,43.5,134,Idle,True,5634
5635,2026-06-16T22:37:00,LINE3-M02,297.4,308.1,1689,32.4,139,Running,True,5635
5636,2026-06-16T22:40:00,LINE1-M01,300.6,310.7,1284,47.6,142,Running,True,5636
5637,2026-06-16T22:43:00,LINE1-M01,301.3,309.7,1342,51.4,147,Maintenance,True,5637
5638,2026-06-16T22:46:00,LINE1-M02,299.4,307.7,1377,40.1,152,Maintenance,False,5638
5639,2026-06-16T22:51:00,LINE1-M01,302.5,312.9,1578,38.6,154,Idle,True,5639
5640,2026-06-16T22:56:00,LINE1-M02,301.0,310.7,1168,53.7,156,Idle,True,5640
5641,2026-06-16T23:02:00,LINE3-M01,300.9,310.1,1855,35.9,159,Running,False,5641
5642,2026-06-16T23:06:00,LINE3-M02,300.6,309.1,1793,31.2,161,Running,True,5642
5643,2026-06-16T23:11:00,LINE2-M02,296.1,306.3,1391,47.6,163,Idle,True,5643
5644,2026-06-16T23:15:00,LINE1-M02,299.9,312.0,1168,23.9,166,Stopped,True,5644
5645,2026-06-16T23:18:00,LINE1-M02,301.3,311.5,1629,54.3,169,Maintenance,False,5645
5646,2026-06-16T23:22:00,LINE2-M02,300.9,311.6,1168,41.9,172,Running,True,5646
5647,2026-06-16T23:25:00,LINE3-M01,303.6,313.6,1621,35.0,174,Running,True,5647
5648,2026-06-16T23:31:00,LINE2-M02,299.2,311.6,1730,41.1,177,Idle,True,5648
5649,2026-06-16T23:34:00,LINE2-M02,299.3,308.6,1257,14.9,179,Stopped,True,5649
5650,2026-06-16T23:39:00,LINE3-M02,299.4,309.7,1245,28.4,181,Running,True,5650
5651,2026-06-16T23:42:00,LINE3-M01,301.0,311.4,1168,38.6,186,Running,True,5651
5652,2026-06-16T23:48:00,LINE1-M02,296.4,307.8,1519,24.4,191,Running,True,5652
5653,2026-06-16T23:50:00,LINE1-M01,298.5,310.1,1491,38.1,193,Running,True,5653
5654,2026-06-16T23:54:00,LINE1-M02,299.0,308.0,1722,40.5,196,Running,True,5654
5655,2026-06-16T23:59:00,LINE2-M01,299.5,308.8,1299,36.0,199,Running,True,5655
5656,2026-06-17T00:03:00,LINE1-M02,297.8,308.2,1443,48.0,201,Running,True,5656
5657,2026-06-17T00:09:00,LINE3-M01,299.8,310.4,1300,31.5,203,Running,True,5657
5658,2026-06-17T00:12:00,LINE2-M02,295.2,304.1,1430,57.0,206,Stopped,False,5658
5659,2026-06-17T00:18:00,LINE1-M01,302.3,310.2,1472,36.8,208,Running,True,5659
5660,2026-06-17T00:21:00,LINE3-M01,302.5,312.9,1168,50.9,210,Running,True,5660
5661,2026-06-17T00:27:00,LINE3-M02,300.6,310.9,1168,32.5,212,Maintenance,False,5661
5662,2026-06-17T00:33:00,LINE1-M01,300.1,310.1,1525,42.4,214,Running,True,5662
5663,2026-06-17T00:36:00,LINE3-M01,298.5,311.4,1682,30.6,217,Running,True,5663
5664,2026-06-17T00:42:00,LINE2-M02,303.1,313.7,1783,42.0,219,Running,True,5664
5665,2026-06-17T00:48:00,LINE2-M02,300.9,310.6,2401,55.6,224,Stopped,True,5665
5666,2026-06-17T00:53:00,LINE3-M01,301.7,311.3,1474,51.7,227,Stopped,False,5666
5667,2026-06-17T00:55:00,LINE1-M01,297.2,308.0,1873,47.4,229,Stopped,True,5667
5668,2026-06-17T00:59:00,LINE1-M01,301.4,311.4,1450,38.3,232,Stopped,False,5668
5669,2026-06-17T01:02:00,LINE1-M01,301.4,310.9,1745,41.4,234,Maintenance,False,5669
5670,2026-06-17T01:06:00,LINE1-M02,300.3,311.0,1760,23.3,237,Running,True,5670
5671,2026-06-17T01:11:00,LINE3-M01,302.3,311.4,1649,24.8,240,Stopped,False,5671
5672,2026-06-17T01:14:00,LINE1-M01,299.7,310.1,1391,43.5,0,Running,True,5672
5673,2026-06-17T01:20:00,LINE1-M02,297.8,308.0,1835,23.0,5,Running,True,5673
5674,2026-06-17T01:25:00,LINE3-M02,301.5,312.6,1378,47.1,10,Running,True,5674
5675,2026-06-17T01:27:00,LINE1-M02,298.8,307.7,1639,48.2,15,Running,True,5675
5676,2026-06-17T01:33:00,LINE1-M01,298.8,309.0,1748,39.6,17,Running,True,5676
5677,2026-06-17T01:38:00,LINE1-M02,301.0,309.5,1430,37.9,19,Running,True,5677
5678,2026-06-17T01:40:00,LINE2-M01,302.4,312.2,1740,30.8,21,Idle,True,5678
5679,2026-06-17T01:46:00,LINE3-M02,301.5,311.6,1442,42.6,26,Running,True,5679
5680,2026-06-17T01:50:00,LINE1-M02,301.9,311.7,1385,51.7,28,Running,True,5680
5681,2026-06-17T01:54:00,LINE1-M02,299.8,309.3,1315,33.3,33,Idle,True,5681
5682,2026-06-17T02:00:00,LINE2-M02,299.1,309.1,1893,37.9,35,Running,True,5682
5683,2026-06-17T02:06:00,LINE1-M01,298.5,309.2,1466,51.5,38,Running,True,5683
5684,2026-06-17T02:10:00,LINE2-M01,302.1,312.4,1459,27.5,40,Running,True,5684
5685,2026-06-17T02:12:00,LINE3-M01,297.8,306.3,1368,41.0,42,Stopped,False,5685
5686,2026-06-17T02:18:00,LINE3-M01,302.2,310.7,1701,61.2,44,Maintenance,False,5686
5687,2026-06-17T02:24:00,LINE2-M01,300.7,309.0,1607,43.2,46,Running,True,5687
5688,2026-06-17T02:27:00,LINE1-M01,297.6,306.6,1335,57.2,49,Running,True,5688
5689,2026-06-17T02:32:00,LINE2-M02,296.1,305.3,1949,41.0,51,Running,True,5689
5690,2026-06-17T02:34:00,LINE3-M01,301.4,311.0,1465,46.1,53,Running,True,5690
5691,2026-06-17T02:37:00,LINE3-M02,301.2,312.2,1319,42.5,56,Running,True,5691
5692,2026-06-17T02:42:00,LINE2-M01,297.9,307.7,1620,57.9,61,Maintenance,False,5692
5693,2026-06-17T02:47:00,LINE1-M02,300.9,311.3,1444,39.0,63,Running,True,5693
5694,2026-06-17T02:49:00,LINE1-M02,301.5,313.2,1958,28.7,65,Idle,True,5694
5695,2026-06-17T02:52:00,LINE2-M02,294.0,303.4,1168,30.3,68,Running,True,5695
5696,2026-06-17T02:56:00,LINE1-M02,302.4,313.6,1429,42.0,71,Running,True,5696
5697,2026-06-17T03:02:00,LINE2-M01,297.6,308.8,1168,49.9,73,Running,True,5697
5698,2026-06-17T03:08:00,LINE2-M01,299.1,308.8,1895,32.3,76,Running,True,5698
5699,2026-06-17T03:14:00,LINE3-M01,298.9,308.3,1168,45.4,79,Running,True,5699
5700,2026-06-17T03:20:00,LINE1-M02,297.5,307.7,1543,48.4,84,Running,True,5700
5701,2026-06-17T03:22:00,LINE2-M02,303.3,313.6,1474,37.2,87,Running,True,5701
5702,2026-06-17T03:27:00,LINE3-M02,301.6,309.6,1632,43.1,89,Running,True,5702
5703,2026-06-17T03:31:00,LINE1-M01,298.7,308.6,1168,33.6,92,Idle,True,5703
5704,2026-06-17T03:36:00,LINE2-M01,299.0,309.2,1593,50.9,95,Running,True,5704
5705,2026-06-17T03:41:00,LINE2-M01,300.8,312.4,1631,36.3,98,Idle,True,5705
5706,2026-06-17T03:46:00,LINE1-M02,298.5,310.7,1585,38.2,101,Running,True,5706
5707,2026-06-17T03:48:00,LINE3-M01,297.4,306.0,1513,56.9,106,Stopped,False,5707
5708,2026-06-17T03:53:00,LINE1-M02,303.5,313.1,1224,54.0,109,Running,True,5708
5709,2026-06-17T03:56:00,LINE2-M01,297.1,306.8,1329,55.7,111,Running,True,5709
5710,2026-06-17T04:01:00,LINE2-M02,299.9,309.1,1333,33.1,113,Running,True,5710
5711,2026-06-17T04:06:00,LINE3-M02,304.0,314.1,1806,40.8,115,Running,True,5711
5712,2026-06-17T04:11:00,LINE1-M01,302.1,313.0,1185,38.5,117,Running,True,5712
5713,2026-06-17T04:16:00,LINE2-M01,302.8,314.2,1611,36.4,119,Running,True,5713
5714,2026-06-17T04:21:00,LINE2-M01,297.5,307.7,1396,37.6,122,Running,True,5714
5715,2026-06-17T04:24:00,LINE3-M02,300.8,309.3,1517,33.8,125,Running,True,5715
5716,2026-06-17T04:27:00,LINE2-M01,299.2,309.2,1561,52.0,127,Idle,True,5716
5717,2026-06-17T04:32:00,LINE2-M02,297.5,305.6,1919,49.0,132,Stopped,False,5717
5718,2026-06-17T04:37:00,LINE2-M01,299.0,309.7,1624,31.9,134,Running,True,5718
5719,2026-06-17T04:42:00,LINE2-M02,297.3,307.8,1815,47.6,137,Maintenance,False,5719
5720,2026-06-17T04:44:00,LINE3-M01,296.5,307.6,1768,18.6,139,Maintenance,False,5720
5721,2026-06-17T04:50:00,LINE1-M02,299.7,308.6,1247,45.9,141,Running,True,5721
5722,2026-06-17T04:52:00,LINE1-M01,302.7,312.7,1790,21.6,144,Running,True,5722
5723,2026-06-17T04:56:00,LINE1-M02,298.9,309.5,1566,28.0,146,Idle,True,5723
5724,2026-06-17T05:02:00,LINE3-M02,298.4,308.6,1831,39.2,148,Running,True,5724
5725,2026-06-17T05:06:00,LINE2-M02,299.2,309.9,1329,29.9,150,Running,True,5725
5726,2026-06-17T05:12:00,LINE2-M02,300.5,308.5,1648,48.9,153,Running,True,5726
5727,2026-06-17T05:15:00,LINE1-M02,301.1,311.2,1561,45.6,156,Idle,True,5727
5728,2026-06-17T05:18:00,LINE1-M02,300.2,310.5,1698,50.7,161,Maintenance,False,5728
5729,2026-06-17T05:20:00,LINE1-M01,301.3,310.2,1812,51.1,163,Stopped,False,5729
5730,2026-06-17T05:22:00,LINE1-M02,301.8,310.8,1437,34.4,165,Running,True,5730
5731,2026-06-17T05:25:00,LINE1-M02,301.4,312.0,1711,39.5,167,Running,True,5731
5732,2026-06-17T05:31:00,LINE2-M01,298.5,307.2,1642,32.1,169,Idle,True,5732
5733,2026-06-17T05:34:00,LINE3-M02,296.6,307.4,1493,47.5,171,Idle,True,5733
5734,2026-06-17T05:39:00,LINE1-M01,299.3,309.3,1669,30.9,173,Running,True,5734
5735,2026-06-17T05:42:00,LINE2-M02,301.8,311.9,1612,26.9,176,Idle,True,5735
5736,2026-06-17T05:44:00,LINE2-M01,298.1,310.2,1744,38.7,179,Idle,True,5736
5737,2026-06-17T05:50:00,LINE3-M02,299.9,308.9,1924,39.6,184,Idle,True,5737
5738,2026-06-17T05:54:00,LINE3-M01,299.8,308.2,1471,36.0,186,Running,True,5738
5739,2026-06-17T05:59:00,LINE1-M01,301.1,311.5,1591,49.9,188,Running,True,5739
5740,2026-06-17T06:02:00,LINE1-M01,301.5,314.0,1281,42.5,190,Idle,True,5740
5741,2026-06-17T06:08:00,LINE3-M02,298.8,308.0,1702,41.0,192,Running,True,5741
5742,2026-06-17T06:12:00,LINE3-M01,300.5,309.5,1709,44.6,194,Running,True,5742
5743,2026-06-17T06:17:00,LINE2-M01,301.5,309.9,1276,35.2,197,Maintenance,True,5743
5744,2026-06-17T06:22:00,LINE1-M01,301.7,313.1,1691,25.4,199,Running,True,5744
5745,2026-06-17T06:26:00,LINE3-M02,299.0,310.0,1168,47.5,202,Idle,True,5745
5746,2026-06-17T06:32:00,LINE2-M02,301.4,311.2,1168,41.0,205,Stopped,True,5746
5747,2026-06-17T06:37:00,LINE1-M01,299.0,309.5,1408,61.7,207,Stopped,False,5747
5748,2026-06-17T06:40:00,LINE1-M01,298.5,308.7,1955,41.1,209,Maintenance,False,5748
5749,2026-06-17T06:42:00,LINE1-M01,295.4,306.5,1613,20.6,211,Maintenance,False,5749
5750,2026-06-17T06:48:00,LINE2-M01,303.4,313.4,1846,46.4,213,Running,True,5750
5751,2026-06-17T06:50:00,LINE2-M02,298.5,308.7,1656,54.7,215,Stopped,False,5751
5752,2026-06-17T06:54:00,LINE3-M02,301.6,311.5,1250,51.8,218,Running,True,5752
5753,2026-06-17T07:00:00,LINE1-M01,297.2,307.6,1695,39.7,223,Running,True,5753
5754,2026-06-17T07:05:00,LINE2-M02,299.1,310.2,1773,38.6,225,Idle,True,5754
5755,2026-06-17T07:10:00,LINE2-M01,301.4,310.0,1616,28.7,227,Maintenance,False,5755
5756,2026-06-17T07:13:00,LINE1-M01,297.7,307.0,1528,54.1,229,Stopped,False,5756
5757,2026-06-17T07:15:00,LINE3-M02,298.8,309.0,1422,36.1,232,Stopped,False,5757
5758,2026-06-17T07:18:00,LINE1-M02,301.2,310.7,1698,42.3,235,Maintenance,False,5758
5759,2026-06-17T07:20:00,LINE1-M01,301.1,311.1,1335,43.6,240,Maintenance,False,5759
5760,2026-06-17T07:25:00,LINE3-M01,300.4,308.9,1640,31.5,0,Running,True,5760
5761,2026-06-17T07:28:00,LINE3-M01,298.3,306.0,1626,33.3,3,Running,True,5761
5762,2026-06-17T07:34:00,LINE3-M01,298.5,307.1,1597,9.9,5,Stopped,False,5762
5763,2026-06-17T07:40:00,LINE3-M02,301.0,310.8,1267,62.1,8,Running,True,5763
5764,2026-06-17T07:42:00,LINE2-M01,304.0,313.7,1741,61.0,13,Maintenance,False,5764
5765,2026-06-17T07:48:00,LINE2-M02,296.6,306.6,1386,40.0,15,Running,True,5765
5766,2026-06-17T07:54:00,LINE3-M02,300.0,308.9,1287,30.8,17,Idle,True,5766
5767,2026-06-17T07:59:00,LINE1-M01,299.0,309.4,1601,30.2,19,Running,True,5767
5768,2026-06-17T08:05:00,LINE2-M02,297.8,306.1,1312,42.7,22,Stopped,False,5768
5769,2026-06-17T08:10:00,LINE2-M02,298.5,308.6,1542,58.2,27,Stopped,False,5769
5770,2026-06-17T08:13:00,LINE2-M01,302.8,312.8,1406,39.8,30,Running,True,5770
5771,2026-06-17T08:19:00,LINE3-M02,296.2,306.9,1168,47.2,35,Running,True,5771
5772,2026-06-17T08:25:00,LINE1-M02,299.9,309.7,1419,52.9,37,Running,True,5772
5773,2026-06-17T08:29:00,LINE2-M01,301.4,310.9,1377,47.9,40,Running,True,5773
5774,2026-06-17T08:32:00,LINE2-M02,299.2,307.1,1346,49.8,42,Maintenance,False,5774
5775,2026-06-17T08:34:00,LINE1-M02,299.8,310.4,1275,34.4,47,Idle,True,5775
5776,2026-06-17T08:38:00,LINE3-M01,301.8,312.3,1378,51.9,50,Running,True,5776
5777,2026-06-17T08:41:00,LINE2-M02,300.1,308.9,1519,39.6,53,Idle,True,5777
5778,2026-06-17T08:46:00,LINE2-M02,299.4,309.6,1529,27.5,58,Idle,True,5778
5779,2026-06-17T08:51:00,LINE2-M01,299.1,310.1,1974,54.4,63,Stopped,True,5779
5780,2026-06-17T08:54:00,LINE1-M01,296.1,306.6,1168,36.7,65,Running,True,5780
5781,2026-06-17T08:56:00,LINE2-M02,300.1,308.5,1370,44.9,67,Stopped,False,5781
5782,2026-06-17T09:00:00,LINE2-M01,298.7,305.8,1460,44.8,70,Running,True,5782
5783,2026-06-17T09:02:00,LINE1-M01,296.5,306.5,1346,42.4,75,Running,True,5783
5784,2026-06-17T09:08:00,LINE3-M01,297.8,308.7,1614,47.7,80,Running,True,5784
5785,2026-06-17T09:14:00,LINE3-M01,299.0,308.4,1610,28.6,82,Idle,True,5785
5786,2026-06-17T09:17:00,LINE1-M01,299.0,308.8,1168,64.2,87,Running,True,5786
5787,2026-06-17T09:20:00,LINE3-M02,297.9,307.6,1545,30.8,92,Running,True,5787
5788,2026-06-17T09:22:00,LINE1-M01,300.4,310.2,1480,59.0,95,Maintenance,False,5788
5789,2026-06-17T09:26:00,LINE3-M01,300.5,311.9,1362,46.0,98,Running,True,5789
5790,2026-06-17T09:29:00,LINE3-M02,301.1,311.0,1271,38.1,101,Running,True,5790
5791,2026-06-17T09:31:00,LINE3-M02,300.3,310.3,1168,20.0,106,Stopped,False,5791
5792,2026-06-17T09:37:00,LINE3-M02,300.3,310.6,1249,33.0,109,Running,True,5792
5793,2026-06-17T09:40:00,LINE3-M02,302.2,312.9,1615,48.9,114,Running,True,5793
5794,2026-06-17T09:42:00,LINE3-M01,300.5,309.1,1648,44.2,117,Running,True,5794
5795,2026-06-17T09:48:00,LINE2-M02,294.4,304.9,1842,21.3,120,Running,True,5795
5796,2026-06-17T09:52:00,LINE1-M01,299.8,310.1,1769,48.1,122,Running,True,5796
5797,2026-06-17T09:55:00,LINE2-M01,300.5,310.5,1585,50.2,125,Running,True,5797
5798,2026-06-17T09:59:00,LINE2-M02,299.5,310.5,1441,49.5,128,Idle,True,5798
5799,2026-06-17T10:03:00,LINE2-M01,297.8,306.7,1364,39.4,131,Idle,True,5799
5800,2026-06-17T10:05:00,LINE1-M01,304.4,314.2,1579,30.0,136,Running,True,5800
5801,2026-06-17T10:07:00,LINE2-M01,302.7,312.4,1626,34.9,139,Idle,True,5801
5802,2026-06-17T10:12:00,LINE2-M02,299.1,310.0,1168,42.2,144,Running,True,5802
5803,2026-06-17T10:15:00,LINE3-M01,303.0,313.0,1283,31.5,146,Running,True,5803
5804,2026-06-17T10:21:00,LINE1-M01,299.3,308.8,1899,28.3,148,Running,True,5804
5805,2026-06-17T10:26:00,LINE1-M01,297.2,306.6,1606,52.1,150,Running,True,5805
5806,2026-06-17T10:30:00,LINE1-M02,296.0,306.9,1391,34.1,153,Running,True,5806
5807,2026-06-17T10:32:00,LINE1-M02,296.8,307.8,1435,43.7,156,Running,False,5807
5808,2026-06-17T10:38:00,LINE1-M01,299.6,310.4,1934,37.5,158,Running,True,5808
5809,2026-06-17T10:42:00,LINE2-M01,298.7,309.1,1425,49.9,160,Running,True,5809
5810,2026-06-17T10:47:00,LINE1-M01,295.3,304.4,2113,53.8,163,Maintenance,True,5810
5811,2026-06-17T10:52:00,LINE2-M01,298.2,310.5,1281,39.0,165,Running,True,5811
5812,2026-06-17T10:58:00,LINE3-M02,299.6,310.6,1383,43.7,167,Running,True,5812
5813,2026-06-17T11:00:00,LINE1-M02,299.7,309.7,1531,32.2,169,Running,True,5813
5814,2026-06-17T11:05:00,LINE3-M01,300.9,311.5,1954,43.3,171,Idle,True,5814
5815,2026-06-17T11:09:00,LINE3-M01,300.2,310.6,1287,44.3,174,Running,True,5815
5816,2026-06-17T11:11:00,LINE2-M02,300.0,310.3,1442,40.9,177,Running,True,5816
5817,2026-06-17T11:13:00,LINE2-M01,301.6,311.0,1236,31.4,179,Running,True,5817
5818,2026-06-17T11:18:00,LINE2-M02,304.4,315.0,1453,47.5,181,Running,True,5818
5819,2026-06-17T11:21:00,LINE3-M02,301.2,310.9,1483,19.7,183,Stopped,False,5819
5820,2026-06-17T11:24:00,LINE2-M02,299.6,310.7,1193,67.1,188,Running,True,5820
5821,2026-06-17T11:29:00,LINE2-M02,301.5,312.4,1554,43.7,193,Running,True,5821
5822,2026-06-17T11:32:00,LINE3-M01,304.2,315.1,1168,49.0,198,Running,True,5822
5823,2026-06-17T11:35:00,LINE1-M01,300.1,310.4,1445,32.1,201,Running,True,5823
5824,2026-06-17T11:39:00,LINE2-M01,298.7,309.7,1323,61.5,203,Stopped,False,5824
5825,2026-06-17T11:42:00,LINE2-M01,295.7,305.8,1455,26.5,205,Idle,True,5825
5826,2026-06-17T11:47:00,LINE2-M01,297.7,306.5,1168,45.8,208,Running,True,5826
5827,2026-06-17T11:51:00,LINE3-M02,297.9,309.7,1168,40.6,211,Maintenance,False,5827
5828,2026-06-17T11:53:00,LINE3-M02,300.5,311.8,1710,16.9,213,Stopped,False,5828
5829,2026-06-17T11:58:00,LINE2-M02,303.4,312.1,1293,51.2,218,Running,True,5829
5830,2026-06-17T12:00:00,LINE3-M01,299.0,308.1,1562,25.7,220,Stopped,False,5830
5831,2026-06-17T12:04:00,LINE1-M01,300.8,311.2,1236,32.8,225,Stopped,False,5831
5832,2026-06-17T12:06:00,LINE2-M01,299.6,308.1,1565,40.1,230,Maintenance,False,5832
5833,2026-06-17T12:10:00,LINE2-M01,300.0,308.2,1181,16.5,232,Stopped,True,5833
5834,2026-06-17T12:15:00,LINE3-M01,298.3,309.3,1625,38.8,234,Stopped,False,5834
5835,2026-06-17T12:21:00,LINE1-M01,300.9,309.9,1432,45.2,236,Running,True,5835
5836,2026-06-17T12:26:00,LINE1-M02,303.6,314.5,1628,60.3,238,Stopped,False,5836
5837,2026-06-17T12:32:00,LINE1-M02,298.3,309.0,1868,34.2,240,Maintenance,False,5837
5838,2026-06-17T12:34:00,LINE3-M02,301.6,312.2,1225,39.2,0,Running,True,5838
5839,2026-06-17T12:40:00,LINE1-M02,300.6,311.5,1616,37.2,3,Running,True,5839
5840,2026-06-17T12:42:00,LINE2-M01,302.8,313.2,1168,37.2,5,Running,True,5840
5841,2026-06-17T12:44:00,LINE2-M01,300.3,310.4,1370,41.3,10,Running,True,5841
5842,2026-06-17T12:50:00,LINE2-M01,300.9,310.5,1751,42.1,13,Running,True,5842
5843,2026-06-17T12:53:00,LINE2-M01,298.5,307.7,1795,43.5,16,Running,True,5843
5844,2026-06-17T12:55:00,LINE2-M01,298.7,307.9,1213,60.1,18,Running,True,5844
5845,2026-06-17T12:59:00,LINE1-M02,298.8,309.6,1734,31.4,21,Running,True,5845
5846,2026-06-17T13:05:00,LINE1-M01,297.2,309.1,1372,36.7,23,Running,True,5846
5847,2026-06-17T13:09:00,LINE1-M01,301.9,312.5,1509,36.7,25,Running,True,5847
5848,2026-06-17T13:14:00,LINE1-M01,301.3,312.6,1399,28.6,27,Running,True,5848
5849,2026-06-17T13:16:00,LINE3-M02,298.6,307.5,1310,33.9,32,Idle,True,5849
5850,2026-06-17T13:18:00,LINE3-M01,300.4,309.7,1657,28.4,34,Running,True,5850
5851,2026-06-17T13:21:00,LINE3-M02,304.2,316.9,1722,28.3,37,Running,True,5851
5852,2026-06-17T13:27:00,LINE3-M01,301.9,311.4,1773,24.8,40,Running,True,5852
5853,2026-06-17T13:33:00,LINE1-M02,300.3,309.8,1451,54.6,45,Running,True,5853
5854,2026-06-17T13:37:00,LINE1-M02,300.9,311.5,2609,26.1,47,Running,True,5854
5855,2026-06-17T13:41:00,LINE2-M02,302.3,313.1,1408,59.3,52,Running,True,5855
5856,2026-06-17T13:47:00,LINE3-M02,300.8,310.2,1637,25.4,57,Running,True,5856
5857,2026-06-17T13:52:00,LINE1-M01,297.3,306.5,1372,41.6,59,Running,True,5857
5858,2026-06-17T13:58:00,LINE2-M02,299.0,307.2,1531,55.2,62,Running,True,5858
5859,2026-06-17T14:02:00,LINE2-M02,298.7,309.4,1168,50.0,65,Running,True,5859
5860,2026-06-17T14:07:00,LINE3-M01,302.3,312.6,1681,37.2,68,Idle,True,5860
5861,2026-06-17T14:13:00,LINE1-M02,300.1,312.0,1411,43.5,70,Running,True,5861
5862,2026-06-17T14:16:00,LINE3-M02,301.9,312.3,2029,35.5,75,Running,True,5862
5863,2026-06-17T14:22:00,LINE3-M01,299.7,311.2,1565,48.2,77,Running,True,5863
5864,2026-06-17T14:27:00,LINE1-M01,303.3,314.9,1531,46.3,82,Running,True,5864
5865,2026-06-17T14:30:00,LINE1-M01,300.7,308.8,1685,27.9,87,Running,True,5865
5866,2026-06-17T14:35:00,LINE3-M01,301.9,311.6,1168,40.6,89,Idle,True,5866
5867,2026-06-17T14:38:00,LINE1-M02,300.1,310.9,1396,26.9,92,Running,True,5867
5868,2026-06-17T14:42:00,LINE2-M01,302.6,313.7,1450,39.2,95,Running,True,5868
5869,2026-06-17T14:48:00,LINE2-M02,304.4,315.0,1963,34.7,97,Running,True,5869
5870,2026-06-17T14:50:00,LINE3-M01,300.4,311.0,1535,24.6,102,Running,True,5870
5871,2026-06-17T14:53:00,LINE1-M01,300.3,309.8,1909,29.7,105,Running,True,5871
5872,2026-06-17T14:55:00,LINE1-M01,306.2,316.4,1675,49.5,107,Running,True,5872
5873,2026-06-17T14:59:00,LINE2-M01,298.0,309.3,1168,40.2,112,Running,True,5873
5874,2026-06-17T15:03:00,LINE2-M02,302.2,311.8,1484,31.7,114,Running,True,5874
5875,2026-06-17T15:08:00,LINE1-M01,297.8,307.1,1811,39.2,116,Idle,True,5875
5876,2026-06-17T15:10:00,LINE3-M02,297.9,307.3,1483,58.2,118,Stopped,False,5876
5877,2026-06-17T15:15:00,LINE3-M01,298.6,308.4,1390,52.1,120,Idle,True,5877
5878,2026-06-17T15:21:00,LINE2-M02,298.2,308.1,1744,25.1,123,Idle,True,5878
5879,2026-06-17T15:23:00,LINE1-M01,303.9,315.3,1725,42.9,126,Running,True,5879
5880,2026-06-17T15:29:00,LINE2-M01,301.6,311.5,1168,54.3,129,Running,True,5880
5881,2026-06-17T15:32:00,LINE3-M02,297.3,305.5,1168,39.8,131,Maintenance,False,5881
5882,2026-06-17T15:34:00,LINE1-M02,301.5,311.5,1584,37.6,133,Running,True,5882
5883,2026-06-17T15:36:00,LINE2-M02,301.9,311.9,1641,50.7,136,Running,True,5883
5884,2026-06-17T15:40:00,LINE3-M01,300.4,310.0,1930,28.7,139,Running,True,5884
5885,2026-06-17T15:43:00,LINE3-M01,299.0,308.6,1731,56.3,144,Stopped,False,5885
5886,2026-06-17T15:48:00,LINE3-M02,300.1,310.3,1833,17.9,146,Stopped,False,5886
5887,2026-06-17T15:54:00,LINE2-M02,302.7,312.8,1250,48.7,148,Idle,True,5887
5888,2026-06-17T15:59:00,LINE1-M02,298.4,309.5,1398,46.3,153,Running,True,5888
5889,2026-06-17T16:03:00,LINE1-M01,302.9,312.3,1168,42.9,155,Running,True,5889
5890,2026-06-17T16:05:00,LINE3-M02,299.8,310.1,1597,37.0,157,Running,True,5890
5891,2026-06-17T16:08:00,LINE3-M02,298.3,310.4,1438,37.5,160,Running,True,5891
5892,2026-06-17T16:12:00,LINE2-M01,301.2,311.5,1214,59.4,162,Running,True,5892
5893,2026-06-17T16:16:00,LINE1-M02,300.0,309.5,1168,54.9,164,Running,True,5893
5894,2026-06-17T16:20:00,LINE3-M02,298.0,307.3,1405,22.1,169,Maintenance,True,5894
5895,2026-06-17T16:24:00,LINE3-M01,300.2,308.8,1660,42.9,172,Running,True,5895
5896,2026-06-17T16:30:00,LINE1-M01,299.1,309.5,1349,35.0,175,Idle,True,5896
5897,2026-06-17T16:36:00,LINE1-M02,298.1,306.6,1409,53.3,177,Running,True,5897
5898,2026-06-17T16:38:00,LINE3-M02,299.4,309.6,1412,33.8,180,Running,True,5898
5899,2026-06-17T16:42:00,LINE3-M01,299.0,310.4,1882,40.1,182,Running,True,5899
5900,2026-06-17T16:45:00,LINE3-M02,297.5,307.5,1449,44.8,184,Running,True,5900
5901,2026-06-17T16:49:00,LINE3-M01,297.4,306.9,1230,39.0,189,Running,True,5901
5902,2026-06-17T16:54:00,LINE1-M02,298.1,307.5,1623,46.4,192,Running,True,5902
5903,2026-06-17T16:57:00,LINE1-M02,298.4,309.4,1949,44.8,194,Maintenance,True,5903
5904,2026-06-17T16:59:00,LINE2-M01,300.3,310.1,1312,35.3,197,Running,True,5904
5905,2026-06-17T17:03:00,LINE1-M01,300.4,309.2,1196,37.3,200,Running,True,5905
5906,2026-06-17T17:09:00,LINE3-M01,298.5,308.1,1354,39.2,205,Running,True,5906
5907,2026-06-17T17:13:00,LINE1-M02,300.3,310.9,1472,42.7,208,Stopped,True,5907
5908,2026-06-17T17:17:00,LINE2-M01,297.7,308.6,1683,34.5,211,Running,True,5908
5909,2026-06-17T17:20:00,LINE2-M02,300.5,310.0,1811,29.4,216,Running,True,5909
5910,2026-06-17T17:24:00,LINE3-M02,302.1,311.5,1678,37.2,218,Running,True,5910
5911,2026-06-17T17:28:00,LINE1-M01,300.5,309.8,1680,40.1,221,Maintenance,False,5911
5912,2026-06-17T17:31:00,LINE1-M01,300.7,310.9,1358,39.4,223,Stopped,False,5912
5913,2026-06-17T17:33:00,LINE1-M02,300.7,309.8,1168,31.3,228,Idle,True,5913
5914,2026-06-17T17:39:00,LINE1-M02,300.9,311.2,1335,44.1,233,Maintenance,False,5914
5915,2026-06-17T17:42:00,LINE2-M01,296.6,306.5,1599,23.7,235,Stopped,True,5915
5916,2026-06-17T17:47:00,LINE2-M02,298.1,307.4,1427,27.9,240,Stopped,False,5916
5917,2026-06-17T17:53:00,LINE3-M02,300.7,309.9,1582,34.6,0,Running,True,5917
5918,2026-06-17T17:56:00,LINE1-M02,301.8,312.1,1534,33.6,3,Running,True,5918
5919,2026-06-17T17:58:00,LINE1-M02,300.3,310.6,1690,27.2,5,Running,True,5919
5920,2026-06-17T18:04:00,LINE2-M01,303.5,315.5,1436,41.3,7,Running,True,5920
5921,2026-06-17T18:06:00,LINE2-M01,302.0,311.5,1696,41.8,9,Running,True,5921
5922,2026-06-17T18:11:00,LINE1-M02,301.4,311.2,1668,39.1,12,Running,True,5922
5923,2026-06-17T18:16:00,LINE1-M02,299.0,309.2,1396,38.6,14,Running,True,5923
5924,2026-06-17T18:20:00,LINE3-M01,295.2,306.6,1293,48.2,17,Idle,True,5924
5925,2026-06-17T18:26:00,LINE1-M02,302.5,313.0,1676,41.0,19,Running,True,5925
5926,2026-06-17T18:29:00,LINE2-M02,302.3,313.3,1168,47.6,24,Running,True,5926
5927,2026-06-17T18:32:00,LINE1-M02,299.9,310.1,1371,34.9,26,Running,True,5927
5928,2026-06-17T18:35:00,LINE3-M01,301.2,310.4,1168,29.0,31,Running,True,5928
5929,2026-06-17T18:39:00,LINE3-M01,302.3,310.4,1657,20.4,33,Running,True,5929
5930,2026-06-17T18:41:00,LINE1-M02,297.1,308.2,1396,32.1,38,Running,True,5930
5931,2026-06-17T18:46:00,LINE3-M02,303.7,314.4,1991,25.5,43,Running,True,5931
5932,2026-06-17T18:52:00,LINE3-M02,303.7,313.8,1284,50.4,45,Running,True,5932
5933,2026-06-17T18:57:00,LINE2-M01,298.4,308.1,1168,39.7,50,Running,True,5933
5934,2026-06-17T19:00:00,LINE1-M02,305.1,315.5,1615,23.9,53,Running,True,5934
5935,2026-06-17T19:06:00,LINE3-M02,298.6,307.4,1687,32.2,55,Running,True,5935
5936,2026-06-17T19:08:00,LINE1-M01,298.2,307.1,1397,24.5,57,Running,True,5936
5937,2026-06-17T19:11:00,LINE3-M01,297.1,305.9,1869,47.0,62,Stopped,True,5937
5938,2026-06-17T19:16:00,LINE1-M01,298.2,307.9,2066,41.8,64,Maintenance,False,5938
5939,2026-06-17T19:20:00,LINE1-M01,300.2,311.7,1559,48.0,66,Running,True,5939
5940,2026-06-17T19:22:00,LINE1-M02,300.1,311.1,1410,53.7,68,Running,True,5940
5941,2026-06-17T19:28:00,LINE1-M02,296.2,306.8,1592,22.6,73,Running,True,5941
5942,2026-06-17T19:30:00,LINE3-M02,301.4,311.3,1761,41.7,76,Running,True,5942
5943,2026-06-17T19:34:00,LINE2-M02,302.4,312.4,1835,51.5,79,Maintenance,False,5943
5944,2026-06-17T19:38:00,LINE1-M02,297.2,308.2,1767,30.6,82,Running,True,5944
5945,2026-06-17T19:41:00,LINE2-M02,300.5,309.0,1995,47.4,84,Maintenance,False,5945
5946,2026-06-17T19:43:00,LINE1-M01,296.8,307.2,1863,30.4,86,Running,True,5946
5947,2026-06-17T19:46:00,LINE3-M01,298.0,308.1,1697,39.1,88,Running,True,5947
5948,2026-06-17T19:52:00,LINE1-M01,299.3,309.1,1261,32.6,93,Running,True,5948
5949,2026-06-17T19:56:00,LINE1-M02,300.7,310.0,1592,35.1,96,Running,True,5949
5950,2026-06-17T20:00:00,LINE1-M01,300.0,310.5,1168,53.3,99,Running,True,5950
5951,2026-06-17T20:05:00,LINE2-M01,301.6,311.5,1292,28.7,101,Running,True,5951
5952,2026-06-17T20:11:00,LINE3-M02,300.2,310.7,1544,29.5,104,Running,True,5952
5953,2026-06-17T20:14:00,LINE3-M01,301.2,311.2,1710,51.2,107,Stopped,False,5953
5954,2026-06-17T20:17:00,LINE1-M01,299.3,309.5,1354,32.3,109,Running,True,5954
5955,2026-06-17T20:21:00,LINE3-M01,300.2,313.0,1804,50.0,114,Stopped,True,5955
5956,2026-06-17T20:27:00,LINE2-M01,296.8,304.8,1367,46.9,117,Stopped,True,5956
5957,2026-06-17T20:33:00,LINE2-M02,295.9,306.3,1550,38.2,119,Running,True,5957
5958,2026-06-17T20:35:00,LINE3-M02,298.0,307.9,1220,53.1,122,Running,True,5958
5959,2026-06-17T20:40:00,LINE2-M01,303.3,313.3,1523,26.1,124,Running,True,5959
5960,2026-06-17T20:45:00,LINE3-M02,298.1,307.9,1835,34.6,126,Running,True,5960
5961,2026-06-17T20:47:00,LINE3-M02,301.3,312.7,1168,41.7,129,Idle,True,5961
5962,2026-06-17T20:53:00,LINE1-M02,295.9,306.1,1810,40.0,131,Running,True,5962
5963,2026-06-17T20:57:00,LINE1-M02,302.5,313.0,1510,45.6,133,Running,True,5963
5964,2026-06-17T21:00:00,LINE1-M01,298.5,308.9,1305,21.5,138,Stopped,False,5964
5965,2026-06-17T21:02:00,LINE3-M02,301.6,310.4,1823,42.0,141,Running,True,5965
5966,2026-06-17T21:04:00,LINE3-M01,297.6,309.6,1321,48.0,144,Running,False,5966
5967,2026-06-17T21:10:00,LINE2-M01,300.7,310.2,1255,33.0,149,Running,True,5967
5968,2026-06-17T21:16:00,LINE1-M02,298.6,308.2,1505,43.9,154,Running,True,5968
5969,2026-06-17T21:20:00,LINE3-M02,300.2,310.8,1168,34.4,156,Idle,True,5969
5970,2026-06-17T21:24:00,LINE1-M02,295.8,307.2,1579,52.9,158,Running,True,5970
5971,2026-06-17T21:26:00,LINE1-M01,300.8,311.5,1168,51.9,160,Running,True,5971
5972,2026-06-17T21:30:00,LINE3-M01,299.8,309.8,1951,5.1,162,Stopped,False,5972
5973,2026-06-17T21:34:00,LINE3-M02,297.4,307.4,1493,30.0,164,Running,True,5973
5974,2026-06-17T21:37:00,LINE1-M02,300.6,310.6,1727,37.5,167,Running,True,5974
5975,2026-06-17T21:43:00,LINE2-M01,298.7,309.7,1351,40.2,172,Running,True,5975
5976,2026-06-17T21:48:00,LINE3-M02,298.9,308.6,1592,15.1,175,Stopped,False,5976
5977,2026-06-17T21:54:00,LINE1-M02,301.3,311.2,1674,42.2,177,Running,True,5977
5978,2026-06-17T22:00:00,LINE2-M01,298.2,308.6,1242,59.4,180,Running,True,5978
5979,2026-06-17T22:03:00,LINE2-M02,301.2,311.0,1645,27.2,182,Running,True,5979
5980,2026-06-17T22:09:00,LINE2-M01,301.9,311.1,1639,50.4,187,Running,True,5980
5981,2026-06-17T22:15:00,LINE1-M01,299.8,310.4,1407,26.7,189,Running,True,5981
5982,2026-06-17T22:18:00,LINE2-M01,299.9,310.4,1168,39.5,191,Running,True,5982
5983,2026-06-17T22:23:00,LINE3-M02,303.8,313.6,1581,25.4,194,Running,True,5983
5984,2026-06-17T22:29:00,LINE3-M02,302.6,312.1,1860,48.4,197,Stopped,False,5984
5985,2026-06-17T22:35:00,LINE3-M01,299.1,309.8,1418,65.3,200,Stopped,True,5985
5986,2026-06-17T22:39:00,LINE1-M02,299.9,312.1,1822,39.2,202,Stopped,False,5986
5987,2026-06-17T22:45:00,LINE3-M02,300.1,310.1,1392,47.0,207,Idle,True,5987
5988,2026-06-17T22:51:00,LINE1-M01,300.9,309.8,1651,36.1,209,Stopped,False,5988
5989,2026-06-17T22:53:00,LINE1-M02,299.7,307.4,1362,50.2,212,Maintenance,False,5989
5990,2026-06-17T22:55:00,LINE2-M02,300.9,309.0,1747,46.8,214,Running,True,5990
5991,2026-06-17T22:59:00,LINE2-M01,301.3,312.2,1699,47.8,216,Stopped,False,5991
5992,2026-06-17T23:03:00,LINE2-M02,296.8,305.0,1528,30.8,219,Idle,True,5992
5993,2026-06-17T23:06:00,LINE1-M01,299.1,308.7,1168,35.1,221,Stopped,False,5993
5994,2026-06-17T23:11:00,LINE3-M01,296.6,306.7,1334,37.7,223,Maintenance,False,5994
5995,2026-06-17T23:16:00,LINE2-M01,299.0,309.6,1507,44.1,225,Running,True,5995
5996,2026-06-17T23:19:00,LINE3-M02,297.0,305.5,1446,39.1,227,Stopped,False,5996
5997,2026-06-17T23:25:00,LINE1-M02,300.7,310.7,1561,28.7,232,Stopped,False,5997
5998,2026-06-17T23:29:00,LINE2-M02,297.8,306.5,1802,32.7,234,Stopped,False,5998
5999,2026-06-17T23:32:00,LINE1-M01,298.6,307.4,1489,35.5,236,Stopped,True,5999
6000,2026-06-17T23:35:00,LINE2-M01,299.8,310.5,1894,64.2,239,Maintenance,False,6000
6001,2026-06-17T23:37:00,LINE3-M01,301.4,311.1,1219,49.4,0,Running,True,6001
6002,2026-06-17T23:40:00,LINE3-M02,300.4,311.8,1526,29.7,2,Running,True,6002
6003,2026-06-17T23:45:00,LINE2-M02,299.4,309.1,1594,43.2,4,Running,True,6003
6004,2026-06-17T23:48:00,LINE2-M01,297.7,308.0,1384,36.5,9,Running,True,6004
6005,2026-06-17T23:52:00,LINE3-M02,299.6,311.2,1813,40.2,14,Running,True,6005
6006,2026-06-17T23:58:00,LINE1-M02,298.6,308.1,1236,41.5,16,Running,True,6006
6007,2026-06-18T00:04:00,LINE3-M02,300.6,309.9,1556,45.8,19,Running,True,6007
6008,2026-06-18T00:07:00,LINE2-M01,297.9,307.4,1610,21.9,22,Running,True,6008
6009,2026-06-18T00:09:00,LINE2-M02,301.3,310.3,1931,22.5,25,Running,True,6009
6010,2026-06-18T00:12:00,LINE3-M02,298.3,310.2,1710,42.3,28,Running,True,6010
6011,2026-06-18T00:15:00,LINE2-M02,301.4,312.6,1665,41.5,30,Running,True,6011
6012,2026-06-18T00:21:00,LINE3-M02,301.1,309.0,1746,44.1,33,Running,True,6012
6013,2026-06-18T00:25:00,LINE2-M02,298.2,306.8,1168,63.5,35,Running,True,6013
6014,2026-06-18T00:30:00,LINE2-M01,296.2,306.1,2018,42.5,38,Running,True,6014
6015,2026-06-18T00:32:00,LINE2-M01,301.0,313.5,1276,40.6,40,Running,True,6015
6016,2026-06-18T00:37:00,LINE3-M01,300.6,312.4,1534,39.8,43,Running,True,6016
6017,2026-06-18T00:41:00,LINE2-M02,299.2,309.5,1285,33.4,48,Running,True,6017
6018,2026-06-18T00:44:00,LINE3-M02,300.9,311.2,1436,42.5,51,Running,True,6018
6019,2026-06-18T00:47:00,LINE1-M02,302.3,313.8,1485,43.1,54,Running,True,6019
6020,2026-06-18T00:51:00,LINE1-M02,294.2,303.8,1168,37.8,56,Running,True,6020
6021,2026-06-18T00:55:00,LINE1-M02,299.5,309.2,1326,28.0,61,Running,True,6021
6022,2026-06-18T01:00:00,LINE3-M01,300.2,311.2,1694,56.7,63,Stopped,False,6022
6023,2026-06-18T01:06:00,LINE2-M02,300.1,311.6,1226,28.9,65,Running,True,6023
6024,2026-06-18T01:09:00,LINE1-M01,299.1,307.9,1437,31.4,67,Idle,True,6024
6025,2026-06-18T01:11:00,LINE3-M01,296.0,306.1,1383,43.4,69,Idle,True,6025
6026,2026-06-18T01:14:00,LINE2-M01,301.7,312.8,1407,43.6,71,Running,True,6026
6027,2026-06-18T01:17:00,LINE3-M02,303.3,313.3,1579,26.0,73,Running,True,6027
6028,2026-06-18T01:20:00,LINE2-M01,303.5,314.2,1448,39.6,78,Running,True,6028
6029,2026-06-18T01:24:00,LINE2-M01,299.0,307.0,1459,32.9,83,Running,True,6029
6030,2026-06-18T01:29:00,LINE3-M01,298.4,309.0,1388,39.5,86,Running,True,6030
6031,2026-06-18T01:33:00,LINE3-M02,297.3,308.4,1532,30.6,89,Running,True,6031
6032,2026-06-18T01:36:00,LINE1-M01,301.3,311.4,1693,32.6,92,Running,True,6032
6033,2026-06-18T01:39:00,LINE2-M02,299.0,310.7,1220,52.5,94,Running,True,6033
6034,2026-06-18T01:41:00,LINE1-M01,299.4,308.0,1636,46.3,99,Running,True,6034
6035,2026-06-18T01:47:00,LINE2-M01,299.7,309.8,1479,47.8,101,Running,True,6035
6036,2026-06-18T01:52:00,LINE3-M02,299.4,310.1,1553,42.7,104,Running,True,6036
6037,2026-06-18T01:57:00,LINE2-M02,302.0,311.1,1492,41.5,107,Running,True,6037
6038,2026-06-18T02:02:00,LINE1-M02,300.2,310.7,1438,42.2,112,Running,True,6038
6039,2026-06-18T02:07:00,LINE2-M02,298.4,308.1,1922,46.9,114,Maintenance,True,6039
6040,2026-06-18T02:10:00,LINE3-M02,299.1,308.8,1379,21.3,117,Maintenance,False,6040
6041,2026-06-18T02:14:00,LINE3-M01,299.2,308.3,1668,19.0,122,Stopped,False,6041
6042,2026-06-18T02:17:00,LINE1-M02,298.9,307.8,1469,44.8,124,Idle,True,6042
6043,2026-06-18T02:21:00,LINE3-M01,299.8,309.1,1369,41.3,127,Running,True,6043
6044,2026-06-18T02:25:00,LINE1-M01,302.2,311.8,1804,29.9,132,Running,True,6044
6045,2026-06-18T02:30:00,LINE3-M01,298.3,309.8,1713,33.1,134,Running,True,6045
6046,2026-06-18T02:36:00,LINE2-M01,300.6,310.7,1560,18.8,139,Maintenance,True,6046
6047,2026-06-18T02:38:00,LINE3-M01,299.1,309.7,1541,31.7,144,Running,True,6047
6048,2026-06-18T02:43:00,LINE1-M02,299.7,311.2,1544,35.2,149,Running,True,6048
6049,2026-06-18T02:45:00,LINE3-M01,299.2,309.4,1641,33.7,151,Running,True,6049
6050,2026-06-18T02:50:00,LINE1-M01,299.1,308.2,1594,47.8,153,Running,True,6050
6051,2026-06-18T02:56:00,LINE1-M02,302.1,312.5,1249,49.9,155,Running,True,6051
6052,2026-06-18T03:01:00,LINE1-M01,300.4,309.6,1168,42.3,157,Idle,True,6052
6053,2026-06-18T03:05:00,LINE3-M02,297.8,306.2,1168,47.7,160,Stopped,False,6053
6054,2026-06-18T03:10:00,LINE3-M02,299.1,309.3,1688,40.7,162,Running,True,6054
6055,2026-06-18T03:12:00,LINE1-M01,300.9,310.2,1715,43.4,164,Running,True,6055
6056,2026-06-18T03:14:00,LINE3-M01,299.1,308.9,1168,54.0,166,Running,True,6056
6057,2026-06-18T03:20:00,LINE3-M01,301.6,312.4,1355,38.5,171,Running,True,6057
6058,2026-06-18T03:22:00,LINE2-M02,296.5,306.2,1703,28.0,174,Running,True,6058
6059,2026-06-18T03:26:00,LINE2-M01,299.2,309.3,1535,19.9,179,Maintenance,False,6059
6060,2026-06-18T03:32:00,LINE1-M02,303.5,312.4,1699,34.1,181,Running,True,6060
6061,2026-06-18T03:38:00,LINE2-M02,300.7,310.0,2071,41.6,184,Maintenance,False,6061
6062,2026-06-18T03:40:00,LINE1-M02,299.7,311.3,1589,54.1,187,Maintenance,False,6062
6063,2026-06-18T03:43:00,LINE2-M01,300.0,309.9,1706,33.9,189,Running,True,6063
6064,2026-06-18T03:47:00,LINE2-M02,298.4,308.1,1188,42.9,192,Running,True,6064
6065,2026-06-18T03:51:00,LINE2-M01,301.3,310.9,1427,53.7,195,Running,True,6065
6066,2026-06-18T03:53:00,LINE3-M01,300.3,309.7,1497,29.0,197,Running,True,6066
6067,2026-06-18T03:55:00,LINE1-M02,299.0,310.3,1747,29.2,202,Running,True,6067
6068,2026-06-18T04:01:00,LINE3-M01,298.6,309.6,1668,37.6,207,Idle,True,6068
6069,2026-06-18T04:04:00,LINE1-M01,301.4,311.6,1168,43.5,210,Stopped,False,6069
6070,2026-06-18T04:09:00,LINE2-M01,297.6,307.5,1758,40.9,212,Stopped,False,6070
6071,2026-06-18T04:13:00,LINE2-M01,299.2,309.6,1903,30.3,214,Idle,True,6071
6072,2026-06-18T04:19:00,LINE1-M02,296.1,308.3,1486,51.6,216,Maintenance,False,6072
6073,2026-06-18T04:23:00,LINE3-M02,300.2,310.6,1697,54.4,219,Stopped,False,6073
6074,2026-06-18T04:27:00,LINE1-M01,297.3,305.9,1275,36.3,224,Stopped,True,6074
6075,2026-06-18T04:31:00,LINE2-M02,302.9,312.1,1231,39.8,229,Stopped,False,6075
6076,2026-06-18T04:37:00,LINE2-M01,300.4,311.9,1726,49.6,232,Maintenance,True,6076
6077,2026-06-18T04:42:00,LINE1-M01,301.0,309.6,1554,37.4,234,Stopped,False,6077
6078,2026-06-18T04:45:00,LINE2-M01,297.8,307.3,1326,44.3,239,Stopped,False,6078
6079,2026-06-18T04:51:00,LINE3-M01,297.6,306.7,1196,36.1,0,Running,True,6079
6080,2026-06-18T04:53:00,LINE3-M02,303.1,313.7,1168,54.2,3,Running,True,6080
6081,2026-06-18T04:59:00,LINE3-M01,299.7,309.7,1601,33.4,6,Running,True,6081
6082,2026-06-18T05:05:00,LINE1-M01,297.8,308.4,1663,36.7,11,Running,True,6082
6083,2026-06-18T05:07:00,LINE2-M01,301.6,309.6,1551,40.5,13,Running,True,6083
6084,2026-06-18T05:09:00,LINE3-M02,296.4,308.5,1518,45.3,16,Running,True,6084
6085,2026-06-18T05:13:00,LINE3-M02,302.6,312.7,1386,32.8,18,Running,True,6085
6086,2026-06-18T05:19:00,LINE3-M01,299.9,308.9,1168,28.4,23,Stopped,False,6086
6087,2026-06-18T05:24:00,LINE2-M02,298.9,309.2,1447,44.7,28,Running,True,6087
6088,2026-06-18T05:26:00,LINE3-M02,295.7,307.1,1665,51.9,30,Stopped,False,6088
6089,2026-06-18T05:29:00,LINE2-M02,299.8,310.3,1594,60.3,32,Stopped,False,6089
6090,2026-06-18T05:31:00,LINE3-M01,296.2,307.4,1247,47.1,34,Running,True,6090
6091,2026-06-18T05:33:00,LINE1-M01,299.6,310.5,1607,49.5,39,Idle,True,6091
6092,2026-06-18T05:38:00,LINE1-M02,299.4,309.2,1295,40.4,41,Running,True,6092
6093,2026-06-18T05:44:00,LINE1-M02,298.2,308.0,1284,43.9,44,Running,True,6093
6094,2026-06-18T05:46:00,LINE1-M01,300.1,308.9,1776,44.0,46,Running,True,6094
6095,2026-06-18T05:48:00,LINE1-M01,299.5,309.0,1839,46.4,49,Running,True,6095
6096,2026-06-18T05:50:00,LINE3-M01,299.4,309.6,1694,35.3,54,Running,True,6096
6097,2026-06-18T05:55:00,LINE2-M02,303.4,313.9,1687,36.3,59,Running,True,6097
6098,2026-06-18T06:00:00,LINE3-M01,301.8,310.8,1931,29.8,62,Running,True,6098
6099,2026-06-18T06:05:00,LINE2-M02,299.4,308.6,1915,35.9,67,Running,False,6099
6100,2026-06-18T06:07:00,LINE3-M01,298.2,308.1,1763,22.0,69,Running,True,6100
6101,2026-06-18T06:13:00,LINE1-M02,300.9,313.1,1415,57.4,71,Running,True,6101
6102,2026-06-18T06:19:00,LINE2-M01,301.2,312.3,1300,26.6,73,Running,True,6102
6103,2026-06-18T06:25:00,LINE3-M01,298.4,307.5,1749,41.0,75,Running,True,6103
6104,2026-06-18T06:30:00,LINE3-M02,299.3,312.2,1548,41.8,77,Running,True,6104
6105,2026-06-18T06:36:00,LINE2-M02,297.5,307.5,1168,54.6,79,Running,True,6105
6106,2026-06-18T06:39:00,LINE3-M01,298.3,309.6,1330,43.8,82,Running,True,6106
6107,2026-06-18T06:42:00,LINE3-M01,298.8,309.5,1735,36.8,85,Running,True,6107
6108,2026-06-18T06:44:00,LINE3-M01,300.3,311.2,1168,35.3,88,Running,True,6108
6109,2026-06-18T06:49:00,LINE1-M02,300.8,311.8,1277,52.8,91,Running,True,6109
6110,2026-06-18T06:54:00,LINE1-M01,300.9,310.3,1555,37.9,93,Running,True,6110
6111,2026-06-18T07:00:00,LINE3-M01,296.7,307.0,1505,50.1,96,Idle,False,6111
6112,2026-06-18T07:03:00,LINE3-M02,296.5,307.9,1462,35.8,99,Running,True,6112
6113,2026-06-18T07:09:00,LINE1-M02,301.9,312.6,1168,35.7,101,Running,True,6113
6114,2026-06-18T07:15:00,LINE3-M01,300.6,310.6,1168,38.6,106,Running,True,6114
6115,2026-06-18T07:19:00,LINE1-M02,298.5,308.5,1574,32.1,108,Running,True,6115
6116,2026-06-18T07:24:00,LINE1-M02,298.8,309.4,1179,14.7,110,Maintenance,True,6116
6117,2026-06-18T07:29:00,LINE1-M02,298.6,307.6,1383,48.1,112,Idle,True,6117
6118,2026-06-18T07:35:00,LINE2-M01,299.8,309.6,1430,42.0,114,Running,True,6118
6119,2026-06-18T07:40:00,LINE1-M02,298.4,309.4,1495,35.1,117,Running,True,6119
6120,2026-06-18T07:42:00,LINE3-M01,297.6,306.3,1551,41.1,120,Running,True,6120
6121,2026-06-18T07:44:00,LINE3-M01,301.4,311.1,1272,49.3,122,Running,True,6121
6122,2026-06-18T07:50:00,LINE3-M01,301.9,313.3,1322,51.8,127,Idle,True,6122
6123,2026-06-18T07:56:00,LINE3-M01,297.7,308.5,1473,44.9,132,Idle,True,6123
6124,2026-06-18T08:01:00,LINE1-M02,304.6,314.0,1350,43.8,137,Idle,True,6124
6125,2026-06-18T08:06:00,LINE1-M02,297.5,308.6,1371,49.1,139,Running,True,6125
6126,2026-06-18T08:10:00,LINE2-M02,296.8,307.5,1966,54.2,144,Maintenance,True,6126
6127,2026-06-18T08:14:00,LINE3-M01,303.3,314.7,1923,49.6,149,Maintenance,False,6127
6128,2026-06-18T08:20:00,LINE2-M02,300.8,309.3,1281,35.8,151,Stopped,False,6128
6129,2026-06-18T08:22:00,LINE3-M01,300.1,311.1,1168,51.5,154,Running,True,6129
6130,2026-06-18T08:27:00,LINE3-M02,299.1,310.9,1777,32.0,157,Running,True,6130
6131,2026-06-18T08:31:00,LINE1-M02,302.4,312.8,1922,26.9,160,Running,True,6131
6132,2026-06-18T08:35:00,LINE3-M01,299.0,310.4,1722,34.5,162,Running,True,6132
6133,2026-06-18T08:39:00,LINE1-M02,302.4,312.2,1168,45.8,167,Idle,True,6133
6134,2026-06-18T08:42:00,LINE3-M01,300.8,310.4,1257,46.3,170,Running,True,6134
6135,2026-06-18T08:45:00,LINE1-M02,298.7,309.6,1304,44.4,172,Running,True,6135
6136,2026-06-18T08:48:00,LINE2-M02,305.4,315.5,1873,39.5,174,Running,True,6136
6137,2026-06-18T08:54:00,LINE1-M01,300.1,309.8,1601,34.3,176,Running,False,6137
6138,2026-06-18T08:57:00,LINE1-M01,299.5,307.2,1887,35.9,181,Running,True,6138
6139,2026-06-18T09:03:00,LINE2-M02,301.6,312.6,1684,46.5,186,Idle,True,6139
6140,2026-06-18T09:07:00,LINE3-M01,299.9,309.0,1673,47.4,188,Running,True,6140
6141,2026-06-18T09:10:00,LINE3-M01,300.0,309.6,1525,46.0,190,Running,True,6141
6142,2026-06-18T09:16:00,LINE1-M02,298.9,308.7,1472,28.0,192,Running,True,6142
6143,2026-06-18T09:22:00,LINE1-M01,302.3,311.5,1533,34.9,194,Idle,True,6143
6144,2026-06-18T09:26:00,LINE3-M01,299.9,309.7,1402,32.2,197,Idle,True,6144
6145,2026-06-18T09:31:00,LINE1-M02,303.8,313.0,1590,50.6,202,Running,True,6145
6146,2026-06-18T09:35:00,LINE3-M01,298.3,305.9,1546,56.8,204,Stopped,False,6146
6147,2026-06-18T09:38:00,LINE3-M01,300.9,311.0,1834,42.5,209,Stopped,False,6147
6148,2026-06-18T09:43:00,LINE1-M02,302.2,313.0,1168,36.9,211,Running,True,6148
6149,2026-06-18T09:48:00,LINE1-M01,298.2,309.5,1501,33.3,213,Maintenance,False,6149
6150,2026-06-18T09:54:00,LINE3-M01,297.1,307.1,1456,51.5,215,Stopped,False,6150
6151,2026-06-18T09:58:00,LINE2-M02,298.7,308.4,1247,43.6,217,Stopped,False,6151
6152,2026-06-18T10:02:00,LINE1-M01,301.7,312.6,1467,46.7,222,Running,True,6152
6153,2026-06-18T10:06:00,LINE1-M02,299.9,308.4,1670,34.1,224,Running,True,6153
6154,2026-06-18T10:10:00,LINE3-M01,298.7,307.1,1263,31.4,227,Stopped,False,6154
6155,2026-06-18T10:14:00,LINE2-M02,301.6,312.6,1901,44.3,229,Maintenance,False,6155
6156,2026-06-18T10:16:00,LINE1-M02,304.1,313.6,1990,33.5,232,Maintenance,False,6156
6157,2026-06-18T10:20:00,LINE3-M02,297.7,307.2,1754,27.4,234,Maintenance,False,6157
6158,2026-06-18T10:24:00,LINE2-M01,300.7,310.8,1525,57.2,239,Stopped,False,6158
6159,2026-06-18T10:30:00,LINE3-M01,298.3,309.1,1478,50.2,0,Running,True,6159
6160,2026-06-18T10:32:00,LINE3-M02,297.3,308.5,1385,44.5,2,Running,True,6160
6161,2026-06-18T10:35:00,LINE1-M01,299.5,308.9,1203,59.4,5,Idle,True,6161
6162,2026-06-18T10:39:00,LINE1-M01,301.2,308.9,1775,37.2,10,Running,True,6162
6163,2026-06-18T10:43:00,LINE2-M01,299.8,310.7,1619,26.7,13,Running,True,6163
6164,2026-06-18T10:46:00,LINE1-M01,301.1,312.5,1567,41.3,18,Running,True,6164
6165,2026-06-18T10:48:00,LINE1-M01,300.6,312.4,1650,52.0,20,Running,True,6165
6166,2026-06-18T10:53:00,LINE3-M02,297.2,307.4,1385,17.0,23,Stopped,True,6166
6167,2026-06-18T10:56:00,LINE3-M01,301.3,311.1,1435,36.9,26,Running,True,6167
6168,2026-06-18T11:02:00,LINE2-M02,303.1,311.9,1626,29.1,29,Running,True,6168
6169,2026-06-18T11:06:00,LINE3-M02,297.9,307.7,1823,40.0,32,Idle,True,6169
6170,2026-06-18T11:09:00,LINE2-M02,301.0,311.7,1498,30.4,34,Running,True,6170
6171,2026-06-18T11:11:00,LINE1-M01,300.5,311.2,1168,29.2,36,Running,True,6171
6172,2026-06-18T11:15:00,LINE1-M01,296.0,306.0,1429,37.5,39,Running,True,6172
6173,2026-06-18T11:19:00,LINE2-M01,297.5,307.5,1333,53.5,42,Idle,True,6173
6174,2026-06-18T11:23:00,LINE2-M01,297.9,309.0,1304,42.6,44,Running,True,6174
6175,2026-06-18T11:28:00,LINE1-M01,298.8,309.5,1728,35.7,49,Running,True,6175
6176,2026-06-18T11:32:00,LINE3-M01,300.7,311.4,1439,33.1,54,Running,True,6176
6177,2026-06-18T11:34:00,LINE2-M02,299.5,310.6,1168,37.3,59,Running,True,6177
6178,2026-06-18T11:38:00,LINE3-M01,298.7,309.3,1674,33.0,64,Running,True,6178
6179,2026-06-18T11:40:00,LINE1-M02,300.1,309.9,1642,28.4,66,Running,True,6179
6180,2026-06-18T11:45:00,LINE2-M02,305.7,314.7,1589,49.3,68,Running,True,6180
6181,2026-06-18T11:51:00,LINE1-M02,298.2,307.9,1835,42.8,70,Idle,True,6181
6182,2026-06-18T11:53:00,LINE3-M01,300.8,311.7,1426,33.3,72,Running,True,6182
6183,2026-06-18T11:58:00,LINE1-M01,299.3,307.8,1273,42.3,77,Stopped,True,6183
6184,2026-06-18T12:04:00,LINE3-M01,297.6,306.2,1843,40.6,80,Running,True,6184
6185,2026-06-18T12:06:00,LINE2-M01,298.8,308.5,1268,51.2,83,Running,True,6185
6186,2026-06-18T12:09:00,LINE2-M02,302.7,310.7,1886,39.2,86,Running,True,6186
6187,2026-06-18T12:13:00,LINE3-M02,303.2,313.4,1712,52.3,89,Stopped,True,6187
6188,2026-06-18T12:19:00,LINE3-M01,297.7,307.2,1818,38.8,94,Idle,True,6188
6189,2026-06-18T12:21:00,LINE2-M02,301.7,310.7,1669,30.1,97,Running,True,6189
6190,2026-06-18T12:24:00,LINE3-M01,300.5,310.5,1424,31.9,99,Running,True,6190
6191,2026-06-18T12:29:00,LINE2-M01,297.9,306.7,1285,51.0,101,Running,True,6191
6192,2026-06-18T12:34:00,LINE3-M02,299.5,309.3,1915,23.7,103,Idle,True,6192
6193,2026-06-18T12:36:00,LINE3-M02,298.7,308.1,1376,40.3,106,Running,True,6193
6194,2026-06-18T12:42:00,LINE1-M01,302.1,311.4,1501,45.0,111,Running,True,6194
6195,2026-06-18T12:46:00,LINE2-M01,299.2,309.5,1835,52.6,114,Stopped,True,6195
6196,2026-06-18T12:51:00,LINE3-M02,298.4,308.5,1337,59.1,117,Running,True,6196
6197,2026-06-18T12:54:00,LINE1-M02,302.5,311.5,1672,47.7,122,Running,True,6197
6198,2026-06-18T12:57:00,LINE2-M02,298.0,308.1,1614,46.6,124,Running,True,6198
6199,2026-06-18T12:59:00,LINE1-M02,299.2,310.1,1468,25.0,126,Idle,True,6199
6200,2026-06-18T13:04:00,LINE3-M02,299.0,308.5,1168,56.0,128,Running,True,6200
6201,2026-06-18T13:06:00,LINE1-M02,299.3,307.8,1965,23.4,130,Idle,True,6201
6202,2026-06-18T13:08:00,LINE1-M02,302.8,312.7,1494,36.9,132,Running,True,6202
6203,2026-06-18T13:12:00,LINE1-M02,296.7,306.7,1566,34.4,137,Running,True,6203
6204,2026-06-18T13:14:00,LINE3-M02,298.3,308.2,1434,50.1,140,Idle,True,6204
6205,2026-06-18T13:20:00,LINE2-M01,299.4,309.8,1541,29.0,142,Running,True,6205
6206,2026-06-18T13:26:00,LINE2-M01,300.1,310.1,1742,40.6,144,Running,True,6206
6207,2026-06-18T13:30:00,LINE3-M01,302.1,311.4,1257,24.8,146,Maintenance,False,6207
6208,2026-06-18T13:36:00,LINE3-M02,299.4,308.6,1927,41.5,148,Running,False,6208
6209,2026-06-18T13:40:00,LINE2-M01,294.8,304.5,1744,33.4,150,Running,True,6209
6210,2026-06-18T13:46:00,LINE2-M01,300.5,311.3,1662,30.6,153,Running,True,6210
6211,2026-06-18T13:51:00,LINE2-M01,299.2,309.6,1752,40.0,155,Idle,True,6211
6212,2026-06-18T13:56:00,LINE3-M02,301.7,312.7,1245,46.4,158,Running,True,6212
6213,2026-06-18T13:59:00,LINE2-M01,304.0,312.0,1522,12.7,160,Maintenance,True,6213
6214,2026-06-18T14:02:00,LINE1-M01,296.5,308.0,1513,41.6,165,Running,True,6214
6215,2026-06-18T14:05:00,LINE1-M02,301.0,310.8,1874,35.1,168,Running,True,6215
6216,2026-06-18T14:11:00,LINE3-M02,300.5,309.4,1794,30.7,171,Running,True,6216
6217,2026-06-18T14:17:00,LINE1-M02,298.9,307.5,1346,34.8,174,Running,True,6217
6218,2026-06-18T14:23:00,LINE2-M01,299.7,310.5,1542,63.0,179,Stopped,False,6218
6219,2026-06-18T14:27:00,LINE3-M02,300.4,311.2,1652,41.2,181,Running,True,6219
6220,2026-06-18T14:30:00,LINE1-M01,299.0,309.1,1558,38.8,186,Running,True,6220
6221,2026-06-18T14:32:00,LINE3-M01,302.2,311.7,1434,35.8,189,Idle,True,6221
6222,2026-06-18T14:34:00,LINE1-M02,299.1,309.4,1342,42.1,194,Running,True,6222
6223,2026-06-18T14:37:00,LINE2-M01,299.8,309.0,1535,34.3,199,Running,True,6223
6224,2026-06-18T14:41:00,LINE3-M02,299.4,309.8,1542,43.1,201,Running,True,6224
6225,2026-06-18T14:46:00,LINE1-M02,300.3,310.8,1940,27.9,203,Running,True,6225
6226,2026-06-18T14:49:00,LINE1-M01,299.8,307.8,1439,52.3,205,Running,True,6226
6227,2026-06-18T14:54:00,LINE2-M02,299.2,308.6,1168,44.6,207,Running,True,6227
6228,2026-06-18T14:57:00,LINE2-M01,298.2,308.2,1475,57.1,209,Maintenance,False,6228
6229,2026-06-18T14:59:00,LINE3-M02,297.4,306.9,1365,20.0,214,Stopped,True,6229
6230,2026-06-18T15:05:00,LINE3-M01,300.2,309.5,1262,42.1,217,Running,True,6230
6231,2026-06-18T15:07:00,LINE3-M01,300.3,310.1,1599,33.9,220,Running,True,6231
6232,2026-06-18T15:10:00,LINE1-M01,299.5,308.5,1277,37.6,225,Running,True,6232
6233,2026-06-18T15:14:00,LINE2-M01,298.7,309.0,1442,43.0,227,Stopped,False,6233
6234,2026-06-18T15:19:00,LINE3-M02,302.0,311.6,1710,45.3,229,Stopped,False,6234
6235,2026-06-18T15:24:00,LINE3-M01,298.1,306.8,1515,42.3,232,Running,True,6235
6236,2026-06-18T15:28:00,LINE2-M01,299.1,309.8,1214,38.1,234,Running,True,6236
6237,2026-06-18T15:33:00,LINE2-M02,302.6,313.3,1572,27.2,236,Stopped,False,6237
6238,2026-06-18T15:36:00,LINE1-M01,301.7,311.2,1287,36.7,238,Stopped,False,6238
6239,2026-06-18T15:41:00,LINE1-M02,302.0,311.6,1457,50.7,240,Stopped,False,6239
6240,2026-06-18T15:47:00,LINE2-M02,297.6,309.0,1329,24.6,0,Stopped,False,6240
6241,2026-06-18T15:51:00,LINE1-M02,300.5,309.6,1380,57.6,2,Running,True,6241
6242,2026-06-18T15:53:00,LINE2-M01,301.3,311.0,1168,27.9,7,Stopped,False,6242
6243,2026-06-18T15:58:00,LINE2-M02,301.7,311.6,1396,62.4,12,Stopped,False,6243
6244,2026-06-18T16:04:00,LINE1-M01,297.3,307.9,1674,42.5,15,Running,True,6244
6245,2026-06-18T16:07:00,LINE1-M02,298.7,309.8,1444,47.3,20,Running,True,6245
6246,2026-06-18T16:12:00,LINE3-M02,299.2,310.6,1864,31.9,23,Idle,True,6246
6247,2026-06-18T16:14:00,LINE3-M01,300.4,310.4,1247,49.3,25,Running,True,6247
6248,2026-06-18T16:20:00,LINE1-M01,303.4,314.0,1292,42.2,27,Running,True,6248
6249,2026-06-18T16:24:00,LINE2-M01,299.1,307.9,1587,42.3,29,Running,True,6249
6250,2026-06-18T16:28:00,LINE2-M01,298.8,309.5,1234,52.3,31,Idle,True,6250
6251,2026-06-18T16:30:00,LINE2-M02,298.2,308.1,1335,50.0,36,Running,True,6251
6252,2026-06-18T16:34:00,LINE2-M02,304.0,312.7,1417,28.1,41,Idle,True,6252
6253,2026-06-18T16:39:00,LINE2-M01,303.3,313.6,1915,57.2,46,Stopped,False,6253
6254,2026-06-18T16:43:00,LINE2-M01,299.2,308.5,1926,36.1,48,Idle,True,6254
6255,2026-06-18T16:49:00,LINE3-M02,300.6,310.0,1488,41.4,50,Idle,True,6255
6256,2026-06-18T16:55:00,LINE1-M01,300.5,310.7,1255,68.6,53,Stopped,True,6256
6257,2026-06-18T16:57:00,LINE1-M02,303.0,313.0,1436,55.2,58,Running,True,6257
6258,2026-06-18T17:02:00,LINE3-M01,301.1,310.3,1742,35.0,60,Running,True,6258
6259,2026-06-18T17:06:00,LINE1-M01,301.3,312.1,1656,25.3,65,Running,True,6259
6260,2026-06-18T17:10:00,LINE3-M02,301.1,310.9,1283,41.0,70,Running,True,6260
6261,2026-06-18T17:12:00,LINE3-M01,296.4,304.8,2040,42.5,75,Maintenance,False,6261
6262,2026-06-18T17:15:00,LINE2-M02,301.8,310.0,1548,36.7,78,Running,True,6262
6263,2026-06-18T17:19:00,LINE2-M02,299.3,309.2,1356,43.3,80,Running,True,6263
6264,2026-06-18T17:21:00,LINE1-M02,300.8,310.8,1522,43.7,82,Idle,True,6264
6265,2026-06-18T17:24:00,LINE1-M01,298.9,310.1,1168,58.1,85,Running,True,6265
6266,2026-06-18T17:29:00,LINE3-M02,298.6,308.5,1434,33.9,88,Running,True,6266
6267,2026-06-18T17:31:00,LINE2-M01,299.6,310.5,1365,42.3,93,Running,True,6267
6268,2026-06-18T17:37:00,LINE1-M02,300.5,310.1,1527,36.1,98,Running,True,6268
6269,2026-06-18T17:41:00,LINE3-M01,298.4,307.3,1420,39.5,100,Running,True,6269
6270,2026-06-18T17:44:00,LINE3-M01,299.6,310.4,1645,49.7,105,Idle,True,6270
6271,2026-06-18T17:49:00,LINE1-M02,297.8,309.1,1457,47.2,107,Idle,True,6271
6272,2026-06-18T17:51:00,LINE1-M02,302.2,314.0,1447,46.5,110,Running,True,6272
6273,2026-06-18T17:56:00,LINE3-M01,301.7,314.7,1411,32.6,113,Running,True,6273
6274,2026-06-18T18:00:00,LINE3-M02,300.0,308.4,1316,33.2,118,Stopped,False,6274
6275,2026-06-18T18:05:00,LINE3-M02,298.3,309.6,1561,27.0,123,Running,True,6275
6276,2026-06-18T18:09:00,LINE1-M02,298.9,307.7,1300,29.0,128,Running,True,6276
6277,2026-06-18T18:14:00,LINE3-M01,302.3,313.0,1820,44.3,130,Running,True,6277
6278,2026-06-18T18:20:00,LINE1-M01,300.7,311.0,1755,50.8,133,Stopped,False,6278
6279,2026-06-18T18:22:00,LINE3-M02,296.7,308.3,1503,34.6,136,Idle,True,6279
6280,2026-06-18T18:28:00,LINE1-M02,299.5,309.6,1168,38.2,141,Running,True,6280
6281,2026-06-18T18:33:00,LINE2-M01,302.0,312.8,1215,42.4,143,Running,True,6281
6282,2026-06-18T18:37:00,LINE2-M01,299.0,308.3,1544,33.9,146,Running,True,6282
6283,2026-06-18T18:39:00,LINE1-M02,301.7,311.0,1359,41.4,149,Idle,True,6283
6284,2026-06-18T18:41:00,LINE2-M01,300.5,311.3,1522,54.6,152,Running,True,6284
6285,2026-06-18T18:44:00,LINE2-M01,298.9,307.6,1168,28.1,157,Maintenance,False,6285
6286,2026-06-18T18:48:00,LINE3-M01,299.9,310.7,1435,48.5,159,Running,True,6286
6287,2026-06-18T18:50:00,LINE3-M02,300.3,311.7,1397,33.3,161,Running,True,6287
6288,2026-06-18T18:55:00,LINE3-M02,301.1,312.2,1245,28.2,163,Running,True,6288
6289,2026-06-18T18:58:00,LINE3-M01,298.1,308.3,1933,48.2,168,Stopped,False,6289
6290,2026-06-18T19:00:00,LINE3-M02,299.2,308.1,1580,41.4,170,Running,True,6290
6291,2026-06-18T19:04:00,LINE3-M01,301.0,311.2,1636,42.4,173,Running,True,6291
6292,2026-06-18T19:09:00,LINE1-M01,299.0,310.2,1480,48.2,175,Running,True,6292
6293,2026-06-18T19:14:00,LINE2-M02,300.7,312.1,1527,43.4,180,Running,True,6293
6294,2026-06-18T19:17:00,LINE1-M01,302.1,311.2,1296,25.9,183,Idle,True,6294
6295,2026-06-18T19:22:00,LINE3-M01,298.9,308.2,1573,37.3,185,Running,True,6295
6296,2026-06-18T19:24:00,LINE3-M01,296.7,307.2,1168,41.3,188,Running,True,6296
6297,2026-06-18T19:30:00,LINE3-M01,302.4,312.6,2128,46.0,190,Maintenance,False,6297
6298,2026-06-18T19:35:00,LINE3-M02,302.1,311.0,1619,42.6,192,Running,True,6298
6299,2026-06-18T19:40:00,LINE3-M01,299.9,311.0,1239,44.2,195,Running,True,6299
6300,2026-06-18T19:46:00,LINE1-M02,302.8,312.5,1168,42.5,197,Running,True,6300
6301,2026-06-18T19:49:00,LINE1-M01,301.8,312.6,1470,22.9,199,Running,True,6301
6302,2026-06-18T19:51:00,LINE2-M02,301.3,311.8,1780,31.7,204,Running,True,6302
6303,2026-06-18T19:54:00,LINE1-M01,301.4,310.4,1803,40.4,206,Running,True,6303
6304,2026-06-18T20:00:00,LINE1-M01,302.1,310.9,1617,60.9,208,Maintenance,False,6304
6305,2026-06-18T20:03:00,LINE1-M02,301.6,310.7,1168,47.8,211,Running,True,6305
6306,2026-06-18T20:05:00,LINE3-M01,300.6,310.0,1379,44.4,216,Stopped,False,6306
6307,2026-06-18T20:08:00,LINE3-M01,300.1,309.9,1485,28.2,219,Running,True,6307
6308,2026-06-18T20:13:00,LINE1-M02,299.8,310.6,1687,49.2,221,Running,True,6308
6309,2026-06-18T20:16:00,LINE1-M01,296.8,305.6,1500,29.3,223,Running,True,6309
6310,2026-06-18T20:19:00,LINE1-M02,300.1,309.3,1436,36.7,226,Stopped,False,6310
6311,2026-06-18T20:25:00,LINE3-M02,300.6,311.3,1922,33.5,229,Maintenance,False,6311
6312,2026-06-18T20:28:00,LINE2-M02,302.9,312.0,1168,47.4,234,Maintenance,False,6312
6313,2026-06-18T20:30:00,LINE1-M02,298.7,307.3,1583,26.8,236,Maintenance,False,6313
6314,2026-06-18T20:35:00,LINE2-M02,297.2,306.3,1322,39.6,238,Maintenance,False,6314
6315,2026-06-18T20:38:00,LINE1-M01,301.8,310.8,1543,33.6,0,Running,True,6315
6316,2026-06-18T20:40:00,LINE1-M01,300.7,310.3,1435,48.3,5,Running,True,6316
6317,2026-06-18T20:44:00,LINE3-M02,302.0,311.2,2055,36.1,7,Idle,True,6317
6318,2026-06-18T20:46:00,LINE1-M01,298.4,308.4,1443,44.2,10,Running,True,6318
6319,2026-06-18T20:52:00,LINE3-M02,300.0,311.5,1687,45.4,13,Running,True,6319
6320,2026-06-18T20:54:00,LINE2-M01,299.5,310.1,1487,24.2,18,Idle,True,6320
6321,2026-06-18T20:56:00,LINE1-M01,296.3,304.6,1229,41.3,23,Maintenance,False,6321
6322,2026-06-18T21:00:00,LINE1-M01,301.3,311.6,1215,72.2,25,Stopped,False,6322
6323,2026-06-18T21:02:00,LINE3-M02,296.3,306.7,1722,39.5,27,Running,True,6323
6324,2026-06-18T21:05:00,LINE1-M01,299.4,310.1,1724,35.2,29,Running,True,6324
6325,2026-06-18T21:07:00,LINE3-M01,301.6,313.0,1279,47.0,31,Running,True,6325
6326,2026-06-18T21:11:00,LINE3-M02,299.1,309.0,1670,37.7,33,Running,True,6326
6327,2026-06-18T21:14:00,LINE3-M01,296.3,305.5,1440,33.0,35,Running,True,6327
6328,2026-06-18T21:17:00,LINE1-M01,299.3,308.9,1751,40.2,38,Running,True,6328
6329,2026-06-18T21:23:00,LINE3-M01,302.6,312.0,1676,32.8,40,Running,False,6329
6330,2026-06-18T21:28:00,LINE1-M01,304.0,315.6,1414,56.3,42,Running,True,6330
6331,2026-06-18T21:34:00,LINE3-M01,301.9,313.4,1325,58.1,44,Running,True,6331
6332,2026-06-18T21:36:00,LINE3-M01,298.0,307.6,1440,56.7,46,Running,True,6332
6333,2026-06-18T21:41:00,LINE1-M01,301.1,311.3,1505,39.2,51,Running,True,6333
6334,2026-06-18T21:45:00,LINE3-M02,297.3,306.3,1168,43.5,53,Running,True,6334
6335,2026-06-18T21:50:00,LINE2-M02,303.4,313.2,1374,48.3,56,Running,True,6335
6336,2026-06-18T21:54:00,LINE2-M01,302.5,311.5,1776,54.4,58,Stopped,False,6336
6337,2026-06-18T21:59:00,LINE1-M02,300.0,309.6,1270,58.8,61,Running,True,6337
6338,2026-06-18T22:04:00,LINE1-M02,297.5,307.6,1516,48.9,64,Running,True,6338
6339,2026-06-18T22:09:00,LINE3-M01,300.9,310.9,1320,33.0,66,Running,True,6339
6340,2026-06-18T22:14:00,LINE2-M01,297.6,306.9,1430,31.2,69,Running,True,6340
6341,2026-06-18T22:19:00,LINE1-M02,301.4,311.2,1581,50.9,74,Running,True,6341
6342,2026-06-18T22:21:00,LINE2-M01,300.5,310.1,1247,54.5,76,Running,True,6342
6343,2026-06-18T22:25:00,LINE1-M02,299.0,309.0,1516,36.4,78,Running,True,6343
6344,2026-06-18T22:31:00,LINE3-M02,302.9,311.4,1891,17.4,81,Stopped,False,6344
6345,2026-06-18T22:36:00,LINE1-M02,305.2,315.1,1168,35.1,84,Running,True,6345
6346,2026-06-18T22:42:00,LINE1-M01,298.6,307.0,1409,41.6,86,Running,True,6346
6347,2026-06-18T22:44:00,LINE3-M01,297.3,308.0,1379,29.7,88,Running,True,6347
6348,2026-06-18T22:49:00,LINE3-M01,300.9,310.5,1622,58.5,93,Maintenance,False,6348
6349,2026-06-18T22:54:00,LINE2-M02,302.4,314.4,1543,28.0,95,Running,True,6349
6350,2026-06-18T22:59:00,LINE1-M02,299.7,309.0,1323,44.8,98,Running,True,6350
6351,2026-06-18T23:04:00,LINE1-M02,298.9,308.0,1811,38.1,100,Running,True,6351
6352,2026-06-18T23:10:00,LINE3-M02,300.0,310.2,1603,24.8,102,Running,True,6352
6353,2026-06-18T23:16:00,LINE1-M01,303.4,313.4,1527,35.4,105,Running,True,6353
6354,2026-06-18T23:22:00,LINE1-M01,299.6,310.7,1728,30.6,107,Running,True,6354
6355,2026-06-18T23:24:00,LINE1-M01,302.1,312.9,1194,47.1,110,Running,True,6355
6356,2026-06-18T23:30:00,LINE1-M02,299.4,309.0,1168,47.1,115,Idle,True,6356
6357,2026-06-18T23:33:00,LINE3-M02,299.6,311.5,1542,58.5,117,Stopped,False,6357
6358,2026-06-18T23:36:00,LINE2-M01,294.9,304.9,1433,49.4,120,Running,True,6358
6359,2026-06-18T23:39:00,LINE2-M01,299.6,308.2,1535,41.5,122,Running,False,6359
6360,2026-06-18T23:45:00,LINE1-M01,299.3,308.2,1497,30.5,125,Running,True,6360
6361,2026-06-18T23:50:00,LINE3-M01,300.9,310.3,1707,20.8,128,Running,True,6361
6362,2026-06-18T23:56:00,LINE3-M01,299.6,309.2,1577,38.2,131,Running,True,6362
6363,2026-06-19T00:02:00,LINE2-M01,299.7,309.4,1549,55.2,134,Running,True,6363
6364,2026-06-19T00:04:00,LINE3-M02,296.4,307.8,1177,52.3,136,Running,False,6364
6365,2026-06-19T00:10:00,LINE3-M02,297.6,306.7,1168,39.0,139,Idle,True,6365
6366,2026-06-19T00:14:00,LINE2-M02,300.0,310.3,1177,37.6,141,Running,True,6366
6367,2026-06-19T00:18:00,LINE1-M01,297.2,307.1,1497,55.9,143,Running,True,6367
6368,2026-06-19T00:24:00,LINE3-M02,302.0,310.3,1937,38.0,148,Running,True,6368
6369,2026-06-19T00:26:00,LINE1-M01,300.3,310.2,1520,21.8,153,Maintenance,False,6369
6370,2026-06-19T00:29:00,LINE2-M02,302.7,313.9,1592,29.7,156,Running,True,6370
6371,2026-06-19T00:31:00,LINE2-M02,298.4,309.4,1415,62.9,158,Stopped,True,6371
6372,2026-06-19T00:36:00,LINE3-M01,305.8,316.3,1456,35.6,160,Running,True,6372
6373,2026-06-19T00:38:00,LINE2-M02,298.9,308.2,1612,14.8,163,Stopped,False,6373
6374,2026-06-19T00:41:00,LINE2-M01,299.3,310.2,1468,48.1,166,Running,True,6374
6375,2026-06-19T00:46:00,LINE1-M02,300.7,310.9,1405,27.5,168,Running,True,6375
6376,2026-06-19T00:48:00,LINE3-M02,301.9,312.8,1354,33.5,171,Running,True,6376
6377,2026-06-19T00:54:00,LINE2-M01,302.1,311.9,1504,34.0,173,Running,True,6377
6378,2026-06-19T00:58:00,LINE3-M02,302.2,311.6,1379,51.7,175,Running,True,6378
6379,2026-06-19T01:00:00,LINE1-M02,298.3,308.6,1331,30.6,178,Running,True,6379
6380,2026-06-19T01:06:00,LINE3-M01,299.8,308.9,1736,36.1,180,Running,True,6380
6381,2026-06-19T01:10:00,LINE1-M02,299.0,308.7,1547,41.5,185,Running,True,6381
6382,2026-06-19T01:15:00,LINE1-M01,300.6,312.6,1773,41.9,187,Idle,True,6382
6383,2026-06-19T01:19:00,LINE2-M02,298.6,307.8,1785,44.9,189,Running,True,6383
6384,2026-06-19T01:25:00,LINE2-M02,297.3,306.9,1341,34.0,191,Running,True,6384
6385,2026-06-19T01:30:00,LINE3-M01,301.6,309.7,1417,31.8,194,Running,True,6385
6386,2026-06-19T01:32:00,LINE3-M02,303.5,312.5,1350,20.2,196,Stopped,False,6386
6387,2026-06-19T01:36:00,LINE2-M02,301.2,311.0,1651,33.3,199,Running,True,6387
6388,2026-06-19T01:40:00,LINE3-M02,299.0,309.5,1623,43.0,201,Running,True,6388
6389,2026-06-19T01:44:00,LINE3-M01,299.9,308.9,1267,27.5,204,Idle,True,6389
6390,2026-06-19T01:48:00,LINE2-M02,301.2,308.9,1489,33.1,207,Running,True,6390
6391,2026-06-19T01:53:00,LINE1-M02,300.0,310.5,1983,41.1,212,Running,True,6391
6392,2026-06-19T01:56:00,LINE2-M01,303.4,313.3,1433,37.1,217,Running,True,6392
6393,2026-06-19T02:01:00,LINE3-M02,299.4,312.4,1850,45.7,219,Maintenance,False,6393
6394,2026-06-19T02:04:00,LINE2-M02,296.8,306.6,1739,39.8,222,Stopped,True,6394
6395,2026-06-19T02:10:00,LINE1-M01,300.8,312.0,1489,33.6,225,Running,True,6395
6396,2026-06-19T02:13:00,LINE3-M01,297.0,308.2,1523,16.4,228,Stopped,False,6396
6397,2026-06-19T02:19:00,LINE1-M01,300.4,311.7,1411,42.1,231,Stopped,True,6397
6398,2026-06-19T02:21:00,LINE2-M01,299.0,310.0,1186,48.1,234,Stopped,False,6398
6399,2026-06-19T02:24:00,LINE2-M02,301.6,311.7,1552,14.1,236,Maintenance,True,6399
6400,2026-06-19T02:26:00,LINE1-M01,299.9,312.0,1615,49.3,239,Stopped,False,6400
6401,2026-06-19T02:28:00,LINE3-M02,301.3,311.6,1858,50.0,0,Stopped,False,6401
6402,2026-06-19T02:30:00,LINE1-M01,301.1,311.6,1218,25.1,2,Maintenance,True,6402
6403,2026-06-19T02:33:00,LINE2-M02,304.3,312.8,1910,50.5,7,Stopped,False,6403
6404,2026-06-19T02:36:00,LINE1-M01,301.4,310.1,1535,51.2,9,Running,True,6404
6405,2026-06-19T02:41:00,LINE2-M01,299.6,310.0,1440,41.7,11,Running,True,6405
6406,2026-06-19T02:46:00,LINE2-M02,299.0,309.5,1568,51.7,13,Running,True,6406
6407,2026-06-19T02:49:00,LINE3-M02,300.1,311.0,1659,39.9,15,Running,True,6407
6408,2026-06-19T02:55:00,LINE2-M02,302.2,313.7,1642,47.0,17,Running,False,6408
6409,2026-06-19T02:57:00,LINE1-M01,301.1,310.1,1168,44.8,20,Running,True,6409
6410,2026-06-19T03:03:00,LINE2-M01,306.3,317.0,1402,37.8,23,Running,True,6410
6411,2026-06-19T03:09:00,LINE2-M02,298.5,309.1,1570,32.9,25,Running,True,6411
6412,2026-06-19T03:13:00,LINE2-M02,294.9,304.1,1552,26.3,27,Running,True,6412
6413,2026-06-19T03:15:00,LINE1-M01,302.6,313.5,1249,44.9,30,Running,True,6413
6414,2026-06-19T03:17:00,LINE1-M02,298.5,308.7,2005,30.8,33,Idle,True,6414
6415,2026-06-19T03:19:00,LINE1-M02,297.9,307.1,1168,46.5,35,Running,True,6415
6416,2026-06-19T03:21:00,LINE3-M02,301.2,312.4,1168,45.5,37,Running,True,6416
6417,2026-06-19T03:26:00,LINE3-M02,299.6,309.8,1747,18.4,39,Maintenance,False,6417
6418,2026-06-19T03:31:00,LINE1-M01,298.4,306.8,1187,26.2,42,Maintenance,False,6418
6419,2026-06-19T03:33:00,LINE2-M01,300.5,309.6,1627,49.4,44,Running,True,6419
6420,2026-06-19T03:39:00,LINE3-M01,301.3,310.6,1289,46.5,47,Idle,True,6420
6421,2026-06-19T03:41:00,LINE2-M02,303.9,312.8,1839,29.2,49,Running,True,6421
6422,2026-06-19T03:46:00,LINE2-M01,298.5,308.6,1424,39.3,54,Running,True,6422
6423,2026-06-19T03:50:00,LINE1-M01,303.7,313.0,1204,45.0,56,Running,True,6423
6424,2026-06-19T03:53:00,LINE2-M01,299.4,308.8,1835,23.4,58,Running,True,6424
6425,2026-06-19T03:57:00,LINE2-M02,300.9,310.4,1792,22.4,61,Idle,True,6425
6426,2026-06-19T03:59:00,LINE3-M02,299.9,310.3,1649,47.9,64,Running,True,6426
6427,2026-06-19T04:05:00,LINE2-M01,303.8,313.3,1415,56.4,66,Running,True,6427
6428,2026-06-19T04:09:00,LINE1-M01,300.4,312.8,1597,36.0,68,Running,True,6428
6429,2026-06-19T04:14:00,LINE3-M01,296.9,306.8,1168,31.0,71,Running,True,6429
6430,2026-06-19T04:20:00,LINE2-M02,304.3,313.9,2094,20.4,73,Running,True,6430
6431,2026-06-19T04:25:00,LINE2-M02,298.5,308.7,1530,40.1,78,Running,True,6431
6432,2026-06-19T04:29:00,LINE1-M01,301.2,310.6,1168,48.0,80,Running,True,6432
6433,2026-06-19T04:33:00,LINE1-M02,300.9,309.9,1205,38.8,83,Idle,True,6433
6434,2026-06-19T04:36:00,LINE1-M02,299.2,308.9,1323,53.9,86,Running,True,6434
6435,2026-06-19T04:38:00,LINE2-M02,296.5,304.9,1710,20.6,89,Running,True,6435
6436,2026-06-19T04:42:00,LINE2-M02,298.4,308.4,1519,30.8,91,Running,True,6436
6437,2026-06-19T04:45:00,LINE3-M02,300.1,310.8,1327,42.8,96,Running,True,6437
6438,2026-06-19T04:50:00,LINE2-M02,297.0,306.9,1860,42.0,99,Running,True,6438
6439,2026-06-19T04:55:00,LINE3-M02,302.9,311.3,1222,35.9,101,Stopped,False,6439
6440,2026-06-19T04:59:00,LINE3-M02,298.1,308.2,1655,36.3,103,Running,True,6440
6441,2026-06-19T05:04:00,LINE1-M01,299.7,310.0,1629,24.0,105,Idle,False,6441
6442,2026-06-19T05:06:00,LINE2-M02,298.6,308.7,1497,36.6,108,Running,True,6442
6443,2026-06-19T05:11:00,LINE2-M01,299.5,309.2,1168,47.0,110,Running,True,6443
6444,2026-06-19T05:15:00,LINE2-M02,296.8,305.6,1180,39.3,115,Running,True,6444
6445,2026-06-19T05:17:00,LINE3-M02,302.0,312.8,1168,33.9,117,Running,True,6445
6446,2026-06-19T05:19:00,LINE2-M01,299.6,310.1,1273,43.1,119,Running,True,6446
6447,2026-06-19T05:21:00,LINE3-M01,297.9,308.8,1698,37.1,121,Running,True,6447
6448,2026-06-19T05:25:00,LINE1-M01,300.0,310.6,1238,29.0,123,Idle,True,6448
6449,2026-06-19T05:30:00,LINE3-M02,301.1,310.6,1539,36.0,125,Running,True,6449
6450,2026-06-19T05:35:00,LINE3-M01,301.0,310.7,1197,69.3,127,Running,True,6450
6451,2026-06-19T05:41:00,LINE3-M01,299.8,308.5,1662,36.0,132,Running,True,6451
6452,2026-06-19T05:46:00,LINE1-M01,302.0,313.0,1168,55.8,134,Running,True,6452
6453,2026-06-19T05:49:00,LINE1-M01,298.7,309.5,1168,54.7,139,Running,True,6453
6454,2026-06-19T05:54:00,LINE3-M02,305.8,315.2,1505,29.6,142,Idle,True,6454
6455,2026-06-19T05:58:00,LINE2-M01,299.0,309.8,1569,33.2,145,Running,True,6455
6456,2026-06-19T06:00:00,LINE3-M01,297.4,308.4,1588,40.9,148,Idle,True,6456
6457,2026-06-19T06:04:00,LINE2-M02,299.3,310.7,1503,57.7,151,Stopped,True,6457
6458,2026-06-19T06:06:00,LINE3-M02,296.9,307.0,1809,26.9,154,Running,True,6458
6459,2026-06-19T06:10:00,LINE2-M01,301.8,312.1,1411,60.9,159,Running,True,6459
6460,2026-06-19T06:15:00,LINE3-M01,298.1,309.4,1656,29.5,161,Running,True,6460
6461,2026-06-19T06:17:00,LINE2-M02,301.9,311.0,1757,28.3,163,Running,True,6461
6462,2026-06-19T06:20:00,LINE1-M02,299.3,308.0,1458,34.2,165,Running,True,6462
6463,2026-06-19T06:24:00,LINE1-M01,299.4,309.7,1224,40.3,167,Idle,True,6463
6464,2026-06-19T06:27:00,LINE1-M01,304.9,314.0,1479,44.0,170,Running,True,6464
6465,2026-06-19T06:31:00,LINE2-M02,300.6,310.5,1575,47.3,172,Running,True,6465
6466,2026-06-19T06:34:00,LINE1-M01,300.7,312.1,1456,33.3,177,Running,True,6466
6467,2026-06-19T06:39:00,LINE1-M01,300.0,310.5,1311,53.0,179,Running,True,6467
6468,2026-06-19T06:43:00,LINE2-M01,300.7,310.6,1237,26.9,182,Maintenance,False,6468
6469,2026-06-19T06:48:00,LINE3-M01,299.3,310.2,1168,40.0,184,Idle,True,6469
6470,2026-06-19T06:50:00,LINE1-M01,300.1,308.9,1601,53.7,186,Maintenance,False,6470
6471,2026-06-19T06:52:00,LINE1-M02,299.0,309.5,1867,38.8,189,Idle,True,6471
6472,2026-06-19T06:56:00,LINE1-M01,300.9,310.2,1525,41.9,192,Idle,True,6472
6473,2026-06-19T06:58:00,LINE3-M02,301.7,313.0,1872,30.1,194,Running,True,6473
6474,2026-06-19T07:00:00,LINE1-M01,297.6,307.2,1706,44.9,196,Running,True,6474
6475,2026-06-19T07:03:00,LINE2-M01,300.0,308.2,1723,57.8,198,Maintenance,False,6475
6476,2026-06-19T07:09:00,LINE2-M01,298.2,307.6,1797,49.6,200,Maintenance,False,6476
6477,2026-06-19T07:13:00,LINE3-M01,302.2,313.0,1686,28.0,205,Running,True,6477
6478,2026-06-19T07:16:00,LINE3-M02,298.1,308.7,1573,32.0,207,Running,True,6478
6479,2026-06-19T07:19:00,LINE3-M01,300.1,310.0,1869,27.5,212,Running,True,6479
6480,2026-06-19T07:24:00,LINE2-M01,299.9,309.3,1413,49.3,214,Maintenance,False,6480
6481,2026-06-19T07:29:00,LINE3-M01,303.8,313.4,1751,58.6,219,Maintenance,False,6481
6482,2026-06-19T07:33:00,LINE1-M02,299.9,311.3,1344,57.1,221,Stopped,False,6482
6483,2026-06-19T07:39:00,LINE1-M02,298.1,309.2,1410,35.4,223,Stopped,False,6483
6484,2026-06-19T07:42:00,LINE1-M02,298.8,308.8,1483,26.9,225,Stopped,False,6484
6485,2026-06-19T07:44:00,LINE3-M02,303.6,315.0,1798,43.8,227,Stopped,False,6485
6486,2026-06-19T07:46:00,LINE1-M02,296.6,308.1,1782,44.5,230,Maintenance,False,6486
6487,2026-06-19T07:51:00,LINE3-M01,299.4,311.1,1584,42.6,235,Stopped,False,6487
6488,2026-06-19T07:54:00,LINE2-M01,300.8,310.3,1427,44.8,238,Stopped,False,6488
6489,2026-06-19T07:58:00,LINE2-M02,300.3,310.9,1589,42.1,0,Running,True,6489
6490,2026-06-19T08:00:00,LINE3-M01,298.6,310.7,1694,42.0,5,Running,True,6490
6491,2026-06-19T08:03:00,LINE2-M02,299.9,310.1,1597,35.4,10,Running,True,6491
6492,2026-06-19T08:05:00,LINE2-M01,300.3,309.6,1376,43.1,12,Running,True,6492
6493,2026-06-19T08:09:00,LINE2-M01,301.9,312.0,1279,51.6,14,Running,True,6493
6494,2026-06-19T08:15:00,LINE3-M02,298.5,309.8,1473,40.7,19,Running,True,6494
6495,2026-06-19T08:19:00,LINE1-M01,297.8,308.4,2000,45.5,21,Stopped,False,6495
6496,2026-06-19T08:25:00,LINE3-M01,297.2,306.7,1601,53.7,23,Stopped,False,6496
6497,2026-06-19T08:27:00,LINE3-M01,304.4,314.6,1313,24.9,28,Stopped,False,6497
6498,2026-06-19T08:33:00,LINE3-M02,301.5,312.5,1694,23.6,33,Idle,True,6498
6499,2026-06-19T08:36:00,LINE2-M01,297.7,308.7,1276,50.3,36,Running,True,6499
6500,2026-06-19T08:41:00,LINE1-M02,299.9,310.2,1247,50.4,39,Running,True,6500
6501,2026-06-19T08:44:00,LINE2-M02,299.4,310.1,1527,51.8,41,Running,True,6501
6502,2026-06-19T08:47:00,LINE2-M02,302.9,312.5,1685,28.3,44,Running,True,6502
6503,2026-06-19T08:52:00,LINE2-M02,300.0,309.3,1657,48.2,47,Running,True,6503
6504,2026-06-19T08:56:00,LINE3-M01,302.7,313.5,1552,49.5,49,Running,True,6504
6505,2026-06-19T09:01:00,LINE2-M01,297.3,306.6,1335,43.3,54,Idle,True,6505
6506,2026-06-19T09:07:00,LINE2-M01,300.7,310.6,1168,34.1,56,Running,True,6506
6507,2026-06-19T09:13:00,LINE3-M02,303.8,314.1,1245,43.1,59,Idle,True,6507
6508,2026-06-19T09:15:00,LINE3-M02,297.1,307.6,1711,35.4,64,Running,True,6508
6509,2026-06-19T09:18:00,LINE3-M02,300.9,311.9,1485,32.0,67,Running,True,6509
6510,2026-06-19T09:23:00,LINE2-M02,299.0,307.9,1785,16.1,72,Stopped,False,6510
6511,2026-06-19T09:26:00,LINE1-M01,303.3,313.1,1743,37.6,77,Running,True,6511
6512,2026-06-19T09:31:00,LINE3-M01,299.3,308.6,1226,61.5,79,Running,True,6512
6513,2026-06-19T09:35:00,LINE1-M01,300.6,312.3,1660,35.4,84,Running,True,6513
6514,2026-06-19T09:40:00,LINE1-M02,297.9,308.9,1450,41.8,87,Idle,True,6514
6515,2026-06-19T09:44:00,LINE2-M01,299.4,310.0,1738,31.2,89,Running,True,6515
6516,2026-06-19T09:49:00,LINE2-M02,300.1,310.7,1429,31.7,94,Running,True,6516
6517,2026-06-19T09:55:00,LINE3-M01,300.6,308.7,1291,33.0,97,Maintenance,True,6517
6518,2026-06-19T09:58:00,LINE1-M01,294.7,304.0,1251,55.2,99,Idle,True,6518
6519,2026-06-19T10:01:00,LINE1-M02,298.6,308.4,1596,17.8,101,Maintenance,False,6519
6520,2026-06-19T10:04:00,LINE1-M02,303.8,311.9,1728,29.4,104,Running,True,6520
6521,2026-06-19T10:08:00,LINE3-M01,302.5,313.5,1626,51.7,109,Running,True,6521
6522,2026-06-19T10:14:00,LINE1-M01,300.4,308.9,1443,42.3,114,Running,True,6522
6523,2026-06-19T10:19:00,LINE2-M01,297.6,308.1,1903,57.9,116,Maintenance,False,6523
6524,2026-06-19T10:22:00,LINE3-M01,297.2,306.7,1181,54.0,119,Running,True,6524
6525,2026-06-19T10:26:00,LINE3-M01,301.3,311.1,1684,51.7,122,Stopped,False,6525
6526,2026-06-19T10:32:00,LINE1-M01,303.6,312.9,1168,35.4,124,Running,True,6526
6527,2026-06-19T10:34:00,LINE2-M02,300.4,311.2,1477,39.7,127,Idle,True,6527
6528,2026-06-19T10:39:00,LINE1-M02,302.1,313.2,1500,41.1,130,Running,True,6528
6529,2026-06-19T10:45:00,LINE3-M02,299.0,308.5,1605,34.2,132,Idle,True,6529
6530,2026-06-19T10:51:00,LINE2-M02,299.5,310.7,1510,37.5,135,Running,True,6530
6531,2026-06-19T10:53:00,LINE3-M01,303.3,313.0,1925,44.3,137,Running,True,6531
6532,2026-06-19T10:58:00,LINE2-M02,301.1,311.1,1324,48.6,139,Idle,True,6532
6533,2026-06-19T11:00:00,LINE1-M01,302.3,313.5,1647,29.0,144,Running,True,6533
6534,2026-06-19T11:04:00,LINE3-M02,300.4,310.3,1425,53.3,147,Running,True,6534
6535,2026-06-19T11:06:00,LINE1-M01,297.9,309.9,1580,39.4,150,Running,True,6535
6536,2026-06-19T11:08:00,LINE2-M02,301.3,310.1,1593,37.2,152,Running,True,6536
6537,2026-06-19T11:13:00,LINE3-M01,301.5,311.9,1228,46.1,154,Running,True,6537
6538,2026-06-19T11:17:00,LINE1-M02,300.3,310.9,1743,30.2,157,Running,True,6538
6539,2026-06-19T11:22:00,LINE1-M02,300.1,308.6,1326,34.3,160,Maintenance,False,6539
6540,2026-06-19T11:28:00,LINE2-M01,300.3,310.2,1753,50.4,162,Stopped,False,6540
6541,2026-06-19T11:32:00,LINE1-M02,303.1,312.3,1488,31.9,164,Idle,True,6541
6542,2026-06-19T11:36:00,LINE1-M01,299.0,309.2,1694,45.1,169,Running,True,6542
6543,2026-06-19T11:39:00,LINE1-M01,302.1,311.5,1944,35.8,171,Running,True,6543
6544,2026-06-19T11:43:00,LINE1-M02,301.0,309.7,1573,49.0,174,Running,True,6544
6545,2026-06-19T11:48:00,LINE1-M02,297.1,307.1,1669,38.6,179,Running,True,6545
6546,2026-06-19T11:54:00,LINE3-M02,301.0,313.5,1275,36.8,184,Running,True,6546
6547,2026-06-19T11:56:00,LINE2-M02,301.0,309.1,1409,47.2,189,Running,True,6547
6548,2026-06-19T12:00:00,LINE1-M02,295.0,307.2,1168,30.3,192,Running,True,6548
6549,2026-06-19T12:02:00,LINE1-M01,297.5,307.6,1661,37.6,194,Running,True,6549
6550,2026-06-19T12:04:00,LINE1-M01,300.5,309.1,1783,32.1,196,Running,True,6550
6551,2026-06-19T12:10:00,LINE1-M01,300.4,311.0,1559,46.0,198,Running,True,6551
6552,2026-06-19T12:14:00,LINE2-M01,301.8,312.9,1574,41.1,201,Idle,True,6552
6553,2026-06-19T12:18:00,LINE1-M02,298.2,309.3,1942,39.3,203,Running,True,6553
6554,2026-06-19T12:22:00,LINE3-M01,300.6,309.6,1168,36.5,206,Running,True,6554
6555,2026-06-19T12:26:00,LINE2-M02,302.0,311.8,1593,32.0,208,Running,False,6555
6556,2026-06-19T12:28:00,LINE2-M01,300.8,311.1,1168,38.6,211,Running,True,6556
6557,2026-06-19T12:34:00,LINE2-M01,301.4,311.7,1168,65.7,213,Stopped,True,6557
6558,2026-06-19T12:40:00,LINE2-M01,300.4,312.0,1264,19.2,218,Stopped,False,6558
6559,2026-06-19T12:45:00,LINE3-M02,299.8,310.8,1315,47.0,223,Running,True,6559
6560,2026-06-19T12:48:00,LINE1-M01,302.2,312.7,1697,41.2,225,Running,True,6560
6561,2026-06-19T12:54:00,LINE3-M01,301.1,309.2,1614,36.5,227,Maintenance,True,6561
6562,2026-06-19T12:56:00,LINE3-M01,296.7,308.5,1702,37.5,230,Running,True,6562
6563,2026-06-19T12:58:00,LINE1-M02,301.2,311.5,1293,36.0,233,Idle,True,6563
6564,2026-06-19T13:00:00,LINE2-M02,302.5,312.8,1507,41.4,236,Running,True,6564
6565,2026-06-19T13:03:00,LINE1-M02,298.4,308.5,1649,42.3,238,Stopped,False,6565
6566,2026-06-19T13:09:00,LINE2-M02,301.3,311.0,1860,49.6,0,Stopped,True,6566
6567,2026-06-19T13:12:00,LINE3-M01,302.9,313.7,1646,36.5,3,Running,True,6567
6568,2026-06-19T13:16:00,LINE3-M01,301.1,312.1,1374,33.3,5,Running,True,6568
6569,2026-06-19T13:21:00,LINE3-M02,301.1,311.1,1390,17.2,8,Maintenance,False,6569
6570,2026-06-19T13:24:00,LINE2-M01,301.0,309.9,1665,35.0,11,Running,True,6570
6571,2026-06-19T13:27:00,LINE1-M02,300.2,311.2,1468,48.3,13,Running,True,6571
6572,2026-06-19T13:30:00,LINE3-M02,301.2,311.1,1359,32.4,15,Idle,True,6572
6573,2026-06-19T13:36:00,LINE2-M01,303.8,311.5,1484,26.7,17,Running,True,6573
6574,2026-06-19T13:40:00,LINE3-M02,296.4,308.1,1535,53.7,19,Running,True,6574
6575,2026-06-19T13:42:00,LINE2-M01,296.8,308.3,1323,36.1,22,Running,True,6575
6576,2026-06-19T13:48:00,LINE1-M02,298.7,308.5,1616,46.6,25,Running,True,6576
6577,2026-06-19T13:51:00,LINE1-M02,301.5,310.3,1746,40.4,27,Running,True,6577
6578,2026-06-19T13:57:00,LINE1-M01,302.3,313.5,1322,45.9,29,Running,True,6578
6579,2026-06-19T14:01:00,LINE2-M02,297.9,306.6,1210,53.8,31,Running,True,6579
6580,2026-06-19T14:07:00,LINE2-M02,298.6,307.8,1445,45.5,33,Idle,True,6580
6581,2026-06-19T14:12:00,LINE2-M02,302.5,311.6,1610,30.6,36,Running,True,6581
6582,2026-06-19T14:18:00,LINE3-M01,299.6,309.3,1783,39.9,41,Running,True,6582
6583,2026-06-19T14:22:00,LINE3-M01,302.0,312.5,1615,42.8,46,Running,True,6583
6584,2026-06-19T14:26:00,LINE2-M02,299.6,310.0,1256,45.2,48,Running,True,6584
6585,2026-06-19T14:32:00,LINE2-M01,302.6,312.5,1434,53.2,51,Running,True,6585
6586,2026-06-19T14:35:00,LINE2-M01,298.3,306.4,1168,47.9,54,Maintenance,False,6586
6587,2026-06-19T14:40:00,LINE2-M02,298.3,308.9,1627,44.8,56,Running,True,6587
6588,2026-06-19T14:43:00,LINE1-M01,302.7,313.1,1324,39.5,58,Running,True,6588
6589,2026-06-19T14:49:00,LINE3-M01,299.3,311.1,1400,38.7,60,Running,True,6589
6590,2026-06-19T14:54:00,LINE1-M02,294.8,305.3,1785,47.0,63,Running,True,6590
6591,2026-06-19T14:59:00,LINE1-M01,299.2,308.9,1168,52.5,65,Running,True,6591
6592,2026-06-19T15:01:00,LINE3-M02,298.0,309.0,1570,45.0,68,Running,True,6592
6593,2026-06-19T15:04:00,LINE2-M01,299.4,310.4,1545,40.5,70,Running,True,6593
6594,2026-06-19T15:07:00,LINE2-M01,296.2,307.3,1168,58.2,72,Running,True,6594
6595,2026-06-19T15:13:00,LINE1-M02,297.9,307.5,1495,43.1,74,Running,True,6595
6596,2026-06-19T15:16:00,LINE3-M02,303.0,314.7,1835,30.3,76,Running,True,6596
6597,2026-06-19T15:20:00,LINE1-M01,302.3,311.0,1280,32.1,79,Running,True,6597
6598,2026-06-19T15:25:00,LINE2-M01,298.8,308.3,1521,53.1,81,Running,True,6598
6599,2026-06-19T15:28:00,LINE2-M02,302.1,311.4,1403,47.8,84,Running,True,6599
6600,2026-06-19T15:31:00,LINE1-M02,299.4,310.5,1768,41.0,86,Running,True,6600
6601,2026-06-19T15:35:00,LINE1-M02,299.7,309.6,1678,40.0,89,Running,True,6601
6602,2026-06-19T15:39:00,LINE2-M02,302.8,312.0,1625,50.7,94,Running,True,6602
6603,2026-06-19T15:43:00,LINE1-M01,303.8,314.6,1424,44.2,97,Running,True,6603
6604,2026-06-19T15:49:00,LINE3-M02,301.8,312.7,1822,35.0,100,Running,True,6604
6605,2026-06-19T15:53:00,LINE3-M02,298.8,309.1,1523,44.4,102,Running,True,6605
6606,2026-06-19T15:57:00,LINE2-M01,300.6,310.7,1544,30.6,104,Running,True,6606
6607,2026-06-19T16:02:00,LINE2-M01,300.8,310.5,1168,23.0,109,Maintenance,True,6607
6608,2026-06-19T16:05:00,LINE2-M01,302.5,312.7,1306,39.1,111,Running,True,6608
6609,2026-06-19T16:07:00,LINE3-M02,299.5,308.0,1866,45.9,116,Running,True,6609
6610,2026-06-19T16:12:00,LINE2-M01,300.8,311.2,1642,40.0,121,Running,True,6610
6611,2026-06-19T16:17:00,LINE3-M02,301.8,313.3,1243,38.1,126,Running,True,6611
6612,2026-06-19T16:21:00,LINE1-M02,299.6,309.3,1284,30.9,128,Running,True,6612
6613,2026-06-19T16:27:00,LINE1-M01,300.9,311.8,1522,30.8,130,Running,True,6613
6614,2026-06-19T16:29:00,LINE2-M02,303.0,313.0,1707,40.5,135,Running,True,6614
6615,2026-06-19T16:34:00,LINE3-M01,301.5,312.0,1489,32.7,138,Idle,True,6615
6616,2026-06-19T16:39:00,LINE2-M01,298.5,306.6,1254,47.0,140,Maintenance,True,6616
6617,2026-06-19T16:43:00,LINE2-M02,296.4,307.8,1470,36.0,143,Running,True,6617
6618,2026-06-19T16:49:00,LINE1-M01,299.3,309.0,1484,46.4,145,Running,True,6618
6619,2026-06-19T16:55:00,LINE1-M02,300.7,311.1,1317,45.7,147,Idle,True,6619
6620,2026-06-19T17:00:00,LINE3-M02,301.2,311.6,1800,19.0,150,Running,True,6620
6621,2026-06-19T17:03:00,LINE2-M01,300.8,311.3,1744,43.7,152,Running,True,6621
6622,2026-06-19T17:07:00,LINE1-M02,297.8,307.0,1573,55.5,154,Stopped,False,6622
6623,2026-06-19T17:13:00,LINE3-M01,300.1,310.8,1548,33.9,157,Running,True,6623
6624,2026-06-19T17:19:00,LINE3-M02,297.4,305.9,1556,32.7,162,Running,True,6624
6625,2026-06-19T17:23:00,LINE1-M01,300.4,309.8,1264,40.0,164,Running,True,6625
6626,2026-06-19T17:26:00,LINE3-M02,299.7,310.4,1356,37.3,166,Running,True,6626
6627,2026-06-19T17:31:00,LINE3-M02,299.6,311.0,1295,43.5,169,Running,True,6627
6628,2026-06-19T17:36:00,LINE1-M02,301.5,309.7,1518,36.5,172,Running,True,6628
6629,2026-06-19T17:42:00,LINE2-M01,300.7,310.7,1601,34.2,174,Running,True,6629
6630,2026-06-19T17:47:00,LINE2-M02,299.2,309.8,1317,49.2,177,Idle,True,6630
6631,2026-06-19T17:52:00,LINE1-M02,300.5,311.3,1756,41.7,182,Running,True,6631
6632,2026-06-19T17:57:00,LINE1-M02,301.3,311.8,1747,51.3,184,Maintenance,False,6632
6633,2026-06-19T18:00:00,LINE3-M02,298.6,308.4,1318,32.9,186,Running,True,6633
6634,2026-06-19T18:02:00,LINE3-M02,300.5,311.0,1386,43.8,188,Idle,True,6634
6635,2026-06-19T18:04:00,LINE1-M01,301.1,311.9,1329,43.9,190,Running,True,6635
6636,2026-06-19T18:06:00,LINE1-M01,300.4,310.2,1816,51.6,195,Stopped,True,6636
6637,2026-06-19T18:09:00,LINE2-M02,302.2,312.0,1369,52.4,198,Running,False,6637
6638,2026-06-19T18:13:00,LINE3-M02,299.7,311.0,1441,36.7,201,Idle,True,6638
6639,2026-06-19T18:17:00,LINE3-M01,298.4,309.7,1461,40.9,203,Running,True,6639
6640,2026-06-19T18:21:00,LINE2-M02,301.9,311.3,1380,39.0,205,Running,True,6640
6641,2026-06-19T18:27:00,LINE3-M01,299.9,309.7,1168,45.5,208,Running,True,6641
6642,2026-06-19T18:30:00,LINE2-M01,300.0,310.9,1559,45.4,210,Idle,True,6642
6643,2026-06-19T18:33:00,LINE3-M01,298.5,309.3,2055,23.2,212,Stopped,True,6643
6644,2026-06-19T18:39:00,LINE3-M02,300.4,310.0,1392,52.0,217,Running,True,6644
6645,2026-06-19T18:45:00,LINE3-M01,300.9,312.2,1618,45.6,219,Maintenance,False,6645
6646,2026-06-19T18:47:00,LINE3-M01,300.4,309.8,1895,35.5,224,Maintenance,False,6646
6647,2026-06-19T18:51:00,LINE3-M01,301.4,312.1,1543,31.7,226,Maintenance,True,6647
6648,2026-06-19T18:54:00,LINE3-M02,300.3,309.3,1466,39.4,229,Running,True,6648
6649,2026-06-19T18:58:00,LINE1-M02,299.2,308.4,1411,33.4,231,Maintenance,False,6649
6650,2026-06-19T19:04:00,LINE1-M01,299.4,308.7,1310,34.2,236,Maintenance,False,6650
6651,2026-06-19T19:08:00,LINE3-M02,298.7,308.3,1361,32.4,0,Idle,True,6651
6652,2026-06-19T19:10:00,LINE1-M02,299.1,309.4,1655,48.0,2,Idle,True,6652
6653,2026-06-19T19:13:00,LINE2-M02,299.7,310.3,1448,20.8,7,Maintenance,True,6653
6654,2026-06-19T19:17:00,LINE2-M02,299.0,309.3,1416,37.8,9,Running,True,6654
6655,2026-06-19T19:21:00,LINE1-M02,301.0,310.2,1948,29.5,11,Idle,True,6655
6656,2026-06-19T19:24:00,LINE1-M01,297.4,307.4,1532,26.7,13,Running,False,6656
6657,2026-06-19T19:29:00,LINE1-M02,299.2,308.3,1745,32.2,18,Running,True,6657
6658,2026-06-19T19:31:00,LINE2-M02,299.9,309.6,1342,32.5,20,Running,True,6658
6659,2026-06-19T19:33:00,LINE2-M02,300.4,310.2,1168,24.4,22,Maintenance,False,6659
6660,2026-06-19T19:37:00,LINE1-M01,297.8,308.0,1588,45.9,27,Running,True,6660
6661,2026-06-19T19:40:00,LINE1-M02,301.3,309.1,1668,34.0,29,Running,True,6661
6662,2026-06-19T19:46:00,LINE2-M01,299.9,310.2,1348,40.3,34,Running,True,6662
6663,2026-06-19T19:51:00,LINE1-M02,299.8,312.6,1314,44.6,39,Running,True,6663
6664,2026-06-19T19:54:00,LINE3-M02,299.5,309.0,1261,42.8,42,Running,True,6664
6665,2026-06-19T19:56:00,LINE3-M01,303.0,312.5,1540,34.6,47,Running,True,6665
6666,2026-06-19T20:01:00,LINE2-M02,301.3,312.4,1835,59.7,50,Maintenance,True,6666
6667,2026-06-19T20:04:00,LINE1-M01,302.2,312.7,1942,39.1,55,Running,True,6667
6668,2026-06-19T20:09:00,LINE2-M02,297.6,307.1,1639,34.6,58,Running,True,6668
6669,2026-06-19T20:11:00,LINE1-M01,300.0,309.8,1830,15.3,63,Maintenance,False,6669
6670,2026-06-19T20:15:00,LINE3-M01,297.9,307.8,1168,33.9,65,Running,True,6670
6671,2026-06-19T20:19:00,LINE1-M02,298.3,308.6,1865,35.5,67,Running,True,6671
6672,2026-06-19T20:21:00,LINE2-M01,299.8,310.8,1168,48.3,69,Running,True,6672
6673,2026-06-19T20:27:00,LINE3-M02,296.7,306.2,1547,44.1,71,Running,True,6673
6674,2026-06-19T20:30:00,LINE2-M01,299.3,311.0,1426,47.1,73,Running,True,6674
6675,2026-06-19T20:32:00,LINE3-M01,297.6,308.4,1686,43.9,78,Running,True,6675
6676,2026-06-19T20:38:00,LINE1-M02,302.7,312.2,1506,28.7,80,Running,True,6676
6677,2026-06-19T20:43:00,LINE2-M02,299.8,309.8,1504,49.6,82,Running,True,6677
6678,2026-06-19T20:49:00,LINE2-M01,301.3,313.6,1477,25.4,87,Running,True,6678
6679,2026-06-19T20:53:00,LINE1-M01,304.0,314.5,1491,36.5,92,Running,True,6679
6680,2026-06-19T20:55:00,LINE2-M01,299.5,310.2,1168,44.4,95,Running,True,6680
6681,2026-06-19T20:57:00,LINE1-M02,297.8,308.6,1781,22.3,98,Running,True,6681
6682,2026-06-19T21:00:00,LINE3-M02,296.4,308.6,1489,22.8,100,Running,True,6682
6683,2026-06-19T21:02:00,LINE1-M02,301.6,313.0,1609,42.6,102,Running,True,6683
6684,2026-06-19T21:05:00,LINE1-M02,300.4,310.1,1242,52.4,105,Running,True,6684
6685,2026-06-19T21:10:00,LINE1-M01,294.8,305.0,1687,49.7,108,Idle,True,6685
6686,2026-06-19T21:12:00,LINE2-M02,299.6,309.6,1168,38.5,111,Running,True,6686
6687,2026-06-19T21:15:00,LINE3-M02,297.8,306.4,1168,37.9,114,Stopped,False,6687
6688,2026-06-19T21:18:00,LINE1-M01,298.0,308.0,1821,41.2,119,Running,True,6688
6689,2026-06-19T21:23:00,LINE2-M02,300.0,309.4,2002,26.2,122,Running,False,6689
6690,2026-06-19T21:25:00,LINE3-M02,301.9,311.3,1571,30.5,124,Running,True,6690
6691,2026-06-19T21:31:00,LINE3-M01,297.6,306.8,1351,41.6,127,Running,True,6691
6692,2026-06-19T21:35:00,LINE2-M01,300.0,309.3,1168,28.9,129,Running,True,6692
6693,2026-06-19T21:38:00,LINE3-M01,301.2,311.5,1168,40.3,131,Running,True,6693
6694,2026-06-19T21:43:00,LINE2-M01,298.2,308.4,1168,42.7,134,Running,True,6694
6695,2026-06-19T21:47:00,LINE3-M01,296.6,306.4,1689,21.7,136,Running,True,6695
6696,2026-06-19T21:52:00,LINE3-M02,297.9,308.2,1662,33.9,138,Running,True,6696
6697,2026-06-19T21:55:00,LINE3-M01,299.8,308.5,1402,39.8,141,Running,True,6697
6698,2026-06-19T22:00:00,LINE1-M02,296.9,306.2,1480,27.7,143,Running,True,6698
6699,2026-06-19T22:03:00,LINE2-M02,299.1,308.7,1344,47.1,148,Running,True,6699
6700,2026-06-19T22:09:00,LINE1-M02,302.3,312.7,1469,43.6,151,Running,True,6700
6701,2026-06-19T22:15:00,LINE3-M01,301.4,312.7,1462,20.8,153,Stopped,True,6701
6702,2026-06-19T22:20:00,LINE2-M01,301.5,310.4,1481,33.1,156,Running,True,6702
6703,2026-06-19T22:25:00,LINE2-M02,299.8,307.7,1258,30.8,158,Stopped,False,6703
6704,2026-06-19T22:28:00,LINE2-M02,300.4,310.1,1541,47.5,160,Running,True,6704
6705,2026-06-19T22:30:00,LINE1-M02,303.4,312.4,1581,54.9,163,Stopped,True,6705
6706,2026-06-19T22:35:00,LINE3-M02,299.0,309.7,1573,24.1,166,Running,True,6706
6707,2026-06-19T22:37:00,LINE1-M02,302.3,312.5,1540,33.6,169,Running,True,6707
6708,2026-06-19T22:39:00,LINE1-M02,302.3,313.7,1388,44.0,172,Running,True,6708
6709,2026-06-19T22:45:00,LINE3-M02,303.5,313.5,1736,28.9,174,Running,True,6709
6710,2026-06-19T22:51:00,LINE1-M01,301.5,311.7,1671,53.1,176,Maintenance,False,6710
6711,2026-06-19T22:54:00,LINE1-M02,301.6,311.9,1536,40.9,179,Running,True,6711
6712,2026-06-19T22:57:00,LINE2-M02,302.5,310.9,1495,48.6,182,Running,True,6712
6713,2026-06-19T23:03:00,LINE3-M02,296.2,306.7,1545,46.7,184,Running,True,6713
6714,2026-06-19T23:06:00,LINE3-M01,298.7,308.4,1291,41.8,186,Running,True,6714
6715,2026-06-19T23:11:00,LINE1-M01,298.2,307.8,1645,40.3,188,Idle,True,6715
6716,2026-06-19T23:14:00,LINE3-M01,301.7,311.9,1875,37.3,193,Running,True,6716
6717,2026-06-19T23:17:00,LINE3-M01,298.0,306.6,1673,31.4,195,Idle,True,6717
6718,2026-06-19T23:20:00,LINE2-M02,304.1,312.2,1443,48.3,197,Idle,True,6718
6719,2026-06-19T23:26:00,LINE3-M02,299.0,309.5,1291,40.5,202,Idle,True,6719
6720,2026-06-19T23:28:00,LINE2-M01,301.6,311.9,1318,42.7,204,Running,True,6720
6721,2026-06-19T23:33:00,LINE3-M02,300.8,311.2,1576,49.1,206,Running,True,6721
6722,2026-06-19T23:36:00,LINE3-M02,301.6,310.8,1483,43.1,208,Running,True,6722
6723,2026-06-19T23:42:00,LINE3-M01,302.1,313.1,1734,37.6,211,Running,True,6723
6724,2026-06-19T23:47:00,LINE3-M02,300.5,311.0,1934,54.1,216,Maintenance,True,6724
6725,2026-06-19T23:53:00,LINE3-M02,300.2,310.7,1606,24.2,218,Running,True,6725
6726,2026-06-19T23:59:00,LINE1-M02,297.5,308.3,1168,47.5,220,Maintenance,False,6726
6727,2026-06-20T00:02:00,LINE1-M02,300.3,309.3,1256,29.3,222,Stopped,False,6727
6728,2026-06-20T00:05:00,LINE2-M02,296.5,305.9,1812,31.1,224,Stopped,True,6728
6729,2026-06-20T00:10:00,LINE3-M01,301.7,310.2,1704,42.1,227,Running,True,6729
6730,2026-06-20T00:15:00,LINE3-M02,300.7,310.7,1642,35.0,230,Maintenance,False,6730
6731,2026-06-20T00:20:00,LINE1-M02,300.8,309.9,1319,36.9,233,Stopped,False,6731
6732,2026-06-20T00:25:00,LINE3-M01,303.5,313.4,1776,51.8,235,Stopped,False,6732
6733,2026-06-20T00:29:00,LINE1-M01,301.1,309.7,1549,43.4,237,Stopped,False,6733
6734,2026-06-20T00:35:00,LINE2-M02,298.1,307.0,1239,47.6,240,Stopped,False,6734
6735,2026-06-20T00:40:00,LINE3-M02,297.3,308.5,1282,40.1,0,Running,True,6735
6736,2026-06-20T00:45:00,LINE3-M02,303.6,314.7,1806,45.2,2,Idle,True,6736
6737,2026-06-20T00:47:00,LINE1-M01,298.4,308.3,1996,33.1,4,Idle,True,6737
6738,2026-06-20T00:53:00,LINE2-M02,301.9,310.3,1816,59.6,7,Stopped,False,6738
6739,2026-06-20T00:58:00,LINE1-M01,299.3,310.3,1578,28.6,10,Running,True,6739
6740,2026-06-20T01:00:00,LINE3-M02,300.8,312.4,1571,41.9,15,Running,True,6740
6741,2026-06-20T01:03:00,LINE2-M02,300.9,310.9,1562,33.4,17,Running,True,6741
6742,2026-06-20T01:08:00,LINE1-M02,301.2,311.8,1837,16.7,20,Maintenance,False,6742
6743,2026-06-20T01:11:00,LINE1-M02,297.7,306.1,1679,43.8,22,Running,True,6743
6744,2026-06-20T01:15:00,LINE1-M02,299.1,307.7,1581,55.6,25,Maintenance,False,6744
6745,2026-06-20T01:20:00,LINE2-M01,297.4,306.9,1426,42.3,27,Running,True,6745
6746,2026-06-20T01:22:00,LINE1-M01,303.3,313.3,1655,24.1,32,Running,True,6746
6747,2026-06-20T01:26:00,LINE3-M02,304.0,313.8,1644,28.3,34,Running,True,6747
6748,2026-06-20T01:30:00,LINE1-M01,300.0,312.6,1847,30.1,36,Running,True,6748
6749,2026-06-20T01:32:00,LINE1-M02,299.6,309.5,1355,48.7,39,Running,True,6749
6750,2026-06-20T01:36:00,LINE3-M01,300.1,309.8,1871,23.9,41,Idle,True,6750
6751,2026-06-20T01:41:00,LINE2-M02,302.2,311.5,1554,39.8,46,Running,True,6751
6752,2026-06-20T01:43:00,LINE1-M01,301.6,311.4,1557,36.1,48,Running,True,6752
6753,2026-06-20T01:49:00,LINE2-M01,301.0,312.6,1545,28.5,50,Running,True,6753
6754,2026-06-20T01:54:00,LINE3-M01,301.1,310.3,1514,36.9,55,Running,True,6754
6755,2026-06-20T01:56:00,LINE2-M02,301.1,309.6,1876,30.0,60,Running,True,6755
6756,2026-06-20T01:59:00,LINE2-M02,302.0,313.2,1348,49.7,62,Running,True,6756
6757,2026-06-20T02:01:00,LINE2-M02,300.3,310.2,1870,44.3,65,Running,True,6757
6758,2026-06-20T02:04:00,LINE1-M01,297.3,306.5,1611,37.1,67,Running,True,6758
6759,2026-06-20T02:07:00,LINE1-M02,298.6,310.7,1188,49.3,69,Running,True,6759
6760,2026-06-20T02:13:00,LINE1-M02,300.4,310.3,1747,42.8,71,Running,True,6760
6761,2026-06-20T02:19:00,LINE1-M02,298.8,308.2,1486,23.5,74,Running,True,6761
6762,2026-06-20T02:23:00,LINE1-M02,298.1,310.0,1329,22.6,76,Stopped,False,6762
6763,2026-06-20T02:29:00,LINE2-M01,300.6,311.7,1518,47.1,79,Running,True,6763
6764,2026-06-20T02:35:00,LINE2-M01,297.3,305.6,1764,39.6,84,Running,True,6764
6765,2026-06-20T02:38:00,LINE1-M02,297.7,306.2,1320,39.2,89,Stopped,False,6765
6766,2026-06-20T02:40:00,LINE3-M01,300.8,312.2,1568,35.3,94,Idle,True,6766
6767,2026-06-20T02:42:00,LINE2-M02,301.3,311.5,1942,37.1,96,Idle,True,6767
6768,2026-06-20T02:48:00,LINE1-M01,302.5,314.4,1664,28.1,99,Running,True,6768
6769,2026-06-20T02:52:00,LINE3-M01,294.0,303.8,1562,25.5,104,Running,True,6769
6770,2026-06-20T02:57:00,LINE2-M02,300.3,308.3,1733,39.5,106,Running,True,6770
6771,2026-06-20T03:01:00,LINE3-M01,299.4,311.0,1658,41.3,108,Running,True,6771
6772,2026-06-20T03:07:00,LINE2-M01,299.1,307.5,1475,49.5,110,Running,True,6772
6773,2026-06-20T03:11:00,LINE1-M02,300.4,310.0,1955,41.3,113,Running,True,6773
6774,2026-06-20T03:13:00,LINE3-M02,299.7,309.0,1398,28.3,115,Running,True,6774
6775,2026-06-20T03:19:00,LINE1-M02,302.6,310.7,2084,48.5,120,Stopped,False,6775
6776,2026-06-20T03:23:00,LINE2-M02,298.9,308.0,1242,37.2,125,Running,True,6776
6777,2026-06-20T03:25:00,LINE3-M02,302.7,311.7,1168,44.3,127,Running,True,6777
6778,2026-06-20T03:29:00,LINE1-M02,301.9,312.1,1530,40.4,129,Running,True,6778
6779,2026-06-20T03:33:00,LINE2-M01,298.7,309.3,1667,52.0,131,Maintenance,False,6779
6780,2026-06-20T03:36:00,LINE2-M01,297.6,307.4,1558,32.5,133,Running,True,6780
6781,2026-06-20T03:42:00,LINE3-M01,301.6,310.7,1240,47.3,136,Running,True,6781
6782,2026-06-20T03:44:00,LINE1-M02,300.4,311.1,1574,27.7,141,Running,True,6782
6783,2026-06-20T03:47:00,LINE2-M01,300.2,309.9,1380,42.8,144,Running,True,6783
6784,2026-06-20T03:49:00,LINE1-M01,299.1,309.6,1300,47.7,146,Running,True,6784
6785,2026-06-20T03:55:00,LINE1-M02,295.3,304.0,1949,48.2,149,Stopped,False,6785
6786,2026-06-20T03:59:00,LINE1-M01,302.8,310.2,1830,55.9,152,Stopped,False,6786
6787,2026-06-20T04:04:00,LINE1-M02,299.1,308.8,1543,44.1,154,Running,True,6787
6788,2026-06-20T04:06:00,LINE2-M01,304.2,314.8,1168,50.9,156,Running,True,6788
6789,2026-06-20T04:12:00,LINE1-M01,302.3,313.2,1177,54.7,158,Running,True,6789
6790,2026-06-20T04:17:00,LINE3-M01,300.6,309.4,1962,26.3,160,Running,True,6790
6791,2026-06-20T04:23:00,LINE3-M01,298.2,308.3,1780,38.3,162,Idle,True,6791
6792,2026-06-20T04:28:00,LINE3-M02,300.5,311.0,1597,26.7,164,Running,True,6792
6793,2026-06-20T04:32:00,LINE2-M01,300.4,311.2,1420,34.7,167,Running,True,6793
6794,2026-06-20T04:38:00,LINE3-M02,300.1,309.0,1210,47.0,169,Running,True,6794
6795,2026-06-20T04:40:00,LINE2-M01,300.8,312.5,1613,35.7,171,Running,True,6795
6796,2026-06-20T04:46:00,LINE3-M02,302.0,314.1,1469,30.0,173,Running,True,6796
6797,2026-06-20T04:50:00,LINE2-M02,300.1,310.1,1829,20.6,175,Running,False,6797
6798,2026-06-20T04:52:00,LINE3-M02,299.0,308.0,1168,41.1,177,Running,True,6798
6799,2026-06-20T04:54:00,LINE3-M01,302.9,311.4,1699,27.9,179,Idle,True,6799
6800,2026-06-20T04:59:00,LINE2-M02,296.4,307.3,1394,32.4,182,Running,True,6800
6801,2026-06-20T05:03:00,LINE3-M01,299.9,311.8,1577,48.7,184,Running,True,6801
6802,2026-06-20T05:07:00,LINE2-M02,301.3,311.8,1526,41.0,186,Running,True,6802
6803,2026-06-20T05:09:00,LINE2-M02,302.7,314.1,1746,47.6,188,Running,True,6803
6804,2026-06-20T05:13:00,LINE1-M02,299.3,309.0,1419,35.2,191,Idle,True,6804
6805,2026-06-20T05:16:00,LINE1-M02,303.8,314.8,1564,36.1,193,Running,True,6805
6806,2026-06-20T05:22:00,LINE2-M02,302.7,313.0,1505,34.7,195,Running,True,6806
6807,2026-06-20T05:26:00,LINE1-M02,298.3,308.6,1168,33.0,200,Idle,True,6807
6808,2026-06-20T05:29:00,LINE1-M01,302.4,312.8,1622,36.0,205,Running,True,6808
6809,2026-06-20T05:32:00,LINE2-M02,301.6,311.6,2218,63.5,207,Stopped,False,6809
6810,2026-06-20T05:37:00,LINE2-M01,300.1,309.5,1168,33.3,209,Idle,True,6810
6811,2026-06-20T05:43:00,LINE3-M02,300.4,310.0,1770,49.3,212,Maintenance,False,6811
6812,2026-06-20T05:46:00,LINE3-M01,299.9,308.8,1774,30.3,217,Maintenance,False,6812
6813,2026-06-20T05:50:00,LINE3-M02,305.3,315.5,1866,46.9,222,Maintenance,False,6813
6814,2026-06-20T05:53:00,LINE3-M01,300.0,309.3,1341,45.3,224,Maintenance,False,6814
6815,2026-06-20T05:55:00,LINE3-M01,297.3,307.5,1732,36.5,226,Maintenance,False,6815
6816,2026-06-20T05:59:00,LINE2-M01,297.8,307.0,1319,19.9,229,Stopped,False,6816
6817,2026-06-20T06:05:00,LINE1-M01,304.7,314.6,1760,45.5,231,Maintenance,False,6817
6818,2026-06-20T06:07:00,LINE3-M02,303.2,314.6,1463,44.9,236,Stopped,False,6818
6819,2026-06-20T06:12:00,LINE2-M01,296.7,306.9,1813,37.8,238,Stopped,False,6819
6820,2026-06-20T06:17:00,LINE2-M01,302.8,312.1,1185,26.3,240,Maintenance,True,6820
6821,2026-06-20T06:19:00,LINE3-M01,301.4,311.3,1425,37.0,0,Running,True,6821
6822,2026-06-20T06:21:00,LINE1-M02,301.4,311.5,1383,62.9,2,Maintenance,False,6822
6823,2026-06-20T06:25:00,LINE2-M01,298.4,309.1,1512,37.3,4,Running,True,6823
6824,2026-06-20T06:30:00,LINE2-M02,302.6,313.3,1328,36.3,6,Running,True,6824
6825,2026-06-20T06:34:00,LINE2-M01,299.4,309.9,2049,36.4,9,Running,True,6825
6826,2026-06-20T06:39:00,LINE1-M01,300.9,312.2,1590,54.5,14,Stopped,False,6826
6827,2026-06-20T06:42:00,LINE2-M01,298.1,308.1,1369,52.8,16,Idle,True,6827
6828,2026-06-20T06:44:00,LINE3-M02,300.2,309.1,1596,33.3,18,Running,True,6828
6829,2026-06-20T06:49:00,LINE3-M01,300.4,309.4,1168,52.3,21,Running,True,6829
6830,2026-06-20T06:54:00,LINE3-M01,302.8,313.0,1168,41.5,24,Running,True,6830
6831,2026-06-20T06:59:00,LINE1-M02,298.3,309.9,1674,30.8,29,Running,True,6831
6832,2026-06-20T07:03:00,LINE2-M02,297.2,308.9,1536,55.3,31,Running,True,6832
6833,2026-06-20T07:08:00,LINE2-M02,298.3,308.3,1355,19.6,33,Maintenance,True,6833
6834,2026-06-20T07:13:00,LINE1-M01,296.1,306.6,1439,51.5,38,Running,True,6834
6835,2026-06-20T07:17:00,LINE3-M02,302.3,311.6,1415,33.2,41,Idle,True,6835
6836,2026-06-20T07:21:00,LINE2-M01,300.0,310.1,1510,45.2,46,Running,True,6836
6837,2026-06-20T07:25:00,LINE2-M02,303.2,312.9,1596,44.6,48,Idle,True,6837
6838,2026-06-20T07:28:00,LINE2-M01,298.7,308.7,1934,46.8,50,Maintenance,True,6838
6839,2026-06-20T07:30:00,LINE2-M02,302.9,311.4,1360,19.9,52,Stopped,False,6839
6840,2026-06-20T07:36:00,LINE2-M01,300.8,311.1,1214,29.9,54,Idle,True,6840
6841,2026-06-20T07:38:00,LINE3-M02,302.5,313.4,1452,42.0,56,Running,True,6841
6842,2026-06-20T07:41:00,LINE2-M01,303.3,315.7,1871,36.6,59,Running,True,6842
6843,2026-06-20T07:46:00,LINE3-M01,299.9,311.9,1585,31.5,61,Running,True,6843
6844,2026-06-20T07:52:00,LINE2-M01,303.3,313.3,1448,23.1,64,Running,True,6844
6845,2026-06-20T07:56:00,LINE2-M02,299.3,310.6,1517,50.0,66,Running,True,6845
6846,2026-06-20T07:58:00,LINE2-M01,301.2,311.7,1199,38.2,68,Running,False,6846
6847,2026-06-20T08:04:00,LINE2-M02,300.5,310.3,1695,52.6,70,Maintenance,True,6847
6848,2026-06-20T08:06:00,LINE3-M02,297.1,306.6,1623,42.4,73,Running,True,6848
6849,2026-06-20T08:08:00,LINE1-M02,299.2,308.5,1468,48.8,76,Idle,True,6849
6850,2026-06-20T08:12:00,LINE3-M02,300.9,310.1,1718,37.7,79,Running,True,6850
6851,2026-06-20T08:15:00,LINE3-M02,303.6,315.0,1685,23.1,82,Idle,True,6851
6852,2026-06-20T08:20:00,LINE3-M01,301.2,310.4,1512,42.0,84,Running,True,6852
6853,2026-06-20T08:24:00,LINE1-M02,301.0,311.1,1168,59.9,86,Idle,True,6853
6854,2026-06-20T08:28:00,LINE2-M02,300.1,310.0,1650,38.5,88,Running,True,6854
6855,2026-06-20T08:34:00,LINE2-M01,302.8,312.5,1168,43.6,91,Running,True,6855
6856,2026-06-20T08:36:00,LINE1-M01,302.4,311.8,1384,53.4,96,Running,True,6856
6857,2026-06-20T08:40:00,LINE2-M01,298.2,308.2,1453,49.5,99,Running,True,6857
6858,2026-06-20T08:46:00,LINE2-M02,297.3,307.7,1240,58.0,101,Running,True,6858
6859,2026-06-20T08:50:00,LINE3-M02,301.5,311.4,1902,46.6,103,Stopped,False,6859
6860,2026-06-20T08:55:00,LINE1-M01,298.4,308.5,1299,34.3,106,Idle,True,6860
6861,2026-06-20T08:58:00,LINE3-M01,299.8,310.0,1667,55.0,108,Maintenance,True,6861
6862,2026-06-20T09:01:00,LINE3-M01,299.7,309.3,1985,53.2,111,Stopped,True,6862
6863,2026-06-20T09:06:00,LINE1-M02,301.0,309.1,1239,54.7,116,Stopped,False,6863
6864,2026-06-20T09:10:00,LINE1-M01,298.9,309.3,1445,49.8,119,Running,True,6864
6865,2026-06-20T09:16:00,LINE3-M01,302.8,313.9,1565,42.8,121,Running,True,6865
6866,2026-06-20T09:20:00,LINE2-M02,301.2,310.5,1182,47.8,124,Running,True,6866
6867,2026-06-20T09:23:00,LINE2-M01,300.0,310.4,1181,55.7,129,Idle,True,6867
6868,2026-06-20T09:27:00,LINE3-M02,295.5,307.2,1286,49.9,134,Running,True,6868
6869,2026-06-20T09:30:00,LINE1-M01,301.2,312.5,1375,50.5,136,Running,True,6869
6870,2026-06-20T09:35:00,LINE1-M01,301.3,312.5,1494,54.2,138,Running,True,6870
6871,2026-06-20T09:37:00,LINE2-M01,300.9,311.7,1168,30.6,143,Idle,True,6871
6872,2026-06-20T09:42:00,LINE1-M02,301.1,311.4,1387,56.5,145,Running,True,6872
6873,2026-06-20T09:47:00,LINE3-M01,300.4,310.9,2041,48.3,147,Stopped,False,6873
6874,2026-06-20T09:53:00,LINE1-M01,303.4,312.8,1403,27.4,149,Idle,True,6874
6875,2026-06-20T09:57:00,LINE2-M02,300.4,309.0,1706,45.4,151,Running,True,6875
6876,2026-06-20T10:02:00,LINE3-M01,299.0,308.2,1497,48.4,154,Idle,True,6876
6877,2026-06-20T10:07:00,LINE1-M01,299.6,310.8,1492,39.2,156,Running,True,6877
6878,2026-06-20T10:09:00,LINE3-M01,300.0,309.9,1560,37.6,159,Running,True,6878
6879,2026-06-20T10:11:00,LINE1-M02,300.1,310.0,1331,58.1,161,Running,True,6879
6880,2026-06-20T10:15:00,LINE3-M02,296.2,306.2,1284,24.5,166,Stopped,False,6880
6881,2026-06-20T10:17:00,LINE2-M01,296.4,306.3,1276,35.9,171,Idle,True,6881
6882,2026-06-20T10:19:00,LINE3-M02,297.7,307.9,1270,46.1,176,Running,True,6882
6883,2026-06-20T10:24:00,LINE1-M02,300.0,310.7,1733,48.9,178,Running,True,6883
6884,2026-06-20T10:30:00,LINE3-M01,300.7,310.7,1168,36.4,181,Running,True,6884
6885,2026-06-20T10:33:00,LINE2-M02,297.6,307.0,1679,43.9,183,Running,True,6885
6886,2026-06-20T10:38:00,LINE1-M01,297.6,305.7,1168,48.0,185,Stopped,False,6886
6887,2026-06-20T10:41:00,LINE3-M02,299.5,310.5,1293,48.9,188,Running,True,6887
6888,2026-06-20T10:44:00,LINE2-M02,299.0,308.9,1280,30.2,191,Running,True,6888
6889,2026-06-20T10:48:00,LINE3-M02,300.0,311.2,1724,33.9,194,Running,True,6889
6890,2026-06-20T10:52:00,LINE1-M01,302.1,311.6,1406,42.0,196,Running,True,6890
6891,2026-06-20T10:56:00,LINE3-M01,302.4,314.2,1637,25.2,201,Running,True,6891
6892,2026-06-20T11:01:00,LINE1-M01,301.2,310.5,1334,41.4,204,Running,True,6892
6893,2026-06-20T11:07:00,LINE2-M01,299.4,309.4,1656,18.8,206,Maintenance,False,6893
6894,2026-06-20T11:12:00,LINE3-M01,295.8,305.4,1666,45.6,209,Running,True,6894
6895,2026-06-20T11:17:00,LINE1-M01,299.2,309.9,1244,14.8,212,Stopped,False,6895
6896,2026-06-20T11:21:00,LINE2-M01,299.6,307.9,1179,16.8,217,Stopped,False,6896
6897,2026-06-20T11:25:00,LINE2-M01,298.9,308.2,1224,36.1,222,Maintenance,True,6897
6898,2026-06-20T11:30:00,LINE1-M02,299.3,308.0,1755,42.5,224,Stopped,True,6898
6899,2026-06-20T11:35:00,LINE1-M01,304.4,316.0,1956,58.3,229,Maintenance,True,6899
6900,2026-06-20T11:40:00,LINE3-M02,302.6,312.1,1361,35.0,231,Maintenance,False,6900
6901,2026-06-20T11:42:00,LINE1-M02,301.7,311.8,1439,60.0,233,Maintenance,False,6901
6902,2026-06-20T11:47:00,LINE3-M02,299.6,310.0,1389,32.6,235,Idle,True,6902
6903,2026-06-20T11:53:00,LINE3-M02,298.8,309.1,1573,57.2,237,Stopped,True,6903
6904,2026-06-20T11:55:00,LINE2-M02,298.3,308.8,1569,38.0,240,Stopped,False,6904
6905,2026-06-20T12:01:00,LINE3-M02,303.2,312.9,1337,52.6,0,Running,True,6905
6906,2026-06-20T12:04:00,LINE1-M01,301.4,310.4,1658,16.6,2,Stopped,False,6906
6907,2026-06-20T12:08:00,LINE3-M01,299.9,311.0,1523,49.9,5,Running,True,6907
6908,2026-06-20T12:10:00,LINE1-M01,301.0,309.3,1168,55.0,7,Stopped,False,6908
6909,2026-06-20T12:14:00,LINE1-M02,300.0,311.3,1308,45.1,9,Running,True,6909
6910,2026-06-20T12:19:00,LINE3-M02,303.3,313.1,1603,23.0,14,Idle,True,6910
6911,2026-06-20T12:23:00,LINE1-M02,300.3,308.0,1478,45.1,16,Running,True,6911
6912,2026-06-20T12:27:00,LINE2-M01,299.1,309.8,1471,40.5,18,Running,True,6912
6913,2026-06-20T12:31:00,LINE2-M01,300.1,309.7,1615,31.5,20,Idle,True,6913
6914,2026-06-20T12:34:00,LINE1-M02,302.0,312.2,1418,49.9,22,Running,True,6914
6915,2026-06-20T12:39:00,LINE2-M01,299.0,307.8,1283,33.6,27,Running,True,6915
6916,2026-06-20T12:44:00,LINE1-M01,301.4,312.0,2027,36.3,32,Running,True,6916
6917,2026-06-20T12:49:00,LINE1-M01,300.0,310.7,1605,53.4,34,Running,True,6917
6918,2026-06-20T12:52:00,LINE2-M01,296.9,307.4,1708,40.8,36,Idle,True,6918
6919,2026-06-20T12:54:00,LINE2-M02,295.5,306.4,1467,59.3,38,Maintenance,False,6919
6920,2026-06-20T13:00:00,LINE1-M01,299.2,308.8,1718,21.4,40,Running,True,6920
6921,2026-06-20T13:05:00,LINE1-M02,300.2,309.7,1890,34.3,43,Running,True,6921
6922,2026-06-20T13:11:00,LINE1-M01,297.0,305.2,1296,53.3,45,Stopped,True,6922
6923,2026-06-20T13:13:00,LINE1-M01,300.6,309.4,1358,48.7,50,Idle,True,6923
6924,2026-06-20T13:19:00,LINE2-M02,300.0,309.6,1530,31.4,52,Idle,True,6924
6925,2026-06-20T13:22:00,LINE2-M02,301.0,311.0,1502,36.7,55,Running,True,6925
6926,2026-06-20T13:25:00,LINE1-M01,297.1,309.6,1478,42.6,57,Running,True,6926
6927,2026-06-20T13:31:00,LINE1-M02,299.2,309.8,1716,19.7,60,Running,True,6927
6928,2026-06-20T13:33:00,LINE3-M01,300.6,309.8,1508,29.7,62,Running,True,6928
6929,2026-06-20T13:35:00,LINE2-M01,294.0,304.6,1842,46.4,64,Running,True,6929
6930,2026-06-20T13:38:00,LINE2-M02,295.7,305.4,1687,47.0,69,Running,True,6930
6931,2026-06-20T13:44:00,LINE1-M02,301.5,312.7,1436,34.2,71,Running,True,6931
6932,2026-06-20T13:49:00,LINE2-M01,297.1,307.7,1513,42.5,73,Running,False,6932
6933,2026-06-20T13:52:00,LINE2-M01,301.0,310.9,1775,57.1,76,Stopped,False,6933
6934,2026-06-20T13:55:00,LINE2-M02,301.1,309.4,1531,39.6,78,Idle,True,6934
6935,2026-06-20T13:57:00,LINE1-M02,299.5,310.2,1559,24.7,81,Running,True,6935
6936,2026-06-20T14:00:00,LINE3-M02,303.4,314.3,1570,42.0,83,Running,True,6936
6937,2026-06-20T14:05:00,LINE1-M01,299.9,310.1,1656,56.6,85,Maintenance,False,6937
6938,2026-06-20T14:11:00,LINE2-M02,300.5,310.8,1493,26.1,90,Running,True,6938
6939,2026-06-20T14:13:00,LINE1-M01,297.4,307.6,1567,23.1,93,Running,True,6939
6940,2026-06-20T14:17:00,LINE1-M02,300.9,310.9,1168,48.4,95,Idle,True,6940
6941,2026-06-20T14:19:00,LINE3-M02,295.2,306.9,1755,36.9,97,Running,True,6941
6942,2026-06-20T14:22:00,LINE1-M02,299.6,309.9,1530,50.4,102,Running,True,6942
6943,2026-06-20T14:27:00,LINE2-M02,302.4,311.7,1506,35.3,105,Running,True,6943
6944,2026-06-20T14:32:00,LINE1-M02,301.0,311.9,1168,27.4,108,Stopped,False,6944
6945,2026-06-20T14:34:00,LINE1-M02,302.1,314.1,1602,38.0,110,Running,True,6945
6946,2026-06-20T14:36:00,LINE1-M01,296.9,305.5,1168,38.8,112,Idle,True,6946
6947,2026-06-20T14:40:00,LINE1-M02,300.7,312.2,1580,41.2,117,Running,True,6947
6948,2026-06-20T14:43:00,LINE1-M01,301.2,310.5,1168,34.1,122,Idle,True,6948
6949,2026-06-20T14:45:00,LINE2-M02,302.1,313.5,1363,50.8,124,Running,True,6949
6950,2026-06-20T14:49:00,LINE2-M02,304.7,314.5,1587,53.8,129,Running,True,6950
6951,2026-06-20T14:51:00,LINE1-M01,300.0,311.6,2186,47.1,131,Maintenance,False,6951
6952,2026-06-20T14:55:00,LINE3-M02,298.3,308.6,1419,45.4,136,Running,True,6952
6953,2026-06-20T15:00:00,LINE2-M02,298.2,308.9,1716,32.2,139,Running,True,6953
6954,2026-06-20T15:02:00,LINE2-M02,295.2,305.3,1413,50.0,142,Running,True,6954
6955,2026-06-20T15:06:00,LINE3-M02,300.5,310.9,1286,19.5,144,Stopped,False,6955
6956,2026-06-20T15:08:00,LINE1-M02,302.2,313.0,1470,47.0,146,Running,True,6956
6957,2026-06-20T15:12:00,LINE3-M01,296.5,307.0,1466,29.2,148,Running,True,6957
6958,2026-06-20T15:18:00,LINE1-M02,302.1,312.1,1623,41.9,150,Running,True,6958
6959,2026-06-20T15:24:00,LINE2-M01,301.6,310.3,1168,41.3,153,Running,True,6959
6960,2026-06-20T15:26:00,LINE3-M01,302.5,312.7,1790,34.8,156,Running,True,6960
6961,2026-06-20T15:29:00,LINE2-M02,299.5,310.5,1617,12.4,158,Maintenance,False,6961
6962,2026-06-20T15:32:00,LINE3-M01,301.1,310.8,1872,29.2,160,Running,True,6962
6963,2026-06-20T15:34:00,LINE1-M01,298.8,307.8,1728,42.2,162,Running,True,6963
6964,2026-06-20T15:38:00,LINE3-M01,299.7,312.0,1168,57.4,165,Running,True,6964
6965,2026-06-20T15:42:00,LINE1-M02,299.6,310.2,1609,41.7,167,Running,True,6965
6966,2026-06-20T15:45:00,LINE1-M01,302.9,312.9,1168,45.1,170,Running,True,6966
6967,2026-06-20T15:47:00,LINE2-M02,300.7,310.7,1646,48.2,175,Running,True,6967
6968,2026-06-20T15:52:00,LINE2-M01,301.8,311.6,1168,55.9,180,Running,True,6968
6969,2026-06-20T15:56:00,LINE2-M02,300.8,311.9,1850,45.3,182,Running,True,6969
6970,2026-06-20T15:58:00,LINE2-M01,302.0,311.6,1596,38.5,184,Running,True,6970
6971,2026-06-20T16:04:00,LINE3-M02,299.2,307.8,1575,32.4,189,Running,True,6971
6972,2026-06-20T16:06:00,LINE3-M01,298.3,307.8,1311,40.2,194,Running,True,6972
6973,2026-06-20T16:09:00,LINE3-M01,300.8,311.9,1572,34.2,199,Running,True,6973
6974,2026-06-20T16:13:00,LINE1-M02,296.6,305.0,1712,41.0,204,Running,True,6974
6975,2026-06-20T16:17:00,LINE3-M02,299.7,309.0,1278,52.7,206,Running,True,6975
6976,2026-06-20T16:20:00,LINE2-M01,302.9,312.6,1600,48.1,208,Idle,True,6976
6977,2026-06-20T16:23:00,LINE2-M01,299.4,308.9,1480,39.1,210,Running,True,6977
6978,2026-06-20T16:27:00,LINE1-M01,298.1,308.5,1814,42.6,212,Running,True,6978
6979,2026-06-20T16:31:00,LINE2-M02,299.7,310.0,1710,63.5,217,Maintenance,True,6979
6980,2026-06-20T16:34:00,LINE1-M02,300.2,311.3,1694,64.0,220,Stopped,False,6980
6981,2026-06-20T16:37:00,LINE3-M02,297.1,308.4,1462,47.4,223,Maintenance,False,6981
6982,2026-06-20T16:40:00,LINE3-M02,299.8,310.4,1168,48.6,225,Running,True,6982
6983,2026-06-20T16:44:00,LINE2-M02,302.4,312.5,1694,34.2,228,Stopped,True,6983
6984,2026-06-20T16:47:00,LINE3-M02,297.0,308.2,1251,51.4,230,Maintenance,False,6984
6985,2026-06-20T16:52:00,LINE2-M02,300.3,311.6,1792,25.0,233,Maintenance,False,6985
6986,2026-06-20T16:56:00,LINE3-M01,302.0,310.4,1168,38.1,236,Maintenance,False,6986
6987,2026-06-20T17:00:00,LINE1-M01,300.8,311.4,1729,40.0,238,Stopped,True,6987
6988,2026-06-20T17:05:00,LINE1-M02,298.6,307.0,1242,21.2,240,Maintenance,False,6988
6989,2026-06-20T17:09:00,LINE2-M02,299.7,307.8,1622,38.7,0,Running,True,6989
6990,2026-06-20T17:11:00,LINE1-M01,300.0,310.7,1696,26.5,2,Running,True,6990
6991,2026-06-20T17:14:00,LINE2-M02,299.5,310.3,1699,32.8,7,Running,True,6991
6992,2026-06-20T17:18:00,LINE3-M01,299.9,309.3,1556,21.1,12,Maintenance,False,6992
6993,2026-06-20T17:24:00,LINE2-M01,298.6,307.6,1591,39.5,15,Running,True,6993
6994,2026-06-20T17:30:00,LINE1-M01,299.6,310.1,1272,35.1,17,Running,True,6994
6995,2026-06-20T17:34:00,LINE2-M01,299.6,309.3,1667,16.7,20,Stopped,False,6995
6996,2026-06-20T17:40:00,LINE3-M01,297.5,306.3,1589,48.3,23,Idle,True,6996
6997,2026-06-20T17:45:00,LINE1-M01,296.5,306.8,1679,31.7,25,Running,True,6997
6998,2026-06-20T17:51:00,LINE3-M02,298.9,308.3,1479,51.3,27,Running,True,6998
6999,2026-06-20T17:55:00,LINE3-M02,301.0,311.4,1727,22.5,29,Running,True,6999
7000,2026-06-20T17:57:00,LINE3-M01,299.6,309.0,2000,25.7,31,Running,True,7000
7001,2026-06-20T18:02:00,LINE1-M01,304.9,313.9,1637,41.9,33,Running,True,7001
7002,2026-06-20T18:05:00,LINE1-M01,294.9,305.5,1346,19.4,38,Maintenance,True,7002
7003,2026-06-20T18:09:00,LINE1-M02,299.2,308.8,1533,50.6,43,Running,True,7003
7004,2026-06-20T18:15:00,LINE3-M02,304.0,315.9,2009,27.4,48,Running,True,7004
7005,2026-06-20T18:21:00,LINE3-M02,301.0,311.9,1607,43.0,50,Running,True,7005
7006,2026-06-20T18:23:00,LINE1-M02,303.4,313.2,1525,34.9,52,Running,True,7006
7007,2026-06-20T18:27:00,LINE2-M01,300.5,312.9,1526,33.2,57,Idle,True,7007
7008,2026-06-20T18:32:00,LINE1-M01,299.2,310.4,1272,36.7,59,Idle,True,7008
7009,2026-06-20T18:37:00,LINE1-M01,295.5,305.5,1792,17.8,61,Maintenance,False,7009
7010,2026-06-20T18:39:00,LINE3-M01,298.5,310.5,1892,51.3,63,Maintenance,True,7010
7011,2026-06-20T18:42:00,LINE1-M02,297.0,305.6,1879,40.4,65,Running,True,7011
7012,2026-06-20T18:47:00,LINE3-M02,301.2,312.1,1599,29.8,67,Running,True,7012
7013,2026-06-20T18:50:00,LINE3-M01,297.7,309.4,1168,51.8,70,Idle,True,7013
7014,2026-06-20T18:52:00,LINE1-M02,299.2,310.0,1168,45.4,72,Running,True,7014
7015,2026-06-20T18:58:00,LINE2-M01,299.3,308.5,1648,51.4,75,Running,True,7015
7016,2026-06-20T19:02:00,LINE1-M01,299.9,310.3,1585,46.3,80,Running,True,7016
7017,2026-06-20T19:07:00,LINE2-M02,300.7,311.9,1269,44.5,82,Running,True,7017
7018,2026-06-20T19:13:00,LINE3-M01,302.9,312.5,1365,58.4,87,Running,True,7018
7019,2026-06-20T19:19:00,LINE3-M02,298.7,308.6,1168,35.9,92,Running,True,7019
7020,2026-06-20T19:21:00,LINE3-M02,304.2,315.1,1596,56.2,94,Maintenance,False,7020
7021,2026-06-20T19:24:00,LINE3-M02,300.9,312.2,2034,41.3,96,Running,True,7021
7022,2026-06-20T19:28:00,LINE1-M02,302.5,313.3,1243,30.3,101,Running,True,7022
7023,2026-06-20T19:31:00,LINE1-M01,299.1,307.0,1310,40.9,103,Maintenance,True,7023
7024,2026-06-20T19:35:00,LINE1-M01,298.4,306.1,1266,54.2,105,Maintenance,True,7024
7025,2026-06-20T19:38:00,LINE2-M02,300.0,310.7,2046,53.1,107,Maintenance,True,7025
7026,2026-06-20T19:43:00,LINE2-M02,302.8,312.2,1854,42.9,109,Running,True,7026
7027,2026-06-20T19:47:00,LINE3-M01,298.2,309.7,1543,32.0,112,Running,True,7027
7028,2026-06-20T19:50:00,LINE3-M02,299.1,308.6,1760,56.6,114,Stopped,False,7028
7029,2026-06-20T19:53:00,LINE1-M02,299.3,308.8,1634,32.9,117,Running,True,7029
7030,2026-06-20T19:56:00,LINE1-M02,300.3,310.9,1569,33.0,120,Running,True,7030
7031,2026-06-20T20:02:00,LINE1-M01,296.8,306.4,1738,44.0,125,Running,True,7031
7032,2026-06-20T20:05:00,LINE2-M01,301.1,309.8,1182,42.4,127,Idle,True,7032
7033,2026-06-20T20:11:00,LINE2-M02,297.8,307.7,1280,48.3,129,Idle,True,7033
7034,2026-06-20T20:16:00,LINE3-M02,302.9,313.3,1782,41.7,134,Idle,True,7034
7035,2026-06-20T20:21:00,LINE3-M02,302.1,310.7,1448,42.0,136,Running,True,7035
7036,2026-06-20T20:25:00,LINE2-M02,300.4,311.2,1813,23.1,139,Running,True,7036
7037,2026-06-20T20:30:00,LINE3-M02,306.3,315.6,1639,44.2,141,Running,True,7037
7038,2026-06-20T20:32:00,LINE2-M02,297.6,308.2,1391,37.3,146,Idle,True,7038
7039,2026-06-20T20:35:00,LINE3-M02,302.0,313.7,1538,38.0,148,Running,True,7039
7040,2026-06-20T20:37:00,LINE1-M01,298.0,308.3,1200,45.4,153,Running,True,7040
7041,2026-06-20T20:43:00,LINE1-M01,300.0,311.0,1477,37.3,158,Running,True,7041
7042,2026-06-20T20:47:00,LINE3-M02,300.6,309.8,1430,33.2,160,Running,True,7042
7043,2026-06-20T20:52:00,LINE2-M01,299.9,311.0,1843,11.3,162,Stopped,True,7043
7044,2026-06-20T20:55:00,LINE2-M02,304.9,315.6,1425,48.0,165,Running,True,7044
7045,2026-06-20T21:00:00,LINE1-M01,298.7,308.7,1378,41.7,167,Running,True,7045
7046,2026-06-20T21:05:00,LINE3-M02,296.8,307.3,1416,31.3,169,Idle,True,7046
7047,2026-06-20T21:08:00,LINE3-M02,299.7,310.2,2017,39.9,172,Running,True,7047
7048,2026-06-20T21:12:00,LINE3-M01,301.0,310.9,1697,28.0,174,Running,True,7048
7049,2026-06-20T21:17:00,LINE1-M01,296.9,307.6,1411,50.8,177,Idle,True,7049
7050,2026-06-20T21:20:00,LINE2-M02,296.3,304.7,1169,20.1,182,Maintenance,True,7050
7051,2026-06-20T21:24:00,LINE3-M01,300.3,311.0,1627,49.8,184,Running,True,7051
7052,2026-06-20T21:26:00,LINE3-M02,297.6,308.5,1465,55.2,186,Running,True,7052
7053,2026-06-20T21:31:00,LINE2-M01,302.2,312.5,1226,45.5,188,Running,True,7053
7054,2026-06-20T21:37:00,LINE3-M01,301.1,311.0,1545,20.6,191,Maintenance,False,7054
7055,2026-06-20T21:41:00,LINE3-M02,300.2,310.8,1858,36.4,193,Running,True,7055
7056,2026-06-20T21:45:00,LINE1-M02,301.6,311.8,1656,50.4,198,Running,True,7056
7057,2026-06-20T21:48:00,LINE1-M02,301.8,311.6,1344,50.8,200,Idle,True,7057
7058,2026-06-20T21:50:00,LINE1-M02,297.7,306.8,1351,44.1,205,Running,True,7058
7059,2026-06-20T21:53:00,LINE1-M02,301.2,311.6,1430,43.7,210,Running,True,7059
7060,2026-06-20T21:56:00,LINE2-M01,299.4,307.5,1991,18.3,215,Running,True,7060
7061,2026-06-20T21:59:00,LINE2-M02,304.0,314.0,1623,38.9,217,Running,True,7061
7062,2026-06-20T22:04:00,LINE3-M02,298.3,308.4,1170,48.8,222,Running,True,7062
7063,2026-06-20T22:10:00,LINE1-M01,301.1,310.7,1168,69.7,225,Stopped,False,7063
7064,2026-06-20T22:14:00,LINE2-M02,300.8,311.4,1168,25.5,227,Stopped,False,7064
7065,2026-06-20T22:19:00,LINE1-M01,303.8,314.4,1434,53.2,230,Stopped,False,7065
7066,2026-06-20T22:21:00,LINE2-M02,299.6,310.0,1285,54.0,233,Maintenance,False,7066
7067,2026-06-20T22:25:00,LINE3-M01,299.2,309.6,1339,31.5,235,Maintenance,True,7067
7068,2026-06-20T22:27:00,LINE3-M01,298.9,307.3,1741,36.4,240,Stopped,False,7068
7069,2026-06-20T22:30:00,LINE1-M02,299.3,307.7,1414,39.1,0,Running,True,7069
7070,2026-06-20T22:36:00,LINE3-M02,300.3,309.8,1578,45.7,2,Running,True,7070
7071,2026-06-20T22:42:00,LINE2-M02,299.0,307.2,1395,40.9,5,Running,True,7071
7072,2026-06-20T22:47:00,LINE3-M01,297.9,309.2,1432,45.1,7,Running,True,7072
7073,2026-06-20T22:50:00,LINE2-M01,300.0,309.7,1659,47.3,12,Running,True,7073
7074,2026-06-20T22:56:00,LINE1-M02,301.0,312.0,1450,34.6,14,Running,True,7074
7075,2026-06-20T23:00:00,LINE2-M02,297.9,309.5,1781,28.5,17,Running,True,7075
7076,2026-06-20T23:06:00,LINE3-M02,299.5,308.9,1168,49.1,20,Running,True,7076
7077,2026-06-20T23:10:00,LINE3-M01,298.6,309.6,1168,44.7,25,Running,True,7077
7078,2026-06-20T23:14:00,LINE1-M01,297.7,309.7,1495,19.8,27,Stopped,False,7078
7079,2026-06-20T23:16:00,LINE2-M02,302.0,310.1,1568,27.0,30,Running,True,7079
7080,2026-06-20T23:18:00,LINE3-M02,299.3,309.5,1731,32.1,33,Running,True,7080
7081,2026-06-20T23:21:00,LINE3-M02,299.6,308.2,1314,56.0,38,Maintenance,False,7081
7082,2026-06-20T23:23:00,LINE3-M02,298.0,307.5,1521,22.5,41,Running,True,7082
7083,2026-06-20T23:26:00,LINE2-M01,298.1,305.5,2020,36.2,43,Running,True,7083
7084,2026-06-20T23:31:00,LINE1-M01,300.5,310.9,1743,46.2,48,Running,True,7084
7085,2026-06-20T23:33:00,LINE3-M01,300.8,310.9,1815,23.6,51,Running,True,7085
7086,2026-06-20T23:36:00,LINE3-M01,298.2,308.3,1459,46.3,53,Idle,True,7086
7087,2026-06-20T23:41:00,LINE1-M02,300.9,311.4,1565,29.5,55,Running,True,7087
7088,2026-06-20T23:45:00,LINE3-M01,300.1,311.9,1846,43.9,57,Running,True,7088
7089,2026-06-20T23:48:00,LINE2-M02,303.6,312.7,1767,37.4,59,Running,True,7089
7090,2026-06-20T23:50:00,LINE1-M01,297.4,309.4,1462,49.0,61,Idle,True,7090
7091,2026-06-20T23:54:00,LINE1-M01,301.5,310.8,1728,21.8,63,Running,True,7091
7092,2026-06-20T23:57:00,LINE1-M02,300.4,309.8,1980,33.7,66,Running,True,7092
7093,2026-06-21T00:00:00,LINE2-M02,298.6,309.0,1453,36.4,69,Running,True,7093
7094,2026-06-21T00:03:00,LINE1-M02,297.8,309.7,1933,34.6,71,Running,True,7094
7095,2026-06-21T00:06:00,LINE2-M01,296.0,305.5,1417,27.8,74,Running,True,7095
7096,2026-06-21T00:08:00,LINE1-M02,300.3,308.6,1248,41.3,77,Stopped,False,7096
7097,2026-06-21T00:14:00,LINE2-M01,302.7,313.9,1800,50.0,79,Maintenance,False,7097
7098,2026-06-21T00:20:00,LINE2-M01,299.8,311.1,1316,48.9,84,Running,True,7098
7099,2026-06-21T00:26:00,LINE3-M01,303.9,312.0,1250,57.4,87,Maintenance,True,7099
7100,2026-06-21T00:32:00,LINE1-M02,301.6,310.9,1526,61.8,92,Stopped,True,7100
7101,2026-06-21T00:34:00,LINE2-M02,300.1,310.1,1961,40.2,94,Running,True,7101
7102,2026-06-21T00:38:00,LINE1-M01,303.5,314.6,1677,43.4,96,Idle,True,7102
7103,2026-06-21T00:42:00,LINE3-M02,299.1,309.0,1685,58.6,98,Stopped,True,7103
7104,2026-06-21T00:46:00,LINE1-M01,297.0,305.2,1257,41.4,101,Stopped,False,7104
7105,2026-06-21T00:49:00,LINE3-M01,297.1,306.5,1522,41.8,104,Running,True,7105
7106,2026-06-21T00:55:00,LINE3-M01,300.3,310.6,1776,42.2,109,Running,True,7106
7107,2026-06-21T00:59:00,LINE2-M02,296.5,305.8,1435,37.6,111,Idle,True,7107
7108,2026-06-21T01:02:00,LINE2-M01,302.6,313.4,1498,40.9,116,Running,True,7108
7109,2026-06-21T01:04:00,LINE2-M02,300.0,311.3,1817,50.6,119,Maintenance,False,7109
7110,2026-06-21T01:10:00,LINE3-M02,297.5,309.2,1441,51.5,121,Running,True,7110
7111,2026-06-21T01:15:00,LINE1-M01,300.2,311.4,1650,24.5,124,Running,True,7111
7112,2026-06-21T01:18:00,LINE1-M01,302.3,313.1,1745,28.2,126,Running,True,7112
7113,2026-06-21T01:22:00,LINE2-M01,301.7,311.1,1401,49.5,131,Running,True,7113
7114,2026-06-21T01:27:00,LINE1-M02,299.3,309.8,1855,34.5,136,Running,True,7114
7115,2026-06-21T01:29:00,LINE3-M01,302.9,313.0,1648,39.3,141,Running,True,7115
7116,2026-06-21T01:32:00,LINE2-M01,300.1,308.6,1968,41.0,143,Idle,True,7116
7117,2026-06-21T01:37:00,LINE1-M01,302.5,311.6,1400,26.7,146,Running,True,7117
7118,2026-06-21T01:42:00,LINE2-M02,298.3,308.2,1486,31.6,148,Running,True,7118
7119,2026-06-21T01:47:00,LINE1-M02,295.8,304.6,1379,46.8,150,Idle,True,7119
7120,2026-06-21T01:50:00,LINE1-M02,301.0,311.8,1516,56.3,155,Idle,True,7120
7121,2026-06-21T01:54:00,LINE3-M02,300.7,309.7,1468,35.4,158,Running,True,7121
7122,2026-06-21T01:58:00,LINE1-M01,302.3,313.6,1583,34.7,160,Running,True,7122
7123,2026-06-21T02:01:00,LINE2-M01,301.2,310.9,1720,61.5,163,Maintenance,True,7123
7124,2026-06-21T02:06:00,LINE3-M02,300.3,309.7,1747,25.9,165,Running,True,7124
7125,2026-06-21T02:08:00,LINE1-M02,299.1,308.3,1599,45.8,167,Running,True,7125
7126,2026-06-21T02:10:00,LINE1-M01,300.3,309.7,1168,25.6,169,Stopped,False,7126
7127,2026-06-21T02:13:00,LINE2-M01,302.8,313.1,1560,34.0,171,Running,True,7127
7128,2026-06-21T02:19:00,LINE1-M01,301.5,313.0,1303,68.8,174,Maintenance,False,7128
7129,2026-06-21T02:25:00,LINE3-M02,298.2,306.7,1168,35.1,179,Stopped,True,7129
7130,2026-06-21T02:30:00,LINE1-M02,299.1,310.3,1867,39.0,182,Idle,True,7130
7131,2026-06-21T02:36:00,LINE1-M01,298.5,310.5,1747,32.3,187,Running,True,7131
7132,2026-06-21T02:41:00,LINE2-M01,296.9,307.3,1168,27.7,189,Stopped,True,7132
7133,2026-06-21T02:44:00,LINE3-M02,302.4,311.4,1854,38.0,191,Running,True,7133
7134,2026-06-21T02:50:00,LINE3-M02,301.0,310.3,1568,34.3,196,Running,True,7134
7135,2026-06-21T02:52:00,LINE2-M01,300.2,311.8,1419,30.6,199,Running,True,7135
7136,2026-06-21T02:58:00,LINE2-M01,300.5,310.5,1546,46.6,201,Running,True,7136
7137,2026-06-21T03:04:00,LINE3-M02,300.7,310.9,1764,37.9,204,Running,True,7137
7138,2026-06-21T03:10:00,LINE2-M02,301.5,309.7,1418,48.7,209,Running,True,7138
7139,2026-06-21T03:13:00,LINE2-M01,299.7,307.9,1497,40.6,211,Running,True,7139
7140,2026-06-21T03:19:00,LINE2-M01,300.4,310.5,1328,42.8,214,Running,True,7140
7141,2026-06-21T03:22:00,LINE3-M01,300.7,310.9,1185,28.6,217,Stopped,False,7141
7142,2026-06-21T03:26:00,LINE3-M01,300.2,310.9,2031,51.3,222,Stopped,True,7142
7143,2026-06-21T03:29:00,LINE1-M02,305.6,315.4,1258,54.7,225,Stopped,False,7143
7144,2026-06-21T03:35:00,LINE1-M02,301.5,311.1,1438,44.0,230,Stopped,False,7144
7145,2026-06-21T03:39:00,LINE1-M02,301.6,311.2,1591,53.8,232,Stopped,False,7145
7146,2026-06-21T03:42:00,LINE3-M02,300.9,313.2,1384,50.7,237,Running,True,7146
7147,2026-06-21T03:44:00,LINE3-M02,300.0,310.5,2019,31.3,239,Stopped,True,7147
7148,2026-06-21T03:46:00,LINE1-M01,300.0,310.7,1599,39.7,0,Idle,True,7148
7149,2026-06-21T03:52:00,LINE3-M01,299.3,308.3,1486,36.7,2,Running,True,7149
7150,2026-06-21T03:54:00,LINE1-M01,299.4,310.8,1700,43.0,5,Running,True,7150
7151,2026-06-21T04:00:00,LINE1-M01,296.1,306.8,1477,49.9,10,Running,True,7151
7152,2026-06-21T04:03:00,LINE3-M01,298.7,306.9,1339,38.1,12,Stopped,False,7152
7153,2026-06-21T04:09:00,LINE1-M01,300.7,311.8,1815,44.5,15,Running,True,7153
7154,2026-06-21T04:11:00,LINE1-M02,299.8,309.7,1853,32.2,17,Running,True,7154
7155,2026-06-21T04:13:00,LINE2-M02,300.1,310.1,1616,53.9,19,Stopped,False,7155
7156,2026-06-21T04:16:00,LINE3-M02,298.7,309.7,1539,30.2,22,Running,True,7156
7157,2026-06-21T04:19:00,LINE3-M01,298.6,308.3,1331,35.4,25,Running,True,7157
7158,2026-06-21T04:23:00,LINE3-M01,297.0,306.7,1277,14.7,28,Stopped,False,7158
7159,2026-06-21T04:25:00,LINE1-M01,301.1,310.4,1168,34.3,30,Running,True,7159
7160,2026-06-21T04:29:00,LINE3-M02,302.7,313.5,1202,34.2,32,Idle,True,7160
7161,2026-06-21T04:31:00,LINE2-M01,298.3,310.0,1485,41.3,35,Running,True,7161
7162,2026-06-21T04:33:00,LINE3-M02,298.8,309.6,1576,47.3,40,Running,True,7162
7163,2026-06-21T04:39:00,LINE3-M01,299.1,308.9,1537,54.2,42,Running,True,7163
7164,2026-06-21T04:44:00,LINE3-M02,302.9,311.4,1730,26.8,44,Idle,True,7164
7165,2026-06-21T04:48:00,LINE3-M01,298.4,308.6,1402,33.9,46,Running,True,7165
7166,2026-06-21T04:50:00,LINE3-M01,298.0,306.6,1632,33.6,51,Running,True,7166
7167,2026-06-21T04:54:00,LINE1-M01,295.2,304.5,1915,39.9,53,Running,True,7167
7168,2026-06-21T04:56:00,LINE3-M02,299.1,309.8,1528,48.0,55,Running,True,7168
7169,2026-06-21T05:01:00,LINE2-M01,301.2,311.9,1339,37.9,57,Running,True,7169
7170,2026-06-21T05:04:00,LINE1-M02,295.6,306.9,1415,35.9,60,Running,True,7170
7171,2026-06-21T05:07:00,LINE2-M02,303.1,311.6,1367,36.7,63,Stopped,True,7171
7172,2026-06-21T05:13:00,LINE1-M01,298.3,309.5,1335,60.0,66,Running,True,7172
7173,2026-06-21T05:15:00,LINE1-M02,300.6,308.5,1884,38.8,71,Running,True,7173
7174,2026-06-21T05:17:00,LINE1-M02,298.2,307.5,1508,32.5,76,Running,True,7174
7175,2026-06-21T05:23:00,LINE1-M02,301.1,309.7,1237,34.7,79,Maintenance,False,7175
7176,2026-06-21T05:28:00,LINE1-M02,299.7,309.5,1717,38.1,82,Running,True,7176
7177,2026-06-21T05:33:00,LINE1-M01,301.2,313.2,1168,41.5,87,Running,True,7177
7178,2026-06-21T05:37:00,LINE2-M01,296.6,306.6,1460,32.5,90,Running,True,7178
7179,2026-06-21T05:42:00,LINE3-M02,300.8,310.3,1805,42.4,93,Running,True,7179
7180,2026-06-21T05:44:00,LINE3-M02,301.8,311.8,1651,37.7,95,Running,True,7180
7181,2026-06-21T05:50:00,LINE1-M01,297.0,307.1,1445,44.3,100,Running,True,7181
7182,2026-06-21T05:56:00,LINE2-M01,300.0,307.8,1695,46.9,105,Running,True,7182
7183,2026-06-21T05:58:00,LINE2-M02,298.9,309.6,1196,28.3,108,Running,True,7183
7184,2026-06-21T06:00:00,LINE3-M02,300.3,310.7,1697,44.6,111,Running,True,7184
7185,2026-06-21T06:06:00,LINE1-M01,302.9,313.0,1474,23.6,113,Idle,True,7185
7186,2026-06-21T06:10:00,LINE1-M01,300.4,311.0,1251,40.4,115,Running,True,7186
7187,2026-06-21T06:15:00,LINE2-M01,299.7,310.9,1168,53.2,117,Running,True,7187
7188,2026-06-21T06:19:00,LINE3-M02,297.9,305.3,1284,41.8,119,Stopped,False,7188
7189,2026-06-21T06:22:00,LINE3-M01,302.7,313.6,1665,52.6,121,Maintenance,False,7189
7190,2026-06-21T06:24:00,LINE1-M01,300.0,309.9,1683,31.7,123,Running,True,7190
7191,2026-06-21T06:26:00,LINE1-M02,302.5,311.3,1187,44.2,126,Idle,True,7191
7192,2026-06-21T06:29:00,LINE1-M01,303.1,312.5,1168,49.6,129,Running,True,7192
7193,2026-06-21T06:31:00,LINE2-M02,298.2,308.7,1581,45.5,131,Running,True,7193
7194,2026-06-21T06:35:00,LINE3-M02,300.6,311.8,1503,48.1,133,Running,True,7194
7195,2026-06-21T06:40:00,LINE1-M02,303.3,314.4,1233,57.1,136,Running,True,7195
7196,2026-06-21T06:43:00,LINE2-M02,299.4,309.1,1714,44.4,141,Running,True,7196
7197,2026-06-21T06:48:00,LINE2-M02,299.6,308.2,1430,12.6,143,Stopped,False,7197
7198,2026-06-21T06:52:00,LINE3-M02,296.9,307.7,1580,52.6,145,Running,True,7198
7199,2026-06-21T06:57:00,LINE3-M02,300.1,311.0,1168,44.1,147,Running,True,7199
7200,2026-06-21T07:02:00,LINE1-M01,299.3,309.4,1168,35.3,150,Idle,True,7200
7201,2026-06-21T07:06:00,LINE1-M02,298.7,309.3,1369,34.6,153,Running,True,7201
7202,2026-06-21T07:11:00,LINE2-M02,298.9,309.4,1384,39.0,158,Running,True,7202
7203,2026-06-21T07:13:00,LINE1-M01,300.0,310.1,1362,33.4,160,Running,True,7203
7204,2026-06-21T07:16:00,LINE2-M02,300.8,310.0,1397,35.6,165,Running,True,7204
7205,2026-06-21T07:18:00,LINE2-M02,298.4,308.0,1430,50.9,167,Running,True,7205
7206,2026-06-21T07:23:00,LINE1-M02,295.7,305.0,1218,44.4,169,Running,True,7206
7207,2026-06-21T07:29:00,LINE3-M02,297.7,306.1,1559,32.0,172,Running,True,7207
7208,2026-06-21T07:34:00,LINE1-M01,302.5,313.7,1565,51.3,174,Running,True,7208
7209,2026-06-21T07:36:00,LINE3-M01,297.2,308.6,1530,56.2,176,Maintenance,False,7209
7210,2026-06-21T07:42:00,LINE1-M02,298.9,309.6,1615,17.0,178,Stopped,False,7210
7211,2026-06-21T07:46:00,LINE3-M02,302.0,311.4,1285,36.1,181,Running,True,7211
7212,2026-06-21T07:51:00,LINE3-M01,299.5,309.9,1404,50.6,186,Running,True,7212
7213,2026-06-21T07:54:00,LINE1-M02,300.9,311.9,1338,28.0,189,Running,True,7213
7214,2026-06-21T08:00:00,LINE1-M02,296.9,305.9,2052,40.3,194,Running,True,7214
7215,2026-06-21T08:06:00,LINE3-M01,300.6,310.8,1252,35.2,196,Running,True,7215
7216,2026-06-21T08:12:00,LINE1-M01,298.0,307.2,1386,40.5,199,Running,True,7216
7217,2026-06-21T08:15:00,LINE3-M01,300.3,309.3,1554,25.8,202,Running,True,7217
7218,2026-06-21T08:18:00,LINE3-M01,301.1,310.1,1168,49.4,204,Running,True,7218
7219,2026-06-21T08:20:00,LINE2-M02,300.4,310.2,1511,43.7,207,Running,True,7219
7220,2026-06-21T08:25:00,LINE3-M01,300.0,310.8,1458,19.9,209,Stopped,True,7220
7221,2026-06-21T08:30:00,LINE1-M01,298.6,308.7,1241,38.8,211,Running,True,7221
7222,2026-06-21T08:35:00,LINE2-M01,299.3,308.0,1599,21.7,216,Running,True,7222
7223,2026-06-21T08:41:00,LINE2-M01,300.1,309.6,1537,42.9,221,Maintenance,False,7223
7224,2026-06-21T08:45:00,LINE3-M02,298.4,309.3,1168,36.6,226,Maintenance,False,7224
7225,2026-06-21T08:50:00,LINE1-M01,302.4,311.6,1996,28.1,228,Running,True,7225
7226,2026-06-21T08:54:00,LINE3-M02,300.7,310.8,1486,56.4,233,Stopped,False,7226
7227,2026-06-21T08:59:00,LINE1-M01,299.3,307.9,1790,40.2,238,Stopped,True,7227
7228,2026-06-21T09:02:00,LINE2-M02,302.9,314.0,1587,28.5,240,Stopped,False,7228
7229,2026-06-21T09:05:00,LINE2-M02,296.4,305.9,1242,37.8,0,Running,True,7229
7230,2026-06-21T09:11:00,LINE2-M02,297.3,307.5,1530,37.4,2,Running,True,7230
7231,2026-06-21T09:13:00,LINE1-M02,299.1,308.6,1609,53.9,4,Stopped,True,7231
7232,2026-06-21T09:17:00,LINE2-M01,296.8,307.1,1359,35.2,6,Running,True,7232
7233,2026-06-21T09:19:00,LINE1-M01,301.5,310.0,1254,32.2,9,Maintenance,False,7233
7234,2026-06-21T09:25:00,LINE1-M02,304.1,313.7,1625,52.3,14,Idle,True,7234
7235,2026-06-21T09:29:00,LINE3-M02,298.3,308.9,1457,30.8,16,Running,True,7235
7236,2026-06-21T09:34:00,LINE1-M01,301.1,311.4,1508,41.6,18,Running,True,7236
7237,2026-06-21T09:38:00,LINE1-M02,297.3,307.1,1718,31.2,20,Running,True,7237
7238,2026-06-21T09:40:00,LINE2-M01,300.5,309.8,1564,28.1,25,Running,True,7238
7239,2026-06-21T09:42:00,LINE1-M01,302.2,312.7,1698,45.4,27,Running,True,7239
7240,2026-06-21T09:47:00,LINE2-M01,298.8,308.8,1529,51.9,29,Idle,True,7240
7241,2026-06-21T09:49:00,LINE2-M01,300.8,311.1,1518,41.0,31,Running,True,7241
7242,2026-06-21T09:51:00,LINE2-M01,301.7,311.1,1168,43.2,36,Running,True,7242
7243,2026-06-21T09:55:00,LINE3-M02,299.1,308.3,1339,37.5,38,Running,True,7243
7244,2026-06-21T09:58:00,LINE1-M01,299.2,308.7,1550,52.2,40,Running,True,7244
7245,2026-06-21T10:01:00,LINE1-M02,301.1,312.4,1834,34.9,45,Running,True,7245
7246,2026-06-21T10:07:00,LINE1-M01,297.5,308.4,1211,35.0,48,Running,True,7246
7247,2026-06-21T10:12:00,LINE2-M02,300.5,309.8,1609,41.7,50,Running,True,7247
7248,2026-06-21T10:15:00,LINE2-M02,302.4,311.4,1569,38.3,52,Running,True,7248
7249,2026-06-21T10:19:00,LINE1-M01,300.0,311.3,1698,37.6,54,Running,True,7249
7250,2026-06-21T10:21:00,LINE3-M02,299.1,308.3,1505,50.7,56,Running,True,7250
7251,2026-06-21T10:27:00,LINE3-M02,301.0,311.7,1201,34.5,58,Running,True,7251
7252,2026-06-21T10:32:00,LINE1-M01,297.7,307.6,1408,58.7,60,Idle,False,7252
7253,2026-06-21T10:35:00,LINE3-M02,301.7,310.3,1824,38.0,62,Idle,True,7253
7254,2026-06-21T10:39:00,LINE1-M02,298.7,307.7,1407,37.9,64,Idle,True,7254
7255,2026-06-21T10:43:00,LINE2-M02,298.6,309.5,1303,57.1,66,Running,False,7255
7256,2026-06-21T10:47:00,LINE1-M02,299.0,311.1,1730,33.5,69,Running,True,7256
7257,2026-06-21T10:52:00,LINE2-M01,299.8,311.1,1213,47.7,71,Running,True,7257
7258,2026-06-21T10:56:00,LINE2-M02,298.0,306.6,1221,37.7,74,Running,True,7258
7259,2026-06-21T10:58:00,LINE2-M01,298.5,309.1,1743,28.5,76,Running,True,7259
7260,2026-06-21T11:04:00,LINE1-M01,297.3,306.1,1592,46.7,81,Running,True,7260
7261,2026-06-21T11:09:00,LINE3-M02,300.1,312.0,1778,51.2,83,Maintenance,False,7261
7262,2026-06-21T11:11:00,LINE3-M02,299.9,309.1,2003,37.6,86,Running,True,7262
7263,2026-06-21T11:13:00,LINE2-M02,295.3,305.3,1351,31.1,88,Running,True,7263
7264,2026-06-21T11:16:00,LINE1-M01,299.5,307.8,1410,28.4,90,Running,True,7264
7265,2026-06-21T11:21:00,LINE3-M02,301.4,309.8,1767,47.1,93,Running,True,7265
7266,2026-06-21T11:24:00,LINE1-M01,301.8,311.7,1605,54.3,95,Stopped,False,7266
7267,2026-06-21T11:26:00,LINE3-M02,299.8,307.9,1464,48.0,100,Running,True,7267
7268,2026-06-21T11:31:00,LINE1-M01,301.0,311.1,1475,35.7,103,Running,True,7268
7269,2026-06-21T11:33:00,LINE1-M01,295.2,304.8,2022,53.1,108,Stopped,True,7269
7270,2026-06-21T11:36:00,LINE2-M01,300.8,308.4,1507,44.7,113,Running,True,7270
7271,2026-06-21T11:38:00,LINE2-M01,302.2,310.6,1708,27.9,116,Running,True,7271
7272,2026-06-21T11:43:00,LINE1-M02,300.1,310.3,1362,29.7,119,Idle,True,7272
7273,2026-06-21T11:45:00,LINE2-M01,298.8,308.3,1640,27.4,122,Running,True,7273
7274,2026-06-21T11:50:00,LINE1-M02,300.4,311.3,1324,51.0,127,Running,True,7274
7275,2026-06-21T11:53:00,LINE3-M01,298.1,308.7,1269,48.2,129,Running,True,7275
7276,2026-06-21T11:55:00,LINE3-M01,301.5,311.7,1172,43.6,134,Running,True,7276
7277,2026-06-21T11:58:00,LINE2-M02,300.6,310.0,2018,46.6,137,Stopped,False,7277
7278,2026-06-21T12:04:00,LINE1-M02,300.2,309.6,1995,37.7,140,Running,True,7278
7279,2026-06-21T12:09:00,LINE2-M01,300.2,309.2,1540,36.8,142,Running,True,7279
7280,2026-06-21T12:11:00,LINE1-M01,300.3,310.3,1495,55.5,145,Idle,True,7280
7281,2026-06-21T12:13:00,LINE3-M01,300.8,310.3,1709,29.0,147,Running,True,7281
7282,2026-06-21T12:16:00,LINE1-M02,302.7,313.0,1671,36.5,149,Running,True,7282
7283,2026-06-21T12:19:00,LINE1-M02,300.2,310.3,1862,40.3,152,Running,True,7283
7284,2026-06-21T12:25:00,LINE1-M02,297.9,308.1,1267,60.2,157,Running,True,7284
7285,2026-06-21T12:31:00,LINE2-M01,301.1,311.1,1814,42.7,159,Running,True,7285
7286,2026-06-21T12:35:00,LINE1-M01,300.4,310.0,1818,44.2,164,Running,True,7286
7287,2026-06-21T12:40:00,LINE2-M01,300.0,310.1,1229,35.9,167,Idle,True,7287
7288,2026-06-21T12:45:00,LINE3-M02,301.8,309.5,1438,23.2,170,Stopped,False,7288
7289,2026-06-21T12:50:00,LINE2-M01,297.4,307.1,1403,45.1,172,Running,True,7289
7290,2026-06-21T12:54:00,LINE3-M01,301.6,312.3,1451,29.2,175,Running,True,7290
7291,2026-06-21T13:00:00,LINE2-M02,300.5,309.3,1561,53.0,177,Running,True,7291
7292,2026-06-21T13:02:00,LINE3-M02,298.6,308.9,1479,26.8,179,Running,True,7292
7293,2026-06-21T13:07:00,LINE1-M01,300.2,309.7,1205,36.0,181,Running,True,7293
7294,2026-06-21T13:09:00,LINE3-M02,300.1,311.0,1614,50.4,183,Idle,True,7294
7295,2026-06-21T13:11:00,LINE1-M01,302.7,313.5,1370,46.3,186,Running,True,7295
7296,2026-06-21T13:15:00,LINE1-M02,300.5,309.8,1285,50.9,191,Running,True,7296
7297,2026-06-21T13:17:00,LINE1-M02,301.7,313.5,1702,50.4,193,Idle,True,7297
7298,2026-06-21T13:21:00,LINE2-M01,298.5,308.0,1624,21.3,195,Idle,True,7298
7299,2026-06-21T13:24:00,LINE1-M02,298.5,307.9,1599,38.4,197,Running,True,7299
7300,2026-06-21T13:26:00,LINE3-M02,302.4,312.9,1460,36.2,202,Running,True,7300
7301,2026-06-21T13:30:00,LINE2-M01,293.8,304.0,1168,39.8,204,Running,True,7301
7302,2026-06-21T13:33:00,LINE1-M01,301.6,310.5,1392,42.2,206,Running,True,7302
7303,2026-06-21T13:38:00,LINE2-M01,298.5,309.3,1703,26.3,209,Idle,False,7303
7304,2026-06-21T13:40:00,LINE1-M01,301.1,312.4,1735,43.3,212,Running,True,7304
7305,2026-06-21T13:44:00,LINE3-M01,300.6,311.0,1442,49.9,214,Running,True,7305
7306,2026-06-21T13:48:00,LINE2-M01,300.9,310.0,1510,45.4,217,Running,True,7306
7307,2026-06-21T13:50:00,LINE3-M01,299.7,309.1,1394,41.5,220,Stopped,True,7307
7308,2026-06-21T13:56:00,LINE1-M02,299.3,307.9,1650,46.3,222,Maintenance,False,7308
7309,2026-06-21T14:00:00,LINE1-M02,301.4,312.1,1241,53.8,225,Stopped,False,7309
7310,2026-06-21T14:06:00,LINE1-M02,299.3,310.3,1742,36.5,228,Maintenance,False,7310
7311,2026-06-21T14:11:00,LINE3-M02,303.5,314.5,1444,48.6,230,Stopped,False,7311
7312,2026-06-21T14:15:00,LINE2-M02,300.8,311.2,1653,32.9,233,Running,True,7312
7313,2026-06-21T14:20:00,LINE1-M02,298.7,308.7,1210,42.0,235,Maintenance,True,7313
7314,2026-06-21T14:24:00,LINE2-M02,300.5,310.3,1629,25.0,240,Stopped,False,7314
7315,2026-06-21T14:29:00,LINE3-M01,301.4,311.0,1567,42.3,0,Running,True,7315
7316,2026-06-21T14:35:00,LINE2-M01,299.3,311.2,1480,41.0,5,Idle,True,7316
7317,2026-06-21T14:41:00,LINE2-M01,299.3,310.9,1453,31.4,10,Running,True,7317
7318,2026-06-21T14:43:00,LINE1-M02,300.3,310.6,1624,36.8,12,Running,True,7318
7319,2026-06-21T14:48:00,LINE1-M02,303.0,312.4,1580,49.8,17,Running,True,7319
7320,2026-06-21T14:54:00,LINE3-M01,298.9,310.0,1680,37.0,20,Running,True,7320
7321,2026-06-21T14:58:00,LINE1-M02,299.2,310.0,1738,31.3,25,Running,True,7321
7322,2026-06-21T15:00:00,LINE1-M02,302.5,312.9,1513,54.8,27,Idle,True,7322
7323,2026-06-21T15:04:00,LINE1-M01,299.5,309.3,1525,18.6,29,Maintenance,False,7323
7324,2026-06-21T15:10:00,LINE1-M02,299.0,308.6,1733,31.6,32,Running,True,7324
7325,2026-06-21T15:16:00,LINE2-M02,301.0,311.9,1168,47.6,37,Running,True,7325
7326,2026-06-21T15:20:00,LINE2-M01,299.5,307.3,1665,43.9,39,Running,True,7326
7327,2026-06-21T15:23:00,LINE3-M01,299.5,311.2,1749,38.6,41,Running,True,7327
7328,2026-06-21T15:29:00,LINE3-M02,301.0,311.4,1648,52.0,43,Running,True,7328
7329,2026-06-21T15:33:00,LINE2-M01,301.2,313.0,1168,40.4,45,Running,True,7329
7330,2026-06-21T15:36:00,LINE1-M02,299.7,310.3,1661,30.1,47,Running,True,7330
7331,2026-06-21T15:41:00,LINE2-M02,301.8,311.0,1253,38.9,52,Running,True,7331
7332,2026-06-21T15:44:00,LINE1-M01,300.2,310.4,1475,36.4,54,Running,True,7332
7333,2026-06-21T15:47:00,LINE3-M01,299.0,309.0,1302,28.3,56,Running,True,7333
7334,2026-06-21T15:49:00,LINE1-M01,303.2,312.1,1342,51.2,59,Running,True,7334
7335,2026-06-21T15:54:00,LINE2-M01,297.4,305.5,1552,44.8,62,Running,True,7335
7336,2026-06-21T15:57:00,LINE3-M02,297.8,307.1,1637,36.2,67,Running,True,7336
7337,2026-06-21T16:00:00,LINE2-M02,301.2,310.0,1467,28.6,69,Running,True,7337
7338,2026-06-21T16:03:00,LINE1-M02,298.5,306.8,1633,47.1,72,Running,True,7338
7339,2026-06-21T16:05:00,LINE3-M01,302.0,311.5,1506,50.4,74,Running,True,7339
7340,2026-06-21T16:08:00,LINE3-M01,298.7,309.5,1741,49.8,79,Stopped,False,7340
7341,2026-06-21T16:11:00,LINE1-M01,300.9,310.1,1310,50.0,81,Running,True,7341
7342,2026-06-21T16:13:00,LINE3-M02,299.0,308.3,1498,33.4,83,Running,True,7342
7343,2026-06-21T16:18:00,LINE1-M02,301.1,310.1,1211,31.5,88,Running,True,7343
7344,2026-06-21T16:20:00,LINE2-M01,300.6,311.4,1515,51.9,91,Running,True,7344
7345,2026-06-21T16:22:00,LINE1-M01,298.7,308.6,1509,37.4,93,Idle,True,7345
7346,2026-06-21T16:28:00,LINE1-M02,300.1,309.7,1273,32.5,96,Running,True,7346
7347,2026-06-21T16:30:00,LINE2-M01,298.1,308.1,1585,38.0,99,Idle,True,7347
7348,2026-06-21T16:32:00,LINE1-M02,298.9,309.0,1763,41.3,101,Running,True,7348
7349,2026-06-21T16:34:00,LINE2-M02,301.7,310.9,1193,26.0,106,Stopped,True,7349
7350,2026-06-21T16:40:00,LINE1-M01,297.8,307.5,1580,46.1,111,Running,True,7350
7351,2026-06-21T16:45:00,LINE3-M01,305.7,315.4,1645,42.3,113,Idle,True,7351
7352,2026-06-21T16:49:00,LINE2-M02,302.4,311.8,1359,43.6,116,Running,True,7352
7353,2026-06-21T16:54:00,LINE1-M02,300.7,309.6,1664,28.9,118,Running,True,7353
7354,2026-06-21T16:58:00,LINE3-M01,298.6,307.3,1706,31.3,121,Running,True,7354
7355,2026-06-21T17:00:00,LINE2-M02,298.6,307.6,1872,39.9,123,Running,True,7355
7356,2026-06-21T17:05:00,LINE1-M01,300.9,311.0,1168,51.9,125,Running,True,7356
7357,2026-06-21T17:07:00,LINE1-M01,298.4,307.7,1168,41.9,128,Running,True,7357
7358,2026-06-21T17:13:00,LINE1-M02,303.2,315.0,1354,53.6,131,Running,True,7358
7359,2026-06-21T17:19:00,LINE2-M01,299.5,311.3,1613,51.2,136,Running,True,7359
7360,2026-06-21T17:24:00,LINE2-M02,299.6,308.3,1437,26.9,139,Running,True,7360
7361,2026-06-21T17:28:00,LINE1-M02,301.9,311.9,1511,67.8,144,Stopped,False,7361
7362,2026-06-21T17:34:00,LINE3-M01,298.9,307.8,1168,48.7,146,Running,True,7362
7363,2026-06-21T17:40:00,LINE3-M02,299.8,308.6,1635,34.7,149,Running,True,7363
7364,2026-06-21T17:46:00,LINE1-M02,297.4,307.1,1907,49.4,152,Stopped,False,7364
7365,2026-06-21T17:51:00,LINE1-M01,300.0,310.0,1447,41.6,157,Running,False,7365
7366,2026-06-21T17:56:00,LINE3-M02,302.3,312.8,1578,43.1,162,Running,True,7366
7367,2026-06-21T18:02:00,LINE3-M01,300.4,310.6,1722,41.2,164,Idle,True,7367
7368,2026-06-21T18:07:00,LINE1-M02,297.9,307.4,1476,29.7,166,Running,True,7368
7369,2026-06-21T18:12:00,LINE1-M02,297.6,309.3,1674,33.9,171,Running,True,7369
7370,2026-06-21T18:16:00,LINE1-M02,301.3,311.7,1264,56.0,173,Idle,True,7370
7371,2026-06-21T18:20:00,LINE3-M01,300.6,308.1,1853,45.7,175,Running,True,7371
7372,2026-06-21T18:22:00,LINE2-M01,299.3,309.6,1369,65.7,178,Maintenance,True,7372
7373,2026-06-21T18:27:00,LINE1-M01,302.9,312.3,1202,36.5,183,Running,True,7373
7374,2026-06-21T18:29:00,LINE2-M01,295.9,306.5,1455,21.9,185,Stopped,False,7374
7375,2026-06-21T18:34:00,LINE1-M02,298.5,308.5,1421,58.0,187,Running,True,7375
7376,2026-06-21T18:39:00,LINE3-M02,306.0,316.0,1168,26.8,192,Stopped,False,7376
7377,2026-06-21T18:43:00,LINE3-M01,299.6,310.4,1557,53.3,194,Running,True,7377
7378,2026-06-21T18:48:00,LINE3-M01,297.8,308.8,1390,43.4,196,Running,True,7378
7379,2026-06-21T18:50:00,LINE2-M01,302.0,310.3,1810,50.7,199,Maintenance,True,7379
7380,2026-06-21T18:54:00,LINE3-M02,299.5,309.9,1595,33.4,204,Running,True,7380
7381,2026-06-21T18:58:00,LINE1-M01,297.4,306.5,1295,41.3,209,Running,True,7381
7382,2026-06-21T19:03:00,LINE3-M02,302.0,314.6,1558,51.6,214,Stopped,False,7382
7383,2026-06-21T19:09:00,LINE1-M01,300.9,309.3,1630,41.1,216,Running,True,7383
7384,2026-06-21T19:12:00,LINE3-M02,299.0,310.6,2060,26.8,218,Running,True,7384
7385,2026-06-21T19:14:00,LINE3-M01,300.0,309.8,1356,29.5,220,Maintenance,False,7385
7386,2026-06-21T19:16:00,LINE2-M02,299.0,307.7,1903,28.5,223,Running,True,7386
7387,2026-06-21T19:22:00,LINE1-M02,300.8,310.9,1168,44.3,226,Running,True,7387
7388,2026-06-21T19:26:00,LINE1-M02,299.0,309.6,1424,41.8,229,Running,True,7388
7389,2026-06-21T19:32:00,LINE3-M01,300.7,311.4,1670,34.7,234,Stopped,True,7389
7390,2026-06-21T19:37:00,LINE3-M01,302.2,311.1,1342,59.4,236,Maintenance,False,7390
7391,2026-06-21T19:43:00,LINE3-M02,297.9,307.8,1874,37.3,238,Stopped,False,7391
7392,2026-06-21T19:49:00,LINE2-M01,302.8,312.7,1468,36.4,0,Running,True,7392
7393,2026-06-21T19:52:00,LINE2-M02,298.2,307.8,1332,28.0,2,Running,True,7393
7394,2026-06-21T19:58:00,LINE2-M01,296.6,305.2,1624,48.2,5,Running,True,7394
7395,2026-06-21T20:03:00,LINE1-M01,295.5,305.6,1590,45.2,7,Running,True,7395
7396,2026-06-21T20:08:00,LINE3-M02,300.9,309.2,1442,46.0,9,Running,True,7396
7397,2026-06-21T20:10:00,LINE2-M01,300.4,310.7,1917,32.9,11,Running,True,7397
7398,2026-06-21T20:16:00,LINE2-M01,298.7,307.2,1648,38.0,13,Idle,True,7398
7399,2026-06-21T20:18:00,LINE3-M01,303.3,314.0,1536,31.9,16,Running,True,7399
7400,2026-06-21T20:22:00,LINE1-M02,298.7,309.4,1168,33.8,19,Running,True,7400
7401,2026-06-21T20:24:00,LINE3-M01,303.5,314.1,1442,40.5,22,Running,True,7401
7402,2026-06-21T20:26:00,LINE1-M01,298.2,308.1,1535,47.7,24,Running,True,7402
7403,2026-06-21T20:31:00,LINE1-M01,300.5,311.7,1602,46.2,29,Running,True,7403
7404,2026-06-21T20:36:00,LINE3-M02,300.5,312.2,1831,23.5,34,Running,True,7404
7405,2026-06-21T20:41:00,LINE2-M02,299.2,310.3,1570,19.5,37,Stopped,False,7405
7406,2026-06-21T20:45:00,LINE3-M02,300.3,309.2,1488,26.0,40,Running,True,7406
7407,2026-06-21T20:49:00,LINE1-M01,300.0,309.2,1181,57.4,42,Running,True,7407
7408,2026-06-21T20:55:00,LINE3-M02,296.9,306.3,1547,24.7,44,Running,True,7408
7409,2026-06-21T20:58:00,LINE1-M02,300.6,309.5,1473,52.7,46,Running,True,7409
7410,2026-06-21T21:02:00,LINE2-M02,299.8,309.9,1637,33.6,48,Running,True,7410
7411,2026-06-21T21:04:00,LINE2-M01,295.7,305.5,1787,33.5,51,Running,True,7411
7412,2026-06-21T21:10:00,LINE3-M02,300.7,309.6,1462,51.2,54,Idle,True,7412
7413,2026-06-21T21:16:00,LINE3-M01,299.5,308.9,1336,42.4,56,Idle,True,7413
7414,2026-06-21T21:18:00,LINE2-M02,299.0,310.2,1506,35.4,58,Running,True,7414
7415,2026-06-21T21:20:00,LINE1-M01,302.3,312.5,1492,36.7,60,Running,True,7415
7416,2026-06-21T21:25:00,LINE3-M01,297.4,307.3,1366,53.1,62,Running,True,7416
7417,2026-06-21T21:30:00,LINE1-M02,302.1,311.5,1320,60.9,67,Running,True,7417
7418,2026-06-21T21:33:00,LINE2-M01,298.7,307.0,1530,37.9,72,Running,True,7418
7419,2026-06-21T21:39:00,LINE2-M01,301.8,312.6,1467,38.4,75,Running,True,7419
7420,2026-06-21T21:41:00,LINE1-M02,304.6,315.4,1880,29.5,80,Running,True,7420
7421,2026-06-21T21:47:00,LINE1-M02,297.8,308.5,1726,37.1,83,Running,True,7421
7422,2026-06-21T21:51:00,LINE1-M01,300.5,310.5,1168,31.2,86,Running,True,7422
7423,2026-06-21T21:57:00,LINE1-M01,300.8,311.5,1492,36.7,91,Running,True,7423
7424,2026-06-21T22:03:00,LINE2-M02,301.7,312.6,1802,27.6,96,Running,True,7424
7425,2026-06-21T22:08:00,LINE1-M02,300.3,310.3,1428,40.4,101,Running,True,7425
7426,2026-06-21T22:11:00,LINE2-M02,298.7,307.5,1572,39.9,103,Idle,True,7426
7427,2026-06-21T22:16:00,LINE1-M01,299.2,307.8,1656,32.4,105,Running,True,7427
7428,2026-06-21T22:19:00,LINE1-M02,301.0,311.1,1450,39.3,107,Running,True,7428
7429,2026-06-21T22:22:00,LINE1-M01,301.7,313.8,1572,58.3,109,Stopped,True,7429
7430,2026-06-21T22:25:00,LINE2-M02,303.4,313.3,1168,55.1,112,Running,True,7430
7431,2026-06-21T22:27:00,LINE3-M01,299.1,307.7,1168,40.4,117,Maintenance,False,7431
7432,2026-06-21T22:32:00,LINE1-M02,300.1,309.4,1624,37.1,119,Running,True,7432
7433,2026-06-21T22:35:00,LINE1-M01,298.5,307.7,1475,42.0,121,Running,True,7433
7434,2026-06-21T22:41:00,LINE1-M01,299.7,308.9,1560,28.5,123,Running,True,7434
7435,2026-06-21T22:45:00,LINE2-M02,299.1,309.3,1914,42.1,128,Running,True,7435
7436,2026-06-21T22:51:00,LINE3-M02,296.0,306.4,1736,21.3,131,Running,True,7436
7437,2026-06-21T22:54:00,LINE2-M01,304.2,315.2,1168,41.1,133,Running,True,7437
7438,2026-06-21T22:57:00,LINE2-M02,297.1,307.3,1453,44.0,135,Idle,True,7438
7439,2026-06-21T23:02:00,LINE2-M01,299.4,308.3,1479,27.8,138,Idle,True,7439
7440,2026-06-21T23:08:00,LINE2-M02,301.8,312.2,1953,25.5,143,Running,True,7440
7441,2026-06-21T23:10:00,LINE2-M01,305.6,315.9,1468,54.6,145,Running,True,7441
7442,2026-06-21T23:14:00,LINE2-M01,301.3,311.6,1547,37.1,148,Running,True,7442
7443,2026-06-21T23:18:00,LINE1-M01,296.3,306.7,1455,56.5,150,Idle,True,7443
7444,2026-06-21T23:21:00,LINE1-M01,302.5,313.3,1448,24.8,153,Running,True,7444
7445,2026-06-21T23:27:00,LINE1-M01,299.4,310.4,1429,31.6,155,Running,True,7445
7446,2026-06-21T23:33:00,LINE3-M02,297.1,307.5,1212,45.8,157,Running,True,7446
7447,2026-06-21T23:38:00,LINE2-M02,302.2,312.0,1233,39.3,159,Running,True,7447
7448,2026-06-21T23:44:00,LINE1-M01,298.7,308.6,1515,46.9,161,Idle,True,7448
7449,2026-06-21T23:46:00,LINE1-M02,296.7,307.2,1188,31.7,164,Running,True,7449
7450,2026-06-21T23:49:00,LINE1-M02,301.1,310.2,1230,34.8,166,Running,True,7450
7451,2026-06-21T23:55:00,LINE3-M02,302.0,313.0,1539,38.9,171,Running,True,7451
7452,2026-06-21T23:57:00,LINE2-M02,300.9,310.5,1933,45.8,173,Maintenance,False,7452
7453,2026-06-22T00:03:00,LINE2-M02,296.2,306.7,1261,51.9,178,Idle,True,7453
7454,2026-06-22T00:07:00,LINE2-M02,298.5,307.6,1717,36.1,181,Running,True,7454
7455,2026-06-22T00:13:00,LINE2-M01,299.7,309.3,1506,49.0,183,Running,True,7455
7456,2026-06-22T00:15:00,LINE1-M01,300.3,309.5,1168,53.2,188,Running,True,7456
7457,2026-06-22T00:21:00,LINE2-M01,302.0,312.2,1648,48.7,193,Running,True,7457
7458,2026-06-22T00:23:00,LINE1-M02,299.0,308.0,1862,52.9,195,Maintenance,False,7458
7459,2026-06-22T00:27:00,LINE1-M01,298.6,307.9,1353,47.8,200,Running,True,7459
7460,2026-06-22T00:33:00,LINE2-M01,302.4,310.8,1560,39.5,202,Running,True,7460
7461,2026-06-22T00:35:00,LINE1-M01,303.2,312.5,1289,37.0,204,Running,True,7461
7462,2026-06-22T00:37:00,LINE3-M02,302.8,313.7,1281,36.7,207,Running,True,7462
7463,2026-06-22T00:40:00,LINE3-M01,297.0,306.6,1527,32.9,209,Running,True,7463
7464,2026-06-22T00:43:00,LINE1-M01,299.1,307.1,1489,27.3,211,Running,True,7464
7465,2026-06-22T00:47:00,LINE1-M01,302.3,312.9,1335,31.5,216,Running,True,7465
7466,2026-06-22T00:51:00,LINE2-M01,301.4,311.1,1723,57.8,219,Stopped,False,7466
7467,2026-06-22T00:55:00,LINE1-M02,298.9,309.3,1560,40.3,221,Running,True,7467
7468,2026-06-22T00:59:00,LINE3-M01,299.8,310.5,1814,39.1,224,Stopped,False,7468
7469,2026-06-22T01:01:00,LINE2-M01,298.5,308.4,1602,53.3,227,Maintenance,False,7469
7470,2026-06-22T01:04:00,LINE3-M01,298.9,309.7,1284,35.1,230,Maintenance,False,7470
7471,2026-06-22T01:10:00,LINE2-M02,298.9,308.6,1490,43.0,232,Maintenance,True,7471
7472,2026-06-22T01:15:00,LINE1-M01,302.2,312.2,1766,46.5,237,Stopped,True,7472
7473,2026-06-22T01:17:00,LINE1-M02,300.6,310.8,1785,24.1,239,Stopped,False,7473
7474,2026-06-22T01:22:00,LINE2-M01,300.6,310.0,1653,41.3,0,Running,False,7474
7475,2026-06-22T01:27:00,LINE2-M01,299.4,309.9,1613,46.1,3,Running,False,7475
7476,2026-06-22T01:33:00,LINE3-M01,299.3,307.1,1744,49.7,6,Stopped,False,7476
7477,2026-06-22T01:35:00,LINE1-M02,300.7,310.0,1475,49.5,8,Running,True,7477
7478,2026-06-22T01:37:00,LINE2-M02,299.9,311.6,1373,35.1,10,Running,True,7478
7479,2026-06-22T01:42:00,LINE3-M02,304.7,316.4,1640,35.4,13,Running,True,7479
7480,2026-06-22T01:45:00,LINE2-M02,301.7,311.2,1261,61.4,16,Running,True,7480
7481,2026-06-22T01:50:00,LINE3-M02,296.8,308.2,1774,36.2,18,Running,True,7481
7482,2026-06-22T01:54:00,LINE2-M02,298.5,308.0,1688,28.2,23,Running,True,7482
7483,2026-06-22T01:57:00,LINE1-M01,298.9,310.1,1183,32.7,26,Running,True,7483
7484,2026-06-22T02:00:00,LINE3-M01,300.5,311.2,1667,40.3,29,Running,True,7484
7485,2026-06-22T02:04:00,LINE2-M02,302.2,311.8,1469,28.3,31,Running,True,7485
7486,2026-06-22T02:08:00,LINE2-M01,300.8,309.3,2070,42.6,36,Stopped,False,7486
7487,2026-06-22T02:11:00,LINE1-M02,302.3,311.0,1579,47.5,38,Running,True,7487
7488,2026-06-22T02:13:00,LINE3-M01,299.3,310.1,1307,40.0,40,Running,True,7488
7489,2026-06-22T02:16:00,LINE1-M02,298.6,307.5,1908,36.0,42,Running,True,7489
7490,2026-06-22T02:21:00,LINE1-M02,300.7,310.4,1630,35.5,44,Running,True,7490
7491,2026-06-22T02:25:00,LINE2-M02,298.5,307.6,1515,64.0,46,Stopped,False,7491
7492,2026-06-22T02:31:00,LINE3-M01,301.8,311.8,1632,36.5,49,Running,True,7492
7493,2026-06-22T02:36:00,LINE2-M02,298.8,308.5,1630,34.2,51,Running,True,7493
7494,2026-06-22T02:40:00,LINE1-M02,299.3,309.1,1666,53.9,56,Maintenance,True,7494
7495,2026-06-22T02:42:00,LINE3-M02,297.4,307.5,1337,24.7,59,Stopped,True,7495
7496,2026-06-22T02:45:00,LINE3-M01,298.8,309.2,1465,38.3,62,Idle,True,7496
7497,2026-06-22T02:48:00,LINE2-M01,300.7,311.4,1549,29.8,65,Idle,True,7497
7498,2026-06-22T02:50:00,LINE3-M02,298.3,309.2,1623,36.5,68,Idle,True,7498
7499,2026-06-22T02:56:00,LINE1-M01,297.5,307.8,1411,51.6,70,Running,True,7499
7500,2026-06-22T03:02:00,LINE1-M02,298.9,309.1,1718,47.0,75,Running,True,7500
7501,2026-06-22T03:04:00,LINE3-M02,300.7,309.8,1879,37.6,77,Running,True,7501
7502,2026-06-22T03:09:00,LINE1-M02,299.4,308.9,1363,48.6,79,Running,True,7502
7503,2026-06-22T03:12:00,LINE2-M01,298.3,308.7,1703,30.4,84,Running,True,7503
7504,2026-06-22T03:14:00,LINE3-M02,299.1,309.3,1480,33.9,86,Running,True,7504
7505,2026-06-22T03:20:00,LINE1-M02,299.8,309.8,1714,36.3,88,Running,True,7505
7506,2026-06-22T03:22:00,LINE3-M02,296.1,307.1,1413,36.7,90,Running,True,7506
7507,2026-06-22T03:25:00,LINE1-M02,299.9,308.8,1504,35.1,93,Running,True,7507
7508,2026-06-22T03:28:00,LINE1-M01,301.3,312.1,1328,37.9,96,Running,True,7508
7509,2026-06-22T03:30:00,LINE2-M02,295.2,305.1,1440,38.5,98,Running,True,7509
7510,2026-06-22T03:36:00,LINE2-M01,301.2,310.3,1302,49.3,103,Running,True,7510
7511,2026-06-22T03:38:00,LINE3-M02,299.9,309.3,1420,39.9,105,Running,True,7511
7512,2026-06-22T03:44:00,LINE3-M01,296.8,305.6,1688,39.1,108,Running,True,7512
7513,2026-06-22T03:46:00,LINE2-M01,299.2,308.6,1299,42.8,111,Idle,True,7513
7514,2026-06-22T03:52:00,LINE3-M02,300.1,308.4,1655,54.2,113,Stopped,False,7514
7515,2026-06-22T03:54:00,LINE3-M01,297.6,307.9,1396,46.6,118,Running,True,7515
7516,2026-06-22T03:59:00,LINE2-M02,300.6,312.1,1168,19.8,121,Stopped,False,7516
7517,2026-06-22T04:04:00,LINE2-M01,301.2,313.0,1357,27.4,124,Running,True,7517
7518,2026-06-22T04:09:00,LINE1-M01,300.7,310.4,1913,44.1,126,Running,True,7518
7519,2026-06-22T04:12:00,LINE3-M02,302.8,311.2,1781,27.9,128,Running,True,7519
7520,2026-06-22T04:15:00,LINE2-M01,296.9,304.9,1865,41.6,131,Running,True,7520
7521,2026-06-22T04:18:00,LINE2-M01,300.6,310.2,1839,26.8,133,Running,True,7521
7522,2026-06-22T04:20:00,LINE2-M01,299.6,308.7,1317,22.5,135,Maintenance,True,7522
7523,2026-06-22T04:26:00,LINE1-M02,301.4,311.7,1279,53.2,137,Running,True,7523
7524,2026-06-22T04:29:00,LINE3-M02,300.6,310.7,1250,45.0,139,Running,True,7524
7525,2026-06-22T04:32:00,LINE3-M02,301.0,311.0,1583,39.1,142,Running,True,7525
7526,2026-06-22T04:35:00,LINE1-M01,299.7,308.9,1168,61.5,144,Running,True,7526
7527,2026-06-22T04:39:00,LINE2-M02,296.9,305.8,1625,50.8,146,Running,True,7527
7528,2026-06-22T04:45:00,LINE3-M01,297.4,308.0,1467,50.5,148,Running,True,7528
7529,2026-06-22T04:51:00,LINE2-M02,300.2,310.2,1990,37.3,150,Running,True,7529
7530,2026-06-22T04:54:00,LINE3-M01,301.3,311.1,1237,34.3,152,Running,True,7530
7531,2026-06-22T04:59:00,LINE2-M01,299.3,309.4,1246,40.2,157,Running,True,7531
7532,2026-06-22T05:01:00,LINE1-M01,298.6,308.1,1369,54.0,159,Running,True,7532
7533,2026-06-22T05:06:00,LINE3-M01,300.0,310.0,1168,35.4,161,Running,True,7533
7534,2026-06-22T05:09:00,LINE3-M01,299.0,309.5,1503,44.6,164,Idle,True,7534
7535,2026-06-22T05:12:00,LINE3-M01,300.2,311.8,1241,50.8,166,Running,True,7535
7536,2026-06-22T05:17:00,LINE1-M01,300.5,310.0,1613,41.5,168,Running,True,7536
7537,2026-06-22T05:21:00,LINE3-M01,302.0,313.7,1855,21.3,173,Running,True,7537
7538,2026-06-22T05:23:00,LINE1-M01,305.4,314.9,1314,49.4,175,Running,True,7538
7539,2026-06-22T05:28:00,LINE2-M01,298.2,309.6,1535,28.6,180,Running,True,7539
7540,2026-06-22T05:30:00,LINE3-M02,298.3,310.0,1698,42.6,182,Running,True,7540
7541,2026-06-22T05:33:00,LINE3-M01,300.4,309.3,1576,36.0,185,Idle,True,7541
7542,2026-06-22T05:35:00,LINE2-M02,301.4,312.1,1550,29.5,187,Running,True,7542
7543,2026-06-22T05:41:00,LINE3-M02,300.1,310.2,1460,41.1,192,Running,True,7543
7544,2026-06-22T05:45:00,LINE2-M01,302.1,311.6,1407,28.8,195,Running,True,7544
7545,2026-06-22T05:50:00,LINE1-M02,298.0,309.1,1312,29.8,198,Running,True,7545
7546,2026-06-22T05:52:00,LINE3-M02,300.5,309.8,1519,44.0,200,Running,True,7546
7547,2026-06-22T05:55:00,LINE3-M02,299.4,308.1,1553,45.1,202,Running,True,7547
7548,2026-06-22T05:58:00,LINE3-M02,301.6,311.0,2131,27.2,204,Running,True,7548
7549,2026-06-22T06:03:00,LINE1-M02,301.7,311.7,1521,42.0,206,Running,True,7549
7550,2026-06-22T06:05:00,LINE1-M01,302.0,310.8,1526,27.4,211,Idle,True,7550
7551,2026-06-22T06:11:00,LINE2-M01,302.4,311.5,1450,60.2,213,Maintenance,True,7551
7552,2026-06-22T06:13:00,LINE3-M01,300.2,311.5,1471,51.1,216,Maintenance,False,7552
7553,2026-06-22T06:18:00,LINE1-M02,300.2,311.7,1311,37.5,218,Idle,True,7553
7554,2026-06-22T06:20:00,LINE3-M02,296.6,307.1,1372,48.0,220,Maintenance,False,7554
7555,2026-06-22T06:25:00,LINE1-M02,304.7,315.4,1682,45.0,223,Running,True,7555
7556,2026-06-22T06:29:00,LINE1-M01,302.8,312.2,1591,29.6,226,Running,True,7556
7557,2026-06-22T06:34:00,LINE3-M01,304.3,314.7,1856,24.1,228,Maintenance,False,7557
7558,2026-06-22T06:39:00,LINE2-M01,298.0,306.8,1394,53.2,231,Maintenance,True,7558
7559,2026-06-22T06:42:00,LINE2-M02,296.8,308.5,1181,28.8,233,Maintenance,False,7559
7560,2026-06-22T06:44:00,LINE3-M02,303.0,311.8,1392,56.7,235,Stopped,False,7560
7561,2026-06-22T06:50:00,LINE3-M02,301.1,311.1,1168,51.7,240,Maintenance,False,7561
7562,2026-06-22T06:53:00,LINE3-M01,299.0,308.6,1482,47.8,0,Idle,True,7562
7563,2026-06-22T06:59:00,LINE3-M01,298.7,309.2,1854,37.7,5,Running,True,7563
7564,2026-06-22T07:03:00,LINE1-M01,300.7,311.1,1771,34.3,10,Running,True,7564
7565,2026-06-22T07:09:00,LINE1-M01,297.9,307.1,1661,44.8,13,Running,True,7565
7566,2026-06-22T07:13:00,LINE3-M01,303.3,312.9,1560,34.6,16,Running,True,7566
7567,2026-06-22T07:15:00,LINE1-M01,302.6,312.8,1669,34.7,19,Running,True,7567
7568,2026-06-22T07:21:00,LINE1-M01,297.7,307.8,1310,49.9,21,Running,True,7568
7569,2026-06-22T07:27:00,LINE2-M02,303.1,312.6,1349,53.6,26,Running,True,7569
7570,2026-06-22T07:32:00,LINE3-M01,297.4,310.3,1168,39.1,28,Running,True,7570
7571,2026-06-22T07:38:00,LINE1-M01,300.4,310.1,1459,41.8,31,Running,True,7571
7572,2026-06-22T07:40:00,LINE2-M02,298.1,307.8,1725,36.2,33,Idle,True,7572
7573,2026-06-22T07:45:00,LINE2-M01,299.3,309.5,1909,37.1,36,Running,True,7573
7574,2026-06-22T07:47:00,LINE1-M02,303.0,312.4,1567,43.2,41,Running,True,7574
7575,2026-06-22T07:52:00,LINE2-M02,298.4,308.7,1340,44.1,44,Running,True,7575
7576,2026-06-22T07:56:00,LINE2-M01,299.5,309.8,1466,44.6,46,Idle,True,7576
7577,2026-06-22T07:59:00,LINE3-M01,298.1,307.9,1506,36.6,48,Running,True,7577
7578,2026-06-22T08:04:00,LINE2-M01,299.7,309.6,1279,43.8,53,Running,True,7578
7579,2026-06-22T08:06:00,LINE3-M01,300.9,311.7,1597,38.7,55,Running,True,7579
7580,2026-06-22T08:11:00,LINE3-M01,299.9,310.1,1995,33.3,58,Idle,False,7580
7581,2026-06-22T08:16:00,LINE2-M01,298.9,309.4,1346,30.4,63,Running,True,7581
7582,2026-06-22T08:19:00,LINE2-M01,297.1,308.0,1472,24.6,66,Running,True,7582
7583,2026-06-22T08:22:00,LINE1-M01,298.6,308.3,1168,53.7,69,Idle,True,7583
7584,2026-06-22T08:28:00,LINE2-M01,303.1,313.1,1168,48.1,72,Running,True,7584
7585,2026-06-22T08:30:00,LINE3-M02,298.9,309.7,1640,27.8,74,Idle,True,7585
7586,2026-06-22T08:36:00,LINE2-M01,297.1,306.5,2077,41.6,77,Stopped,False,7586
7587,2026-06-22T08:40:00,LINE3-M02,299.5,309.5,1491,43.3,80,Running,False,7587
7588,2026-06-22T08:42:00,LINE1-M02,302.5,312.9,1520,43.8,82,Running,True,7588
7589,2026-06-22T08:47:00,LINE3-M01,299.2,308.6,1529,59.6,84,Stopped,False,7589
7590,2026-06-22T08:53:00,LINE1-M02,300.0,309.6,1449,41.0,86,Running,True,7590
7591,2026-06-22T08:59:00,LINE2-M01,301.2,310.8,1356,38.3,89,Idle,True,7591
7592,2026-06-22T09:01:00,LINE2-M01,300.3,308.6,1505,39.2,94,Idle,True,7592
7593,2026-06-22T09:03:00,LINE2-M02,302.3,313.2,1470,41.1,97,Idle,True,7593
7594,2026-06-22T09:09:00,LINE3-M01,299.5,311.7,1487,43.1,100,Running,True,7594
7595,2026-06-22T09:15:00,LINE1-M01,298.7,307.9,1985,34.1,103,Running,True,7595
7596,2026-06-22T09:21:00,LINE1-M02,297.5,307.0,1168,40.5,106,Running,True,7596
7597,2026-06-22T09:24:00,LINE3-M02,298.6,309.2,1208,36.5,109,Running,True,7597
7598,2026-06-22T09:27:00,LINE2-M02,301.6,309.4,1414,51.3,114,Running,True,7598
7599,2026-06-22T09:30:00,LINE2-M02,297.4,308.1,1497,33.0,119,Running,True,7599
7600,2026-06-22T09:34:00,LINE1-M02,299.8,308.9,1168,59.9,121,Running,True,7600
7601,2026-06-22T09:37:00,LINE1-M02,301.1,309.3,1702,30.6,123,Running,True,7601
7602,2026-06-22T09:39:00,LINE2-M01,296.8,306.1,1335,33.4,125,Running,True,7602
7603,2026-06-22T09:44:00,LINE3-M02,300.5,309.6,1955,44.6,128,Stopped,True,7603
7604,2026-06-22T09:49:00,LINE2-M02,302.6,314.5,1690,33.4,130,Running,True,7604
7605,2026-06-22T09:53:00,LINE1-M01,303.7,314.1,1507,42.7,133,Running,True,7605
7606,2026-06-22T09:57:00,LINE3-M01,298.5,311.6,1750,30.5,135,Running,True,7606
7607,2026-06-22T10:03:00,LINE3-M02,296.5,305.1,1483,49.2,138,Running,True,7607
7608,2026-06-22T10:06:00,LINE2-M01,300.0,312.3,1507,49.8,141,Idle,True,7608
7609,2026-06-22T10:10:00,LINE1-M01,296.9,306.7,1426,46.1,144,Running,True,7609
7610,2026-06-22T10:15:00,LINE3-M01,304.0,313.6,1340,26.8,149,Running,True,7610
7611,2026-06-22T10:19:00,LINE3-M02,298.7,310.3,1536,57.9,151,Maintenance,True,7611
7612,2026-06-22T10:21:00,LINE1-M02,297.5,306.2,1919,38.6,153,Running,True,7612
7613,2026-06-22T10:23:00,LINE2-M02,300.0,311.9,1381,44.7,155,Running,True,7613
7614,2026-06-22T10:29:00,LINE2-M02,298.4,309.1,1314,44.7,157,Running,True,7614
7615,2026-06-22T10:34:00,LINE2-M02,299.2,310.4,1273,53.0,160,Running,True,7615
7616,2026-06-22T10:38:00,LINE3-M01,298.6,309.5,1464,41.3,162,Running,True,7616
7617,2026-06-22T10:42:00,LINE1-M02,299.8,310.2,1280,34.0,164,Idle,True,7617
7618,2026-06-22T10:47:00,LINE1-M01,298.3,308.0,1168,57.6,166,Running,True,7618
7619,2026-06-22T10:52:00,LINE2-M01,302.6,312.5,1168,27.4,168,Maintenance,True,7619
7620,2026-06-22T10:58:00,LINE3-M01,301.5,311.1,1667,45.0,173,Running,True,7620
7621,2026-06-22T11:04:00,LINE2-M01,298.2,307.8,1573,55.1,176,Maintenance,True,7621
7622,2026-06-22T11:07:00,LINE3-M02,298.7,309.2,1867,39.0,178,Idle,True,7622
7623,2026-06-22T11:10:00,LINE3-M02,298.8,309.2,1772,46.0,180,Running,True,7623
7624,2026-06-22T11:12:00,LINE3-M02,301.9,311.5,1642,32.9,182,Running,True,7624
7625,2026-06-22T11:18:00,LINE1-M02,295.8,307.6,1348,27.8,187,Running,True,7625
7626,2026-06-22T11:20:00,LINE2-M01,299.9,310.5,1717,33.2,189,Running,True,7626
7627,2026-06-22T11:23:00,LINE3-M01,298.6,308.1,1723,48.7,191,Running,True,7627
7628,2026-06-22T11:26:00,LINE3-M02,296.9,306.9,1365,32.4,193,Running,True,7628
7629,2026-06-22T11:28:00,LINE2-M02,299.3,310.1,1808,41.6,195,Running,True,7629
7630,2026-06-22T11:31:00,LINE3-M02,302.5,312.2,1202,36.5,198,Running,True,7630
7631,2026-06-22T11:33:00,LINE1-M02,296.1,306.8,1798,38.4,200,Idle,True,7631
7632,2026-06-22T11:37:00,LINE3-M01,303.4,311.8,1607,59.1,202,Stopped,False,7632
7633,2026-06-22T11:43:00,LINE2-M02,297.0,307.8,1508,34.6,204,Running,True,7633
7634,2026-06-22T11:49:00,LINE1-M02,303.3,314.0,1689,49.0,206,Running,True,7634
7635,2026-06-22T11:55:00,LINE2-M02,302.7,312.3,1668,40.7,208,Idle,True,7635
7636,2026-06-22T12:01:00,LINE1-M01,301.3,311.1,1542,38.9,211,Running,True,7636
7637,2026-06-22T12:04:00,LINE2-M02,299.8,309.3,1168,44.3,216,Stopped,True,7637
7638,2026-06-22T12:07:00,LINE2-M02,301.6,311.1,1758,41.2,218,Stopped,False,7638
7639,2026-06-22T12:13:00,LINE3-M01,298.4,308.5,1168,33.9,221,Stopped,False,7639
7640,2026-06-22T12:19:00,LINE3-M01,299.4,310.6,1493,26.9,223,Running,True,7640
7641,2026-06-22T12:21:00,LINE1-M01,300.0,308.8,1415,48.6,225,Maintenance,False,7641
7642,2026-06-22T12:27:00,LINE2-M02,299.0,308.6,1356,44.6,230,Running,True,7642
7643,2026-06-22T12:29:00,LINE2-M02,300.7,310.5,1715,26.9,233,Stopped,False,7643
7644,2026-06-22T12:35:00,LINE1-M02,300.1,310.2,1486,43.6,235,Maintenance,False,7644
7645,2026-06-22T12:39:00,LINE1-M01,300.3,310.2,1726,33.8,237,Idle,True,7645
7646,2026-06-22T12:41:00,LINE1-M01,299.6,308.5,1712,39.3,240,Stopped,False,7646
7647,2026-06-22T12:43:00,LINE3-M02,301.3,311.1,1654,40.3,0,Maintenance,False,7647
7648,2026-06-22T12:49:00,LINE3-M02,298.8,308.0,1448,50.1,2,Running,True,7648
7649,2026-06-22T12:51:00,LINE3-M01,304.4,313.2,1638,51.2,7,Running,True,7649
7650,2026-06-22T12:56:00,LINE2-M01,300.3,309.5,1390,38.1,10,Running,True,7650
7651,2026-06-22T13:01:00,LINE1-M01,301.0,309.8,1329,45.5,15,Running,True,7651
7652,2026-06-22T13:03:00,LINE3-M01,298.8,308.9,1316,40.5,20,Running,True,7652
7653,2026-06-22T13:05:00,LINE2-M01,300.8,308.2,1695,38.2,25,Idle,True,7653
7654,2026-06-22T13:10:00,LINE2-M02,299.5,308.2,1532,37.0,27,Idle,True,7654
7655,2026-06-22T13:13:00,LINE3-M01,301.7,311.1,1466,38.5,32,Running,True,7655
7656,2026-06-22T13:16:00,LINE2-M01,303.1,312.4,1666,51.6,34,Stopped,False,7656
7657,2026-06-22T13:20:00,LINE1-M01,305.0,313.8,1168,48.5,37,Running,True,7657
7658,2026-06-22T13:24:00,LINE1-M02,304.7,316.3,1489,30.9,40,Running,True,7658
7659,2026-06-22T13:28:00,LINE2-M01,298.3,309.0,1695,50.1,42,Running,True,7659
7660,2026-06-22T13:31:00,LINE2-M01,301.2,310.2,1860,37.5,45,Running,True,7660
7661,2026-06-22T13:36:00,LINE1-M01,300.8,310.1,1330,35.4,48,Running,True,7661
7662,2026-06-22T13:39:00,LINE1-M01,301.6,312.1,1608,57.0,50,Stopped,False,7662
7663,2026-06-22T13:41:00,LINE1-M01,301.5,310.2,1466,25.6,52,Running,True,7663
7664,2026-06-22T13:47:00,LINE2-M01,301.9,312.5,1671,42.9,55,Running,True,7664
7665,2026-06-22T13:52:00,LINE2-M02,299.8,309.6,1476,21.3,57,Maintenance,False,7665
7666,2026-06-22T13:55:00,LINE2-M02,301.1,311.2,1566,37.6,60,Running,True,7666
7667,2026-06-22T13:58:00,LINE1-M01,299.3,310.0,1337,32.2,65,Running,True,7667
7668,2026-06-22T14:02:00,LINE2-M01,302.1,311.9,1482,30.8,68,Running,True,7668
7669,2026-06-22T14:06:00,LINE1-M01,297.9,308.7,1549,49.5,70,Running,True,7669
7670,2026-06-22T14:12:00,LINE1-M01,304.0,312.8,1412,46.2,72,Running,True,7670
7671,2026-06-22T14:17:00,LINE1-M02,302.6,312.3,1357,34.7,77,Idle,True,7671
7672,2026-06-22T14:23:00,LINE1-M01,299.5,308.3,1484,24.0,79,Running,True,7672
7673,2026-06-22T14:25:00,LINE3-M01,302.0,311.1,1168,66.6,81,Running,True,7673
7674,2026-06-22T14:30:00,LINE1-M01,301.4,310.8,1670,37.7,83,Running,True,7674
7675,2026-06-22T14:34:00,LINE3-M02,301.2,311.0,1594,42.6,88,Running,True,7675
7676,2026-06-22T14:37:00,LINE3-M01,299.0,311.0,1469,27.5,90,Running,True,7676
7677,2026-06-22T14:40:00,LINE1-M01,298.1,310.1,1462,43.7,93,Running,True,7677
7678,2026-06-22T14:44:00,LINE1-M01,299.6,310.0,1674,51.1,98,Running,True,7678
7679,2026-06-22T14:50:00,LINE3-M02,303.8,310.8,1189,39.0,100,Stopped,False,7679
7680,2026-06-22T14:55:00,LINE2-M01,299.3,311.2,1460,27.0,105,Running,True,7680
7681,2026-06-22T14:59:00,LINE2-M02,300.7,312.3,1395,34.0,107,Running,True,7681
7682,2026-06-22T15:03:00,LINE2-M02,300.4,311.5,1489,46.7,109,Running,True,7682
7683,2026-06-22T15:05:00,LINE1-M02,299.1,310.2,1480,35.2,111,Running,True,7683
7684,2026-06-22T15:11:00,LINE2-M01,296.7,303.6,1685,50.9,116,Idle,True,7684
7685,2026-06-22T15:14:00,LINE1-M01,301.1,312.0,1236,49.3,118,Running,True,7685
7686,2026-06-22T15:19:00,LINE2-M01,299.5,309.7,2130,42.5,120,Maintenance,False,7686
7687,2026-06-22T15:21:00,LINE1-M02,298.0,308.0,1168,45.5,122,Idle,True,7687
7688,2026-06-22T15:25:00,LINE3-M02,299.7,310.4,1382,34.8,125,Running,True,7688
7689,2026-06-22T15:28:00,LINE3-M01,297.3,307.5,1286,41.7,130,Running,True,7689
7690,2026-06-22T15:30:00,LINE2-M01,295.4,306.0,1369,33.3,132,Idle,True,7690
7691,2026-06-22T15:33:00,LINE3-M01,301.3,312.0,1214,35.4,134,Running,True,7691
7692,2026-06-22T15:38:00,LINE2-M01,301.7,312.4,1508,46.6,136,Running,True,7692
7693,2026-06-22T15:41:00,LINE1-M02,298.3,308.3,1394,53.3,141,Running,True,7693
7694,2026-06-22T15:43:00,LINE2-M02,300.3,309.9,1325,44.9,143,Running,True,7694
7695,2026-06-22T15:45:00,LINE3-M02,303.2,313.9,1518,34.0,145,Idle,True,7695
7696,2026-06-22T15:47:00,LINE2-M01,303.5,313.4,1276,60.2,147,Running,True,7696
7697,2026-06-22T15:51:00,LINE3-M01,297.6,307.6,1269,32.4,149,Running,True,7697
7698,2026-06-22T15:57:00,LINE1-M01,297.4,307.3,1673,35.4,151,Running,True,7698
7699,2026-06-22T16:02:00,LINE1-M02,301.5,310.9,1591,25.5,154,Idle,False,7699
7700,2026-06-22T16:07:00,LINE2-M02,301.1,310.3,1478,42.8,157,Running,True,7700
7701,2026-06-22T16:12:00,LINE2-M01,302.4,311.7,1596,29.4,162,Idle,True,7701
7702,2026-06-22T16:18:00,LINE3-M02,297.1,305.9,1247,36.4,167,Running,True,7702
7703,2026-06-22T16:22:00,LINE2-M01,296.1,305.5,1566,27.5,170,Idle,True,7703
7704,2026-06-22T16:27:00,LINE1-M01,302.2,314.0,1484,51.5,175,Running,True,7704
7705,2026-06-22T16:30:00,LINE2-M02,297.1,306.1,1702,13.4,180,Stopped,False,7705
7706,2026-06-22T16:36:00,LINE3-M02,302.3,311.7,1599,44.2,183,Running,True,7706
7707,2026-06-22T16:42:00,LINE3-M01,299.0,309.4,1754,16.4,188,Stopped,False,7707
7708,2026-06-22T16:46:00,LINE2-M01,304.1,314.2,1408,53.6,190,Running,True,7708
7709,2026-06-22T16:50:00,LINE2-M01,300.9,310.9,1351,50.7,192,Running,True,7709
7710,2026-06-22T16:55:00,LINE1-M02,298.3,309.0,1303,54.0,197,Running,True,7710
7711,2026-06-22T16:58:00,LINE1-M01,297.0,306.8,1473,47.1,202,Running,True,7711
7712,2026-06-22T17:01:00,LINE3-M01,302.1,311.9,1835,6.7,204,Stopped,True,7712
7713,2026-06-22T17:05:00,LINE3-M01,301.6,310.6,1655,33.8,206,Running,True,7713
7714,2026-06-22T17:10:00,LINE3-M02,298.7,308.3,1554,40.4,208,Stopped,True,7714
7715,2026-06-22T17:16:00,LINE3-M01,299.3,308.2,1785,31.8,210,Running,True,7715
7716,2026-06-22T17:19:00,LINE1-M01,298.5,308.4,1470,36.5,213,Idle,True,7716
7717,2026-06-22T17:24:00,LINE2-M02,297.8,307.9,1560,44.3,218,Stopped,False,7717
7718,2026-06-22T17:26:00,LINE1-M02,296.7,306.4,1387,42.7,223,Stopped,False,7718
7719,2026-06-22T17:32:00,LINE1-M02,296.5,304.7,1433,36.4,228,Running,True,7719
7720,2026-06-22T17:34:00,LINE3-M02,298.8,310.7,1168,50.1,230,Stopped,True,7720
7721,2026-06-22T17:39:00,LINE1-M01,300.1,309.3,1239,29.2,232,Maintenance,False,7721
7722,2026-06-22T17:43:00,LINE1-M02,300.5,312.0,1209,32.0,234,Stopped,False,7722
7723,2026-06-22T17:47:00,LINE3-M01,296.1,305.2,1234,43.9,236,Maintenance,True,7723
7724,2026-06-22T17:50:00,LINE3-M01,298.8,307.0,1512,34.2,0,Running,True,7724
7725,2026-06-22T17:53:00,LINE3-M02,300.0,311.4,1805,32.4,2,Running,True,7725
7726,2026-06-22T17:58:00,LINE1-M01,299.2,310.3,1611,34.1,5,Running,True,7726
7727,2026-06-22T18:01:00,LINE1-M01,301.9,312.7,1578,57.3,7,Stopped,False,7727
7728,2026-06-22T18:04:00,LINE3-M01,298.0,308.0,1637,33.7,9,Running,True,7728
7729,2026-06-22T18:06:00,LINE3-M01,299.8,309.5,1450,46.7,11,Running,True,7729
7730,2026-06-22T18:11:00,LINE3-M01,296.6,307.8,1224,30.6,16,Running,True,7730
7731,2026-06-22T18:15:00,LINE2-M01,301.4,311.4,1443,28.7,19,Running,True,7731
7732,2026-06-22T18:20:00,LINE3-M01,299.2,309.2,1589,38.1,24,Idle,True,7732
7733,2026-06-22T18:24:00,LINE3-M02,300.1,309.4,1477,48.2,27,Running,True,7733
7734,2026-06-22T18:26:00,LINE2-M01,297.1,307.8,1653,43.9,30,Running,True,7734
7735,2026-06-22T18:31:00,LINE3-M01,300.3,312.0,1678,45.9,33,Running,True,7735
7736,2026-06-22T18:35:00,LINE2-M02,300.7,309.9,1872,59.8,35,Stopped,True,7736
7737,2026-06-22T18:39:00,LINE1-M02,298.4,308.6,1228,52.2,37,Running,True,7737
7738,2026-06-22T18:41:00,LINE3-M01,297.0,306.3,1481,34.2,39,Running,True,7738
7739,2026-06-22T18:44:00,LINE3-M01,298.0,309.1,1185,60.5,41,Running,True,7739
7740,2026-06-22T18:50:00,LINE3-M02,300.7,312.9,1543,33.4,43,Running,True,7740
7741,2026-06-22T18:52:00,LINE1-M02,301.2,309.4,1384,50.5,45,Running,True,7741
7742,2026-06-22T18:56:00,LINE1-M02,299.5,309.4,1577,46.6,47,Running,True,7742
7743,2026-06-22T19:01:00,LINE1-M01,305.5,315.9,1168,57.9,50,Running,True,7743
7744,2026-06-22T19:05:00,LINE1-M01,300.2,310.3,1168,51.2,55,Running,True,7744
7745,2026-06-22T19:07:00,LINE2-M01,297.0,307.2,1614,33.8,60,Running,True,7745
7746,2026-06-22T19:12:00,LINE3-M02,301.7,312.8,1701,57.1,62,Stopped,False,7746
7747,2026-06-22T19:15:00,LINE3-M02,298.1,308.0,1826,50.6,64,Stopped,False,7747
7748,2026-06-22T19:17:00,LINE2-M02,302.9,312.8,1766,29.6,69,Running,True,7748
7749,2026-06-22T19:21:00,LINE1-M01,299.0,310.0,1788,37.3,74,Running,True,7749
7750,2026-06-22T19:23:00,LINE2-M02,297.2,308.4,1547,34.8,76,Idle,True,7750
7751,2026-06-22T19:28:00,LINE1-M02,297.7,306.9,1256,52.4,81,Running,True,7751
7752,2026-06-22T19:34:00,LINE1-M02,299.8,309.1,1168,39.4,86,Running,True,7752
7753,2026-06-22T19:36:00,LINE1-M01,300.0,309.9,1720,48.4,91,Running,True,7753
7754,2026-06-22T19:39:00,LINE2-M02,300.4,311.8,1277,33.8,93,Idle,False,7754
7755,2026-06-22T19:45:00,LINE3-M02,301.6,312.7,1264,32.7,95,Running,True,7755
7756,2026-06-22T19:50:00,LINE1-M01,299.7,308.3,1875,7.7,97,Stopped,False,7756
7757,2026-06-22T19:52:00,LINE3-M01,299.2,310.0,1862,27.4,99,Running,True,7757
7758,2026-06-22T19:58:00,LINE3-M02,301.7,312.8,1436,23.9,102,Running,True,7758
7759,2026-06-22T20:00:00,LINE2-M02,302.5,313.6,1657,41.9,104,Running,True,7759
7760,2026-06-22T20:04:00,LINE2-M02,301.8,313.2,1565,25.9,109,Idle,True,7760
7761,2026-06-22T20:07:00,LINE2-M01,300.5,310.6,1802,12.6,112,Stopped,False,7761
7762,2026-06-22T20:09:00,LINE3-M02,302.0,312.1,1635,26.3,114,Running,True,7762
7763,2026-06-22T20:13:00,LINE3-M02,301.1,310.4,1712,48.4,117,Running,True,7763
7764,2026-06-22T20:15:00,LINE1-M02,300.0,309.6,1308,55.5,119,Running,True,7764
7765,2026-06-22T20:20:00,LINE3-M01,299.9,309.1,1792,39.9,121,Running,True,7765
7766,2026-06-22T20:26:00,LINE3-M02,298.1,308.4,1772,44.9,123,Running,True,7766
7767,2026-06-22T20:32:00,LINE1-M02,301.7,310.3,1168,23.8,128,Stopped,False,7767
7768,2026-06-22T20:37:00,LINE3-M01,302.8,313.9,1549,39.2,133,Running,True,7768
7769,2026-06-22T20:41:00,LINE2-M01,297.8,308.3,1675,53.2,136,Maintenance,False,7769
7770,2026-06-22T20:46:00,LINE1-M02,303.3,314.2,1704,47.0,141,Running,True,7770
7771,2026-06-22T20:49:00,LINE2-M01,299.4,308.4,1853,45.7,146,Idle,True,7771
7772,2026-06-22T20:52:00,LINE3-M01,299.4,309.5,1289,55.7,151,Running,True,7772
7773,2026-06-22T20:54:00,LINE3-M01,301.1,312.6,1547,39.3,154,Running,True,7773
7774,2026-06-22T21:00:00,LINE3-M02,298.6,308.6,1696,51.8,156,Maintenance,False,7774
7775,2026-06-22T21:04:00,LINE1-M01,299.2,307.8,1393,43.3,158,Running,True,7775
7776,2026-06-22T21:06:00,LINE2-M01,302.3,315.0,1649,29.0,160,Running,True,7776
7777,2026-06-22T21:09:00,LINE2-M01,300.7,308.7,1571,35.3,165,Idle,True,7777
7778,2026-06-22T21:12:00,LINE2-M02,301.7,311.3,1763,25.6,167,Running,True,7778
7779,2026-06-22T21:18:00,LINE3-M01,301.7,310.5,1224,40.3,170,Running,True,7779
7780,2026-06-22T21:21:00,LINE2-M01,299.7,309.8,1471,47.9,175,Running,True,7780
7781,2026-06-22T21:27:00,LINE3-M02,299.8,308.5,1558,41.2,177,Running,True,7781
7782,2026-06-22T21:33:00,LINE2-M01,299.5,308.2,1558,31.0,180,Running,True,7782
7783,2026-06-22T21:36:00,LINE2-M01,300.0,310.6,1168,53.8,183,Running,True,7783
7784,2026-06-22T21:42:00,LINE2-M01,302.8,311.5,1724,50.1,188,Stopped,False,7784
7785,2026-06-22T21:45:00,LINE3-M02,301.8,310.5,1522,28.2,193,Running,True,7785
7786,2026-06-22T21:50:00,LINE3-M01,300.4,310.7,1519,41.5,195,Running,True,7786
7787,2026-06-22T21:52:00,LINE1-M02,297.2,308.3,1168,39.5,198,Running,True,7787
7788,2026-06-22T21:57:00,LINE3-M02,301.4,310.7,1338,56.0,201,Running,True,7788
7789,2026-06-22T21:59:00,LINE1-M01,296.5,307.2,1317,39.2,203,Idle,True,7789
7790,2026-06-22T22:02:00,LINE1-M02,296.3,306.0,1559,47.4,205,Idle,True,7790
7791,2026-06-22T22:05:00,LINE1-M01,299.0,308.5,2185,49.9,207,Stopped,False,7791
7792,2026-06-22T22:10:00,LINE2-M01,302.0,311.3,1495,53.8,209,Stopped,True,7792
7793,2026-06-22T22:14:00,LINE1-M02,299.3,310.3,1694,32.9,211,Running,True,7793
7794,2026-06-22T22:17:00,LINE3-M02,301.0,310.7,1641,33.7,214,Maintenance,False,7794
7795,2026-06-22T22:21:00,LINE1-M02,298.2,307.7,1400,40.6,217,Running,True,7795
7796,2026-06-22T22:24:00,LINE1-M01,301.6,311.1,1677,32.8,220,Running,True,7796
7797,2026-06-22T22:28:00,LINE2-M02,297.6,308.5,1494,36.8,222,Running,True,7797
7798,2026-06-22T22:31:00,LINE2-M02,300.6,310.7,1168,23.8,224,Maintenance,False,7798
7799,2026-06-22T22:37:00,LINE1-M01,299.4,308.9,1479,32.6,229,Stopped,False,7799
7800,2026-06-22T22:42:00,LINE1-M02,301.3,310.7,1287,24.4,231,Stopped,True,7800
7801,2026-06-22T22:48:00,LINE1-M02,299.3,310.8,1620,27.6,234,Stopped,False,7801
7802,2026-06-22T22:53:00,LINE3-M01,297.2,308.7,1168,53.4,237,Stopped,False,7802
7803,2026-06-22T22:59:00,LINE2-M01,299.2,310.4,1689,37.7,0,Running,True,7803
7804,2026-06-22T23:04:00,LINE3-M02,305.3,316.1,1939,34.3,2,Running,True,7804
7805,2026-06-22T23:06:00,LINE1-M01,303.4,312.0,1450,30.3,4,Running,True,7805
7806,2026-06-22T23:10:00,LINE1-M01,298.7,309.1,1975,25.7,7,Running,True,7806
7807,2026-06-22T23:13:00,LINE1-M01,302.0,311.1,1486,50.8,9,Running,True,7807
7808,2026-06-22T23:17:00,LINE2-M01,299.2,308.2,1749,38.8,12,Idle,True,7808
7809,2026-06-22T23:21:00,LINE1-M01,301.3,313.1,1859,35.0,17,Running,True,7809
7810,2026-06-22T23:24:00,LINE1-M01,301.4,310.5,1839,44.8,20,Running,True,7810
7811,2026-06-22T23:29:00,LINE2-M01,299.8,310.2,1572,25.7,23,Running,True,7811
7812,2026-06-22T23:34:00,LINE2-M01,298.4,306.8,1191,55.8,26,Maintenance,True,7812
7813,2026-06-22T23:38:00,LINE3-M01,300.4,311.1,1427,17.2,31,Maintenance,True,7813
7814,2026-06-22T23:40:00,LINE3-M01,299.5,308.6,1598,35.4,33,Running,True,7814
7815,2026-06-22T23:43:00,LINE3-M02,300.1,310.7,1523,26.0,35,Running,True,7815
7816,2026-06-22T23:45:00,LINE2-M02,301.2,311.5,1720,37.4,38,Running,True,7816
7817,2026-06-22T23:47:00,LINE1-M01,298.3,309.9,1386,36.5,40,Running,True,7817
7818,2026-06-22T23:49:00,LINE3-M02,299.0,308.7,1520,45.5,42,Running,True,7818
7819,2026-06-22T23:55:00,LINE3-M01,299.8,310.5,1652,19.6,44,Maintenance,False,7819
7820,2026-06-22T23:59:00,LINE1-M02,301.0,310.1,1562,34.3,47,Idle,True,7820
7821,2026-06-23T00:01:00,LINE2-M01,300.8,310.5,1233,42.5,49,Running,True,7821
7822,2026-06-23T00:06:00,LINE1-M02,299.0,307.3,1508,39.5,52,Running,True,7822
7823,2026-06-23T00:12:00,LINE2-M01,297.6,307.3,1388,42.1,54,Running,True,7823
7824,2026-06-23T00:16:00,LINE1-M02,299.6,309.2,1687,35.3,59,Running,True,7824
7825,2026-06-23T00:18:00,LINE2-M02,299.9,310.5,1502,32.2,61,Running,True,7825
7826,2026-06-23T00:22:00,LINE2-M02,298.3,307.4,1680,41.4,64,Running,True,7826
7827,2026-06-23T00:27:00,LINE2-M02,297.2,306.4,1440,49.4,66,Idle,True,7827
7828,2026-06-23T00:31:00,LINE2-M01,298.3,306.4,1215,33.3,68,Maintenance,False,7828
7829,2026-06-23T00:33:00,LINE1-M01,298.1,307.9,1476,32.9,70,Running,True,7829
7830,2026-06-23T00:36:00,LINE3-M02,301.3,310.7,1265,39.1,75,Running,True,7830
7831,2026-06-23T00:41:00,LINE1-M01,297.5,307.3,1568,43.0,77,Running,True,7831
7832,2026-06-23T00:47:00,LINE3-M02,300.7,311.5,1208,50.8,79,Running,True,7832
7833,2026-06-23T00:50:00,LINE3-M02,298.1,309.4,1712,45.2,82,Running,True,7833
7834,2026-06-23T00:54:00,LINE3-M02,303.2,312.2,1613,43.0,87,Idle,True,7834
7835,2026-06-23T00:58:00,LINE3-M01,303.0,311.6,1472,25.8,89,Running,True,7835
7836,2026-06-23T01:01:00,LINE3-M01,301.1,311.0,1818,29.7,94,Idle,True,7836
7837,2026-06-23T01:03:00,LINE3-M01,299.9,310.4,1304,48.5,99,Running,True,7837
7838,2026-06-23T01:06:00,LINE3-M02,301.2,310.5,1396,36.7,104,Idle,True,7838
7839,2026-06-23T01:08:00,LINE1-M01,299.0,309.2,1258,33.7,107,Running,True,7839
7840,2026-06-23T01:12:00,LINE1-M01,299.6,309.8,1566,50.1,109,Running,True,7840
7841,2026-06-23T01:18:00,LINE3-M01,301.8,311.7,1468,49.3,111,Running,True,7841
7842,2026-06-23T01:22:00,LINE3-M01,299.4,308.4,1480,52.7,113,Running,True,7842
7843,2026-06-23T01:27:00,LINE1-M01,299.0,309.2,1484,53.8,116,Idle,True,7843
7844,2026-06-23T01:31:00,LINE2-M01,301.3,311.6,1969,47.4,118,Stopped,False,7844
7845,2026-06-23T01:33:00,LINE2-M02,298.4,307.3,1451,36.2,123,Running,True,7845
7846,2026-06-23T01:38:00,LINE3-M01,300.9,310.7,1216,35.1,128,Running,True,7846
7847,2026-06-23T01:43:00,LINE1-M01,301.1,311.2,1675,44.2,133,Idle,True,7847
7848,2026-06-23T01:45:00,LINE3-M02,300.1,309.5,1368,35.1,136,Running,True,7848
7849,2026-06-23T01:51:00,LINE3-M02,296.7,307.6,1406,48.1,139,Running,True,7849
7850,2026-06-23T01:56:00,LINE1-M02,300.9,312.2,1168,29.0,142,Running,True,7850
7851,2026-06-23T02:02:00,LINE2-M02,300.2,309.4,2011,34.5,144,Running,True,7851
7852,2026-06-23T02:05:00,LINE2-M01,297.9,309.2,1173,33.4,149,Idle,True,7852
7853,2026-06-23T02:09:00,LINE3-M01,300.4,309.3,1694,41.1,151,Running,False,7853
7854,2026-06-23T02:13:00,LINE3-M02,300.8,311.4,1978,36.7,156,Running,True,7854
7855,2026-06-23T02:16:00,LINE3-M02,299.3,309.7,1959,38.4,161,Running,True,7855
7856,2026-06-23T02:21:00,LINE1-M02,299.1,308.1,1751,44.9,163,Running,True,7856
7857,2026-06-23T02:26:00,LINE2-M02,295.7,304.2,1462,49.5,165,Running,True,7857
7858,2026-06-23T02:30:00,LINE2-M02,299.4,310.5,1711,54.3,170,Stopped,False,7858
7859,2026-06-23T02:35:00,LINE2-M01,298.6,308.4,1313,47.3,172,Running,True,7859
7860,2026-06-23T02:40:00,LINE3-M02,300.2,311.8,1296,30.4,174,Running,True,7860
7861,2026-06-23T02:43:00,LINE2-M02,302.9,311.5,1359,40.2,177,Idle,False,7861
7862,2026-06-23T02:48:00,LINE2-M02,298.9,309.7,1397,37.6,182,Running,True,7862
7863,2026-06-23T02:53:00,LINE3-M01,298.4,308.3,1790,62.6,187,Maintenance,False,7863
7864,2026-06-23T02:56:00,LINE3-M01,302.1,312.7,1654,20.2,189,Stopped,False,7864
7865,2026-06-23T03:01:00,LINE2-M01,300.4,308.3,1323,45.6,192,Maintenance,False,7865
7866,2026-06-23T03:06:00,LINE3-M01,301.6,312.1,1449,32.7,195,Idle,True,7866
7867,2026-06-23T03:08:00,LINE1-M02,300.6,311.1,1562,48.5,200,Running,True,7867
7868,2026-06-23T03:12:00,LINE1-M02,300.4,309.5,1530,57.1,202,Stopped,True,7868
7869,2026-06-23T03:15:00,LINE2-M02,297.4,307.1,1353,52.5,204,Running,True,7869
7870,2026-06-23T03:20:00,LINE2-M01,302.2,313.0,1330,35.3,206,Running,True,7870
7871,2026-06-23T03:25:00,LINE1-M02,297.1,306.3,1219,49.6,208,Running,True,7871
7872,2026-06-23T03:28:00,LINE1-M01,300.7,311.1,1511,42.3,210,Running,True,7872
7873,2026-06-23T03:30:00,LINE3-M02,301.1,311.4,1168,57.7,212,Stopped,False,7873
7874,2026-06-23T03:34:00,LINE2-M02,300.4,310.4,1583,27.0,214,Stopped,False,7874
7875,2026-06-23T03:39:00,LINE2-M01,300.0,309.6,1411,23.8,216,Maintenance,False,7875
7876,2026-06-23T03:44:00,LINE1-M01,301.5,311.9,1563,35.3,218,Maintenance,False,7876
7877,2026-06-23T03:48:00,LINE2-M02,301.2,311.2,1168,33.1,220,Stopped,False,7877
7878,2026-06-23T03:54:00,LINE1-M02,298.3,307.8,1610,18.1,222,Maintenance,False,7878
7879,2026-06-23T03:56:00,LINE1-M01,298.8,308.6,1245,37.2,225,Stopped,True,7879
7880,2026-06-23T04:02:00,LINE1-M01,298.3,307.5,1273,48.9,227,Stopped,False,7880
7881,2026-06-23T04:08:00,LINE2-M01,303.2,313.9,1553,25.2,230,Stopped,False,7881
7882,2026-06-23T04:13:00,LINE3-M01,302.9,312.3,1664,31.0,232,Stopped,False,7882
7883,2026-06-23T04:19:00,LINE3-M01,295.4,305.7,1203,47.2,237,Stopped,False,7883
7884,2026-06-23T04:21:00,LINE3-M01,299.5,307.6,1707,30.0,239,Stopped,False,7884
7885,2026-06-23T04:24:00,LINE2-M02,299.6,307.8,1264,20.7,0,Maintenance,False,7885
7886,2026-06-23T04:28:00,LINE1-M01,296.1,304.4,1560,35.8,2,Running,True,7886
7887,2026-06-23T04:33:00,LINE3-M02,296.5,305.7,1611,32.4,4,Idle,True,7887
7888,2026-06-23T04:39:00,LINE2-M01,298.7,308.2,1168,52.8,6,Running,True,7888
7889,2026-06-23T04:41:00,LINE2-M01,300.8,309.7,1709,36.5,8,Running,True,7889
7890,2026-06-23T04:47:00,LINE1-M02,298.6,308.3,1247,30.9,11,Running,True,7890
7891,2026-06-23T04:53:00,LINE1-M02,297.1,306.8,1898,32.1,13,Running,True,7891
7892,2026-06-23T04:57:00,LINE1-M01,301.2,309.9,1489,35.6,16,Running,True,7892
7893,2026-06-23T05:03:00,LINE3-M01,301.9,311.6,1324,46.4,18,Running,True,7893
7894,2026-06-23T05:09:00,LINE1-M01,298.8,308.6,1628,54.4,20,Maintenance,False,7894
7895,2026-06-23T05:11:00,LINE3-M02,299.8,308.1,1344,50.6,22,Stopped,True,7895
7896,2026-06-23T05:14:00,LINE1-M02,297.7,309.4,1389,35.6,24,Running,True,7896
7897,2026-06-23T05:20:00,LINE1-M01,300.7,310.0,1505,48.5,26,Running,True,7897
7898,2026-06-23T05:26:00,LINE3-M02,298.8,309.2,1321,30.0,28,Running,True,7898
7899,2026-06-23T05:29:00,LINE2-M02,298.7,310.1,1331,47.2,33,Running,True,7899
7900,2026-06-23T05:34:00,LINE2-M01,304.1,312.4,1417,48.8,38,Running,True,7900
7901,2026-06-23T05:37:00,LINE3-M01,300.7,310.7,1716,32.1,41,Running,True,7901
7902,2026-06-23T05:40:00,LINE3-M02,301.2,310.4,1474,45.1,44,Idle,True,7902
7903,2026-06-23T05:43:00,LINE1-M02,298.1,306.8,1906,24.9,46,Running,True,7903
7904,2026-06-23T05:46:00,LINE3-M01,298.9,309.6,1226,40.0,48,Running,False,7904
7905,2026-06-23T05:50:00,LINE3-M02,299.7,310.4,1547,36.4,51,Running,True,7905
7906,2026-06-23T05:56:00,LINE3-M02,303.6,312.4,1366,19.0,56,Maintenance,False,7906
7907,2026-06-23T05:59:00,LINE3-M01,296.1,304.7,1376,24.3,61,Stopped,False,7907
7908,2026-06-23T06:02:00,LINE3-M01,298.9,308.6,1633,37.4,66,Running,True,7908
7909,2026-06-23T06:06:00,LINE3-M01,299.3,308.8,1842,27.7,69,Running,True,7909
7910,2026-06-23T06:09:00,LINE3-M01,298.2,307.5,1730,31.3,71,Running,True,7910
7911,2026-06-23T06:15:00,LINE1-M01,299.2,310.3,1272,37.3,74,Idle,True,7911
7912,2026-06-23T06:21:00,LINE3-M01,296.1,306.0,1466,39.3,76,Running,True,7912
7913,2026-06-23T06:23:00,LINE2-M02,299.8,308.9,1517,32.8,79,Idle,True,7913
7914,2026-06-23T06:28:00,LINE1-M02,300.4,309.6,1292,46.7,82,Running,True,7914
7915,2026-06-23T06:34:00,LINE3-M02,300.2,310.8,1439,31.1,84,Running,False,7915
7916,2026-06-23T06:37:00,LINE3-M02,296.2,306.8,1168,49.8,89,Running,False,7916
7917,2026-06-23T06:40:00,LINE3-M02,299.7,308.5,1520,44.5,92,Idle,True,7917
7918,2026-06-23T06:46:00,LINE3-M01,299.4,309.1,1742,31.0,95,Idle,True,7918
7919,2026-06-23T06:49:00,LINE3-M02,300.3,308.2,1570,42.9,98,Running,True,7919
7920,2026-06-23T06:51:00,LINE2-M02,297.5,307.9,1568,43.3,101,Running,True,7920
7921,2026-06-23T06:54:00,LINE2-M02,296.8,307.0,1697,45.4,104,Running,True,7921
7922,2026-06-23T07:00:00,LINE1-M02,299.1,309.3,1368,57.7,106,Running,True,7922
7923,2026-06-23T07:04:00,LINE3-M02,299.1,309.2,1384,43.6,108,Idle,True,7923
7924,2026-06-23T07:10:00,LINE3-M02,302.1,313.0,1431,29.0,113,Running,True,7924
7925,2026-06-23T07:15:00,LINE2-M02,300.0,310.1,1252,46.7,115,Running,True,7925
7926,2026-06-23T07:17:00,LINE2-M01,299.9,310.1,1484,54.2,120,Running,True,7926
7927,2026-06-23T07:20:00,LINE3-M02,298.5,309.8,1417,51.8,122,Idle,True,7927
7928,2026-06-23T07:24:00,LINE3-M01,297.9,309.3,1619,45.7,127,Idle,True,7928
7929,2026-06-23T07:29:00,LINE2-M01,300.3,310.1,1885,27.0,129,Running,True,7929
7930,2026-06-23T07:31:00,LINE2-M01,298.0,308.5,1460,29.1,132,Running,True,7930
7931,2026-06-23T07:37:00,LINE3-M02,300.3,308.2,1479,32.8,135,Idle,True,7931
7932,2026-06-23T07:42:00,LINE1-M02,301.6,312.8,1697,24.1,137,Idle,True,7932
7933,2026-06-23T07:48:00,LINE1-M01,301.7,311.8,1948,30.8,140,Idle,True,7933
7934,2026-06-23T07:51:00,LINE2-M01,302.7,312.7,1396,21.5,142,Stopped,False,7934
7935,2026-06-23T07:54:00,LINE3-M02,301.9,312.5,1676,51.8,145,Stopped,True,7935
7936,2026-06-23T07:56:00,LINE3-M02,299.0,307.6,1474,46.4,150,Running,True,7936
7937,2026-06-23T07:58:00,LINE1-M01,301.8,312.2,1474,49.3,152,Running,True,7937
7938,2026-06-23T08:04:00,LINE3-M01,298.7,307.6,1630,39.3,157,Running,True,7938
7939,2026-06-23T08:08:00,LINE1-M01,297.9,308.4,1530,31.3,159,Idle,True,7939
7940,2026-06-23T08:12:00,LINE2-M01,300.8,311.3,1186,46.7,161,Idle,True,7940
7941,2026-06-23T08:16:00,LINE3-M02,296.9,306.1,1338,41.1,164,Running,True,7941
7942,2026-06-23T08:20:00,LINE3-M01,300.6,310.6,1703,46.9,166,Running,True,7942
7943,2026-06-23T08:26:00,LINE1-M01,300.2,312.1,1168,42.4,169,Running,True,7943
7944,2026-06-23T08:31:00,LINE1-M02,298.6,308.0,1406,44.8,171,Running,False,7944
7945,2026-06-23T08:36:00,LINE1-M02,300.6,309.5,1845,50.7,173,Maintenance,False,7945
7946,2026-06-23T08:41:00,LINE2-M01,299.8,308.1,1913,12.2,176,Maintenance,False,7946
7947,2026-06-23T08:44:00,LINE3-M01,299.2,308.5,1472,36.5,178,Running,True,7947
7948,2026-06-23T08:50:00,LINE1-M01,300.1,309.5,1661,15.0,180,Stopped,False,7948
7949,2026-06-23T08:54:00,LINE3-M02,300.3,311.7,1583,37.2,182,Running,True,7949
7950,2026-06-23T08:57:00,LINE1-M02,299.6,311.5,1566,45.7,184,Running,True,7950
7951,2026-06-23T09:03:00,LINE1-M01,300.5,308.9,1634,34.4,189,Running,True,7951
7952,2026-06-23T09:08:00,LINE3-M02,296.9,308.2,1638,47.2,192,Running,True,7952
7953,2026-06-23T09:14:00,LINE3-M01,300.0,310.2,1698,45.3,195,Running,True,7953
7954,2026-06-23T09:20:00,LINE2-M02,298.9,309.2,1261,30.3,198,Running,True,7954
7955,2026-06-23T09:25:00,LINE2-M02,300.9,310.6,1250,35.7,200,Running,True,7955
7956,2026-06-23T09:31:00,LINE2-M02,298.7,307.2,1589,29.9,202,Running,True,7956
7957,2026-06-23T09:35:00,LINE2-M02,302.4,312.9,1470,36.5,204,Running,True,7957
7958,2026-06-23T09:37:00,LINE1-M02,303.4,313.6,1454,48.7,206,Running,True,7958
7959,2026-06-23T09:40:00,LINE3-M02,300.2,310.9,1276,55.0,208,Stopped,False,7959
7960,2026-06-23T09:42:00,LINE3-M02,299.2,309.7,1236,50.8,210,Idle,True,7960
7961,2026-06-23T09:44:00,LINE2-M01,298.8,306.6,1479,38.1,212,Running,True,7961
7962,2026-06-23T09:46:00,LINE1-M02,302.4,312.8,1990,37.4,214,Running,True,7962
7963,2026-06-23T09:52:00,LINE1-M01,298.7,307.3,1519,37.3,216,Running,True,7963
7964,2026-06-23T09:54:00,LINE2-M02,299.1,309.4,1397,42.9,221,Running,True,7964
7965,2026-06-23T09:57:00,LINE1-M02,301.5,312.7,1844,18.1,223,Maintenance,False,7965
7966,2026-06-23T10:00:00,LINE1-M02,297.5,309.1,1627,34.7,225,Stopped,False,7966
7967,2026-06-23T10:02:00,LINE3-M02,300.4,311.2,1694,40.9,227,Running,True,7967
7968,2026-06-23T10:05:00,LINE3-M02,300.9,310.2,1168,20.1,229,Maintenance,False,7968
7969,2026-06-23T10:07:00,LINE3-M02,299.0,307.2,1324,46.0,231,Stopped,True,7969
7970,2026-06-23T10:10:00,LINE1-M01,301.6,311.1,1844,34.0,233,Stopped,False,7970
7971,2026-06-23T10:15:00,LINE2-M02,301.1,310.3,1734,22.7,236,Maintenance,False,7971
7972,2026-06-23T10:18:00,LINE1-M01,306.2,315.4,1735,47.2,238,Maintenance,True,7972
7973,2026-06-23T10:24:00,LINE3-M02,299.6,309.5,1711,31.4,0,Running,True,7973
7974,2026-06-23T10:29:00,LINE2-M01,301.6,308.7,1496,19.4,3,Stopped,False,7974
7975,2026-06-23T10:31:00,LINE2-M02,301.1,311.8,1932,36.1,6,Running,True,7975
7976,2026-06-23T10:37:00,LINE2-M02,300.3,311.6,1554,40.5,8,Running,True,7976
7977,2026-06-23T10:40:00,LINE3-M02,300.4,310.6,1196,49.4,11,Running,True,7977
7978,2026-06-23T10:46:00,LINE1-M02,297.6,306.6,1804,24.5,13,Idle,True,7978
7979,2026-06-23T10:48:00,LINE3-M02,299.6,310.0,1983,22.7,18,Running,True,7979
7980,2026-06-23T10:54:00,LINE1-M01,298.7,309.4,1649,49.6,20,Running,True,7980
7981,2026-06-23T10:58:00,LINE2-M01,299.5,309.7,1322,35.9,23,Idle,True,7981
7982,2026-06-23T11:04:00,LINE3-M01,296.3,305.8,1214,45.6,26,Running,True,7982
7983,2026-06-23T11:09:00,LINE3-M02,298.4,307.6,1291,32.6,29,Idle,True,7983
7984,2026-06-23T11:13:00,LINE2-M02,300.5,310.3,1316,38.1,32,Idle,True,7984
7985,2026-06-23T11:19:00,LINE1-M01,300.3,310.3,1427,28.7,35,Idle,True,7985
7986,2026-06-23T11:24:00,LINE2-M02,298.7,309.7,1529,58.5,40,Stopped,False,7986
7987,2026-06-23T11:29:00,LINE2-M01,298.3,307.4,1687,15.3,45,Stopped,False,7987
7988,2026-06-23T11:34:00,LINE3-M01,299.6,308.6,1851,22.8,47,Running,True,7988
7989,2026-06-23T11:36:00,LINE1-M01,296.1,306.7,1536,44.2,49,Running,True,7989
7990,2026-06-23T11:41:00,LINE3-M02,301.1,311.7,1956,29.3,54,Running,True,7990
7991,2026-06-23T11:47:00,LINE2-M01,300.6,311.2,1690,21.0,57,Running,True,7991
7992,2026-06-23T11:53:00,LINE1-M01,300.1,311.0,1403,32.9,60,Running,True,7992
7993,2026-06-23T11:55:00,LINE3-M01,302.1,313.0,1740,30.3,65,Idle,True,7993
7994,2026-06-23T11:57:00,LINE3-M02,299.2,309.1,1605,12.6,68,Stopped,True,7994
7995,2026-06-23T12:01:00,LINE2-M01,299.9,309.0,1522,43.6,73,Running,True,7995
7996,2026-06-23T12:05:00,LINE2-M02,299.6,309.2,1682,60.4,76,Stopped,False,7996
7997,2026-06-23T12:10:00,LINE2-M02,297.3,307.6,1201,49.2,79,Running,True,7997
7998,2026-06-23T12:14:00,LINE3-M01,300.8,312.7,1168,26.6,82,Maintenance,False,7998
7999,2026-06-23T12:18:00,LINE3-M02,304.0,314.5,1377,44.6,87,Running,True,7999
8000,2026-06-23T12:21:00,LINE1-M02,301.0,311.6,1168,45.3,92,Running,True,8000
