defect_id,product_id,defect_type,defect_date,defect_location,severity,inspection_method,repair_cost,failure_mode,machine_id
DEF-00001,L00002,Power Defect,2026-06-01,Electrical Panel,Critical,Automated,1138.02,PWF,LINE1-M02
DEF-00002,M00003,Power Defect,2026-06-01,Drive Motor,Critical,Ultrasonic,1372.21,PWF,LINE3-M02
DEF-00003,H00004,Power Defect,2026-06-01,VFD Unit,Minor,X-Ray,125.71,PWF,LINE2-M02
DEF-00004,L00013,Power Defect,2026-06-01,Drive Motor,Major,Manual,336.99,PWF,LINE3-M01
DEF-00005,M00035,Power Defect,2026-06-01,VFD Unit,Critical,X-Ray,1382.9,PWF,LINE1-M02
DEF-00006,L00038,Power Defect,2026-06-01,Drive Motor,Major,Manual,744.44,PWF,LINE3-M01
DEF-00007,M00045,Power Defect,2026-06-01,Power Supply,Major,Manual,759.07,PWF,LINE2-M01
DEF-00008,H00058,Power Defect,2026-06-01,Electrical Panel,Critical,X-Ray,2215.91,PWF,LINE3-M01
DEF-00009,M00069,Thermal Defect,2026-06-01,Motor Housing,Critical,Ultrasonic,1536.99,HDF,LINE2-M02
DEF-00010,M00071,Tool Damage,2026-06-01,Tool Tip,Major,Manual,563.42,TWF,LINE2-M02
DEF-00011,M00072,Tool Damage,2026-06-01,Spindle Interface,Minor,X-Ray,169.23,TWF,LINE2-M02
DEF-00012,M00074,Tool Damage,2026-06-01,Spindle Interface,Major,Ultrasonic,452.96,TWF,LINE2-M01
DEF-00013,L00075,Tool Damage,2026-06-01,Tool Holder,Major,Automated,423.55,TWF,LINE2-M02
DEF-00014,L00077,Tool Damage,2026-06-01,Spindle Interface,Major,Automated,279.99,TWF,LINE1-M02
DEF-00015,L00078,Tool Damage,2026-06-01,Tool Tip,Critical,Visual,1229.21,TWF,LINE1-M01
DEF-00016,L00096,Thermal Defect,2026-06-01,Bearing Assembly,Critical,Ultrasonic,1506.33,HDF,LINE2-M01
DEF-00017,L00110,Power Defect,2026-06-01,VFD Unit,Critical,Visual,1302.98,PWF,LINE2-M02
DEF-00018,M00111,Thermal Defect,2026-06-01,Cooling System,Critical,X-Ray,2118.76,HDF,LINE2-M01
DEF-00019,L00114,Power Defect,2026-06-01,Electrical Panel,Critical,Manual,2353.88,PWF,LINE1-M01
DEF-00020,M00132,Power Defect,2026-06-01,VFD Unit,Critical,Ultrasonic,2040.34,PWF,LINE3-M01
DEF-00021,L00152,Power Defect,2026-06-01,VFD Unit,Critical,X-Ray,1805.41,PWF,LINE2-M02
DEF-00022,L00153,Tool Damage,2026-06-01,Cutting Edge,Minor,X-Ray,245.47,TWF,LINE2-M02
DEF-00023,H00156,Tool Damage,2026-06-01,Tool Holder,Critical,Manual,1688.67,TWF,LINE3-M01
DEF-00024,L00157,Structural Stress,2026-06-01,Frame Mount,Critical,Manual,1360.47,OSF,LINE2-M02
DEF-00025,L00159,Structural Stress,2026-06-01,Shaft,Major,Ultrasonic,636.56,OSF,LINE1-M01
DEF-00026,L00160,Tool Damage,2026-06-01,Tool Holder,Major,Automated,355.6,TWF,LINE2-M01
DEF-00027,M00162,Tool Damage,2026-06-01,Tool Tip,Minor,Visual,83.11,TWF,LINE3-M02
DEF-00028,L00163,Tool Damage,2026-06-01,Tool Tip,Critical,Automated,1206.59,TWF,LINE2-M01
DEF-00029,M00164,Tool Damage,2026-06-01,Tool Holder,Critical,Manual,1139.49,TWF,LINE3-M02
DEF-00030,L00165,Tool Damage,2026-06-01,Tool Holder,Minor,Manual,66.78,TWF,LINE3-M02
DEF-00031,M00166,Tool Damage,2026-06-01,Tool Tip,Minor,X-Ray,132.98,TWF,LINE3-M01
DEF-00032,L00167,Tool Damage,2026-06-01,Tool Holder,Major,Automated,607.48,TWF,LINE1-M02
DEF-00033,L00168,Tool Damage,2026-06-01,Tool Holder,Major,X-Ray,390.76,TWF,LINE2-M02
DEF-00034,M00178,Thermal Defect,2026-06-01,Bearing Assembly,Minor,Ultrasonic,244.74,HDF,LINE2-M01
DEF-00035,M00189,Thermal Defect,2026-06-01,Bearing Assembly,Major,X-Ray,564.75,HDF,LINE2-M01
DEF-00036,L00194,Power Defect,2026-06-01,Power Supply,Major,X-Ray,526.42,PWF,LINE2-M01
DEF-00037,M00201,Power Defect,2026-06-01,Electrical Panel,Critical,Ultrasonic,1070.88,PWF,LINE3-M02
DEF-00038,M00202,Thermal Defect,2026-06-01,Motor Housing,Major,Ultrasonic,276.76,HDF,LINE2-M01
DEF-00039,L00218,Power Defect,2026-06-01,Power Supply,Critical,Manual,2114.21,PWF,LINE2-M01
DEF-00040,L00234,Power Defect,2026-06-01,Drive Motor,Minor,Automated,154.07,PWF,LINE1-M01
DEF-00041,L00247,Power Defect,2026-06-01,VFD Unit,Major,Ultrasonic,619.24,PWF,LINE3-M01
DEF-00042,L00250,Tool Damage,2026-06-01,Cutting Edge,Major,Visual,457.44,TWF,LINE2-M01
DEF-00043,L00251,Tool Damage,2026-06-01,Cutting Edge,Major,Ultrasonic,354.51,TWF,LINE3-M01
DEF-00044,H00252,Power Defect,2026-06-01,VFD Unit,Major,Manual,606.8,PWF,LINE3-M01
DEF-00045,H00254,Tool Damage,2026-06-01,Spindle Interface,Critical,Automated,2024.02,TWF,LINE2-M01
DEF-00046,M00255,Tool Damage,2026-06-01,Tool Tip,Critical,Ultrasonic,1237.46,TWF,LINE2-M01
DEF-00047,L00256,Tool Damage,2026-06-01,Cutting Edge,Critical,X-Ray,1891.08,TWF,LINE1-M02
DEF-00048,L00257,Tool Damage,2026-06-01,Tool Tip,Major,Manual,255.03,TWF,LINE1-M01
DEF-00049,H00260,Power Defect,2026-06-01,Electrical Panel,Minor,Visual,103.46,PWF,LINE1-M01
DEF-00050,L00273,Power Defect,2026-06-02,VFD Unit,Critical,Ultrasonic,1454.9,PWF,LINE1-M01
DEF-00051,H00279,Power Defect,2026-06-02,Power Supply,Critical,X-Ray,993.61,PWF,LINE2-M02
DEF-00052,M00281,Power Defect,2026-06-02,Electrical Panel,Critical,X-Ray,1440.88,PWF,LINE3-M02
DEF-00053,L00288,Power Defect,2026-06-02,Power Supply,Major,X-Ray,690.03,PWF,LINE2-M01
DEF-00054,L00294,Power Defect,2026-06-02,VFD Unit,Critical,Automated,998.81,PWF,LINE3-M02
DEF-00055,H00299,Power Defect,2026-06-02,Drive Motor,Major,X-Ray,522.42,PWF,LINE2-M01
DEF-00056,L00313,Power Defect,2026-06-02,Power Supply,Major,X-Ray,512.24,PWF,LINE2-M02
DEF-00057,L00318,Power Defect,2026-06-02,Drive Motor,Major,Automated,402.33,PWF,LINE1-M01
DEF-00058,L00327,Power Defect,2026-06-02,VFD Unit,Major,X-Ray,523.03,PWF,LINE3-M01
DEF-00059,H00330,Tool Damage,2026-06-02,Cutting Edge,Major,X-Ray,390.31,TWF,LINE2-M02
DEF-00060,L00331,Structural Stress,2026-06-02,Shaft,Critical,X-Ray,1104.23,OSF,LINE1-M01
DEF-00061,L00333,Structural Stress,2026-06-02,Chuck Assembly,Minor,Manual,143.02,OSF,LINE3-M01
DEF-00062,M00334,Tool Damage,2026-06-02,Spindle Interface,Critical,X-Ray,1212.39,TWF,LINE1-M02
DEF-00063,H00336,Tool Damage,2026-06-02,Cutting Edge,Major,Automated,520.62,TWF,LINE2-M01
DEF-00064,H00337,Tool Damage,2026-06-02,Cutting Edge,Minor,X-Ray,66.98,TWF,LINE1-M01
DEF-00065,H00338,Tool Damage,2026-06-02,Spindle Interface,Major,Ultrasonic,410.42,TWF,LINE3-M02
DEF-00066,M00342,Power Defect,2026-06-02,VFD Unit,Major,Manual,276.92,PWF,LINE1-M01
DEF-00067,L00345,Power Defect,2026-06-02,VFD Unit,Minor,Visual,68.4,PWF,LINE3-M02
DEF-00068,L00350,Power Defect,2026-06-02,Drive Motor,Critical,Manual,1259.74,PWF,LINE2-M02
DEF-00069,L00353,Power Defect,2026-06-02,Drive Motor,Major,Manual,447.33,PWF,LINE3-M02
DEF-00070,M00355,Random/Unknown,2026-06-02,Unspecified,Major,Manual,321.77,RNF,LINE1-M01
DEF-00071,M00376,Power Defect,2026-06-02,Power Supply,Critical,Visual,2330.77,PWF,LINE1-M02
DEF-00072,M00377,Power Defect,2026-06-02,Power Supply,Critical,X-Ray,1143.26,PWF,LINE1-M01
DEF-00073,M00382,Power Defect,2026-06-02,VFD Unit,Major,Manual,261.13,PWF,LINE1-M02
DEF-00074,H00408,Tool Damage,2026-06-02,Spindle Interface,Major,Manual,703.11,TWF,LINE1-M02
DEF-00075,L00410,Tool Damage,2026-06-02,Cutting Edge,Minor,Ultrasonic,74.63,TWF,LINE2-M01
DEF-00076,H00411,Tool Damage,2026-06-02,Tool Tip,Major,Visual,479.23,TWF,LINE3-M01
DEF-00077,L00412,Tool Damage,2026-06-02,Spindle Interface,Major,X-Ray,613.92,TWF,LINE2-M02
DEF-00078,L00414,Tool Damage,2026-06-02,Tool Holder,Major,Visual,475.37,TWF,LINE2-M01
DEF-00079,M00415,Tool Damage,2026-06-02,Tool Tip,Critical,Automated,987.73,TWF,LINE2-M01
DEF-00080,L00416,Tool Damage,2026-06-02,Cutting Edge,Critical,Visual,1249.01,TWF,LINE3-M01
DEF-00081,M00417,Tool Damage,2026-06-02,Tool Holder,Major,Automated,275.24,TWF,LINE1-M02
DEF-00082,M00418,Tool Damage,2026-06-02,Tool Tip,Critical,Manual,1480.43,TWF,LINE2-M02
DEF-00083,L00419,Tool Damage,2026-06-02,Cutting Edge,Critical,Ultrasonic,2235.39,TWF,LINE3-M02
DEF-00084,L00420,Tool Damage,2026-06-02,Tool Holder,Critical,Ultrasonic,2295.92,TWF,LINE2-M02
DEF-00085,M00427,Power Defect,2026-06-02,VFD Unit,Major,X-Ray,685.48,PWF,LINE3-M01
DEF-00086,M00428,Thermal Defect,2026-06-02,Bearing Assembly,Critical,Manual,2104.61,HDF,LINE1-M02
DEF-00087,L00434,Power Defect,2026-06-02,VFD Unit,Critical,X-Ray,1820.93,PWF,LINE2-M01
DEF-00088,M00439,Power Defect,2026-06-02,VFD Unit,Major,Automated,281.13,PWF,LINE3-M02
DEF-00089,M00443,Power Defect,2026-06-02,VFD Unit,Critical,X-Ray,2210.97,PWF,LINE1-M01
DEF-00090,H00454,Power Defect,2026-06-02,Drive Motor,Major,Visual,432.44,PWF,LINE1-M01
DEF-00091,M00455,Power Defect,2026-06-02,Electrical Panel,Minor,Ultrasonic,140.23,PWF,LINE1-M02
DEF-00092,M00457,Power Defect,2026-06-02,Electrical Panel,Major,Ultrasonic,404.83,PWF,LINE1-M01
DEF-00093,M00460,Power Defect,2026-06-02,Electrical Panel,Critical,X-Ray,1384.55,PWF,LINE3-M02
DEF-00094,L00474,Power Defect,2026-06-02,VFD Unit,Critical,Visual,2467.0,PWF,LINE1-M01
DEF-00095,H00475,Power Defect,2026-06-02,Drive Motor,Critical,X-Ray,1421.0,PWF,LINE3-M02
DEF-00096,H00477,Power Defect,2026-06-02,VFD Unit,Critical,X-Ray,1117.74,PWF,LINE1-M01
DEF-00097,L00481,Power Defect,2026-06-02,Power Supply,Major,Ultrasonic,514.92,PWF,LINE3-M01
DEF-00098,L00492,Tool Damage,2026-06-02,Tool Holder,Major,X-Ray,338.99,TWF,LINE3-M02
DEF-00099,M00494,Tool Damage,2026-06-02,Tool Tip,Minor,X-Ray,236.14,TWF,LINE2-M01
DEF-00100,H00497,Tool Damage,2026-06-02,Tool Tip,Critical,X-Ray,1938.43,TWF,LINE2-M01
DEF-00101,L00498,Tool Damage,2026-06-02,Spindle Interface,Major,Manual,570.61,TWF,LINE3-M01
DEF-00102,M00499,Tool Damage,2026-06-02,Spindle Interface,Minor,Manual,161.73,TWF,LINE3-M01
DEF-00103,L00500,Tool Damage,2026-06-02,Spindle Interface,Major,Ultrasonic,673.48,TWF,LINE3-M02
DEF-00104,H00505,Power Defect,2026-06-02,Drive Motor,Critical,Ultrasonic,1843.51,PWF,LINE1-M02
DEF-00105,L00508,Power Defect,2026-06-02,Drive Motor,Critical,Automated,1971.66,PWF,LINE3-M02
DEF-00106,M00509,Power Defect,2026-06-02,VFD Unit,Critical,Manual,1257.99,PWF,LINE3-M01
DEF-00107,M00518,Power Defect,2026-06-02,Electrical Panel,Critical,Manual,2007.74,PWF,LINE3-M02
DEF-00108,L00529,Power Defect,2026-06-02,VFD Unit,Critical,Manual,2159.93,PWF,LINE3-M02
DEF-00109,L00534,Power Defect,2026-06-02,Drive Motor,Major,Visual,699.49,PWF,LINE1-M02
DEF-00110,M00540,Power Defect,2026-06-02,Power Supply,Major,X-Ray,282.88,PWF,LINE1-M02
DEF-00111,L00544,Thermal Defect,2026-06-02,Bearing Assembly,Critical,Automated,1571.93,HDF,LINE2-M01
DEF-00112,M00553,Power Defect,2026-06-02,Power Supply,Critical,X-Ray,1373.77,PWF,LINE2-M02
DEF-00113,L00561,Thermal Defect,2026-06-02,Bearing Assembly,Major,Ultrasonic,441.36,HDF,LINE3-M02
DEF-00114,L00567,Structural Stress,2026-06-02,Chuck Assembly,Critical,Manual,1503.09,OSF,LINE1-M01
DEF-00115,L00569,Thermal Defect,2026-06-02,Heat Exchanger,Major,Visual,719.02,HDF,LINE3-M01
DEF-00116,L00571,Tool Damage,2026-06-02,Tool Holder,Critical,Visual,1621.14,TWF,LINE2-M01
DEF-00117,M00572,Tool Damage,2026-06-02,Cutting Edge,Major,Visual,279.2,TWF,LINE3-M01
DEF-00118,L00573,Tool Damage,2026-06-02,Tool Tip,Critical,X-Ray,1192.99,TWF,LINE3-M02
DEF-00119,L00574,Tool Damage,2026-06-02,Cutting Edge,Major,Visual,759.49,TWF,LINE2-M02
DEF-00120,M00575,Power Defect,2026-06-02,VFD Unit,Minor,Automated,121.08,PWF,LINE3-M02
DEF-00121,L00576,Tool Damage,2026-06-02,Spindle Interface,Major,Automated,555.22,TWF,LINE2-M01
DEF-00122,L00577,Tool Damage,2026-06-02,Tool Holder,Major,Ultrasonic,729.99,TWF,LINE2-M02
DEF-00123,L00578,Structural Stress,2026-06-02,Gearbox,Major,Automated,326.22,OSF,LINE3-M01
DEF-00124,L00580,Tool Damage,2026-06-02,Spindle Interface,Major,Automated,493.65,TWF,LINE1-M02
DEF-00125,L00582,Tool Damage,2026-06-02,Tool Tip,Critical,Manual,2238.44,TWF,LINE1-M01
DEF-00126,L00583,Power Defect,2026-06-02,VFD Unit,Critical,Ultrasonic,825.52,PWF,LINE2-M02
DEF-00127,M00596,Power Defect,2026-06-02,Drive Motor,Critical,X-Ray,1647.69,PWF,LINE1-M01
DEF-00128,M00598,Power Defect,2026-06-02,Drive Motor,Major,X-Ray,270.2,PWF,LINE3-M02
DEF-00129,M00603,Power Defect,2026-06-02,VFD Unit,Critical,Automated,1777.74,PWF,LINE1-M02
DEF-00130,H00609,Power Defect,2026-06-02,VFD Unit,Minor,Ultrasonic,157.39,PWF,LINE2-M02
DEF-00131,L00626,Power Defect,2026-06-03,VFD Unit,Major,Manual,754.5,PWF,LINE2-M01
DEF-00132,L00629,Power Defect,2026-06-03,Drive Motor,Critical,Manual,1620.04,PWF,LINE2-M02
DEF-00133,L00636,Random/Unknown,2026-06-03,Control Board,Major,Visual,310.33,RNF,LINE2-M01
DEF-00134,H00639,Power Defect,2026-06-03,Power Supply,Minor,Visual,181.59,PWF,LINE3-M01
DEF-00135,L00648,Tool Damage,2026-06-03,Spindle Interface,Critical,Manual,1025.32,TWF,LINE1-M02
DEF-00136,L00652,Tool Damage,2026-06-03,Tool Holder,Major,Ultrasonic,511.95,TWF,LINE3-M02
DEF-00137,L00655,Tool Damage,2026-06-03,Tool Holder,Major,X-Ray,662.0,TWF,LINE2-M02
DEF-00138,M00656,Tool Damage,2026-06-03,Cutting Edge,Minor,Ultrasonic,69.54,TWF,LINE3-M01
DEF-00139,H00657,Tool Damage,2026-06-03,Tool Holder,Critical,X-Ray,1916.23,TWF,LINE1-M02
DEF-00140,L00658,Tool Damage,2026-06-03,Tool Holder,Minor,Visual,210.64,TWF,LINE3-M01
DEF-00141,L00666,Power Defect,2026-06-03,VFD Unit,Minor,Visual,123.07,PWF,LINE1-M02
DEF-00142,H00676,Power Defect,2026-06-03,Electrical Panel,Critical,Automated,2144.79,PWF,LINE3-M02
DEF-00143,L00678,Power Defect,2026-06-03,Power Supply,Critical,X-Ray,1206.73,PWF,LINE2-M02
DEF-00144,M00686,Power Defect,2026-06-03,Electrical Panel,Critical,Manual,1573.48,PWF,LINE1-M02
DEF-00145,L00691,Power Defect,2026-06-03,Drive Motor,Critical,Ultrasonic,1775.29,PWF,LINE1-M02
DEF-00146,H00696,Power Defect,2026-06-03,Electrical Panel,Major,Manual,267.99,PWF,LINE3-M02
DEF-00147,H00697,Power Defect,2026-06-03,VFD Unit,Critical,Visual,2407.05,PWF,LINE3-M01
DEF-00148,L00699,Power Defect,2026-06-03,Power Supply,Major,Automated,663.75,PWF,LINE3-M01
DEF-00149,L00709,Power Defect,2026-06-03,Power Supply,Critical,Automated,1242.69,PWF,LINE3-M01
DEF-00150,M00721,Power Defect,2026-06-03,Electrical Panel,Major,Manual,359.59,PWF,LINE2-M02
DEF-00151,L00732,Tool Damage,2026-06-03,Spindle Interface,Major,Automated,441.52,TWF,LINE3-M01
DEF-00152,L00733,Tool Damage,2026-06-03,Tool Holder,Minor,Manual,188.85,TWF,LINE3-M02
DEF-00153,L00734,Tool Damage,2026-06-03,Cutting Edge,Major,Visual,273.38,TWF,LINE1-M01
DEF-00154,L00736,Tool Damage,2026-06-03,Spindle Interface,Major,X-Ray,660.41,TWF,LINE1-M01
DEF-00155,M00737,Tool Damage,2026-06-03,Tool Holder,Critical,Automated,2097.51,TWF,LINE2-M01
DEF-00156,L00738,Tool Damage,2026-06-03,Tool Holder,Major,Ultrasonic,633.97,TWF,LINE1-M01
DEF-00157,H00739,Tool Damage,2026-06-03,Tool Tip,Major,Visual,422.85,TWF,LINE1-M02
DEF-00158,M00741,Tool Damage,2026-06-03,Cutting Edge,Major,Ultrasonic,485.38,TWF,LINE2-M02
DEF-00159,L00742,Tool Damage,2026-06-03,Tool Tip,Critical,Ultrasonic,1002.67,TWF,LINE1-M01
DEF-00160,M00743,Tool Damage,2026-06-03,Tool Tip,Minor,Ultrasonic,74.55,TWF,LINE1-M01
DEF-00161,L00744,Tool Damage,2026-06-03,Spindle Interface,Critical,Automated,1623.71,TWF,LINE3-M02
DEF-00162,L00753,Power Defect,2026-06-03,VFD Unit,Major,Ultrasonic,571.18,PWF,LINE2-M01
DEF-00163,M00756,Power Defect,2026-06-03,Electrical Panel,Major,X-Ray,792.17,PWF,LINE2-M02
DEF-00164,H00757,Power Defect,2026-06-03,VFD Unit,Critical,Manual,1377.22,PWF,LINE2-M01
DEF-00165,L00758,Power Defect,2026-06-03,Power Supply,Major,X-Ray,565.44,PWF,LINE1-M02
DEF-00166,H00769,Power Defect,2026-06-03,VFD Unit,Minor,Ultrasonic,154.39,PWF,LINE3-M01
DEF-00167,L00780,Power Defect,2026-06-03,Power Supply,Critical,X-Ray,2013.06,PWF,LINE1-M02
DEF-00168,H00782,Power Defect,2026-06-03,Drive Motor,Minor,Visual,164.08,PWF,LINE1-M01
DEF-00169,L00783,Power Defect,2026-06-03,VFD Unit,Critical,Automated,1850.61,PWF,LINE3-M01
DEF-00170,L00791,Power Defect,2026-06-03,Drive Motor,Major,X-Ray,454.0,PWF,LINE3-M01
DEF-00171,H00794,Power Defect,2026-06-03,Power Supply,Major,Manual,422.16,PWF,LINE3-M02
DEF-00172,L00795,Power Defect,2026-06-03,Electrical Panel,Critical,Ultrasonic,1078.04,PWF,LINE1-M02
DEF-00173,H00800,Power Defect,2026-06-03,VFD Unit,Major,X-Ray,595.6,PWF,LINE1-M02
DEF-00174,H00808,Power Defect,2026-06-03,Electrical Panel,Major,Manual,293.55,PWF,LINE3-M01
DEF-00175,L00810,Thermal Defect,2026-06-03,Motor Housing,Critical,X-Ray,1230.75,HDF,LINE3-M01
DEF-00176,L00813,Power Defect,2026-06-03,Electrical Panel,Critical,Visual,830.46,PWF,LINE1-M01
DEF-00177,L00820,Power Defect,2026-06-03,Electrical Panel,Critical,Automated,1953.74,PWF,LINE3-M02
DEF-00178,L00821,Structural Stress,2026-06-03,Shaft,Major,Ultrasonic,739.03,OSF,LINE3-M01
DEF-00179,M00822,Tool Damage,2026-06-03,Tool Holder,Major,X-Ray,490.96,TWF,LINE3-M02
DEF-00180,M00824,Tool Damage,2026-06-03,Tool Holder,Minor,X-Ray,84.66,TWF,LINE2-M01
DEF-00181,M00825,Tool Damage,2026-06-03,Spindle Interface,Critical,Automated,2297.54,TWF,LINE1-M02
DEF-00182,M00826,Tool Damage,2026-06-03,Spindle Interface,Major,Manual,517.5,TWF,LINE3-M01
DEF-00183,M00829,Tool Damage,2026-06-03,Tool Tip,Minor,Visual,138.3,TWF,LINE3-M01
DEF-00184,M00834,Thermal Defect,2026-06-03,Cooling System,Major,X-Ray,757.39,HDF,LINE1-M02
DEF-00185,L00835,Power Defect,2026-06-03,VFD Unit,Minor,X-Ray,118.83,PWF,LINE3-M02
DEF-00186,L00836,Thermal Defect,2026-06-03,Bearing Assembly,Critical,Automated,1386.93,HDF,LINE1-M02
DEF-00187,H00838,Power Defect,2026-06-03,VFD Unit,Major,Automated,262.88,PWF,LINE2-M01
DEF-00188,L00839,Power Defect,2026-06-03,Drive Motor,Major,Ultrasonic,318.1,PWF,LINE3-M02
DEF-00189,L00840,Power Defect,2026-06-03,Power Supply,Critical,Manual,2320.38,PWF,LINE3-M01
DEF-00190,L00842,Power Defect,2026-06-03,Electrical Panel,Minor,Automated,227.7,PWF,LINE2-M02
DEF-00191,L00843,Power Defect,2026-06-03,Electrical Panel,Major,Ultrasonic,395.03,PWF,LINE1-M02
DEF-00192,L00852,Power Defect,2026-06-03,Drive Motor,Major,X-Ray,639.07,PWF,LINE3-M02
DEF-00193,M00864,Thermal Defect,2026-06-03,Bearing Assembly,Critical,Manual,1226.51,HDF,LINE3-M02
DEF-00194,H00875,Power Defect,2026-06-03,VFD Unit,Critical,Automated,2254.31,PWF,LINE3-M01
DEF-00195,L00878,Power Defect,2026-06-03,Drive Motor,Critical,Automated,1369.0,PWF,LINE3-M01
DEF-00196,H00892,Power Defect,2026-06-03,Drive Motor,Critical,Ultrasonic,1572.31,PWF,LINE3-M02
DEF-00197,M00897,Power Defect,2026-06-03,Electrical Panel,Critical,Visual,1951.67,PWF,LINE1-M01
DEF-00198,L00900,Tool Damage,2026-06-03,Tool Holder,Major,Manual,411.8,TWF,LINE2-M02
DEF-00199,L00903,Power Defect,2026-06-03,Electrical Panel,Critical,X-Ray,1605.39,PWF,LINE3-M02
DEF-00200,M00904,Tool Damage,2026-06-03,Spindle Interface,Major,Manual,564.25,TWF,LINE1-M01
DEF-00201,L00907,Tool Damage,2026-06-03,Cutting Edge,Minor,Manual,108.9,TWF,LINE2-M01
DEF-00202,L00908,Tool Damage,2026-06-03,Spindle Interface,Major,Automated,387.51,TWF,LINE1-M01
DEF-00203,H00909,Tool Damage,2026-06-03,Cutting Edge,Major,Ultrasonic,473.17,TWF,LINE1-M02
DEF-00204,L00910,Tool Damage,2026-06-03,Tool Tip,Critical,Manual,2087.96,TWF,LINE1-M02
DEF-00205,L00911,Tool Damage,2026-06-03,Tool Holder,Critical,Manual,1036.22,TWF,LINE2-M01
DEF-00206,H00912,Power Defect,2026-06-03,VFD Unit,Critical,Manual,1973.88,PWF,LINE2-M02
DEF-00207,H00920,Power Defect,2026-06-03,Power Supply,Minor,X-Ray,170.97,PWF,LINE3-M02
DEF-00208,L00922,Power Defect,2026-06-03,Electrical Panel,Critical,Automated,1534.53,PWF,LINE2-M02
DEF-00209,L00926,Power Defect,2026-06-03,VFD Unit,Critical,Visual,864.22,PWF,LINE1-M01
DEF-00210,M00927,Power Defect,2026-06-03,Electrical Panel,Minor,Manual,137.54,PWF,LINE2-M02
DEF-00211,L00934,Thermal Defect,2026-06-03,Motor Housing,Critical,Automated,980.01,HDF,LINE2-M01
DEF-00212,M00936,Thermal Defect,2026-06-03,Cooling System,Major,Manual,306.0,HDF,LINE2-M01
DEF-00213,L00944,Power Defect,2026-06-03,Power Supply,Critical,Automated,2151.9,PWF,LINE1-M01
DEF-00214,H00948,Power Defect,2026-06-03,Power Supply,Major,X-Ray,577.35,PWF,LINE1-M02
DEF-00215,M00950,Power Defect,2026-06-03,Electrical Panel,Minor,Ultrasonic,124.85,PWF,LINE1-M02
DEF-00216,L00953,Power Defect,2026-06-03,Drive Motor,Critical,Manual,1212.0,PWF,LINE3-M02
DEF-00217,M00955,Thermal Defect,2026-06-03,Heat Exchanger,Critical,X-Ray,1796.47,HDF,LINE3-M01
DEF-00218,L00973,Structural Stress,2026-06-03,Chuck Assembly,Critical,Ultrasonic,1276.61,OSF,LINE1-M02
DEF-00219,M00974,Power Defect,2026-06-03,Drive Motor,Critical,Manual,1779.15,PWF,LINE3-M01
DEF-00220,L00976,Structural Stress,2026-06-03,Frame Mount,Critical,X-Ray,2250.66,OSF,LINE1-M01
DEF-00221,H00980,Tool Damage,2026-06-03,Tool Holder,Critical,Ultrasonic,1872.83,TWF,LINE3-M02
DEF-00222,L00981,Tool Damage,2026-06-03,Cutting Edge,Critical,Automated,2177.71,TWF,LINE3-M02
DEF-00223,M00982,Tool Damage,2026-06-03,Tool Tip,Major,Ultrasonic,794.67,TWF,LINE3-M02
DEF-00224,L00985,Tool Damage,2026-06-03,Tool Holder,Major,Ultrasonic,682.02,TWF,LINE1-M01
DEF-00225,L00986,Tool Damage,2026-06-03,Spindle Interface,Critical,X-Ray,2466.47,TWF,LINE3-M01
DEF-00226,M00987,Tool Damage,2026-06-03,Tool Tip,Minor,Visual,240.91,TWF,LINE1-M02
DEF-00227,H00988,Tool Damage,2026-06-03,Tool Holder,Minor,Visual,178.28,TWF,LINE3-M02
DEF-00228,M00989,Tool Damage,2026-06-03,Tool Holder,Major,Visual,488.51,TWF,LINE3-M02
DEF-00229,L00992,Power Defect,2026-06-03,Drive Motor,Critical,Visual,2247.47,PWF,LINE2-M01
DEF-00230,M01000,Thermal Defect,2026-06-04,Motor Housing,Critical,Manual,1888.3,HDF,LINE1-M01
DEF-00231,H01006,Power Defect,2026-06-04,Electrical Panel,Major,X-Ray,407.75,PWF,LINE3-M02
DEF-00232,L01007,Power Defect,2026-06-04,Drive Motor,Minor,Automated,98.01,PWF,LINE2-M01
DEF-00233,H01008,Power Defect,2026-06-04,Power Supply,Critical,Ultrasonic,2412.27,PWF,LINE1-M01
DEF-00234,L01013,Power Defect,2026-06-04,Drive Motor,Critical,Ultrasonic,2369.2,PWF,LINE2-M02
DEF-00235,L01028,Power Defect,2026-06-04,Power Supply,Critical,Visual,2321.68,PWF,LINE2-M01
DEF-00236,L01050,Power Defect,2026-06-04,Drive Motor,Critical,Visual,2147.08,PWF,LINE3-M01
DEF-00237,L01057,Power Defect,2026-06-04,Drive Motor,Major,Manual,407.85,PWF,LINE2-M01
DEF-00238,L01065,Power Defect,2026-06-04,Power Supply,Critical,Ultrasonic,1034.26,PWF,LINE2-M02
DEF-00239,H01067,Tool Damage,2026-06-04,Tool Holder,Major,Ultrasonic,479.07,TWF,LINE1-M01
DEF-00240,H01068,Thermal Defect,2026-06-04,Heat Exchanger,Minor,Visual,72.25,HDF,LINE3-M02
DEF-00241,L01071,Tool Damage,2026-06-04,Cutting Edge,Critical,Ultrasonic,1750.8,TWF,LINE1-M01
DEF-00242,L01072,Tool Damage,2026-06-04,Cutting Edge,Minor,Manual,71.68,TWF,LINE2-M02
DEF-00243,H01073,Tool Damage,2026-06-04,Spindle Interface,Major,Automated,666.09,TWF,LINE2-M01
DEF-00244,L01074,Tool Damage,2026-06-04,Cutting Edge,Critical,Visual,2143.38,TWF,LINE1-M01
DEF-00245,L01075,Tool Damage,2026-06-04,Spindle Interface,Major,Automated,464.85,TWF,LINE1-M02
DEF-00246,H01076,Tool Damage,2026-06-04,Tool Tip,Major,X-Ray,687.84,TWF,LINE2-M02
DEF-00247,M01077,Power Defect,2026-06-04,Power Supply,Critical,Automated,2303.48,PWF,LINE2-M01
DEF-00248,L01079,Power Defect,2026-06-04,Drive Motor,Major,Visual,796.92,PWF,LINE3-M02
DEF-00249,H01094,Power Defect,2026-06-04,Power Supply,Critical,Visual,816.88,PWF,LINE2-M02
DEF-00250,H01096,Power Defect,2026-06-04,Drive Motor,Major,Visual,598.86,PWF,LINE1-M02
DEF-00251,L01097,Power Defect,2026-06-04,Drive Motor,Major,Manual,355.14,PWF,LINE3-M01
DEF-00252,L01107,Power Defect,2026-06-04,Electrical Panel,Critical,Automated,1019.08,PWF,LINE3-M02
DEF-00253,L01114,Power Defect,2026-06-04,Drive Motor,Critical,Automated,2430.67,PWF,LINE2-M02
DEF-00254,L01117,Power Defect,2026-06-04,VFD Unit,Major,Visual,333.79,PWF,LINE3-M02
DEF-00255,L01120,Power Defect,2026-06-04,Power Supply,Critical,Automated,1798.88,PWF,LINE1-M02
DEF-00256,L01121,Power Defect,2026-06-04,VFD Unit,Major,Manual,486.12,PWF,LINE2-M02
DEF-00257,L01137,Power Defect,2026-06-04,Electrical Panel,Critical,Automated,1347.25,PWF,LINE3-M01
DEF-00258,H01143,Power Defect,2026-06-04,Drive Motor,Minor,Ultrasonic,87.41,PWF,LINE3-M01
DEF-00259,M01146,Power Defect,2026-06-04,Drive Motor,Major,Automated,488.46,PWF,LINE1-M02
DEF-00260,M01147,Power Defect,2026-06-04,Electrical Panel,Major,Ultrasonic,374.56,PWF,LINE1-M01
DEF-00261,L01148,Power Defect,2026-06-04,VFD Unit,Major,Visual,408.4,PWF,LINE1-M01
DEF-00262,M01152,Tool Damage,2026-06-04,Spindle Interface,Major,Manual,301.65,TWF,LINE1-M01
DEF-00263,M01155,Tool Damage,2026-06-04,Spindle Interface,Major,Automated,785.31,TWF,LINE1-M02
DEF-00264,L01156,Tool Damage,2026-06-04,Tool Holder,Major,Manual,497.1,TWF,LINE1-M02
DEF-00265,L01157,Tool Damage,2026-06-04,Cutting Edge,Critical,Ultrasonic,1383.57,TWF,LINE2-M02
DEF-00266,H01158,Tool Damage,2026-06-04,Spindle Interface,Major,X-Ray,332.63,TWF,LINE3-M02
DEF-00267,L01159,Tool Damage,2026-06-04,Cutting Edge,Major,Visual,369.53,TWF,LINE3-M01
DEF-00268,H01160,Tool Damage,2026-06-04,Tool Holder,Major,Visual,681.89,TWF,LINE2-M01
DEF-00269,L01161,Power Defect,2026-06-04,Electrical Panel,Major,Ultrasonic,386.8,PWF,LINE1-M01
DEF-00270,M01167,Thermal Defect,2026-06-04,Heat Exchanger,Critical,Ultrasonic,1014.09,HDF,LINE2-M01
DEF-00271,M01177,Power Defect,2026-06-04,Electrical Panel,Major,Visual,611.46,PWF,LINE2-M01
DEF-00272,L01182,Power Defect,2026-06-04,Drive Motor,Major,Visual,472.08,PWF,LINE2-M01
DEF-00273,L01195,Power Defect,2026-06-04,VFD Unit,Critical,Visual,1730.05,PWF,LINE1-M02
DEF-00274,M01198,Power Defect,2026-06-04,Electrical Panel,Minor,Visual,89.23,PWF,LINE2-M02
DEF-00275,L01217,Power Defect,2026-06-04,Drive Motor,Major,Manual,282.22,PWF,LINE2-M01
DEF-00276,L01223,Power Defect,2026-06-04,VFD Unit,Critical,Ultrasonic,1493.83,PWF,LINE1-M02
DEF-00277,L01230,Power Defect,2026-06-04,Power Supply,Minor,X-Ray,215.56,PWF,LINE2-M01
DEF-00278,H01232,Power Defect,2026-06-04,Electrical Panel,Minor,Visual,102.68,PWF,LINE1-M02
DEF-00279,L01233,Tool Damage,2026-06-04,Spindle Interface,Critical,Automated,2337.24,TWF,LINE1-M02
DEF-00280,L01234,Tool Damage,2026-06-04,Cutting Edge,Major,Visual,584.82,TWF,LINE3-M01
DEF-00281,L01238,Tool Damage,2026-06-04,Tool Tip,Major,Manual,529.53,TWF,LINE1-M01
DEF-00282,L01239,Tool Damage,2026-06-04,Spindle Interface,Critical,X-Ray,1158.16,TWF,LINE2-M02
DEF-00283,H01240,Tool Damage,2026-06-04,Spindle Interface,Major,Manual,736.94,TWF,LINE2-M01
DEF-00284,M01241,Tool Damage,2026-06-04,Cutting Edge,Minor,X-Ray,83.77,TWF,LINE1-M01
DEF-00285,L01242,Tool Damage,2026-06-04,Tool Holder,Major,Ultrasonic,652.65,TWF,LINE1-M01
DEF-00286,H01243,Tool Damage,2026-06-04,Cutting Edge,Major,Manual,652.4,TWF,LINE1-M01
DEF-00287,L01251,Power Defect,2026-06-04,Power Supply,Critical,Ultrasonic,1522.27,PWF,LINE2-M01
DEF-00288,L01252,Thermal Defect,2026-06-04,Bearing Assembly,Major,Automated,519.05,HDF,LINE3-M01
DEF-00289,L01254,Power Defect,2026-06-04,Drive Motor,Major,Manual,370.42,PWF,LINE2-M02
DEF-00290,L01297,Power Defect,2026-06-04,Power Supply,Critical,Ultrasonic,1253.28,PWF,LINE1-M02
DEF-00291,M01298,Power Defect,2026-06-04,VFD Unit,Critical,X-Ray,805.48,PWF,LINE2-M01
DEF-00292,L01300,Power Defect,2026-06-04,VFD Unit,Critical,Ultrasonic,817.75,PWF,LINE1-M01
DEF-00293,L01316,Power Defect,2026-06-04,Electrical Panel,Major,Ultrasonic,634.33,PWF,LINE3-M02
DEF-00294,L01317,Tool Damage,2026-06-04,Spindle Interface,Major,Ultrasonic,429.91,TWF,LINE3-M01
DEF-00295,H01319,Tool Damage,2026-06-04,Tool Holder,Minor,Ultrasonic,179.12,TWF,LINE2-M02
DEF-00296,M01320,Tool Damage,2026-06-04,Tool Tip,Major,Ultrasonic,406.73,TWF,LINE1-M01
DEF-00297,M01322,Tool Damage,2026-06-04,Cutting Edge,Minor,Ultrasonic,187.26,TWF,LINE2-M01
DEF-00298,L01323,Tool Damage,2026-06-04,Spindle Interface,Minor,Ultrasonic,231.64,TWF,LINE2-M01
DEF-00299,M01324,Tool Damage,2026-06-04,Spindle Interface,Major,X-Ray,332.71,TWF,LINE3-M02
DEF-00300,H01325,Tool Damage,2026-06-04,Spindle Interface,Critical,Manual,1424.08,TWF,LINE1-M02
DEF-00301,M01326,Tool Damage,2026-06-04,Cutting Edge,Critical,X-Ray,1351.88,TWF,LINE2-M02
DEF-00302,M01328,Thermal Defect,2026-06-04,Bearing Assembly,Major,Visual,704.06,HDF,LINE3-M02
DEF-00303,H01333,Thermal Defect,2026-06-04,Bearing Assembly,Critical,Automated,831.82,HDF,LINE2-M01
DEF-00304,H01335,Power Defect,2026-06-04,Drive Motor,Major,Manual,463.97,PWF,LINE3-M02
DEF-00305,L01336,Thermal Defect,2026-06-04,Bearing Assembly,Critical,Manual,1089.02,HDF,LINE2-M02
DEF-00306,L01337,Thermal Defect,2026-06-04,Motor Housing,Minor,Manual,155.92,HDF,LINE1-M01
DEF-00307,L01351,Thermal Defect,2026-06-04,Bearing Assembly,Critical,Manual,919.62,HDF,LINE2-M01
DEF-00308,H01356,Power Defect,2026-06-05,Power Supply,Critical,Automated,1810.53,PWF,LINE2-M02
DEF-00309,L01361,Power Defect,2026-06-05,Electrical Panel,Critical,Automated,1902.24,PWF,LINE3-M01
DEF-00310,L01362,Power Defect,2026-06-05,Drive Motor,Minor,Automated,171.73,PWF,LINE2-M01
DEF-00311,M01385,Power Defect,2026-06-05,Electrical Panel,Critical,Automated,2461.2,PWF,LINE2-M02
DEF-00312,L01394,Structural Stress,2026-06-05,Shaft,Minor,Ultrasonic,239.7,OSF,LINE1-M01
DEF-00313,L01395,Tool Damage,2026-06-05,Spindle Interface,Major,X-Ray,720.57,TWF,LINE2-M01
DEF-00314,M01397,Tool Damage,2026-06-05,Spindle Interface,Critical,Automated,1356.68,TWF,LINE1-M01
DEF-00315,L01399,Tool Damage,2026-06-05,Tool Tip,Critical,Ultrasonic,1446.71,TWF,LINE1-M02
DEF-00316,L01400,Tool Damage,2026-06-05,Cutting Edge,Critical,Automated,2031.68,TWF,LINE1-M01
DEF-00317,H01401,Thermal Defect,2026-06-05,Motor Housing,Major,Ultrasonic,791.83,HDF,LINE1-M02
DEF-00318,M01402,Tool Damage,2026-06-05,Spindle Interface,Minor,Manual,70.01,TWF,LINE3-M01
DEF-00319,M01405,Tool Damage,2026-06-05,Tool Holder,Major,Automated,344.83,TWF,LINE1-M01
DEF-00320,H01406,Tool Damage,2026-06-05,Spindle Interface,Major,Visual,395.85,TWF,LINE1-M01
DEF-00321,M01407,Tool Damage,2026-06-05,Tool Holder,Major,Automated,579.18,TWF,LINE2-M01
DEF-00322,L01408,Tool Damage,2026-06-05,Tool Tip,Major,Automated,790.85,TWF,LINE1-M02
DEF-00323,M01409,Power Defect,2026-06-05,Drive Motor,Minor,Ultrasonic,158.0,PWF,LINE3-M01
DEF-00324,L01410,Power Defect,2026-06-05,Drive Motor,Critical,Ultrasonic,939.72,PWF,LINE3-M01
DEF-00325,L01411,Power Defect,2026-06-05,VFD Unit,Major,Automated,785.68,PWF,LINE3-M01
DEF-00326,L01414,Power Defect,2026-06-05,Electrical Panel,Major,Ultrasonic,699.34,PWF,LINE2-M02
DEF-00327,H01416,Power Defect,2026-06-05,VFD Unit,Critical,Visual,2255.56,PWF,LINE2-M01
DEF-00328,L01421,Power Defect,2026-06-05,Power Supply,Minor,X-Ray,236.13,PWF,LINE1-M02
DEF-00329,L01429,Power Defect,2026-06-05,Electrical Panel,Minor,Manual,191.95,PWF,LINE2-M01
DEF-00330,L01434,Thermal Defect,2026-06-05,Heat Exchanger,Minor,X-Ray,178.54,HDF,LINE3-M02
DEF-00331,L01437,Power Defect,2026-06-05,Drive Motor,Critical,Ultrasonic,2365.14,PWF,LINE3-M01
DEF-00332,L01441,Power Defect,2026-06-05,Power Supply,Critical,Manual,2086.16,PWF,LINE2-M01
DEF-00333,L01455,Power Defect,2026-06-05,Electrical Panel,Critical,Automated,1816.16,PWF,LINE1-M02
DEF-00334,H01467,Power Defect,2026-06-05,Electrical Panel,Major,Automated,745.13,PWF,LINE3-M01
DEF-00335,L01479,Thermal Defect,2026-06-05,Motor Housing,Minor,Ultrasonic,111.95,HDF,LINE3-M01
DEF-00336,H01481,Tool Damage,2026-06-05,Tool Holder,Critical,X-Ray,1630.51,TWF,LINE1-M02
DEF-00337,H01482,Thermal Defect,2026-06-05,Heat Exchanger,Major,Ultrasonic,309.67,HDF,LINE1-M02
DEF-00338,H01484,Tool Damage,2026-06-05,Cutting Edge,Major,X-Ray,328.52,TWF,LINE1-M02
DEF-00339,H01485,Tool Damage,2026-06-05,Spindle Interface,Major,Ultrasonic,757.01,TWF,LINE1-M02
DEF-00340,L01486,Tool Damage,2026-06-05,Spindle Interface,Major,Ultrasonic,594.97,TWF,LINE3-M01
DEF-00341,H01487,Tool Damage,2026-06-05,Cutting Edge,Critical,Visual,1339.84,TWF,LINE2-M01
DEF-00342,L01488,Tool Damage,2026-06-05,Tool Tip,Major,Visual,378.51,TWF,LINE3-M01
DEF-00343,L01490,Power Defect,2026-06-05,Electrical Panel,Major,X-Ray,380.72,PWF,LINE3-M02
DEF-00344,M01496,Power Defect,2026-06-05,Electrical Panel,Minor,Manual,71.73,PWF,LINE2-M02
DEF-00345,L01499,Power Defect,2026-06-05,Electrical Panel,Major,Manual,321.81,PWF,LINE1-M02
DEF-00346,L01500,Power Defect,2026-06-05,Drive Motor,Major,Manual,279.01,PWF,LINE3-M01
DEF-00347,H01502,Thermal Defect,2026-06-05,Cooling System,Critical,Ultrasonic,2296.95,HDF,LINE2-M02
DEF-00348,H01510,Power Defect,2026-06-05,Drive Motor,Major,X-Ray,729.62,PWF,LINE2-M02
DEF-00349,M01543,Thermal Defect,2026-06-05,Heat Exchanger,Critical,Manual,2096.04,HDF,LINE2-M01
DEF-00350,M01546,Power Defect,2026-06-05,Electrical Panel,Major,Manual,552.57,PWF,LINE1-M01
DEF-00351,H01549,Thermal Defect,2026-06-05,Bearing Assembly,Minor,Ultrasonic,159.02,HDF,LINE1-M02
DEF-00352,L01551,Power Defect,2026-06-05,Power Supply,Major,X-Ray,333.95,PWF,LINE1-M01
DEF-00353,L01559,Tool Damage,2026-06-05,Tool Tip,Minor,Ultrasonic,116.79,TWF,LINE3-M02
DEF-00354,L01560,Power Defect,2026-06-05,Power Supply,Critical,Visual,1933.94,PWF,LINE2-M02
DEF-00355,L01561,Tool Damage,2026-06-05,Tool Tip,Critical,X-Ray,1315.86,TWF,LINE1-M01
DEF-00356,L01562,Tool Damage,2026-06-05,Cutting Edge,Major,Manual,403.99,TWF,LINE1-M01
DEF-00357,M01564,Tool Damage,2026-06-05,Spindle Interface,Major,Manual,737.54,TWF,LINE1-M01
DEF-00358,L01565,Tool Damage,2026-06-05,Tool Tip,Major,Ultrasonic,523.58,TWF,LINE3-M02
DEF-00359,H01566,Tool Damage,2026-06-05,Spindle Interface,Critical,Automated,1254.38,TWF,LINE1-M01
DEF-00360,H01567,Tool Damage,2026-06-05,Tool Holder,Major,Visual,518.69,TWF,LINE3-M02
DEF-00361,M01575,Thermal Defect,2026-06-05,Bearing Assembly,Major,Automated,467.23,HDF,LINE3-M02
DEF-00362,L01577,Thermal Defect,2026-06-05,Bearing Assembly,Major,Manual,383.01,HDF,LINE3-M01
DEF-00363,L01599,Thermal Defect,2026-06-05,Heat Exchanger,Major,Automated,598.37,HDF,LINE2-M01
DEF-00364,L01607,Power Defect,2026-06-05,Drive Motor,Major,Manual,589.0,PWF,LINE3-M01
DEF-00365,H01608,Thermal Defect,2026-06-05,Motor Housing,Critical,Manual,1762.23,HDF,LINE2-M02
DEF-00366,M01613,Power Defect,2026-06-05,Drive Motor,Major,Visual,791.13,PWF,LINE2-M01
DEF-00367,L01614,Power Defect,2026-06-05,Electrical Panel,Critical,Ultrasonic,1251.69,PWF,LINE2-M02
DEF-00368,M01619,Power Defect,2026-06-05,Electrical Panel,Critical,Automated,2442.88,PWF,LINE2-M01
DEF-00369,L01627,Thermal Defect,2026-06-05,Cooling System,Major,Visual,627.57,HDF,LINE2-M01
DEF-00370,M01630,Power Defect,2026-06-05,VFD Unit,Major,Visual,788.54,PWF,LINE1-M01
DEF-00371,H01640,Power Defect,2026-06-05,VFD Unit,Critical,X-Ray,2073.88,PWF,LINE3-M02
DEF-00372,L01643,Thermal Defect,2026-06-05,Motor Housing,Critical,Ultrasonic,1903.42,HDF,LINE1-M02
DEF-00373,L01647,Tool Damage,2026-06-05,Cutting Edge,Critical,Automated,1082.11,TWF,LINE2-M02
DEF-00374,L01648,Tool Damage,2026-06-05,Tool Tip,Critical,Manual,1367.87,TWF,LINE2-M01
DEF-00375,L01650,Structural Stress,2026-06-05,Chuck Assembly,Critical,Ultrasonic,2202.01,OSF,LINE3-M01
DEF-00376,L01652,Structural Stress,2026-06-05,Chuck Assembly,Minor,Automated,135.38,OSF,LINE1-M01
DEF-00377,L01654,Tool Damage,2026-06-05,Tool Tip,Minor,Manual,124.42,TWF,LINE3-M02
DEF-00378,M01655,Tool Damage,2026-06-05,Spindle Interface,Minor,X-Ray,154.01,TWF,LINE3-M02
DEF-00379,L01656,Tool Damage,2026-06-05,Tool Tip,Major,Visual,648.35,TWF,LINE1-M01
DEF-00380,L01657,Tool Damage,2026-06-05,Tool Holder,Critical,Visual,1222.85,TWF,LINE2-M02
DEF-00381,L01658,Tool Damage,2026-06-05,Cutting Edge,Minor,Manual,174.61,TWF,LINE3-M02
DEF-00382,L01659,Power Defect,2026-06-05,Power Supply,Major,Ultrasonic,315.02,PWF,LINE2-M02
DEF-00383,H01662,Thermal Defect,2026-06-05,Motor Housing,Minor,Manual,76.7,HDF,LINE3-M02
DEF-00384,M01666,Power Defect,2026-06-05,Electrical Panel,Critical,Manual,1981.34,PWF,LINE1-M02
DEF-00385,L01688,Power Defect,2026-06-05,VFD Unit,Major,Automated,678.27,PWF,LINE3-M01
DEF-00386,L01691,Power Defect,2026-06-05,VFD Unit,Major,Visual,356.79,PWF,LINE3-M01
DEF-00387,H01718,Power Defect,2026-06-06,Electrical Panel,Major,Visual,403.63,PWF,LINE3-M02
DEF-00388,L01732,Structural Stress,2026-06-06,Chuck Assembly,Critical,X-Ray,875.09,OSF,LINE3-M01
DEF-00389,L01733,Power Defect,2026-06-06,VFD Unit,Minor,Visual,95.87,PWF,LINE3-M01
DEF-00390,M01736,Tool Damage,2026-06-06,Tool Holder,Minor,Manual,73.58,TWF,LINE1-M01
DEF-00391,M01737,Tool Damage,2026-06-06,Tool Tip,Critical,Visual,1706.15,TWF,LINE3-M02
DEF-00392,L01740,Tool Damage,2026-06-06,Tool Holder,Minor,Ultrasonic,217.12,TWF,LINE1-M02
DEF-00393,L01741,Tool Damage,2026-06-06,Cutting Edge,Minor,X-Ray,197.4,TWF,LINE2-M02
DEF-00394,L01742,Tool Damage,2026-06-06,Cutting Edge,Critical,Automated,2343.6,TWF,LINE2-M01
DEF-00395,L01744,Tool Damage,2026-06-06,Tool Tip,Minor,Visual,153.59,TWF,LINE1-M02
DEF-00396,M01745,Tool Damage,2026-06-06,Cutting Edge,Major,Visual,266.48,TWF,LINE3-M01
DEF-00397,L01747,Thermal Defect,2026-06-06,Heat Exchanger,Critical,Automated,2138.69,HDF,LINE3-M01
DEF-00398,M01749,Thermal Defect,2026-06-06,Cooling System,Minor,Manual,65.32,HDF,LINE3-M01
DEF-00399,M01753,Power Defect,2026-06-06,Drive Motor,Critical,Ultrasonic,2040.32,PWF,LINE1-M02
DEF-00400,L01782,Power Defect,2026-06-06,Power Supply,Major,Manual,346.53,PWF,LINE2-M01
DEF-00401,L01804,Power Defect,2026-06-06,Drive Motor,Critical,Visual,1369.23,PWF,LINE1-M01
DEF-00402,L01805,Power Defect,2026-06-06,Electrical Panel,Major,Ultrasonic,426.77,PWF,LINE2-M01
DEF-00403,L01812,Thermal Defect,2026-06-06,Cooling System,Critical,Visual,972.82,HDF,LINE3-M01
DEF-00404,M01815,Power Defect,2026-06-06,Drive Motor,Critical,Visual,1472.5,PWF,LINE2-M02
DEF-00405,L01821,Power Defect,2026-06-06,Electrical Panel,Critical,Ultrasonic,838.96,PWF,LINE3-M02
DEF-00406,L01823,Structural Stress,2026-06-06,Chuck Assembly,Minor,Manual,86.09,OSF,LINE1-M01
DEF-00407,L01824,Tool Damage,2026-06-06,Spindle Interface,Critical,Ultrasonic,978.33,TWF,LINE1-M02
DEF-00408,H01825,Tool Damage,2026-06-06,Cutting Edge,Major,X-Ray,782.9,TWF,LINE1-M01
DEF-00409,L01827,Tool Damage,2026-06-06,Tool Tip,Major,X-Ray,712.97,TWF,LINE1-M01
DEF-00410,L01828,Tool Damage,2026-06-06,Cutting Edge,Major,Visual,531.71,TWF,LINE3-M02
DEF-00411,L01831,Tool Damage,2026-06-06,Tool Tip,Major,X-Ray,785.35,TWF,LINE1-M02
DEF-00412,M01832,Structural Stress,2026-06-06,Gearbox,Major,Manual,715.03,OSF,LINE2-M02
DEF-00413,L01839,Power Defect,2026-06-06,Electrical Panel,Minor,Automated,202.3,PWF,LINE2-M02
DEF-00414,L01842,Power Defect,2026-06-06,Electrical Panel,Critical,Manual,1344.75,PWF,LINE3-M02
DEF-00415,L01843,Power Defect,2026-06-06,Drive Motor,Critical,Visual,2201.36,PWF,LINE1-M01
DEF-00416,L01849,Power Defect,2026-06-06,Power Supply,Major,Automated,399.43,PWF,LINE1-M02
DEF-00417,M01856,Power Defect,2026-06-06,VFD Unit,Minor,Manual,73.15,PWF,LINE3-M01
DEF-00418,L01862,Power Defect,2026-06-06,VFD Unit,Critical,X-Ray,812.04,PWF,LINE3-M01
DEF-00419,M01887,Power Defect,2026-06-06,Electrical Panel,Minor,Ultrasonic,81.48,PWF,LINE1-M01
DEF-00420,H01905,Tool Damage,2026-06-06,Cutting Edge,Minor,Automated,152.84,TWF,LINE2-M02
DEF-00421,M01906,Tool Damage,2026-06-06,Tool Tip,Major,X-Ray,518.94,TWF,LINE3-M02
DEF-00422,M01908,Tool Damage,2026-06-06,Tool Holder,Major,Manual,279.64,TWF,LINE2-M01
DEF-00423,L01913,Tool Damage,2026-06-06,Tool Tip,Major,Visual,706.88,TWF,LINE2-M02
DEF-00424,L01914,Tool Damage,2026-06-06,Cutting Edge,Major,Visual,263.71,TWF,LINE1-M02
DEF-00425,L01915,Tool Damage,2026-06-06,Tool Holder,Minor,X-Ray,102.54,TWF,LINE2-M02
DEF-00426,L01916,Tool Damage,2026-06-06,Cutting Edge,Critical,Manual,2133.58,TWF,LINE1-M02
DEF-00427,L01917,Power Defect,2026-06-06,Electrical Panel,Critical,Automated,1830.39,PWF,LINE3-M01
DEF-00428,L01918,Tool Damage,2026-06-06,Tool Tip,Major,Ultrasonic,410.94,TWF,LINE1-M02
DEF-00429,L01919,Tool Damage,2026-06-06,Spindle Interface,Major,Ultrasonic,707.0,TWF,LINE1-M01
DEF-00430,H01943,Thermal Defect,2026-06-06,Motor Housing,Minor,Manual,232.0,HDF,LINE2-M02
DEF-00431,H01946,Power Defect,2026-06-06,Drive Motor,Critical,Ultrasonic,871.11,PWF,LINE3-M01
DEF-00432,H01949,Power Defect,2026-06-06,VFD Unit,Critical,Visual,1661.43,PWF,LINE3-M01
DEF-00433,M01951,Thermal Defect,2026-06-06,Bearing Assembly,Major,Visual,510.96,HDF,LINE1-M02
DEF-00434,M01955,Power Defect,2026-06-06,VFD Unit,Major,Automated,684.05,PWF,LINE2-M02
DEF-00435,L01962,Power Defect,2026-06-06,VFD Unit,Critical,X-Ray,2453.1,PWF,LINE1-M01
DEF-00436,H01982,Thermal Defect,2026-06-06,Heat Exchanger,Major,Manual,335.25,HDF,LINE3-M02
DEF-00437,M01985,Thermal Defect,2026-06-06,Cooling System,Major,Visual,685.79,HDF,LINE1-M01
DEF-00438,L01987,Tool Damage,2026-06-06,Cutting Edge,Major,Visual,346.65,TWF,LINE3-M01
DEF-00439,M01989,Tool Damage,2026-06-06,Cutting Edge,Minor,Manual,124.53,TWF,LINE3-M02
DEF-00440,M01990,Tool Damage,2026-06-06,Cutting Edge,Major,Ultrasonic,530.68,TWF,LINE3-M01
DEF-00441,M01991,Tool Damage,2026-06-06,Cutting Edge,Major,Visual,621.95,TWF,LINE2-M01
DEF-00442,L01992,Tool Damage,2026-06-06,Tool Tip,Minor,Ultrasonic,115.88,TWF,LINE1-M01
DEF-00443,H01993,Tool Damage,2026-06-06,Cutting Edge,Major,Visual,397.77,TWF,LINE2-M01
DEF-00444,L01994,Tool Damage,2026-06-06,Tool Tip,Major,X-Ray,428.16,TWF,LINE2-M02
DEF-00445,H01996,Tool Damage,2026-06-06,Tool Tip,Major,X-Ray,472.89,TWF,LINE2-M01
DEF-00446,M02002,Thermal Defect,2026-06-06,Bearing Assembly,Minor,Manual,142.11,HDF,LINE2-M01
DEF-00447,H02008,Power Defect,2026-06-06,VFD Unit,Critical,Ultrasonic,1173.25,PWF,LINE2-M01
DEF-00448,L02011,Power Defect,2026-06-06,VFD Unit,Major,Visual,464.22,PWF,LINE1-M01
DEF-00449,L02019,Power Defect,2026-06-06,VFD Unit,Critical,Manual,920.23,PWF,LINE1-M02
DEF-00450,L02026,Power Defect,2026-06-06,VFD Unit,Critical,Visual,2392.76,PWF,LINE2-M01
DEF-00451,L02032,Power Defect,2026-06-06,VFD Unit,Major,Ultrasonic,440.86,PWF,LINE1-M02
DEF-00452,H02034,Thermal Defect,2026-06-06,Heat Exchanger,Critical,Automated,1422.47,HDF,LINE1-M02
DEF-00453,L02036,Power Defect,2026-06-06,VFD Unit,Critical,Visual,877.53,PWF,LINE3-M01
DEF-00454,L02040,Thermal Defect,2026-06-06,Heat Exchanger,Minor,X-Ray,159.5,HDF,LINE3-M01
DEF-00455,H02052,Power Defect,2026-06-06,Drive Motor,Minor,Manual,154.13,PWF,LINE1-M02
DEF-00456,H02063,Power Defect,2026-06-06,VFD Unit,Major,X-Ray,286.32,PWF,LINE2-M02
DEF-00457,L02064,Power Defect,2026-06-06,Drive Motor,Critical,Manual,1877.87,PWF,LINE3-M01
DEF-00458,H02066,Power Defect,2026-06-06,Drive Motor,Minor,Ultrasonic,133.59,PWF,LINE1-M02
DEF-00459,L02069,Power Defect,2026-06-06,Drive Motor,Critical,Ultrasonic,2463.08,PWF,LINE3-M01
DEF-00460,L02071,Power Defect,2026-06-06,Drive Motor,Major,Ultrasonic,727.75,PWF,LINE3-M02
DEF-00461,M02075,Tool Damage,2026-06-07,Cutting Edge,Major,Manual,479.26,TWF,LINE2-M02
DEF-00462,M02076,Tool Damage,2026-06-07,Cutting Edge,Minor,Manual,216.8,TWF,LINE2-M01
DEF-00463,H02077,Tool Damage,2026-06-07,Cutting Edge,Minor,X-Ray,184.7,TWF,LINE2-M01
DEF-00464,H02079,Tool Damage,2026-06-07,Spindle Interface,Critical,Automated,1175.03,TWF,LINE1-M01
DEF-00465,L02080,Tool Damage,2026-06-07,Tool Holder,Critical,Visual,1217.39,TWF,LINE3-M02
DEF-00466,M02084,Power Defect,2026-06-07,Power Supply,Critical,Visual,2340.11,PWF,LINE2-M02
DEF-00467,M02118,Thermal Defect,2026-06-07,Motor Housing,Major,Manual,462.36,HDF,LINE3-M02
DEF-00468,M02120,Power Defect,2026-06-07,VFD Unit,Major,Visual,431.47,PWF,LINE2-M01
DEF-00469,M02123,Power Defect,2026-06-07,Power Supply,Major,X-Ray,419.11,PWF,LINE3-M01
DEF-00470,H02125,Power Defect,2026-06-07,Power Supply,Major,Automated,688.84,PWF,LINE3-M02
DEF-00471,H02134,Power Defect,2026-06-07,VFD Unit,Critical,X-Ray,2056.5,PWF,LINE1-M02
DEF-00472,M02136,Power Defect,2026-06-07,VFD Unit,Minor,Manual,51.59,PWF,LINE3-M02
DEF-00473,M02137,Power Defect,2026-06-07,VFD Unit,Minor,X-Ray,112.8,PWF,LINE1-M01
DEF-00474,L02139,Power Defect,2026-06-07,Drive Motor,Major,Ultrasonic,417.94,PWF,LINE2-M02
DEF-00475,L02143,Thermal Defect,2026-06-07,Cooling System,Minor,Visual,164.2,HDF,LINE3-M02
DEF-00476,L02147,Structural Stress,2026-06-07,Shaft,Major,Automated,325.0,OSF,LINE1-M01
DEF-00477,M02156,Tool Damage,2026-06-07,Cutting Edge,Major,Automated,451.64,TWF,LINE1-M02
DEF-00478,H02158,Tool Damage,2026-06-07,Tool Tip,Critical,X-Ray,1028.55,TWF,LINE1-M01
DEF-00479,H02159,Tool Damage,2026-06-07,Cutting Edge,Minor,Ultrasonic,63.54,TWF,LINE1-M01
DEF-00480,M02160,Tool Damage,2026-06-07,Tool Holder,Minor,Visual,212.77,TWF,LINE2-M01
DEF-00481,M02161,Tool Damage,2026-06-07,Spindle Interface,Minor,Ultrasonic,166.34,TWF,LINE2-M02
DEF-00482,M02162,Tool Damage,2026-06-07,Cutting Edge,Major,Visual,770.6,TWF,LINE1-M01
DEF-00483,M02163,Tool Damage,2026-06-07,Tool Tip,Major,Manual,733.27,TWF,LINE3-M01
DEF-00484,M02164,Tool Damage,2026-06-07,Tool Holder,Critical,Manual,2215.09,TWF,LINE2-M01
DEF-00485,M02165,Tool Damage,2026-06-07,Tool Holder,Major,Manual,622.7,TWF,LINE2-M02
DEF-00486,M02166,Tool Damage,2026-06-07,Tool Tip,Major,X-Ray,438.78,TWF,LINE1-M01
DEF-00487,L02171,Power Defect,2026-06-07,Drive Motor,Major,Automated,310.17,PWF,LINE1-M02
DEF-00488,M02183,Thermal Defect,2026-06-07,Motor Housing,Critical,Automated,1093.01,HDF,LINE2-M01
DEF-00489,L02185,Power Defect,2026-06-07,Power Supply,Critical,Automated,1263.44,PWF,LINE1-M01
DEF-00490,M02187,Power Defect,2026-06-07,Electrical Panel,Critical,Manual,1649.16,PWF,LINE3-M01
DEF-00491,L02192,Power Defect,2026-06-07,Drive Motor,Major,Manual,629.6,PWF,LINE1-M01
DEF-00492,L02195,Power Defect,2026-06-07,Drive Motor,Critical,Visual,2050.1,PWF,LINE3-M02
DEF-00493,L02198,Power Defect,2026-06-07,VFD Unit,Major,X-Ray,640.38,PWF,LINE3-M01
DEF-00494,L02216,Thermal Defect,2026-06-07,Motor Housing,Major,Visual,527.24,HDF,LINE3-M02
DEF-00495,L02218,Power Defect,2026-06-07,Power Supply,Critical,X-Ray,2146.97,PWF,LINE3-M01
DEF-00496,L02222,Thermal Defect,2026-06-07,Heat Exchanger,Critical,X-Ray,2216.79,HDF,LINE2-M02
DEF-00497,M02227,Power Defect,2026-06-07,Power Supply,Critical,Ultrasonic,992.1,PWF,LINE3-M01
DEF-00498,L02232,Power Defect,2026-06-07,VFD Unit,Minor,Ultrasonic,208.63,PWF,LINE1-M01
DEF-00499,L02238,Power Defect,2026-06-07,VFD Unit,Critical,Automated,1090.65,PWF,LINE3-M01
DEF-00500,H02240,Tool Damage,2026-06-07,Spindle Interface,Critical,Ultrasonic,1818.79,TWF,LINE2-M01
DEF-00501,M02241,Power Defect,2026-06-07,VFD Unit,Critical,Visual,1545.21,PWF,LINE2-M02
DEF-00502,M02244,Tool Damage,2026-06-07,Tool Tip,Minor,Visual,246.08,TWF,LINE1-M02
DEF-00503,L02246,Tool Damage,2026-06-07,Tool Holder,Major,Manual,474.73,TWF,LINE2-M02
DEF-00504,M02247,Power Defect,2026-06-07,VFD Unit,Major,Ultrasonic,353.4,PWF,LINE2-M01
DEF-00505,L02248,Tool Damage,2026-06-07,Tool Holder,Major,Automated,792.82,TWF,LINE1-M02
DEF-00506,M02249,Tool Damage,2026-06-07,Cutting Edge,Major,Visual,566.31,TWF,LINE1-M02
DEF-00507,M02250,Power Defect,2026-06-07,VFD Unit,Minor,Automated,186.75,PWF,LINE1-M02
DEF-00508,M02251,Tool Damage,2026-06-07,Tool Tip,Minor,Manual,180.11,TWF,LINE3-M01
DEF-00509,M02252,Tool Damage,2026-06-07,Tool Tip,Major,Manual,732.26,TWF,LINE3-M02
DEF-00510,M02253,Tool Damage,2026-06-07,Cutting Edge,Major,Automated,571.09,TWF,LINE2-M01
DEF-00511,L02254,Tool Damage,2026-06-07,Spindle Interface,Major,Manual,662.84,TWF,LINE3-M01
DEF-00512,H02257,Power Defect,2026-06-07,VFD Unit,Critical,X-Ray,935.64,PWF,LINE3-M01
DEF-00513,M02263,Power Defect,2026-06-07,VFD Unit,Critical,Automated,2294.84,PWF,LINE3-M02
DEF-00514,M02270,Power Defect,2026-06-07,Electrical Panel,Major,Ultrasonic,671.14,PWF,LINE2-M02
DEF-00515,H02274,Power Defect,2026-06-07,Drive Motor,Major,Manual,482.22,PWF,LINE3-M01
DEF-00516,L02289,Power Defect,2026-06-07,VFD Unit,Critical,X-Ray,2065.49,PWF,LINE1-M02
DEF-00517,H02301,Thermal Defect,2026-06-07,Motor Housing,Major,Manual,703.78,HDF,LINE2-M01
DEF-00518,L02310,Thermal Defect,2026-06-07,Heat Exchanger,Major,X-Ray,611.54,HDF,LINE3-M02
DEF-00519,L02312,Power Defect,2026-06-07,VFD Unit,Critical,Automated,2217.13,PWF,LINE1-M02
DEF-00520,M02313,Power Defect,2026-06-07,Electrical Panel,Critical,Manual,999.36,PWF,LINE3-M02
DEF-00521,H02317,Power Defect,2026-06-07,Drive Motor,Critical,Visual,2122.85,PWF,LINE2-M01
DEF-00522,L02319,Power Defect,2026-06-07,Electrical Panel,Minor,X-Ray,156.39,PWF,LINE1-M01
DEF-00523,M02323,Tool Damage,2026-06-07,Spindle Interface,Major,Manual,453.16,TWF,LINE2-M01
DEF-00524,M02324,Tool Damage,2026-06-07,Tool Holder,Minor,Manual,63.68,TWF,LINE1-M02
DEF-00525,M02326,Structural Stress,2026-06-07,Shaft,Major,Automated,325.87,OSF,LINE2-M02
DEF-00526,M02330,Tool Damage,2026-06-07,Tool Holder,Critical,X-Ray,1752.02,TWF,LINE2-M02
DEF-00527,L02331,Tool Damage,2026-06-07,Cutting Edge,Major,Manual,440.27,TWF,LINE1-M01
DEF-00528,M02332,Tool Damage,2026-06-07,Cutting Edge,Minor,Automated,54.71,TWF,LINE1-M01
DEF-00529,M02337,Thermal Defect,2026-06-07,Cooling System,Critical,Manual,1648.67,HDF,LINE1-M02
DEF-00530,L02341,Power Defect,2026-06-07,VFD Unit,Critical,Ultrasonic,1258.26,PWF,LINE2-M01
DEF-00531,L02344,Power Defect,2026-06-07,Drive Motor,Major,Automated,551.23,PWF,LINE2-M01
DEF-00532,L02352,Power Defect,2026-06-07,Drive Motor,Critical,Visual,1658.9,PWF,LINE3-M02
DEF-00533,M02376,Power Defect,2026-06-07,Drive Motor,Critical,Manual,1521.63,PWF,LINE2-M02
DEF-00534,L02381,Power Defect,2026-06-07,Drive Motor,Critical,X-Ray,1583.18,PWF,LINE2-M02
DEF-00535,M02402,Tool Damage,2026-06-07,Tool Tip,Minor,Visual,234.77,TWF,LINE1-M01
DEF-00536,L02404,Tool Damage,2026-06-07,Tool Tip,Major,Ultrasonic,559.76,TWF,LINE2-M02
DEF-00537,H02407,Tool Damage,2026-06-07,Cutting Edge,Critical,Ultrasonic,947.91,TWF,LINE1-M01
DEF-00538,H02408,Tool Damage,2026-06-07,Spindle Interface,Minor,Automated,140.51,TWF,LINE2-M01
DEF-00539,H02409,Tool Damage,2026-06-07,Tool Tip,Major,Visual,455.5,TWF,LINE1-M02
DEF-00540,M02417,Power Defect,2026-06-07,Drive Motor,Major,X-Ray,484.72,PWF,LINE1-M01
DEF-00541,M02438,Power Defect,2026-06-08,Electrical Panel,Critical,Automated,2387.5,PWF,LINE1-M01
DEF-00542,L02454,Power Defect,2026-06-08,Drive Motor,Minor,Automated,189.47,PWF,LINE1-M02
DEF-00543,M02468,Thermal Defect,2026-06-08,Bearing Assembly,Minor,X-Ray,138.84,HDF,LINE1-M02
DEF-00544,H02478,Thermal Defect,2026-06-08,Motor Housing,Major,Automated,480.27,HDF,LINE3-M01
DEF-00545,L02479,Power Defect,2026-06-08,VFD Unit,Major,Automated,344.39,PWF,LINE2-M01
DEF-00546,L02482,Power Defect,2026-06-08,Power Supply,Major,Manual,583.99,PWF,LINE1-M01
DEF-00547,M02483,Tool Damage,2026-06-08,Cutting Edge,Critical,Ultrasonic,2197.44,TWF,LINE3-M02
DEF-00548,L02484,Tool Damage,2026-06-08,Cutting Edge,Major,Manual,614.83,TWF,LINE1-M02
DEF-00549,L02485,Tool Damage,2026-06-08,Cutting Edge,Critical,Manual,1041.26,TWF,LINE3-M01
DEF-00550,L02487,Tool Damage,2026-06-08,Cutting Edge,Major,Ultrasonic,744.04,TWF,LINE1-M02
DEF-00551,L02489,Tool Damage,2026-06-08,Tool Holder,Minor,Ultrasonic,117.78,TWF,LINE2-M02
DEF-00552,M02490,Tool Damage,2026-06-08,Tool Tip,Critical,Visual,1819.73,TWF,LINE1-M01
DEF-00553,L02491,Tool Damage,2026-06-08,Cutting Edge,Major,Ultrasonic,382.06,TWF,LINE2-M02
DEF-00554,H02492,Tool Damage,2026-06-08,Tool Holder,Critical,Manual,1448.52,TWF,LINE3-M01
DEF-00555,M02495,Power Defect,2026-06-08,Drive Motor,Critical,Automated,1488.62,PWF,LINE1-M02
DEF-00556,H02510,Thermal Defect,2026-06-08,Cooling System,Major,Visual,417.73,HDF,LINE3-M02
DEF-00557,H02514,Power Defect,2026-06-08,Drive Motor,Critical,X-Ray,1527.78,PWF,LINE1-M01
DEF-00558,L02515,Power Defect,2026-06-08,VFD Unit,Critical,Ultrasonic,2479.15,PWF,LINE3-M02
DEF-00559,M02522,Thermal Defect,2026-06-08,Motor Housing,Critical,Manual,1112.54,HDF,LINE3-M01
DEF-00560,L02529,Thermal Defect,2026-06-08,Heat Exchanger,Minor,Manual,144.56,HDF,LINE2-M02
DEF-00561,L02534,Power Defect,2026-06-08,Power Supply,Major,Manual,362.05,PWF,LINE3-M02
DEF-00562,L02553,Power Defect,2026-06-08,VFD Unit,Critical,Manual,1033.01,PWF,LINE2-M02
DEF-00563,H02555,Power Defect,2026-06-08,Electrical Panel,Critical,Ultrasonic,2095.55,PWF,LINE1-M02
DEF-00564,M02558,Power Defect,2026-06-08,Drive Motor,Critical,Manual,1400.64,PWF,LINE1-M02
DEF-00565,L02569,Structural Stress,2026-06-08,Gearbox,Critical,Manual,867.86,OSF,LINE3-M02
DEF-00566,H02572,Tool Damage,2026-06-08,Tool Holder,Critical,Automated,910.94,TWF,LINE1-M01
DEF-00567,H02573,Tool Damage,2026-06-08,Tool Holder,Major,X-Ray,575.04,TWF,LINE3-M02
DEF-00568,M02574,Tool Damage,2026-06-08,Cutting Edge,Critical,Ultrasonic,2324.39,TWF,LINE3-M02
DEF-00569,L02575,Tool Damage,2026-06-08,Tool Holder,Major,Automated,683.73,TWF,LINE2-M01
DEF-00570,M02576,Tool Damage,2026-06-08,Tool Tip,Critical,X-Ray,2396.7,TWF,LINE1-M02
DEF-00571,L02577,Tool Damage,2026-06-08,Tool Holder,Major,Ultrasonic,448.83,TWF,LINE2-M02
DEF-00572,H02578,Tool Damage,2026-06-08,Cutting Edge,Critical,Ultrasonic,2037.47,TWF,LINE2-M02
DEF-00573,L02579,Tool Damage,2026-06-08,Spindle Interface,Major,X-Ray,679.83,TWF,LINE3-M01
DEF-00574,M02580,Power Defect,2026-06-08,Drive Motor,Major,Visual,706.72,PWF,LINE2-M02
DEF-00575,M02590,Power Defect,2026-06-08,Power Supply,Critical,Automated,1652.02,PWF,LINE2-M02
DEF-00576,H02591,Power Defect,2026-06-08,Drive Motor,Minor,Automated,59.9,PWF,LINE2-M02
DEF-00577,L02593,Power Defect,2026-06-08,Electrical Panel,Major,Automated,676.27,PWF,LINE2-M01
DEF-00578,M02600,Thermal Defect,2026-06-08,Heat Exchanger,Minor,Automated,236.59,HDF,LINE1-M01
DEF-00579,L02607,Power Defect,2026-06-08,Electrical Panel,Critical,Manual,2078.05,PWF,LINE2-M01
DEF-00580,L02616,Thermal Defect,2026-06-08,Cooling System,Major,Visual,760.45,HDF,LINE3-M02
DEF-00581,L02620,Power Defect,2026-06-08,Drive Motor,Critical,Automated,1654.4,PWF,LINE1-M01
DEF-00582,M02623,Thermal Defect,2026-06-08,Cooling System,Critical,X-Ray,1333.73,HDF,LINE2-M02
DEF-00583,L02627,Thermal Defect,2026-06-08,Heat Exchanger,Critical,X-Ray,984.92,HDF,LINE1-M01
DEF-00584,L02629,Power Defect,2026-06-08,Drive Motor,Critical,Ultrasonic,2206.78,PWF,LINE3-M02
DEF-00585,M02632,Power Defect,2026-06-08,Electrical Panel,Major,Ultrasonic,423.9,PWF,LINE3-M02
DEF-00586,M02637,Power Defect,2026-06-08,Drive Motor,Minor,Visual,227.55,PWF,LINE2-M02
DEF-00587,L02650,Tool Damage,2026-06-08,Cutting Edge,Minor,Ultrasonic,65.38,TWF,LINE1-M02
DEF-00588,M02651,Tool Damage,2026-06-08,Tool Tip,Major,Visual,617.21,TWF,LINE3-M01
DEF-00589,M02652,Power Defect,2026-06-08,Power Supply,Minor,X-Ray,212.07,PWF,LINE2-M01
DEF-00590,M02653,Tool Damage,2026-06-08,Cutting Edge,Critical,X-Ray,2385.8,TWF,LINE2-M01
DEF-00591,L02654,Tool Damage,2026-06-08,Tool Tip,Major,Ultrasonic,660.44,TWF,LINE2-M01
DEF-00592,H02655,Power Defect,2026-06-08,Power Supply,Critical,Automated,2366.92,PWF,LINE1-M01
DEF-00593,L02657,Tool Damage,2026-06-08,Cutting Edge,Critical,Manual,1568.98,TWF,LINE2-M01
DEF-00594,M02658,Tool Damage,2026-06-08,Spindle Interface,Major,Visual,384.92,TWF,LINE3-M02
DEF-00595,L02659,Tool Damage,2026-06-08,Tool Tip,Critical,Automated,987.07,TWF,LINE2-M02
DEF-00596,M02661,Tool Damage,2026-06-08,Spindle Interface,Major,Visual,717.94,TWF,LINE3-M02
DEF-00597,M02662,Tool Damage,2026-06-08,Cutting Edge,Major,Automated,433.99,TWF,LINE3-M01
DEF-00598,L02663,Tool Damage,2026-06-08,Spindle Interface,Critical,Ultrasonic,1773.53,TWF,LINE2-M02
DEF-00599,L02676,Power Defect,2026-06-08,Power Supply,Critical,Automated,1521.51,PWF,LINE1-M02
DEF-00600,L02677,Power Defect,2026-06-08,Power Supply,Major,Automated,787.52,PWF,LINE1-M01
DEF-00601,L02686,Thermal Defect,2026-06-08,Cooling System,Critical,X-Ray,1068.1,HDF,LINE2-M02
DEF-00602,L02687,Thermal Defect,2026-06-08,Motor Housing,Minor,Automated,99.84,HDF,LINE3-M02
DEF-00603,H02692,Power Defect,2026-06-08,Electrical Panel,Critical,X-Ray,1050.1,PWF,LINE3-M02
DEF-00604,L02697,Power Defect,2026-06-08,Electrical Panel,Major,Ultrasonic,680.65,PWF,LINE1-M01
DEF-00605,H02701,Power Defect,2026-06-08,Drive Motor,Major,Ultrasonic,475.5,PWF,LINE3-M01
DEF-00606,M02707,Power Defect,2026-06-08,Drive Motor,Minor,Visual,182.58,PWF,LINE2-M01
DEF-00607,H02729,Tool Damage,2026-06-08,Cutting Edge,Critical,Manual,1720.54,TWF,LINE1-M02
DEF-00608,H02730,Tool Damage,2026-06-08,Spindle Interface,Major,Automated,311.23,TWF,LINE2-M01
DEF-00609,L02733,Power Defect,2026-06-08,Drive Motor,Major,Visual,455.16,PWF,LINE1-M02
DEF-00610,H02735,Tool Damage,2026-06-08,Cutting Edge,Minor,X-Ray,241.3,TWF,LINE3-M01
DEF-00611,M02737,Tool Damage,2026-06-08,Cutting Edge,Critical,Manual,1014.62,TWF,LINE3-M02
DEF-00612,L02739,Tool Damage,2026-06-08,Cutting Edge,Critical,Automated,1892.21,TWF,LINE3-M01
DEF-00613,M02740,Tool Damage,2026-06-08,Spindle Interface,Minor,Automated,193.74,TWF,LINE3-M01
DEF-00614,M02741,Tool Damage,2026-06-08,Spindle Interface,Minor,Visual,124.42,TWF,LINE3-M01
DEF-00615,L02743,Power Defect,2026-06-08,Electrical Panel,Critical,Ultrasonic,1460.46,PWF,LINE2-M01
DEF-00616,M02746,Thermal Defect,2026-06-08,Bearing Assembly,Minor,Manual,172.76,HDF,LINE2-M01
DEF-00617,L02759,Power Defect,2026-06-08,Power Supply,Critical,Ultrasonic,1159.8,PWF,LINE1-M01
DEF-00618,L02761,Power Defect,2026-06-08,Electrical Panel,Critical,Visual,1277.31,PWF,LINE2-M01
DEF-00619,H02764,Power Defect,2026-06-08,Drive Motor,Critical,X-Ray,1554.69,PWF,LINE2-M01
DEF-00620,L02783,Power Defect,2026-06-08,Drive Motor,Major,Ultrasonic,328.65,PWF,LINE3-M01
DEF-00621,L02792,Power Defect,2026-06-08,Drive Motor,Major,X-Ray,333.35,PWF,LINE3-M02
DEF-00622,H02807,Power Defect,2026-06-09,Drive Motor,Major,Manual,426.47,PWF,LINE3-M01
DEF-00623,M02810,Structural Stress,2026-06-09,Frame Mount,Critical,Manual,2120.52,OSF,LINE3-M01
DEF-00624,L02811,Thermal Defect,2026-06-09,Cooling System,Major,Visual,516.68,HDF,LINE1-M01
DEF-00625,L02813,Tool Damage,2026-06-09,Tool Holder,Minor,X-Ray,82.92,TWF,LINE2-M01
DEF-00626,L02814,Tool Damage,2026-06-09,Tool Tip,Major,Automated,753.4,TWF,LINE2-M02
DEF-00627,M02815,Power Defect,2026-06-09,Drive Motor,Critical,Visual,2363.75,PWF,LINE3-M02
DEF-00628,M02816,Structural Stress,2026-06-09,Shaft,Major,Visual,679.13,OSF,LINE2-M01
DEF-00629,M02817,Tool Damage,2026-06-09,Tool Tip,Major,Automated,621.32,TWF,LINE1-M01
DEF-00630,L02820,Structural Stress,2026-06-09,Chuck Assembly,Major,Manual,378.99,OSF,LINE2-M02
DEF-00631,M02821,Tool Damage,2026-06-09,Tool Holder,Minor,Ultrasonic,192.53,TWF,LINE1-M02
DEF-00632,M02823,Tool Damage,2026-06-09,Cutting Edge,Major,Visual,434.02,TWF,LINE2-M01
DEF-00633,H02824,Tool Damage,2026-06-09,Cutting Edge,Major,Automated,266.9,TWF,LINE1-M01
DEF-00634,L02825,Tool Damage,2026-06-09,Tool Holder,Major,Automated,755.18,TWF,LINE2-M01
DEF-00635,L02836,Power Defect,2026-06-09,Power Supply,Critical,X-Ray,1724.38,PWF,LINE3-M01
DEF-00636,H02853,Power Defect,2026-06-09,VFD Unit,Major,Ultrasonic,776.5,PWF,LINE2-M02
DEF-00637,H02859,Power Defect,2026-06-09,Drive Motor,Major,Ultrasonic,315.49,PWF,LINE2-M01
DEF-00638,H02871,Power Defect,2026-06-09,Electrical Panel,Major,Automated,254.5,PWF,LINE2-M01
DEF-00639,L02880,Power Defect,2026-06-09,VFD Unit,Minor,Manual,120.02,PWF,LINE1-M01
DEF-00640,M02891,Tool Damage,2026-06-09,Cutting Edge,Major,Automated,413.78,TWF,LINE3-M02
DEF-00641,M02892,Tool Damage,2026-06-09,Tool Holder,Major,X-Ray,458.23,TWF,LINE1-M01
DEF-00642,L02893,Tool Damage,2026-06-09,Cutting Edge,Critical,X-Ray,1129.94,TWF,LINE1-M01
DEF-00643,H02894,Power Defect,2026-06-09,Power Supply,Critical,X-Ray,864.83,PWF,LINE3-M02
DEF-00644,H02895,Tool Damage,2026-06-09,Tool Tip,Critical,X-Ray,2412.83,TWF,LINE2-M01
DEF-00645,L02896,Tool Damage,2026-06-09,Cutting Edge,Major,Visual,327.69,TWF,LINE2-M02
DEF-00646,M02897,Tool Damage,2026-06-09,Spindle Interface,Critical,Ultrasonic,2329.82,TWF,LINE2-M01
DEF-00647,M02898,Tool Damage,2026-06-09,Tool Tip,Critical,Visual,1960.16,TWF,LINE3-M02
DEF-00648,M02899,Tool Damage,2026-06-09,Spindle Interface,Major,Manual,281.06,TWF,LINE3-M02
DEF-00649,L02900,Power Defect,2026-06-09,Drive Motor,Major,Automated,555.22,PWF,LINE1-M01
DEF-00650,M02902,Power Defect,2026-06-09,Electrical Panel,Critical,Manual,1964.23,PWF,LINE1-M01
DEF-00651,L02932,Power Defect,2026-06-09,Drive Motor,Critical,Ultrasonic,2315.36,PWF,LINE2-M02
DEF-00652,H02947,Power Defect,2026-06-09,Electrical Panel,Critical,Automated,1319.95,PWF,LINE3-M02
DEF-00653,M02956,Power Defect,2026-06-09,Drive Motor,Major,Automated,443.35,PWF,LINE2-M02
DEF-00654,L02961,Power Defect,2026-06-09,Power Supply,Critical,X-Ray,911.22,PWF,LINE1-M02
DEF-00655,M02969,Power Defect,2026-06-09,Drive Motor,Critical,Manual,1488.26,PWF,LINE3-M02
DEF-00656,L02977,Power Defect,2026-06-09,Drive Motor,Minor,Manual,153.42,PWF,LINE1-M02
DEF-00657,H02978,Power Defect,2026-06-09,VFD Unit,Critical,Automated,877.45,PWF,LINE1-M02
DEF-00658,L02980,Tool Damage,2026-06-09,Tool Holder,Major,Ultrasonic,485.31,TWF,LINE1-M01
DEF-00659,H02981,Tool Damage,2026-06-09,Cutting Edge,Critical,Ultrasonic,2072.71,TWF,LINE3-M01
DEF-00660,M02982,Tool Damage,2026-06-09,Tool Tip,Major,X-Ray,491.6,TWF,LINE2-M02
DEF-00661,L02983,Tool Damage,2026-06-09,Tool Tip,Minor,Manual,191.62,TWF,LINE1-M01
DEF-00662,L02984,Tool Damage,2026-06-09,Tool Holder,Minor,Manual,199.47,TWF,LINE2-M02
DEF-00663,M02985,Tool Damage,2026-06-09,Tool Holder,Major,Automated,656.31,TWF,LINE3-M02
DEF-00664,L02988,Power Defect,2026-06-09,Drive Motor,Major,X-Ray,422.24,PWF,LINE2-M02
DEF-00665,L02991,Power Defect,2026-06-09,Power Supply,Minor,Visual,103.03,PWF,LINE2-M01
DEF-00666,M03007,Power Defect,2026-06-09,Power Supply,Major,Visual,416.35,PWF,LINE1-M01
DEF-00667,L03008,Power Defect,2026-06-09,Power Supply,Critical,X-Ray,2357.75,PWF,LINE2-M02
DEF-00668,L03010,Power Defect,2026-06-09,Power Supply,Minor,Visual,123.29,PWF,LINE2-M02
DEF-00669,L03036,Power Defect,2026-06-09,VFD Unit,Critical,Ultrasonic,941.83,PWF,LINE2-M02
DEF-00670,H03037,Thermal Defect,2026-06-09,Cooling System,Critical,Automated,1533.41,HDF,LINE3-M02
DEF-00671,H03040,Power Defect,2026-06-09,VFD Unit,Major,Ultrasonic,706.89,PWF,LINE3-M01
DEF-00672,H03060,Tool Damage,2026-06-09,Spindle Interface,Critical,Ultrasonic,1868.33,TWF,LINE2-M01
DEF-00673,M03061,Tool Damage,2026-06-09,Spindle Interface,Major,Automated,711.18,TWF,LINE1-M01
DEF-00674,L03062,Structural Stress,2026-06-09,Chuck Assembly,Critical,Manual,1388.06,OSF,LINE3-M01
DEF-00675,L03063,Tool Damage,2026-06-09,Spindle Interface,Critical,Ultrasonic,1623.74,TWF,LINE1-M02
DEF-00676,L03064,Tool Damage,2026-06-09,Cutting Edge,Major,Visual,593.23,TWF,LINE2-M01
DEF-00677,M03065,Tool Damage,2026-06-09,Spindle Interface,Major,Visual,334.46,TWF,LINE3-M01
DEF-00678,H03067,Tool Damage,2026-06-09,Tool Tip,Major,X-Ray,453.93,TWF,LINE2-M01
DEF-00679,M03068,Tool Damage,2026-06-09,Cutting Edge,Major,X-Ray,706.57,TWF,LINE2-M02
DEF-00680,M03069,Tool Damage,2026-06-09,Cutting Edge,Critical,Manual,1271.47,TWF,LINE1-M01
DEF-00681,L03088,Power Defect,2026-06-09,Power Supply,Critical,X-Ray,1723.09,PWF,LINE2-M01
DEF-00682,L03103,Power Defect,2026-06-09,Electrical Panel,Critical,Ultrasonic,945.06,PWF,LINE1-M01
DEF-00683,H03105,Power Defect,2026-06-09,Electrical Panel,Critical,Visual,1275.08,PWF,LINE1-M01
DEF-00684,H03108,Power Defect,2026-06-09,Drive Motor,Major,Ultrasonic,652.77,PWF,LINE1-M01
DEF-00685,M03115,Power Defect,2026-06-09,VFD Unit,Critical,X-Ray,2053.57,PWF,LINE2-M01
DEF-00686,L03143,Structural Stress,2026-06-10,Gearbox,Critical,Visual,1513.05,OSF,LINE1-M01
DEF-00687,H03146,Tool Damage,2026-06-10,Tool Tip,Critical,Manual,1379.74,TWF,LINE2-M02
DEF-00688,L03148,Power Defect,2026-06-10,Drive Motor,Critical,Visual,1379.09,PWF,LINE2-M02
DEF-00689,H03150,Tool Damage,2026-06-10,Tool Tip,Major,X-Ray,513.82,TWF,LINE2-M01
DEF-00690,M03151,Tool Damage,2026-06-10,Tool Holder,Critical,Visual,2416.62,TWF,LINE3-M02
DEF-00691,L03152,Structural Stress,2026-06-10,Gearbox,Critical,X-Ray,2439.58,OSF,LINE1-M02
DEF-00692,M03154,Tool Damage,2026-06-10,Tool Holder,Critical,X-Ray,2155.25,TWF,LINE2-M01
DEF-00693,L03155,Tool Damage,2026-06-10,Cutting Edge,Critical,Ultrasonic,1721.23,TWF,LINE2-M02
DEF-00694,M03158,Power Defect,2026-06-10,VFD Unit,Critical,Ultrasonic,915.86,PWF,LINE2-M01
DEF-00695,L03159,Power Defect,2026-06-10,VFD Unit,Major,Automated,496.02,PWF,LINE1-M02
DEF-00696,H03163,Power Defect,2026-06-10,Drive Motor,Major,X-Ray,438.23,PWF,LINE3-M01
DEF-00697,M03164,Power Defect,2026-06-10,Power Supply,Critical,Visual,2458.23,PWF,LINE1-M01
DEF-00698,H03166,Power Defect,2026-06-10,Power Supply,Minor,Ultrasonic,179.49,PWF,LINE1-M01
DEF-00699,L03173,Power Defect,2026-06-10,Electrical Panel,Critical,Manual,1826.12,PWF,LINE3-M02
DEF-00700,M03179,Thermal Defect,2026-06-10,Cooling System,Minor,Visual,79.66,HDF,LINE1-M01
DEF-00701,L03180,Thermal Defect,2026-06-10,Heat Exchanger,Minor,Visual,115.65,HDF,LINE2-M01
DEF-00702,L03186,Thermal Defect,2026-06-10,Bearing Assembly,Major,Automated,498.39,HDF,LINE2-M02
DEF-00703,L03190,Thermal Defect,2026-06-10,Cooling System,Critical,X-Ray,1576.35,HDF,LINE3-M01
DEF-00704,H03193,Power Defect,2026-06-10,Power Supply,Major,Manual,280.23,PWF,LINE2-M01
DEF-00705,L03196,Thermal Defect,2026-06-10,Bearing Assembly,Major,Manual,770.47,HDF,LINE3-M01
DEF-00706,L03205,Power Defect,2026-06-10,Electrical Panel,Critical,Visual,1965.93,PWF,LINE3-M02
DEF-00707,L03209,Power Defect,2026-06-10,Electrical Panel,Minor,X-Ray,120.64,PWF,LINE1-M02
DEF-00708,M03211,Thermal Defect,2026-06-10,Heat Exchanger,Critical,X-Ray,1066.21,HDF,LINE2-M02
DEF-00709,L03213,Power Defect,2026-06-10,VFD Unit,Minor,Visual,240.46,PWF,LINE2-M01
DEF-00710,L03217,Thermal Defect,2026-06-10,Bearing Assembly,Major,Automated,594.2,HDF,LINE2-M02
DEF-00711,M03229,Tool Damage,2026-06-10,Cutting Edge,Major,Manual,774.66,TWF,LINE3-M02
DEF-00712,L03230,Tool Damage,2026-06-10,Spindle Interface,Major,Visual,655.12,TWF,LINE3-M02
DEF-00713,M03232,Tool Damage,2026-06-10,Cutting Edge,Minor,X-Ray,147.18,TWF,LINE1-M01
DEF-00714,M03233,Tool Damage,2026-06-10,Spindle Interface,Major,Manual,553.41,TWF,LINE2-M01
DEF-00715,L03234,Tool Damage,2026-06-10,Tool Holder,Minor,Visual,217.28,TWF,LINE1-M01
DEF-00716,L03235,Tool Damage,2026-06-10,Cutting Edge,Major,X-Ray,709.57,TWF,LINE2-M01
DEF-00717,M03237,Tool Damage,2026-06-10,Cutting Edge,Critical,X-Ray,2382.15,TWF,LINE3-M01
DEF-00718,M03239,Tool Damage,2026-06-10,Cutting Edge,Critical,Automated,907.76,TWF,LINE1-M02
DEF-00719,L03240,Tool Damage,2026-06-10,Cutting Edge,Major,Manual,720.19,TWF,LINE1-M02
DEF-00720,M03258,Power Defect,2026-06-10,Electrical Panel,Critical,Manual,1928.11,PWF,LINE2-M02
DEF-00721,M03266,Thermal Defect,2026-06-10,Cooling System,Major,Manual,512.73,HDF,LINE3-M02
DEF-00722,M03267,Power Defect,2026-06-10,Power Supply,Critical,Manual,1798.66,PWF,LINE3-M01
DEF-00723,M03281,Power Defect,2026-06-10,VFD Unit,Critical,X-Ray,1661.46,PWF,LINE1-M01
DEF-00724,M03297,Power Defect,2026-06-10,Drive Motor,Minor,Visual,91.06,PWF,LINE2-M01
DEF-00725,H03314,Tool Damage,2026-06-10,Tool Tip,Major,Visual,693.33,TWF,LINE2-M01
DEF-00726,M03316,Tool Damage,2026-06-10,Spindle Interface,Minor,Visual,97.0,TWF,LINE1-M02
DEF-00727,L03317,Tool Damage,2026-06-10,Spindle Interface,Minor,Automated,73.16,TWF,LINE2-M02
DEF-00728,L03320,Structural Stress,2026-06-10,Chuck Assembly,Critical,Automated,2311.04,OSF,LINE3-M01
DEF-00729,L03321,Tool Damage,2026-06-10,Spindle Interface,Major,X-Ray,274.86,TWF,LINE3-M01
DEF-00730,M03323,Tool Damage,2026-06-10,Cutting Edge,Critical,Visual,1225.19,TWF,LINE2-M01
DEF-00731,H03324,Tool Damage,2026-06-10,Tool Holder,Critical,Automated,2292.93,TWF,LINE1-M02
DEF-00732,L03325,Tool Damage,2026-06-10,Tool Tip,Minor,Ultrasonic,89.15,TWF,LINE1-M01
DEF-00733,H03341,Power Defect,2026-06-10,VFD Unit,Major,Automated,569.9,PWF,LINE1-M01
DEF-00734,L03347,Power Defect,2026-06-10,VFD Unit,Major,X-Ray,396.01,PWF,LINE1-M01
DEF-00735,M03373,Power Defect,2026-06-10,Drive Motor,Major,Automated,548.51,PWF,LINE2-M01
DEF-00736,L03392,Power Defect,2026-06-10,Drive Motor,Major,X-Ray,401.27,PWF,LINE2-M01
DEF-00737,L03401,Tool Damage,2026-06-10,Spindle Interface,Major,X-Ray,508.76,TWF,LINE3-M01
DEF-00738,M03402,Tool Damage,2026-06-10,Tool Tip,Major,X-Ray,777.13,TWF,LINE2-M02
DEF-00739,H03403,Tool Damage,2026-06-10,Spindle Interface,Critical,Manual,1710.07,TWF,LINE3-M02
DEF-00740,L03404,Tool Damage,2026-06-10,Tool Tip,Major,Ultrasonic,500.25,TWF,LINE3-M01
DEF-00741,M03405,Tool Damage,2026-06-10,Cutting Edge,Major,Visual,379.58,TWF,LINE2-M02
DEF-00742,M03406,Tool Damage,2026-06-10,Cutting Edge,Minor,X-Ray,116.57,TWF,LINE1-M01
DEF-00743,M03407,Tool Damage,2026-06-10,Spindle Interface,Critical,Manual,2461.67,TWF,LINE2-M02
DEF-00744,L03408,Tool Damage,2026-06-10,Tool Tip,Major,Automated,475.27,TWF,LINE3-M01
DEF-00745,L03410,Power Defect,2026-06-10,Power Supply,Critical,Visual,1309.17,PWF,LINE2-M01
DEF-00746,L03414,Power Defect,2026-06-10,Power Supply,Critical,Manual,1482.28,PWF,LINE2-M02
DEF-00747,L03422,Power Defect,2026-06-10,Drive Motor,Major,Ultrasonic,294.0,PWF,LINE1-M01
DEF-00748,H03426,Power Defect,2026-06-10,Electrical Panel,Major,Visual,552.91,PWF,LINE1-M01
DEF-00749,M03433,Power Defect,2026-06-10,Power Supply,Critical,Ultrasonic,2231.18,PWF,LINE1-M01
DEF-00750,M03454,Power Defect,2026-06-10,Drive Motor,Critical,Automated,997.16,PWF,LINE2-M02
DEF-00751,L03465,Power Defect,2026-06-10,Drive Motor,Critical,Visual,1645.69,PWF,LINE1-M01
DEF-00752,L03466,Power Defect,2026-06-10,Electrical Panel,Major,Visual,483.49,PWF,LINE2-M02
DEF-00753,M03474,Thermal Defect,2026-06-10,Cooling System,Major,Ultrasonic,340.8,HDF,LINE1-M01
DEF-00754,L03476,Power Defect,2026-06-10,VFD Unit,Major,X-Ray,477.31,PWF,LINE1-M01
DEF-00755,L03484,Tool Damage,2026-06-10,Tool Tip,Minor,Ultrasonic,248.33,TWF,LINE3-M01
DEF-00756,L03485,Tool Damage,2026-06-10,Spindle Interface,Major,Ultrasonic,716.18,TWF,LINE2-M01
DEF-00757,L03486,Tool Damage,2026-06-10,Tool Tip,Major,Automated,325.72,TWF,LINE1-M01
DEF-00758,H03487,Tool Damage,2026-06-10,Tool Tip,Major,Automated,649.73,TWF,LINE3-M02
DEF-00759,L03488,Tool Damage,2026-06-10,Tool Holder,Major,Manual,498.04,TWF,LINE3-M01
DEF-00760,L03489,Tool Damage,2026-06-10,Spindle Interface,Critical,Visual,1978.39,TWF,LINE3-M01
DEF-00761,M03490,Tool Damage,2026-06-10,Tool Tip,Major,Automated,268.66,TWF,LINE2-M02
DEF-00762,L03491,Tool Damage,2026-06-10,Spindle Interface,Major,Manual,576.65,TWF,LINE3-M02
DEF-00763,L03499,Thermal Defect,2026-06-10,Cooling System,Minor,Manual,191.12,HDF,LINE2-M02
DEF-00764,L03508,Power Defect,2026-06-11,Power Supply,Critical,Automated,1049.95,PWF,LINE3-M02
DEF-00765,L03517,Power Defect,2026-06-11,VFD Unit,Critical,Visual,1471.78,PWF,LINE2-M02
DEF-00766,H03518,Power Defect,2026-06-11,Drive Motor,Critical,Automated,1395.04,PWF,LINE3-M01
DEF-00767,L03525,Power Defect,2026-06-11,Electrical Panel,Critical,Automated,2404.25,PWF,LINE1-M01
DEF-00768,H03531,Power Defect,2026-06-11,VFD Unit,Critical,Visual,1890.92,PWF,LINE3-M01
DEF-00769,L03546,Thermal Defect,2026-06-11,Bearing Assembly,Critical,Automated,1049.0,HDF,LINE1-M02
DEF-00770,H03548,Power Defect,2026-06-11,Electrical Panel,Major,Visual,484.35,PWF,LINE1-M01
DEF-00771,L03553,Structural Stress,2026-06-11,Chuck Assembly,Major,Ultrasonic,385.81,OSF,LINE3-M02
DEF-00772,L03554,Power Defect,2026-06-11,Drive Motor,Major,Manual,672.46,PWF,LINE3-M02
DEF-00773,M03556,Power Defect,2026-06-11,Electrical Panel,Major,Manual,526.35,PWF,LINE2-M02
DEF-00774,L03557,Power Defect,2026-06-11,VFD Unit,Major,Visual,467.29,PWF,LINE2-M02
DEF-00775,L03562,Tool Damage,2026-06-11,Spindle Interface,Minor,Ultrasonic,145.39,TWF,LINE3-M02
DEF-00776,M03563,Tool Damage,2026-06-11,Cutting Edge,Major,Manual,352.44,TWF,LINE2-M02
DEF-00777,L03564,Structural Stress,2026-06-11,Shaft,Critical,X-Ray,2374.53,OSF,LINE1-M02
DEF-00778,M03566,Tool Damage,2026-06-11,Tool Holder,Major,X-Ray,724.43,TWF,LINE2-M02
DEF-00779,M03567,Tool Damage,2026-06-11,Spindle Interface,Critical,Ultrasonic,2254.46,TWF,LINE2-M01
DEF-00780,L03568,Tool Damage,2026-06-11,Cutting Edge,Minor,Automated,169.55,TWF,LINE3-M01
DEF-00781,H03569,Tool Damage,2026-06-11,Tool Holder,Major,X-Ray,695.81,TWF,LINE3-M02
DEF-00782,L03570,Tool Damage,2026-06-11,Spindle Interface,Major,X-Ray,544.95,TWF,LINE3-M02
DEF-00783,L03573,Tool Damage,2026-06-11,Spindle Interface,Major,Visual,729.34,TWF,LINE1-M01
DEF-00784,L03578,Power Defect,2026-06-11,Drive Motor,Major,Automated,371.91,PWF,LINE3-M01
DEF-00785,L03580,Power Defect,2026-06-11,Drive Motor,Critical,Visual,2238.71,PWF,LINE3-M02
DEF-00786,M03587,Power Defect,2026-06-11,VFD Unit,Critical,X-Ray,2354.74,PWF,LINE2-M02
DEF-00787,H03602,Power Defect,2026-06-11,VFD Unit,Critical,Automated,1783.71,PWF,LINE1-M01
DEF-00788,M03604,Power Defect,2026-06-11,Drive Motor,Critical,Ultrasonic,1052.6,PWF,LINE3-M02
DEF-00789,L03621,Thermal Defect,2026-06-11,Motor Housing,Major,X-Ray,548.51,HDF,LINE3-M02
DEF-00790,L03646,Tool Damage,2026-06-11,Cutting Edge,Minor,X-Ray,52.55,TWF,LINE2-M02
DEF-00791,M03648,Tool Damage,2026-06-11,Tool Tip,Major,Ultrasonic,587.2,TWF,LINE3-M01
DEF-00792,H03649,Power Defect,2026-06-11,Electrical Panel,Critical,Automated,2094.85,PWF,LINE2-M02
DEF-00793,L03650,Tool Damage,2026-06-11,Tool Holder,Critical,Manual,1546.01,TWF,LINE2-M01
DEF-00794,L03651,Tool Damage,2026-06-11,Tool Tip,Major,Ultrasonic,672.52,TWF,LINE3-M02
DEF-00795,H03652,Tool Damage,2026-06-11,Tool Holder,Major,Automated,621.76,TWF,LINE1-M01
DEF-00796,M03653,Tool Damage,2026-06-11,Tool Tip,Major,Visual,627.67,TWF,LINE1-M02
DEF-00797,L03654,Tool Damage,2026-06-11,Spindle Interface,Major,Automated,782.52,TWF,LINE3-M02
DEF-00798,H03662,Thermal Defect,2026-06-11,Cooling System,Critical,Automated,1484.95,HDF,LINE3-M01
DEF-00799,H03670,Power Defect,2026-06-11,Drive Motor,Critical,X-Ray,2167.13,PWF,LINE2-M01
DEF-00800,M03673,Power Defect,2026-06-11,VFD Unit,Critical,Automated,2174.56,PWF,LINE3-M02
DEF-00801,L03674,Power Defect,2026-06-11,Electrical Panel,Critical,Visual,1599.76,PWF,LINE1-M01
DEF-00802,L03687,Power Defect,2026-06-11,Power Supply,Minor,Automated,54.27,PWF,LINE1-M01
DEF-00803,L03699,Power Defect,2026-06-11,Drive Motor,Minor,X-Ray,115.07,PWF,LINE3-M02
DEF-00804,M03702,Power Defect,2026-06-11,Electrical Panel,Major,Ultrasonic,415.01,PWF,LINE3-M01
DEF-00805,L03705,Power Defect,2026-06-11,Electrical Panel,Critical,Ultrasonic,1969.58,PWF,LINE1-M02
DEF-00806,L03708,Power Defect,2026-06-11,Power Supply,Critical,Ultrasonic,2118.87,PWF,LINE2-M02
DEF-00807,H03709,Power Defect,2026-06-11,Power Supply,Critical,Manual,2412.34,PWF,LINE3-M02
DEF-00808,L03718,Power Defect,2026-06-11,Drive Motor,Critical,X-Ray,1284.56,PWF,LINE3-M01
DEF-00809,L03719,Power Defect,2026-06-11,Power Supply,Minor,X-Ray,231.93,PWF,LINE3-M01
DEF-00810,L03722,Power Defect,2026-06-11,Electrical Panel,Critical,Ultrasonic,2062.86,PWF,LINE3-M01
DEF-00811,L03724,Thermal Defect,2026-06-11,Heat Exchanger,Critical,X-Ray,1356.34,HDF,LINE1-M01
DEF-00812,L03729,Tool Damage,2026-06-11,Tool Holder,Major,X-Ray,350.13,TWF,LINE2-M02
DEF-00813,L03730,Power Defect,2026-06-11,Power Supply,Major,Ultrasonic,507.24,PWF,LINE1-M01
DEF-00814,M03731,Tool Damage,2026-06-11,Spindle Interface,Major,Ultrasonic,735.79,TWF,LINE2-M01
DEF-00815,M03734,Tool Damage,2026-06-11,Spindle Interface,Major,X-Ray,483.39,TWF,LINE1-M02
DEF-00816,H03735,Tool Damage,2026-06-11,Tool Holder,Major,Manual,488.92,TWF,LINE1-M02
DEF-00817,L03736,Tool Damage,2026-06-11,Cutting Edge,Critical,Manual,1225.1,TWF,LINE1-M01
DEF-00818,L03738,Tool Damage,2026-06-11,Cutting Edge,Major,Manual,277.31,TWF,LINE2-M02
DEF-00819,M03739,Tool Damage,2026-06-11,Tool Holder,Critical,Automated,2007.37,TWF,LINE1-M01
DEF-00820,L03757,Power Defect,2026-06-11,VFD Unit,Minor,Visual,206.82,PWF,LINE1-M01
DEF-00821,H03763,Power Defect,2026-06-11,Power Supply,Major,X-Ray,635.04,PWF,LINE1-M02
DEF-00822,H03766,Power Defect,2026-06-11,Electrical Panel,Major,X-Ray,574.31,PWF,LINE1-M01
DEF-00823,L03775,Thermal Defect,2026-06-11,Bearing Assembly,Critical,Ultrasonic,1690.6,HDF,LINE3-M01
DEF-00824,M03778,Power Defect,2026-06-11,Power Supply,Major,Automated,576.06,PWF,LINE3-M02
DEF-00825,M03782,Power Defect,2026-06-11,VFD Unit,Critical,X-Ray,1205.89,PWF,LINE2-M02
DEF-00826,L03786,Power Defect,2026-06-11,Power Supply,Major,Visual,513.11,PWF,LINE1-M01
DEF-00827,L03787,Power Defect,2026-06-11,VFD Unit,Major,Manual,377.68,PWF,LINE3-M02
DEF-00828,L03790,Thermal Defect,2026-06-11,Heat Exchanger,Critical,Ultrasonic,1784.32,HDF,LINE2-M02
DEF-00829,M03812,Tool Damage,2026-06-11,Tool Holder,Major,Automated,317.02,TWF,LINE1-M02
DEF-00830,L03817,Tool Damage,2026-06-11,Spindle Interface,Major,Ultrasonic,698.56,TWF,LINE1-M02
DEF-00831,H03818,Tool Damage,2026-06-11,Tool Holder,Critical,Visual,2339.8,TWF,LINE3-M01
DEF-00832,L03819,Tool Damage,2026-06-11,Tool Tip,Major,Ultrasonic,418.97,TWF,LINE2-M02
DEF-00833,M03822,Tool Damage,2026-06-11,Tool Holder,Critical,Visual,961.68,TWF,LINE3-M01
DEF-00834,M03823,Tool Damage,2026-06-11,Tool Holder,Minor,Manual,227.44,TWF,LINE2-M01
DEF-00835,L03838,Power Defect,2026-06-11,Electrical Panel,Major,Ultrasonic,610.49,PWF,LINE2-M02
DEF-00836,L03861,Power Defect,2026-06-12,Power Supply,Minor,X-Ray,75.58,PWF,LINE3-M02
DEF-00837,L03866,Power Defect,2026-06-12,Drive Motor,Critical,Ultrasonic,2379.97,PWF,LINE1-M02
DEF-00838,H03883,Power Defect,2026-06-12,Electrical Panel,Critical,X-Ray,2164.76,PWF,LINE3-M01
DEF-00839,L03887,Power Defect,2026-06-12,Electrical Panel,Major,Manual,399.17,PWF,LINE1-M02
DEF-00840,H03889,Power Defect,2026-06-12,VFD Unit,Critical,Manual,924.17,PWF,LINE1-M02
DEF-00841,L03890,Power Defect,2026-06-12,Electrical Panel,Major,X-Ray,306.35,PWF,LINE3-M01
DEF-00842,L03898,Tool Damage,2026-06-12,Tool Tip,Major,Automated,572.25,TWF,LINE2-M01
DEF-00843,H03899,Tool Damage,2026-06-12,Spindle Interface,Major,Manual,515.33,TWF,LINE2-M02
DEF-00844,L03900,Tool Damage,2026-06-12,Tool Tip,Critical,X-Ray,1539.09,TWF,LINE2-M02
DEF-00845,L03903,Tool Damage,2026-06-12,Cutting Edge,Major,Ultrasonic,715.54,TWF,LINE3-M02
DEF-00846,M03905,Tool Damage,2026-06-12,Cutting Edge,Major,Ultrasonic,324.84,TWF,LINE3-M01
DEF-00847,H03906,Tool Damage,2026-06-12,Spindle Interface,Critical,Automated,1192.94,TWF,LINE1-M01
DEF-00848,H03909,Power Defect,2026-06-12,Power Supply,Major,Visual,345.32,PWF,LINE3-M02
DEF-00849,L03912,Power Defect,2026-06-12,Drive Motor,Critical,Manual,1932.73,PWF,LINE2-M02
DEF-00850,H03915,Thermal Defect,2026-06-12,Bearing Assembly,Critical,Ultrasonic,2410.53,HDF,LINE3-M02
DEF-00851,L03917,Power Defect,2026-06-12,Power Supply,Critical,Visual,2068.51,PWF,LINE3-M02
DEF-00852,H03922,Power Defect,2026-06-12,Power Supply,Major,X-Ray,308.0,PWF,LINE1-M02
DEF-00853,H03941,Power Defect,2026-06-12,Power Supply,Minor,Visual,82.02,PWF,LINE3-M02
DEF-00854,H03946,Power Defect,2026-06-12,VFD Unit,Major,Ultrasonic,264.78,PWF,LINE1-M02
DEF-00855,L03959,Power Defect,2026-06-12,Power Supply,Critical,Visual,2218.65,PWF,LINE3-M01
DEF-00856,L03969,Power Defect,2026-06-12,VFD Unit,Minor,Visual,207.02,PWF,LINE2-M01
DEF-00857,H03970,Power Defect,2026-06-12,Drive Motor,Major,Manual,385.16,PWF,LINE2-M02
DEF-00858,M03976,Thermal Defect,2026-06-12,Cooling System,Critical,Automated,1849.97,HDF,LINE2-M01
DEF-00859,L03980,Tool Damage,2026-06-12,Tool Tip,Minor,Automated,73.38,TWF,LINE1-M02
DEF-00860,H03981,Tool Damage,2026-06-12,Cutting Edge,Critical,X-Ray,2182.42,TWF,LINE2-M01
DEF-00861,M03984,Tool Damage,2026-06-12,Tool Tip,Critical,Automated,1372.19,TWF,LINE1-M02
DEF-00862,H03985,Tool Damage,2026-06-12,Spindle Interface,Major,Automated,460.79,TWF,LINE3-M01
DEF-00863,L03986,Tool Damage,2026-06-12,Spindle Interface,Major,Visual,577.42,TWF,LINE1-M02
DEF-00864,L03987,Tool Damage,2026-06-12,Spindle Interface,Major,Visual,518.32,TWF,LINE1-M01
DEF-00865,L03989,Thermal Defect,2026-06-12,Heat Exchanger,Critical,Ultrasonic,840.88,HDF,LINE2-M01
DEF-00866,L04001,Power Defect,2026-06-12,VFD Unit,Minor,Manual,93.12,PWF,LINE3-M01
DEF-00867,L04011,Power Defect,2026-06-12,Electrical Panel,Critical,Ultrasonic,2039.45,PWF,LINE2-M02
DEF-00868,L04014,Thermal Defect,2026-06-12,Cooling System,Critical,Manual,2450.3,HDF,LINE3-M02
DEF-00869,M04021,Power Defect,2026-06-12,Electrical Panel,Critical,Ultrasonic,1915.66,PWF,LINE2-M01
DEF-00870,H04032,Power Defect,2026-06-12,VFD Unit,Major,Visual,607.51,PWF,LINE2-M02
DEF-00871,H04041,Power Defect,2026-06-12,Electrical Panel,Minor,Ultrasonic,182.62,PWF,LINE1-M01
DEF-00872,L04044,Power Defect,2026-06-12,Drive Motor,Critical,Ultrasonic,1851.97,PWF,LINE1-M02
DEF-00873,L04056,Power Defect,2026-06-12,VFD Unit,Critical,Ultrasonic,1343.85,PWF,LINE1-M02
DEF-00874,M04066,Tool Damage,2026-06-12,Cutting Edge,Critical,X-Ray,2398.06,TWF,LINE1-M02
DEF-00875,H04068,Power Defect,2026-06-12,Drive Motor,Critical,Ultrasonic,1766.02,PWF,LINE1-M02
DEF-00876,H04069,Tool Damage,2026-06-12,Cutting Edge,Major,Manual,616.01,TWF,LINE2-M02
DEF-00877,L04070,Tool Damage,2026-06-12,Tool Holder,Major,Visual,354.28,TWF,LINE1-M02
DEF-00878,L04071,Tool Damage,2026-06-12,Tool Tip,Major,Automated,639.81,TWF,LINE2-M01
DEF-00879,L04072,Tool Damage,2026-06-12,Cutting Edge,Major,X-Ray,745.63,TWF,LINE1-M01
DEF-00880,M04078,Power Defect,2026-06-12,VFD Unit,Major,Automated,628.97,PWF,LINE1-M01
DEF-00881,M04085,Power Defect,2026-06-12,Power Supply,Minor,Manual,100.64,PWF,LINE3-M02
DEF-00882,L04101,Power Defect,2026-06-12,VFD Unit,Critical,Ultrasonic,1818.26,PWF,LINE3-M02
DEF-00883,L04110,Power Defect,2026-06-12,Power Supply,Major,Manual,682.4,PWF,LINE1-M01
DEF-00884,M04113,Thermal Defect,2026-06-12,Motor Housing,Major,Ultrasonic,699.77,HDF,LINE2-M02
DEF-00885,H04115,Power Defect,2026-06-12,Power Supply,Major,X-Ray,732.55,PWF,LINE3-M01
DEF-00886,L04119,Power Defect,2026-06-12,VFD Unit,Critical,Ultrasonic,1073.74,PWF,LINE1-M02
DEF-00887,M04145,Tool Damage,2026-06-12,Tool Holder,Critical,Manual,1519.98,TWF,LINE1-M02
DEF-00888,M04146,Tool Damage,2026-06-12,Cutting Edge,Minor,Ultrasonic,146.71,TWF,LINE3-M01
DEF-00889,L04147,Tool Damage,2026-06-12,Tool Holder,Major,Visual,660.59,TWF,LINE2-M02
DEF-00890,L04148,Tool Damage,2026-06-12,Tool Holder,Major,Automated,526.56,TWF,LINE2-M02
DEF-00891,M04152,Tool Damage,2026-06-12,Tool Tip,Major,Visual,422.47,TWF,LINE3-M01
DEF-00892,M04153,Tool Damage,2026-06-12,Cutting Edge,Minor,X-Ray,124.29,TWF,LINE1-M01
DEF-00893,M04154,Tool Damage,2026-06-12,Tool Tip,Critical,Manual,2005.34,TWF,LINE2-M02
DEF-00894,M04155,Tool Damage,2026-06-12,Tool Tip,Minor,Automated,151.49,TWF,LINE3-M02
DEF-00895,M04156,Tool Damage,2026-06-12,Tool Holder,Major,Automated,362.68,TWF,LINE3-M02
DEF-00896,M04168,Power Defect,2026-06-12,Electrical Panel,Critical,Ultrasonic,1155.47,PWF,LINE1-M01
DEF-00897,L04186,Power Defect,2026-06-12,Power Supply,Critical,Visual,1030.88,PWF,LINE3-M01
DEF-00898,M04200,Thermal Defect,2026-06-12,Bearing Assembly,Critical,Ultrasonic,2408.74,HDF,LINE3-M01
DEF-00899,M04207,Power Defect,2026-06-12,VFD Unit,Critical,Manual,1707.38,PWF,LINE1-M02
DEF-00900,L04210,Power Defect,2026-06-12,Drive Motor,Critical,Visual,2202.34,PWF,LINE2-M01
DEF-00901,L04217,Power Defect,2026-06-12,VFD Unit,Minor,X-Ray,110.09,PWF,LINE1-M02
DEF-00902,H04223,Power Defect,2026-06-13,Power Supply,Major,Automated,677.58,PWF,LINE2-M01
DEF-00903,L04225,Structural Stress,2026-06-13,Gearbox,Critical,Manual,1144.3,OSF,LINE3-M02
DEF-00904,M04229,Tool Damage,2026-06-13,Tool Holder,Major,Automated,688.09,TWF,LINE3-M01
DEF-00905,H04230,Tool Damage,2026-06-13,Tool Tip,Major,Automated,766.47,TWF,LINE2-M01
DEF-00906,L04233,Tool Damage,2026-06-13,Tool Tip,Major,Automated,332.86,TWF,LINE1-M01
DEF-00907,M04234,Tool Damage,2026-06-13,Spindle Interface,Major,Ultrasonic,773.17,TWF,LINE3-M02
DEF-00908,L04235,Tool Damage,2026-06-13,Tool Tip,Minor,Automated,61.94,TWF,LINE2-M02
DEF-00909,H04237,Thermal Defect,2026-06-13,Motor Housing,Critical,Ultrasonic,1685.13,HDF,LINE3-M01
DEF-00910,M04240,Power Defect,2026-06-13,Electrical Panel,Minor,Manual,206.58,PWF,LINE1-M01
DEF-00911,L04251,Power Defect,2026-06-13,Drive Motor,Critical,Manual,1087.18,PWF,LINE2-M01
DEF-00912,H04257,Thermal Defect,2026-06-13,Heat Exchanger,Major,Automated,403.21,HDF,LINE1-M02
DEF-00913,M04276,Power Defect,2026-06-13,Electrical Panel,Major,Automated,557.37,PWF,LINE3-M02
DEF-00914,L04283,Power Defect,2026-06-13,Electrical Panel,Major,Ultrasonic,743.81,PWF,LINE2-M02
DEF-00915,H04291,Thermal Defect,2026-06-13,Heat Exchanger,Minor,Manual,192.0,HDF,LINE2-M01
DEF-00916,M04294,Power Defect,2026-06-13,VFD Unit,Minor,Manual,182.34,PWF,LINE2-M01
DEF-00917,L04302,Power Defect,2026-06-13,Electrical Panel,Critical,X-Ray,1064.77,PWF,LINE2-M02
DEF-00918,L04307,Power Defect,2026-06-13,Drive Motor,Critical,Manual,1370.29,PWF,LINE3-M01
DEF-00919,L04311,Power Defect,2026-06-13,VFD Unit,Critical,Automated,1879.37,PWF,LINE2-M02
DEF-00920,H04314,Tool Damage,2026-06-13,Tool Tip,Minor,Manual,138.72,TWF,LINE3-M01
DEF-00921,L04315,Tool Damage,2026-06-13,Spindle Interface,Major,Ultrasonic,654.29,TWF,LINE2-M02
DEF-00922,L04316,Tool Damage,2026-06-13,Cutting Edge,Critical,Automated,1253.79,TWF,LINE2-M01
DEF-00923,L04317,Tool Damage,2026-06-13,Tool Tip,Major,Visual,385.58,TWF,LINE2-M02
DEF-00924,H04318,Tool Damage,2026-06-13,Tool Tip,Critical,Manual,1798.54,TWF,LINE2-M01
DEF-00925,M04319,Tool Damage,2026-06-13,Tool Holder,Minor,Manual,84.53,TWF,LINE3-M01
DEF-00926,M04320,Tool Damage,2026-06-13,Spindle Interface,Major,Ultrasonic,358.55,TWF,LINE2-M01
DEF-00927,L04334,Power Defect,2026-06-13,Drive Motor,Critical,Ultrasonic,2016.24,PWF,LINE1-M01
DEF-00928,M04335,Thermal Defect,2026-06-13,Motor Housing,Major,Automated,717.15,HDF,LINE2-M02
DEF-00929,L04338,Power Defect,2026-06-13,VFD Unit,Major,Ultrasonic,562.68,PWF,LINE2-M02
DEF-00930,L04339,Power Defect,2026-06-13,Drive Motor,Major,X-Ray,384.97,PWF,LINE2-M02
DEF-00931,L04381,Power Defect,2026-06-13,Drive Motor,Major,Automated,384.74,PWF,LINE2-M01
DEF-00932,L04382,Power Defect,2026-06-13,Electrical Panel,Critical,Ultrasonic,1557.33,PWF,LINE2-M01
DEF-00933,L04387,Power Defect,2026-06-13,VFD Unit,Critical,Ultrasonic,1870.23,PWF,LINE3-M02
DEF-00934,L04396,Tool Damage,2026-06-13,Spindle Interface,Critical,Ultrasonic,1288.12,TWF,LINE2-M02
DEF-00935,M04397,Tool Damage,2026-06-13,Spindle Interface,Major,Ultrasonic,455.93,TWF,LINE1-M01
DEF-00936,H04400,Tool Damage,2026-06-13,Tool Holder,Critical,Manual,2378.26,TWF,LINE1-M01
DEF-00937,L04402,Tool Damage,2026-06-13,Tool Tip,Minor,Manual,149.77,TWF,LINE3-M02
DEF-00938,L04405,Tool Damage,2026-06-13,Cutting Edge,Major,X-Ray,255.8,TWF,LINE3-M02
DEF-00939,L04406,Tool Damage,2026-06-13,Tool Holder,Major,Ultrasonic,293.66,TWF,LINE3-M02
DEF-00940,H04407,Tool Damage,2026-06-13,Tool Holder,Critical,Automated,1211.8,TWF,LINE3-M02
DEF-00941,M04409,Power Defect,2026-06-13,VFD Unit,Critical,Automated,1171.58,PWF,LINE1-M02
DEF-00942,M04412,Thermal Defect,2026-06-13,Bearing Assembly,Major,Ultrasonic,379.93,HDF,LINE3-M02
DEF-00943,H04419,Power Defect,2026-06-13,Power Supply,Critical,Automated,1936.98,PWF,LINE3-M01
DEF-00944,L04424,Power Defect,2026-06-13,Drive Motor,Major,X-Ray,422.57,PWF,LINE2-M01
DEF-00945,M04427,Power Defect,2026-06-13,Power Supply,Minor,Ultrasonic,178.25,PWF,LINE1-M02
DEF-00946,H04434,Power Defect,2026-06-13,Electrical Panel,Critical,Visual,2240.65,PWF,LINE1-M02
DEF-00947,M04446,Power Defect,2026-06-13,Drive Motor,Critical,Visual,1906.68,PWF,LINE2-M01
DEF-00948,M04453,Power Defect,2026-06-13,VFD Unit,Major,X-Ray,420.59,PWF,LINE1-M02
DEF-00949,H04456,Power Defect,2026-06-13,VFD Unit,Major,Automated,669.75,PWF,LINE3-M01
DEF-00950,L04459,Power Defect,2026-06-13,Electrical Panel,Critical,Automated,1653.34,PWF,LINE1-M02
DEF-00951,L04482,Power Defect,2026-06-13,Drive Motor,Critical,X-Ray,1664.79,PWF,LINE2-M02
DEF-00952,M04483,Tool Damage,2026-06-13,Tool Holder,Critical,Visual,1256.43,TWF,LINE2-M02
DEF-00953,L04484,Tool Damage,2026-06-13,Spindle Interface,Minor,X-Ray,130.66,TWF,LINE2-M02
DEF-00954,L04485,Power Defect,2026-06-13,Power Supply,Minor,Visual,87.35,PWF,LINE3-M02
DEF-00955,L04486,Tool Damage,2026-06-13,Tool Holder,Major,Automated,753.33,TWF,LINE1-M01
DEF-00956,L04488,Structural Stress,2026-06-13,Chuck Assembly,Minor,Automated,150.15,OSF,LINE1-M01
DEF-00957,M04490,Tool Damage,2026-06-13,Tool Holder,Major,Automated,525.06,TWF,LINE2-M01
DEF-00958,L04491,Tool Damage,2026-06-13,Tool Holder,Minor,Manual,84.92,TWF,LINE2-M01
DEF-00959,L04531,Power Defect,2026-06-13,Drive Motor,Critical,X-Ray,1176.82,PWF,LINE1-M01
DEF-00960,M04536,Power Defect,2026-06-13,Power Supply,Major,Automated,750.27,PWF,LINE1-M02
DEF-00961,L04538,Power Defect,2026-06-13,Electrical Panel,Minor,Ultrasonic,97.61,PWF,LINE1-M01
DEF-00962,H04541,Power Defect,2026-06-13,VFD Unit,Major,Ultrasonic,373.07,PWF,LINE1-M01
DEF-00963,M04545,Power Defect,2026-06-13,Electrical Panel,Major,Automated,609.17,PWF,LINE2-M02
DEF-00964,M04546,Thermal Defect,2026-06-13,Cooling System,Major,Visual,449.55,HDF,LINE3-M02
DEF-00965,M04550,Power Defect,2026-06-13,Drive Motor,Critical,Ultrasonic,1463.97,PWF,LINE2-M02
DEF-00966,M04555,Thermal Defect,2026-06-13,Cooling System,Major,X-Ray,639.64,HDF,LINE1-M01
DEF-00967,H04558,Thermal Defect,2026-06-13,Bearing Assembly,Critical,Manual,1809.66,HDF,LINE2-M01
DEF-00968,L04563,Power Defect,2026-06-13,Drive Motor,Major,Automated,306.09,PWF,LINE3-M01
DEF-00969,M04565,Structural Stress,2026-06-13,Gearbox,Critical,Automated,2290.66,OSF,LINE2-M02
DEF-00970,L04569,Tool Damage,2026-06-13,Cutting Edge,Major,Manual,365.03,TWF,LINE2-M01
DEF-00971,L04572,Tool Damage,2026-06-13,Spindle Interface,Major,Manual,467.63,TWF,LINE3-M01
DEF-00972,L04573,Tool Damage,2026-06-13,Tool Holder,Critical,Automated,1347.25,TWF,LINE2-M01
DEF-00973,L04574,Structural Stress,2026-06-13,Gearbox,Major,X-Ray,608.55,OSF,LINE3-M01
DEF-00974,L04575,Tool Damage,2026-06-13,Spindle Interface,Major,X-Ray,341.28,TWF,LINE1-M01
DEF-00975,L04576,Tool Damage,2026-06-13,Tool Holder,Critical,Automated,1345.92,TWF,LINE3-M02
DEF-00976,L04577,Tool Damage,2026-06-13,Tool Tip,Major,Automated,614.38,TWF,LINE2-M01
DEF-00977,H04578,Tool Damage,2026-06-13,Spindle Interface,Critical,Automated,1803.48,TWF,LINE1-M01
DEF-00978,L04579,Tool Damage,2026-06-13,Cutting Edge,Critical,Ultrasonic,1629.03,TWF,LINE3-M01
DEF-00979,H04592,Power Defect,2026-06-14,Electrical Panel,Major,Manual,399.47,PWF,LINE3-M01
DEF-00980,M04593,Power Defect,2026-06-14,VFD Unit,Major,Manual,642.27,PWF,LINE3-M02
DEF-00981,M04595,Power Defect,2026-06-14,Electrical Panel,Critical,Ultrasonic,2261.45,PWF,LINE1-M02
DEF-00982,L04596,Power Defect,2026-06-14,Drive Motor,Critical,Visual,1824.14,PWF,LINE2-M02
DEF-00983,L04603,Thermal Defect,2026-06-14,Heat Exchanger,Major,Visual,742.1,HDF,LINE3-M01
DEF-00984,M04608,Thermal Defect,2026-06-14,Bearing Assembly,Critical,Automated,2164.77,HDF,LINE1-M02
DEF-00985,L04612,Power Defect,2026-06-14,Electrical Panel,Major,X-Ray,312.27,PWF,LINE2-M01
DEF-00986,H04632,Power Defect,2026-06-14,Drive Motor,Critical,Visual,2342.97,PWF,LINE2-M01
DEF-00987,L04647,Thermal Defect,2026-06-14,Heat Exchanger,Minor,Ultrasonic,190.87,HDF,LINE2-M01
DEF-00988,H04649,Thermal Defect,2026-06-14,Heat Exchanger,Minor,X-Ray,113.57,HDF,LINE2-M02
DEF-00989,H04653,Tool Damage,2026-06-14,Tool Holder,Critical,Ultrasonic,2458.12,TWF,LINE2-M01
DEF-00990,H04654,Tool Damage,2026-06-14,Spindle Interface,Minor,X-Ray,226.23,TWF,LINE1-M02
DEF-00991,H04656,Tool Damage,2026-06-14,Tool Tip,Major,Visual,576.46,TWF,LINE1-M01
DEF-00992,L04657,Tool Damage,2026-06-14,Cutting Edge,Minor,Visual,215.73,TWF,LINE3-M02
DEF-00993,H04658,Tool Damage,2026-06-14,Cutting Edge,Major,X-Ray,757.5,TWF,LINE3-M01
DEF-00994,M04659,Tool Damage,2026-06-14,Spindle Interface,Critical,Ultrasonic,1994.73,TWF,LINE3-M02
DEF-00995,L04662,Thermal Defect,2026-06-14,Motor Housing,Major,Visual,520.61,HDF,LINE1-M02
DEF-00996,H04668,Thermal Defect,2026-06-14,Cooling System,Critical,Ultrasonic,2110.54,HDF,LINE1-M01
DEF-00997,L04675,Power Defect,2026-06-14,Drive Motor,Critical,Ultrasonic,1621.43,PWF,LINE1-M02
DEF-00998,L04680,Power Defect,2026-06-14,Drive Motor,Major,Visual,543.37,PWF,LINE2-M02
DEF-00999,L04681,Power Defect,2026-06-14,Drive Motor,Critical,Automated,824.75,PWF,LINE3-M01
DEF-01000,L04686,Power Defect,2026-06-14,Drive Motor,Critical,Ultrasonic,1411.3,PWF,LINE2-M02
DEF-01001,L04688,Thermal Defect,2026-06-14,Heat Exchanger,Major,Ultrasonic,790.23,HDF,LINE2-M01
DEF-01002,L04692,Thermal Defect,2026-06-14,Cooling System,Critical,Visual,2410.26,HDF,LINE3-M01
DEF-01003,H04693,Power Defect,2026-06-14,Drive Motor,Critical,Automated,1246.91,PWF,LINE2-M01
DEF-01004,L04694,Power Defect,2026-06-14,VFD Unit,Critical,Manual,2356.45,PWF,LINE3-M01
DEF-01005,H04701,Power Defect,2026-06-14,Power Supply,Minor,Automated,166.1,PWF,LINE2-M02
DEF-01006,L04707,Power Defect,2026-06-14,Power Supply,Critical,Visual,1526.79,PWF,LINE1-M02
DEF-01007,L04711,Power Defect,2026-06-14,Power Supply,Major,Visual,630.33,PWF,LINE1-M01
DEF-01008,M04712,Power Defect,2026-06-14,Drive Motor,Critical,Visual,827.46,PWF,LINE2-M01
DEF-01009,L04718,Power Defect,2026-06-14,Electrical Panel,Minor,Automated,181.23,PWF,LINE3-M02
DEF-01010,H04724,Power Defect,2026-06-14,VFD Unit,Critical,X-Ray,875.69,PWF,LINE3-M02
DEF-01011,L04734,Tool Damage,2026-06-14,Spindle Interface,Critical,Ultrasonic,2347.73,TWF,LINE3-M02
DEF-01012,H04736,Thermal Defect,2026-06-14,Motor Housing,Critical,Automated,1928.78,HDF,LINE3-M02
DEF-01013,L04737,Tool Damage,2026-06-14,Tool Holder,Critical,Ultrasonic,1587.48,TWF,LINE2-M02
DEF-01014,L04738,Tool Damage,2026-06-14,Tool Holder,Major,Ultrasonic,375.22,TWF,LINE3-M02
DEF-01015,H04739,Thermal Defect,2026-06-14,Bearing Assembly,Critical,Automated,1144.91,HDF,LINE3-M02
DEF-01016,L04740,Tool Damage,2026-06-14,Tool Holder,Major,Manual,297.78,TWF,LINE2-M02
DEF-01017,M04741,Tool Damage,2026-06-14,Spindle Interface,Critical,X-Ray,2374.29,TWF,LINE2-M02
DEF-01018,L04742,Structural Stress,2026-06-14,Gearbox,Major,Ultrasonic,651.36,OSF,LINE2-M01
DEF-01019,M04749,Power Defect,2026-06-14,Drive Motor,Major,Ultrasonic,749.22,PWF,LINE3-M01
DEF-01020,L04758,Power Defect,2026-06-14,Electrical Panel,Major,Manual,485.72,PWF,LINE1-M01
DEF-01021,M04760,Power Defect,2026-06-14,Electrical Panel,Major,Visual,255.59,PWF,LINE2-M01
DEF-01022,M04776,Power Defect,2026-06-14,Power Supply,Critical,X-Ray,982.97,PWF,LINE2-M01
DEF-01023,H04777,Power Defect,2026-06-14,VFD Unit,Critical,Visual,1513.0,PWF,LINE2-M01
DEF-01024,H04785,Power Defect,2026-06-14,Power Supply,Critical,Ultrasonic,2207.69,PWF,LINE2-M02
DEF-01025,M04787,Power Defect,2026-06-14,Drive Motor,Major,Ultrasonic,520.6,PWF,LINE1-M01
DEF-01026,H04790,Power Defect,2026-06-14,Power Supply,Critical,Ultrasonic,2018.18,PWF,LINE1-M02
DEF-01027,L04791,Power Defect,2026-06-14,Drive Motor,Major,Manual,605.88,PWF,LINE3-M01
DEF-01028,M04801,Thermal Defect,2026-06-14,Heat Exchanger,Major,Ultrasonic,548.74,HDF,LINE1-M02
DEF-01029,L04805,Power Defect,2026-06-14,Electrical Panel,Major,Visual,406.8,PWF,LINE3-M02
DEF-01030,L04812,Tool Damage,2026-06-14,Spindle Interface,Critical,Ultrasonic,1110.27,TWF,LINE2-M02
DEF-01031,M04814,Tool Damage,2026-06-14,Cutting Edge,Minor,Automated,143.84,TWF,LINE3-M01
DEF-01032,L04817,Tool Damage,2026-06-14,Tool Holder,Critical,Ultrasonic,1233.43,TWF,LINE2-M01
DEF-01033,L04820,Tool Damage,2026-06-14,Cutting Edge,Critical,Ultrasonic,1460.86,TWF,LINE3-M01
DEF-01034,L04821,Tool Damage,2026-06-14,Cutting Edge,Critical,Manual,885.26,TWF,LINE3-M01
DEF-01035,H04822,Tool Damage,2026-06-14,Spindle Interface,Major,Ultrasonic,513.79,TWF,LINE3-M02
DEF-01036,L04823,Tool Damage,2026-06-14,Tool Tip,Critical,Visual,1683.87,TWF,LINE2-M01
DEF-01037,L04824,Tool Damage,2026-06-14,Cutting Edge,Critical,X-Ray,1248.75,TWF,LINE2-M02
DEF-01038,L04825,Tool Damage,2026-06-14,Tool Holder,Critical,Ultrasonic,940.68,TWF,LINE3-M02
DEF-01039,L04844,Power Defect,2026-06-14,Electrical Panel,Major,Manual,705.2,PWF,LINE3-M01
DEF-01040,L04846,Power Defect,2026-06-14,VFD Unit,Major,Manual,674.39,PWF,LINE1-M01
DEF-01041,L04853,Power Defect,2026-06-14,Drive Motor,Critical,Visual,852.79,PWF,LINE1-M01
DEF-01042,L04854,Power Defect,2026-06-14,Electrical Panel,Major,X-Ray,384.47,PWF,LINE2-M01
DEF-01043,L04864,Thermal Defect,2026-06-14,Cooling System,Minor,Ultrasonic,126.21,HDF,LINE1-M02
DEF-01044,M04865,Power Defect,2026-06-14,Drive Motor,Major,Ultrasonic,273.39,PWF,LINE2-M01
DEF-01045,L04866,Power Defect,2026-06-14,Drive Motor,Critical,Visual,1723.47,PWF,LINE3-M01
DEF-01046,L04876,Power Defect,2026-06-14,Drive Motor,Critical,Visual,1657.43,PWF,LINE3-M02
DEF-01047,M04878,Thermal Defect,2026-06-14,Motor Housing,Critical,Manual,830.25,HDF,LINE3-M01
DEF-01048,M04890,Power Defect,2026-06-14,Power Supply,Major,X-Ray,496.99,PWF,LINE2-M02
DEF-01049,H04891,Thermal Defect,2026-06-14,Motor Housing,Major,Manual,767.23,HDF,LINE1-M02
DEF-01050,M04900,Thermal Defect,2026-06-14,Motor Housing,Critical,Visual,1244.52,HDF,LINE2-M02
DEF-01051,L04902,Tool Damage,2026-06-14,Cutting Edge,Critical,Manual,2100.01,TWF,LINE3-M01
DEF-01052,L04903,Tool Damage,2026-06-14,Tool Tip,Critical,Manual,2277.34,TWF,LINE3-M01
DEF-01053,L04904,Tool Damage,2026-06-14,Cutting Edge,Major,Manual,695.13,TWF,LINE1-M01
DEF-01054,L04905,Tool Damage,2026-06-14,Spindle Interface,Minor,Visual,95.4,TWF,LINE1-M02
DEF-01055,L04907,Tool Damage,2026-06-14,Spindle Interface,Major,Ultrasonic,502.01,TWF,LINE3-M01
DEF-01056,M04908,Tool Damage,2026-06-14,Spindle Interface,Major,Automated,314.0,TWF,LINE2-M02
DEF-01057,L04909,Tool Damage,2026-06-14,Spindle Interface,Minor,Manual,235.15,TWF,LINE2-M02
DEF-01058,M04910,Tool Damage,2026-06-14,Tool Tip,Major,Automated,349.03,TWF,LINE2-M02
DEF-01059,L04911,Tool Damage,2026-06-14,Cutting Edge,Critical,X-Ray,1949.86,TWF,LINE3-M02
DEF-01060,L04915,Thermal Defect,2026-06-14,Bearing Assembly,Minor,Automated,223.14,HDF,LINE3-M01
DEF-01061,M04924,Power Defect,2026-06-14,Drive Motor,Critical,Automated,916.5,PWF,LINE2-M01
DEF-01062,M04928,Power Defect,2026-06-14,Power Supply,Minor,Manual,229.62,PWF,LINE3-M01
DEF-01063,M04929,Power Defect,2026-06-14,Electrical Panel,Critical,X-Ray,1135.9,PWF,LINE1-M01
DEF-01064,H04934,Thermal Defect,2026-06-15,Motor Housing,Major,Visual,289.03,HDF,LINE3-M01
DEF-01065,M04946,Power Defect,2026-06-15,Electrical Panel,Minor,Automated,227.54,PWF,LINE2-M02
DEF-01066,L04964,Power Defect,2026-06-15,VFD Unit,Critical,Ultrasonic,2146.55,PWF,LINE2-M01
DEF-01067,M04968,Thermal Defect,2026-06-15,Cooling System,Major,Ultrasonic,464.69,HDF,LINE2-M01
DEF-01068,M04971,Power Defect,2026-06-15,Electrical Panel,Major,Automated,470.59,PWF,LINE2-M02
DEF-01069,L04973,Power Defect,2026-06-15,Electrical Panel,Major,Ultrasonic,469.41,PWF,LINE3-M01
DEF-01070,L04975,Power Defect,2026-06-15,Drive Motor,Minor,Automated,166.52,PWF,LINE2-M01
DEF-01071,L04978,Power Defect,2026-06-15,Electrical Panel,Major,X-Ray,712.65,PWF,LINE1-M01
DEF-01072,H04979,Power Defect,2026-06-15,Power Supply,Critical,Manual,1007.74,PWF,LINE3-M02
DEF-01073,L04986,Tool Damage,2026-06-15,Tool Holder,Major,Manual,710.92,TWF,LINE1-M02
DEF-01074,L04990,Tool Damage,2026-06-15,Spindle Interface,Major,Ultrasonic,416.74,TWF,LINE1-M01
DEF-01075,L04991,Tool Damage,2026-06-15,Tool Holder,Major,Manual,397.96,TWF,LINE2-M02
DEF-01076,L04992,Tool Damage,2026-06-15,Cutting Edge,Critical,Visual,2338.59,TWF,LINE3-M02
DEF-01077,L04993,Tool Damage,2026-06-15,Cutting Edge,Critical,Manual,1801.68,TWF,LINE3-M01
DEF-01078,L04999,Power Defect,2026-06-15,Electrical Panel,Major,Visual,466.56,PWF,LINE3-M02
DEF-01079,H05011,Power Defect,2026-06-15,Drive Motor,Minor,Automated,97.68,PWF,LINE1-M01
DEF-01080,M05033,Thermal Defect,2026-06-15,Cooling System,Critical,Visual,1221.54,HDF,LINE1-M02
DEF-01081,L05037,Power Defect,2026-06-15,Electrical Panel,Major,Visual,313.62,PWF,LINE1-M01
DEF-01082,L05043,Thermal Defect,2026-06-15,Heat Exchanger,Major,Visual,519.06,HDF,LINE2-M02
DEF-01083,M05048,Power Defect,2026-06-15,Power Supply,Minor,Automated,144.22,PWF,LINE2-M02
DEF-01084,H05054,Power Defect,2026-06-15,Electrical Panel,Critical,Automated,2384.59,PWF,LINE1-M02
DEF-01085,L05066,Power Defect,2026-06-15,Power Supply,Critical,Manual,2400.8,PWF,LINE2-M01
DEF-01086,L05067,Thermal Defect,2026-06-15,Bearing Assembly,Major,X-Ray,537.27,HDF,LINE2-M01
DEF-01087,H05071,Tool Damage,2026-06-15,Spindle Interface,Major,Manual,272.28,TWF,LINE3-M01
DEF-01088,L05072,Structural Stress,2026-06-15,Chuck Assembly,Minor,X-Ray,234.93,OSF,LINE3-M01
DEF-01089,M05073,Tool Damage,2026-06-15,Spindle Interface,Major,Manual,493.28,TWF,LINE1-M02
DEF-01090,L05074,Tool Damage,2026-06-15,Cutting Edge,Critical,Ultrasonic,2157.07,TWF,LINE2-M02
DEF-01091,L05075,Tool Damage,2026-06-15,Spindle Interface,Major,Manual,328.97,TWF,LINE1-M01
DEF-01092,H05076,Tool Damage,2026-06-15,Spindle Interface,Minor,X-Ray,101.96,TWF,LINE3-M02
DEF-01093,L05077,Tool Damage,2026-06-15,Cutting Edge,Minor,Automated,183.3,TWF,LINE2-M02
DEF-01094,L05078,Tool Damage,2026-06-15,Tool Holder,Major,Manual,600.46,TWF,LINE2-M01
DEF-01095,L05079,Tool Damage,2026-06-15,Tool Holder,Major,Manual,450.52,TWF,LINE1-M02
DEF-01096,L05084,Thermal Defect,2026-06-15,Heat Exchanger,Critical,Ultrasonic,807.64,HDF,LINE3-M01
DEF-01097,M05086,Power Defect,2026-06-15,Electrical Panel,Critical,Manual,1828.54,PWF,LINE3-M01
DEF-01098,H05092,Thermal Defect,2026-06-15,Bearing Assembly,Critical,X-Ray,906.29,HDF,LINE3-M01
DEF-01099,L05096,Power Defect,2026-06-15,Electrical Panel,Critical,Manual,1140.4,PWF,LINE2-M01
DEF-01100,L05101,Power Defect,2026-06-15,VFD Unit,Major,Visual,622.08,PWF,LINE2-M01
DEF-01101,M05113,Thermal Defect,2026-06-15,Cooling System,Major,Visual,501.94,HDF,LINE2-M02
DEF-01102,L05117,Power Defect,2026-06-15,Electrical Panel,Critical,Ultrasonic,2382.29,PWF,LINE2-M02
DEF-01103,L05118,Power Defect,2026-06-15,VFD Unit,Critical,Visual,2399.24,PWF,LINE2-M02
DEF-01104,M05120,Power Defect,2026-06-15,VFD Unit,Minor,Automated,178.21,PWF,LINE2-M01
DEF-01105,M05140,Thermal Defect,2026-06-15,Cooling System,Major,X-Ray,405.65,HDF,LINE2-M01
DEF-01106,L05141,Thermal Defect,2026-06-15,Cooling System,Critical,X-Ray,2426.6,HDF,LINE1-M01
DEF-01107,L05145,Power Defect,2026-06-15,Power Supply,Critical,Manual,1952.62,PWF,LINE1-M01
DEF-01108,L05150,Power Defect,2026-06-15,VFD Unit,Minor,Ultrasonic,57.15,PWF,LINE3-M01
DEF-01109,L05151,Power Defect,2026-06-15,Drive Motor,Critical,X-Ray,1803.11,PWF,LINE3-M01
DEF-01110,H05158,Tool Damage,2026-06-15,Cutting Edge,Minor,X-Ray,97.82,TWF,LINE1-M01
DEF-01111,H05159,Tool Damage,2026-06-15,Cutting Edge,Major,Visual,436.93,TWF,LINE1-M02
DEF-01112,L05161,Tool Damage,2026-06-15,Spindle Interface,Major,Automated,761.44,TWF,LINE3-M02
DEF-01113,M05162,Tool Damage,2026-06-15,Cutting Edge,Minor,Visual,190.49,TWF,LINE2-M01
DEF-01114,H05164,Tool Damage,2026-06-15,Tool Holder,Major,X-Ray,376.64,TWF,LINE2-M01
DEF-01115,M05166,Thermal Defect,2026-06-15,Bearing Assembly,Critical,Ultrasonic,2443.07,HDF,LINE2-M02
DEF-01116,L05170,Power Defect,2026-06-15,Electrical Panel,Critical,Ultrasonic,1600.18,PWF,LINE2-M01
DEF-01117,H05183,Power Defect,2026-06-15,Power Supply,Critical,X-Ray,2080.49,PWF,LINE2-M02
DEF-01118,H05192,Thermal Defect,2026-06-15,Bearing Assembly,Minor,X-Ray,117.03,HDF,LINE2-M01
DEF-01119,L05198,Thermal Defect,2026-06-15,Heat Exchanger,Major,Visual,403.71,HDF,LINE1-M01
DEF-01120,L05209,Power Defect,2026-06-15,Power Supply,Critical,Automated,2324.37,PWF,LINE1-M02
DEF-01121,L05210,Power Defect,2026-06-15,VFD Unit,Critical,Visual,2070.95,PWF,LINE2-M01
DEF-01122,H05218,Power Defect,2026-06-15,Power Supply,Critical,Ultrasonic,2102.09,PWF,LINE2-M02
DEF-01123,L05225,Power Defect,2026-06-15,Power Supply,Critical,Ultrasonic,845.84,PWF,LINE2-M02
DEF-01124,L05227,Thermal Defect,2026-06-15,Motor Housing,Critical,Manual,814.6,HDF,LINE3-M02
DEF-01125,L05235,Power Defect,2026-06-15,Drive Motor,Major,Manual,359.49,PWF,LINE2-M01
DEF-01126,H05241,Tool Damage,2026-06-15,Tool Tip,Major,Manual,587.98,TWF,LINE1-M01
DEF-01127,L05242,Thermal Defect,2026-06-15,Motor Housing,Critical,X-Ray,1243.24,HDF,LINE3-M02
DEF-01128,H05243,Power Defect,2026-06-15,Power Supply,Major,Ultrasonic,318.83,PWF,LINE2-M01
DEF-01129,L05244,Tool Damage,2026-06-15,Tool Tip,Minor,Visual,57.52,TWF,LINE1-M02
DEF-01130,L05245,Tool Damage,2026-06-15,Tool Tip,Major,X-Ray,573.26,TWF,LINE3-M02
DEF-01131,L05246,Tool Damage,2026-06-15,Tool Holder,Major,X-Ray,400.94,TWF,LINE2-M02
DEF-01132,M05247,Structural Stress,2026-06-15,Chuck Assembly,Minor,Manual,177.8,OSF,LINE3-M01
DEF-01133,M05248,Tool Damage,2026-06-15,Cutting Edge,Major,X-Ray,783.04,TWF,LINE3-M01
DEF-01134,M05249,Tool Damage,2026-06-15,Tool Holder,Critical,Manual,1698.67,TWF,LINE2-M02
DEF-01135,M05262,Power Defect,2026-06-15,Electrical Panel,Critical,Manual,1317.34,PWF,LINE2-M02
DEF-01136,L05265,Power Defect,2026-06-15,Electrical Panel,Critical,Visual,2317.64,PWF,LINE1-M01
DEF-01137,M05283,Power Defect,2026-06-15,Power Supply,Critical,Manual,1259.54,PWF,LINE1-M01
DEF-01138,L05288,Power Defect,2026-06-15,Power Supply,Minor,Visual,108.35,PWF,LINE1-M02
DEF-01139,M05290,Power Defect,2026-06-15,Electrical Panel,Critical,Automated,2295.82,PWF,LINE3-M02
DEF-01140,H05294,Power Defect,2026-06-15,Drive Motor,Critical,X-Ray,893.77,PWF,LINE2-M02
DEF-01141,L05298,Power Defect,2026-06-16,Electrical Panel,Critical,Manual,2148.7,PWF,LINE2-M02
DEF-01142,M05301,Power Defect,2026-06-16,Electrical Panel,Major,Ultrasonic,563.96,PWF,LINE2-M02
DEF-01143,M05303,Power Defect,2026-06-16,Electrical Panel,Critical,Automated,1321.25,PWF,LINE3-M01
DEF-01144,L05322,Tool Damage,2026-06-16,Cutting Edge,Minor,Manual,56.67,TWF,LINE3-M02
DEF-01145,L05325,Tool Damage,2026-06-16,Spindle Interface,Minor,Visual,116.09,TWF,LINE1-M02
DEF-01146,L05326,Tool Damage,2026-06-16,Spindle Interface,Critical,Visual,1565.79,TWF,LINE3-M01
DEF-01147,L05328,Tool Damage,2026-06-16,Cutting Edge,Minor,X-Ray,122.05,TWF,LINE1-M02
DEF-01148,L05329,Tool Damage,2026-06-16,Cutting Edge,Critical,X-Ray,1802.86,TWF,LINE3-M02
DEF-01149,M05331,Tool Damage,2026-06-16,Tool Tip,Major,X-Ray,278.46,TWF,LINE1-M01
DEF-01150,L05338,Power Defect,2026-06-16,Electrical Panel,Critical,Visual,2097.36,PWF,LINE2-M02
DEF-01151,L05339,Thermal Defect,2026-06-16,Heat Exchanger,Major,Visual,693.47,HDF,LINE1-M01
DEF-01152,L05342,Power Defect,2026-06-16,Drive Motor,Critical,Visual,2461.11,PWF,LINE2-M01
DEF-01153,M05343,Power Defect,2026-06-16,Power Supply,Critical,Ultrasonic,1117.49,PWF,LINE2-M02
DEF-01154,L05345,Power Defect,2026-06-16,Drive Motor,Major,Manual,722.8,PWF,LINE1-M02
DEF-01155,H05367,Power Defect,2026-06-16,Drive Motor,Major,Automated,381.93,PWF,LINE3-M02
DEF-01156,M05370,Power Defect,2026-06-16,Drive Motor,Major,Manual,264.19,PWF,LINE3-M01
DEF-01157,M05376,Power Defect,2026-06-16,Drive Motor,Critical,X-Ray,1877.82,PWF,LINE3-M02
DEF-01158,L05388,Thermal Defect,2026-06-16,Bearing Assembly,Critical,X-Ray,1774.01,HDF,LINE1-M02
DEF-01159,L05400,Power Defect,2026-06-16,Drive Motor,Major,Manual,521.59,PWF,LINE1-M01
DEF-01160,H05406,Power Defect,2026-06-16,Electrical Panel,Major,Visual,359.12,PWF,LINE3-M02
DEF-01161,L05408,Power Defect,2026-06-16,Drive Motor,Critical,Manual,2174.44,PWF,LINE1-M02
DEF-01162,L05412,Tool Damage,2026-06-16,Spindle Interface,Critical,Automated,1041.45,TWF,LINE1-M02
DEF-01163,H05414,Tool Damage,2026-06-16,Tool Holder,Minor,Ultrasonic,122.81,TWF,LINE2-M02
DEF-01164,M05415,Tool Damage,2026-06-16,Tool Holder,Critical,Ultrasonic,1141.74,TWF,LINE1-M02
DEF-01165,M05416,Tool Damage,2026-06-16,Tool Tip,Major,Ultrasonic,478.06,TWF,LINE1-M02
DEF-01166,H05417,Tool Damage,2026-06-16,Tool Holder,Major,Ultrasonic,352.53,TWF,LINE1-M01
DEF-01167,H05418,Tool Damage,2026-06-16,Tool Holder,Major,Automated,558.17,TWF,LINE1-M01
DEF-01168,M05434,Power Defect,2026-06-16,Electrical Panel,Major,Automated,723.2,PWF,LINE1-M01
DEF-01169,L05443,Power Defect,2026-06-16,Drive Motor,Major,Manual,510.68,PWF,LINE2-M01
DEF-01170,L05444,Power Defect,2026-06-16,Power Supply,Major,Visual,639.93,PWF,LINE1-M02
DEF-01171,M05459,Thermal Defect,2026-06-16,Motor Housing,Critical,Manual,1044.49,HDF,LINE3-M02
DEF-01172,L05461,Power Defect,2026-06-16,VFD Unit,Major,Manual,458.25,PWF,LINE3-M01
DEF-01173,H05467,Power Defect,2026-06-16,Electrical Panel,Critical,Visual,1100.28,PWF,LINE1-M01
DEF-01174,H05471,Thermal Defect,2026-06-16,Motor Housing,Minor,Automated,90.88,HDF,LINE3-M01
DEF-01175,L05481,Power Defect,2026-06-16,Power Supply,Critical,Automated,1429.24,PWF,LINE2-M02
DEF-01176,H05491,Tool Damage,2026-06-16,Cutting Edge,Major,Automated,549.21,TWF,LINE3-M02
DEF-01177,L05493,Structural Stress,2026-06-16,Gearbox,Major,Manual,583.15,OSF,LINE2-M02
DEF-01178,L05494,Tool Damage,2026-06-16,Cutting Edge,Major,Automated,418.39,TWF,LINE2-M01
DEF-01179,M05495,Tool Damage,2026-06-16,Spindle Interface,Minor,Visual,65.06,TWF,LINE3-M02
DEF-01180,M05496,Power Defect,2026-06-16,Power Supply,Critical,X-Ray,2321.47,PWF,LINE1-M01
DEF-01181,L05500,Tool Damage,2026-06-16,Spindle Interface,Major,Manual,598.96,TWF,LINE2-M02
DEF-01182,L05501,Tool Damage,2026-06-16,Tool Tip,Major,Visual,689.2,TWF,LINE2-M02
DEF-01183,H05502,Tool Damage,2026-06-16,Spindle Interface,Major,X-Ray,439.42,TWF,LINE3-M01
DEF-01184,L05513,Power Defect,2026-06-16,Electrical Panel,Critical,Visual,1950.87,PWF,LINE3-M02
DEF-01185,M05518,Thermal Defect,2026-06-16,Bearing Assembly,Major,Manual,479.64,HDF,LINE3-M02
DEF-01186,H05524,Power Defect,2026-06-16,VFD Unit,Critical,Automated,913.12,PWF,LINE3-M02
DEF-01187,M05528,Power Defect,2026-06-16,Drive Motor,Major,X-Ray,663.55,PWF,LINE3-M01
DEF-01188,L05538,Power Defect,2026-06-16,Drive Motor,Critical,X-Ray,1539.44,PWF,LINE3-M01
DEF-01189,L05540,Power Defect,2026-06-16,VFD Unit,Critical,X-Ray,1149.34,PWF,LINE1-M02
DEF-01190,H05552,Power Defect,2026-06-16,Drive Motor,Minor,Ultrasonic,84.11,PWF,LINE1-M02
DEF-01191,L05572,Power Defect,2026-06-16,Electrical Panel,Major,Ultrasonic,582.27,PWF,LINE2-M01
DEF-01192,L05573,Tool Damage,2026-06-16,Spindle Interface,Critical,Manual,1888.27,TWF,LINE1-M02
DEF-01193,M05576,Tool Damage,2026-06-16,Tool Tip,Major,X-Ray,558.75,TWF,LINE3-M01
DEF-01194,M05578,Tool Damage,2026-06-16,Tool Tip,Major,Automated,672.76,TWF,LINE2-M01
DEF-01195,H05579,Tool Damage,2026-06-16,Cutting Edge,Major,Visual,594.66,TWF,LINE2-M01
DEF-01196,L05580,Tool Damage,2026-06-16,Cutting Edge,Major,X-Ray,606.37,TWF,LINE3-M01
DEF-01197,M05582,Tool Damage,2026-06-16,Cutting Edge,Major,Visual,487.42,TWF,LINE1-M01
DEF-01198,H05583,Tool Damage,2026-06-16,Spindle Interface,Minor,Automated,180.29,TWF,LINE2-M01
DEF-01199,M05584,Tool Damage,2026-06-16,Cutting Edge,Minor,Visual,158.09,TWF,LINE2-M02
DEF-01200,H05590,Power Defect,2026-06-16,Power Supply,Minor,X-Ray,85.27,PWF,LINE3-M02
DEF-01201,M05608,Power Defect,2026-06-16,VFD Unit,Major,X-Ray,471.97,PWF,LINE3-M01
DEF-01202,H05609,Power Defect,2026-06-16,Power Supply,Critical,Manual,1618.05,PWF,LINE3-M02
DEF-01203,H05616,Power Defect,2026-06-16,Drive Motor,Major,Automated,289.04,PWF,LINE2-M01
DEF-01204,M05622,Power Defect,2026-06-16,Drive Motor,Major,X-Ray,504.07,PWF,LINE1-M02
DEF-01205,L05627,Power Defect,2026-06-16,Electrical Panel,Critical,X-Ray,2357.02,PWF,LINE1-M02
DEF-01206,H05637,Thermal Defect,2026-06-16,Motor Housing,Major,X-Ray,504.23,HDF,LINE1-M01
DEF-01207,H05638,Thermal Defect,2026-06-16,Motor Housing,Critical,X-Ray,2217.93,HDF,LINE1-M02
DEF-01208,M05644,Power Defect,2026-06-16,Electrical Panel,Minor,Automated,154.22,PWF,LINE1-M02
DEF-01209,M05645,Power Defect,2026-06-16,VFD Unit,Critical,X-Ray,1017.75,PWF,LINE1-M02
DEF-01210,L05649,Power Defect,2026-06-16,Electrical Panel,Minor,Manual,247.17,PWF,LINE2-M02
DEF-01211,M05658,Tool Damage,2026-06-17,Tool Tip,Major,Automated,330.32,TWF,LINE2-M02
DEF-01212,L05661,Tool Damage,2026-06-17,Spindle Interface,Critical,Automated,2026.05,TWF,LINE3-M02
DEF-01213,H05665,Power Defect,2026-06-17,VFD Unit,Minor,X-Ray,180.34,PWF,LINE2-M02
DEF-01214,M05666,Tool Damage,2026-06-17,Tool Holder,Major,Visual,765.77,TWF,LINE3-M01
DEF-01215,L05667,Power Defect,2026-06-17,VFD Unit,Critical,Manual,1604.48,PWF,LINE1-M01
DEF-01216,M05668,Tool Damage,2026-06-17,Tool Tip,Critical,X-Ray,1017.69,TWF,LINE1-M01
DEF-01217,L05669,Tool Damage,2026-06-17,Tool Holder,Major,Manual,660.33,TWF,LINE1-M01
DEF-01218,M05671,Tool Damage,2026-06-17,Cutting Edge,Major,Visual,519.22,TWF,LINE3-M01
DEF-01219,L05685,Thermal Defect,2026-06-17,Cooling System,Critical,Automated,1353.07,HDF,LINE3-M01
DEF-01220,L05686,Power Defect,2026-06-17,Power Supply,Minor,X-Ray,138.04,PWF,LINE3-M01
DEF-01221,H05692,Power Defect,2026-06-17,Electrical Panel,Critical,Ultrasonic,2022.42,PWF,LINE2-M01
DEF-01222,H05707,Power Defect,2026-06-17,Electrical Panel,Critical,Automated,1813.44,PWF,LINE3-M01
DEF-01223,H05717,Power Defect,2026-06-17,Power Supply,Critical,Visual,1517.07,PWF,LINE2-M02
DEF-01224,M05719,Power Defect,2026-06-17,Electrical Panel,Critical,Visual,1228.28,PWF,LINE2-M02
DEF-01225,L05720,Power Defect,2026-06-17,Power Supply,Minor,Manual,174.45,PWF,LINE3-M01
DEF-01226,H05728,Power Defect,2026-06-17,VFD Unit,Major,Automated,613.15,PWF,LINE1-M02
DEF-01227,L05729,Power Defect,2026-06-17,Power Supply,Major,Manual,424.27,PWF,LINE1-M01
DEF-01228,M05743,Thermal Defect,2026-06-17,Bearing Assembly,Critical,X-Ray,2044.47,HDF,LINE2-M01
DEF-01229,M05746,Tool Damage,2026-06-17,Tool Tip,Major,X-Ray,424.03,TWF,LINE2-M02
DEF-01230,L05747,Power Defect,2026-06-17,Electrical Panel,Critical,Visual,2303.24,PWF,LINE1-M01
DEF-01231,L05748,Tool Damage,2026-06-17,Tool Tip,Minor,Visual,183.17,TWF,LINE1-M01
DEF-01232,L05749,Power Defect,2026-06-17,Power Supply,Major,Ultrasonic,418.35,PWF,LINE1-M01
DEF-01233,L05751,Power Defect,2026-06-17,Electrical Panel,Major,X-Ray,720.44,PWF,LINE2-M02
DEF-01234,L05755,Tool Damage,2026-06-17,Cutting Edge,Critical,Automated,830.71,TWF,LINE2-M01
DEF-01235,L05756,Tool Damage,2026-06-17,Tool Holder,Major,Manual,466.28,TWF,LINE1-M01
DEF-01236,M05757,Tool Damage,2026-06-17,Tool Tip,Major,Ultrasonic,612.72,TWF,LINE3-M02
DEF-01237,M05758,Tool Damage,2026-06-17,Cutting Edge,Minor,Ultrasonic,186.07,TWF,LINE1-M02
DEF-01238,H05759,Tool Damage,2026-06-17,Spindle Interface,Major,Visual,666.84,TWF,LINE1-M01
DEF-01239,L05762,Power Defect,2026-06-17,Electrical Panel,Critical,Automated,1008.69,PWF,LINE3-M01
DEF-01240,H05764,Power Defect,2026-06-17,Drive Motor,Critical,Ultrasonic,1785.6,PWF,LINE2-M01
DEF-01241,M05768,Thermal Defect,2026-06-17,Motor Housing,Critical,X-Ray,1834.97,HDF,LINE2-M02
DEF-01242,H05769,Power Defect,2026-06-17,Drive Motor,Critical,Ultrasonic,1626.04,PWF,LINE2-M02
DEF-01243,L05774,Thermal Defect,2026-06-17,Motor Housing,Critical,X-Ray,2233.93,HDF,LINE2-M02
DEF-01244,H05779,Power Defect,2026-06-17,Drive Motor,Critical,Manual,2041.79,PWF,LINE2-M01
DEF-01245,L05781,Thermal Defect,2026-06-17,Motor Housing,Minor,Visual,57.74,HDF,LINE2-M02
DEF-01246,M05788,Power Defect,2026-06-17,Electrical Panel,Minor,X-Ray,119.85,PWF,LINE1-M01
DEF-01247,H05791,Power Defect,2026-06-17,Electrical Panel,Minor,X-Ray,76.47,PWF,LINE3-M02
DEF-01248,M05810,Power Defect,2026-06-17,Electrical Panel,Major,X-Ray,479.27,PWF,LINE1-M01
DEF-01249,L05819,Power Defect,2026-06-17,Drive Motor,Critical,Automated,1398.73,PWF,LINE3-M02
DEF-01250,L05824,Tool Damage,2026-06-17,Tool Tip,Major,X-Ray,413.41,TWF,LINE2-M01
DEF-01251,M05827,Tool Damage,2026-06-17,Tool Tip,Major,Manual,624.81,TWF,LINE3-M02
DEF-01252,L05828,Power Defect,2026-06-17,Electrical Panel,Critical,Visual,1057.52,PWF,LINE3-M02
DEF-01253,L05830,Tool Damage,2026-06-17,Spindle Interface,Major,Manual,578.53,TWF,LINE3-M01
DEF-01254,H05831,Tool Damage,2026-06-17,Spindle Interface,Minor,Visual,112.26,TWF,LINE1-M01
DEF-01255,H05832,Tool Damage,2026-06-17,Cutting Edge,Critical,Manual,1831.63,TWF,LINE2-M01
DEF-01256,L05833,Tool Damage,2026-06-17,Cutting Edge,Major,Manual,459.64,TWF,LINE2-M01
DEF-01257,L05834,Tool Damage,2026-06-17,Spindle Interface,Minor,Visual,135.09,TWF,LINE3-M01
DEF-01258,L05836,Tool Damage,2026-06-17,Spindle Interface,Critical,Manual,967.68,TWF,LINE1-M02
DEF-01259,L05837,Tool Damage,2026-06-17,Cutting Edge,Major,X-Ray,466.72,TWF,LINE1-M02
DEF-01260,L05876,Power Defect,2026-06-17,Electrical Panel,Major,X-Ray,558.38,PWF,LINE3-M02
DEF-01261,L05881,Thermal Defect,2026-06-17,Motor Housing,Critical,Automated,2182.88,HDF,LINE3-M02
DEF-01262,H05885,Power Defect,2026-06-17,VFD Unit,Major,X-Ray,596.3,PWF,LINE3-M01
DEF-01263,L05886,Power Defect,2026-06-17,Drive Motor,Major,Manual,338.61,PWF,LINE3-M02
DEF-01264,H05894,Power Defect,2026-06-17,Electrical Panel,Critical,X-Ray,2168.75,PWF,LINE3-M02
DEF-01265,L05903,Power Defect,2026-06-17,Power Supply,Critical,Visual,914.15,PWF,LINE1-M02
DEF-01266,M05907,Tool Damage,2026-06-17,Spindle Interface,Major,Visual,638.22,TWF,LINE1-M02
DEF-01267,M05911,Random/Unknown,2026-06-17,Control Board,Minor,Visual,240.92,RNF,LINE1-M01
DEF-01268,L05912,Tool Damage,2026-06-17,Tool Tip,Critical,Manual,1147.43,TWF,LINE1-M01
DEF-01269,H05914,Tool Damage,2026-06-17,Tool Tip,Major,Manual,360.55,TWF,LINE1-M02
DEF-01270,L05915,Tool Damage,2026-06-17,Spindle Interface,Major,Automated,626.32,TWF,LINE2-M01
DEF-01271,H05916,Tool Damage,2026-06-17,Tool Holder,Minor,Ultrasonic,145.87,TWF,LINE2-M02
DEF-01272,H05937,Power Defect,2026-06-17,Electrical Panel,Critical,X-Ray,1991.28,PWF,LINE3-M01
DEF-01273,L05938,Power Defect,2026-06-17,Drive Motor,Major,Manual,777.71,PWF,LINE1-M01
DEF-01274,M05943,Power Defect,2026-06-17,VFD Unit,Critical,X-Ray,2250.14,PWF,LINE2-M02
DEF-01275,L05945,Power Defect,2026-06-17,VFD Unit,Major,Ultrasonic,488.55,PWF,LINE2-M02
DEF-01276,M05953,Power Defect,2026-06-17,VFD Unit,Critical,Ultrasonic,1902.28,PWF,LINE3-M01
DEF-01277,H05955,Power Defect,2026-06-17,Electrical Panel,Critical,X-Ray,1325.53,PWF,LINE3-M01
DEF-01278,M05956,Thermal Defect,2026-06-17,Heat Exchanger,Critical,Visual,826.69,HDF,LINE2-M01
DEF-01279,H05964,Power Defect,2026-06-17,Drive Motor,Major,Ultrasonic,784.59,PWF,LINE1-M01
DEF-01280,L05972,Power Defect,2026-06-17,Electrical Panel,Critical,Automated,2411.94,PWF,LINE3-M01
DEF-01281,M05976,Power Defect,2026-06-17,Power Supply,Critical,Visual,1172.3,PWF,LINE3-M02
DEF-01282,M05984,Power Defect,2026-06-17,Electrical Panel,Critical,X-Ray,1718.43,PWF,LINE3-M02
DEF-01283,M05985,Power Defect,2026-06-17,Electrical Panel,Critical,Visual,2151.37,PWF,LINE3-M01
DEF-01284,L05986,Tool Damage,2026-06-17,Cutting Edge,Critical,X-Ray,2199.21,TWF,LINE1-M02
DEF-01285,L05988,Tool Damage,2026-06-17,Tool Holder,Minor,Visual,109.76,TWF,LINE1-M01
DEF-01286,M05989,Thermal Defect,2026-06-17,Heat Exchanger,Minor,Manual,159.17,HDF,LINE1-M02
DEF-01287,L05991,Tool Damage,2026-06-17,Cutting Edge,Major,Automated,613.46,TWF,LINE2-M01
DEF-01288,L05993,Tool Damage,2026-06-17,Tool Holder,Minor,Visual,147.44,TWF,LINE1-M01
DEF-01289,L05994,Tool Damage,2026-06-17,Spindle Interface,Major,Ultrasonic,760.2,TWF,LINE3-M01
DEF-01290,L05996,Tool Damage,2026-06-17,Cutting Edge,Major,Automated,788.61,TWF,LINE3-M02
DEF-01291,H05997,Tool Damage,2026-06-17,Spindle Interface,Minor,Visual,101.36,TWF,LINE1-M02
DEF-01292,L05998,Tool Damage,2026-06-17,Spindle Interface,Major,Ultrasonic,336.01,TWF,LINE2-M02
DEF-01293,L05999,Tool Damage,2026-06-17,Cutting Edge,Major,Manual,558.75,TWF,LINE1-M01
DEF-01294,M06000,Tool Damage,2026-06-17,Tool Tip,Major,Automated,768.46,TWF,LINE2-M01
DEF-01295,L06022,Power Defect,2026-06-18,Drive Motor,Major,Visual,402.91,PWF,LINE3-M01
DEF-01296,L06039,Power Defect,2026-06-18,Power Supply,Major,Automated,794.07,PWF,LINE2-M02
DEF-01297,M06040,Power Defect,2026-06-18,VFD Unit,Critical,X-Ray,893.71,PWF,LINE3-M02
DEF-01298,H06041,Power Defect,2026-06-18,Electrical Panel,Minor,X-Ray,241.95,PWF,LINE3-M01
DEF-01299,H06046,Power Defect,2026-06-18,Electrical Panel,Critical,Automated,2160.7,PWF,LINE2-M01
DEF-01300,M06053,Thermal Defect,2026-06-18,Heat Exchanger,Major,X-Ray,650.48,HDF,LINE3-M02
DEF-01301,H06059,Power Defect,2026-06-18,Electrical Panel,Critical,Automated,1007.02,PWF,LINE2-M01
DEF-01302,M06061,Power Defect,2026-06-18,Power Supply,Critical,Manual,1522.02,PWF,LINE2-M02
DEF-01303,M06062,Power Defect,2026-06-18,Drive Motor,Major,Manual,504.66,PWF,LINE1-M02
DEF-01304,M06069,Tool Damage,2026-06-18,Tool Tip,Major,X-Ray,472.68,TWF,LINE1-M01
DEF-01305,L06070,Tool Damage,2026-06-18,Tool Tip,Major,Automated,792.93,TWF,LINE2-M01
DEF-01306,L06072,Structural Stress,2026-06-18,Gearbox,Critical,Visual,2362.14,OSF,LINE1-M02
DEF-01307,M06073,Power Defect,2026-06-18,VFD Unit,Critical,Ultrasonic,1647.07,PWF,LINE3-M02
DEF-01308,H06074,Tool Damage,2026-06-18,Spindle Interface,Minor,Manual,148.24,TWF,LINE1-M01
DEF-01309,H06075,Tool Damage,2026-06-18,Spindle Interface,Major,Visual,643.2,TWF,LINE2-M02
DEF-01310,M06076,Tool Damage,2026-06-18,Cutting Edge,Major,Ultrasonic,499.46,TWF,LINE2-M01
DEF-01311,L06077,Tool Damage,2026-06-18,Tool Tip,Major,Visual,440.3,TWF,LINE1-M01
DEF-01312,H06078,Tool Damage,2026-06-18,Spindle Interface,Major,Ultrasonic,514.27,TWF,LINE2-M01
DEF-01313,H06086,Power Defect,2026-06-18,Drive Motor,Major,X-Ray,708.2,PWF,LINE3-M01
DEF-01314,L06088,Power Defect,2026-06-18,Power Supply,Critical,Ultrasonic,1833.55,PWF,LINE3-M02
DEF-01315,L06089,Power Defect,2026-06-18,Power Supply,Major,X-Ray,695.5,PWF,LINE2-M02
DEF-01316,L06116,Power Defect,2026-06-18,VFD Unit,Critical,X-Ray,1069.2,PWF,LINE1-M02
DEF-01317,H06126,Power Defect,2026-06-18,Drive Motor,Critical,Ultrasonic,1378.45,PWF,LINE2-M02
DEF-01318,H06127,Power Defect,2026-06-18,Electrical Panel,Major,Manual,377.98,PWF,LINE3-M01
DEF-01319,L06128,Thermal Defect,2026-06-18,Motor Housing,Minor,Visual,229.86,HDF,LINE2-M02
DEF-01320,L06146,Power Defect,2026-06-18,Electrical Panel,Major,X-Ray,665.82,PWF,LINE3-M01
DEF-01321,H06147,Tool Damage,2026-06-18,Tool Tip,Critical,Automated,2359.59,TWF,LINE3-M01
DEF-01322,L06149,Tool Damage,2026-06-18,Tool Holder,Major,Ultrasonic,720.84,TWF,LINE1-M01
DEF-01323,L06150,Tool Damage,2026-06-18,Tool Tip,Critical,X-Ray,2498.66,TWF,LINE3-M01
DEF-01324,L06151,Tool Damage,2026-06-18,Tool Holder,Major,Manual,483.34,TWF,LINE2-M02
DEF-01325,M06154,Tool Damage,2026-06-18,Tool Tip,Major,Ultrasonic,252.84,TWF,LINE3-M01
DEF-01326,L06155,Tool Damage,2026-06-18,Tool Holder,Major,Manual,485.36,TWF,LINE2-M02
DEF-01327,M06156,Tool Damage,2026-06-18,Spindle Interface,Critical,X-Ray,2481.1,TWF,LINE1-M02
DEF-01328,L06157,Tool Damage,2026-06-18,Tool Holder,Minor,Visual,119.7,TWF,LINE3-M02
DEF-01329,H06158,Tool Damage,2026-06-18,Cutting Edge,Major,X-Ray,510.66,TWF,LINE2-M01
DEF-01330,M06166,Power Defect,2026-06-18,VFD Unit,Critical,X-Ray,2153.54,PWF,LINE3-M02
DEF-01331,H06183,Thermal Defect,2026-06-18,Motor Housing,Major,Visual,780.93,HDF,LINE1-M01
DEF-01332,M06187,Power Defect,2026-06-18,VFD Unit,Critical,Ultrasonic,1507.88,PWF,LINE3-M02
DEF-01333,M06195,Power Defect,2026-06-18,Drive Motor,Critical,Visual,1679.26,PWF,LINE2-M01
DEF-01334,L06207,Power Defect,2026-06-18,VFD Unit,Critical,Ultrasonic,2460.7,PWF,LINE3-M01
DEF-01335,L06213,Power Defect,2026-06-18,Drive Motor,Critical,X-Ray,2299.77,PWF,LINE2-M01
DEF-01336,H06218,Power Defect,2026-06-18,Electrical Panel,Critical,Manual,1996.22,PWF,LINE2-M01
DEF-01337,L06228,Structural Stress,2026-06-18,Gearbox,Major,Manual,793.43,OSF,LINE2-M01
DEF-01338,H06229,Tool Damage,2026-06-18,Tool Tip,Minor,Visual,172.72,TWF,LINE3-M02
DEF-01339,L06233,Tool Damage,2026-06-18,Tool Tip,Major,X-Ray,705.43,TWF,LINE2-M01
DEF-01340,L06234,Tool Damage,2026-06-18,Tool Holder,Critical,Automated,1965.6,TWF,LINE3-M02
DEF-01341,L06237,Tool Damage,2026-06-18,Spindle Interface,Major,Ultrasonic,561.75,TWF,LINE2-M02
DEF-01342,L06238,Tool Damage,2026-06-18,Cutting Edge,Critical,Visual,1995.77,TWF,LINE1-M01
DEF-01343,L06239,Tool Damage,2026-06-18,Spindle Interface,Major,Manual,339.84,TWF,LINE1-M02
DEF-01344,M06240,Power Defect,2026-06-18,VFD Unit,Major,Manual,678.07,PWF,LINE2-M02
DEF-01345,H06242,Power Defect,2026-06-18,Power Supply,Major,Ultrasonic,398.4,PWF,LINE2-M01
DEF-01346,H06243,Power Defect,2026-06-18,Power Supply,Critical,Manual,2057.64,PWF,LINE2-M02
DEF-01347,H06253,Power Defect,2026-06-18,VFD Unit,Minor,Manual,158.82,PWF,LINE2-M01
DEF-01348,M06256,Power Defect,2026-06-18,Power Supply,Minor,Automated,190.28,PWF,LINE1-M01
DEF-01349,H06261,Power Defect,2026-06-18,Power Supply,Major,Manual,338.99,PWF,LINE3-M01
DEF-01350,H06274,Thermal Defect,2026-06-18,Motor Housing,Major,X-Ray,395.88,HDF,LINE3-M02
DEF-01351,M06278,Power Defect,2026-06-18,Power Supply,Critical,Automated,2239.53,PWF,LINE1-M01
DEF-01352,H06285,Power Defect,2026-06-18,Power Supply,Major,Visual,611.91,PWF,LINE2-M01
DEF-01353,H06289,Power Defect,2026-06-18,Drive Motor,Critical,X-Ray,2125.42,PWF,LINE3-M01
DEF-01354,L06297,Power Defect,2026-06-18,Electrical Panel,Critical,Automated,1679.81,PWF,LINE3-M01
DEF-01355,L06304,Power Defect,2026-06-18,Power Supply,Critical,Ultrasonic,1054.11,PWF,LINE1-M01
DEF-01356,H06306,Tool Damage,2026-06-18,Tool Holder,Major,Automated,399.06,TWF,LINE3-M01
DEF-01357,M06310,Tool Damage,2026-06-18,Spindle Interface,Major,X-Ray,642.93,TWF,LINE1-M02
DEF-01358,M06311,Tool Damage,2026-06-18,Tool Holder,Major,Visual,723.16,TWF,LINE3-M02
DEF-01359,H06312,Tool Damage,2026-06-18,Tool Holder,Major,Automated,397.85,TWF,LINE2-M02
DEF-01360,L06313,Tool Damage,2026-06-18,Tool Tip,Minor,Ultrasonic,98.63,TWF,LINE1-M02
DEF-01361,L06314,Tool Damage,2026-06-18,Spindle Interface,Critical,Ultrasonic,2349.9,TWF,LINE2-M02
DEF-01362,H06321,Thermal Defect,2026-06-18,Bearing Assembly,Major,Automated,729.87,HDF,LINE1-M01
DEF-01363,L06322,Power Defect,2026-06-18,Drive Motor,Critical,Ultrasonic,1829.34,PWF,LINE1-M01
DEF-01364,L06336,Power Defect,2026-06-18,Drive Motor,Critical,X-Ray,974.21,PWF,LINE2-M01
DEF-01365,M06344,Power Defect,2026-06-18,Drive Motor,Critical,Ultrasonic,1013.91,PWF,LINE3-M02
DEF-01366,H06348,Power Defect,2026-06-18,Power Supply,Major,Automated,359.38,PWF,LINE3-M01
DEF-01367,L06357,Power Defect,2026-06-18,VFD Unit,Critical,Manual,2444.95,PWF,LINE3-M02
DEF-01368,H06369,Power Defect,2026-06-19,Power Supply,Critical,Ultrasonic,2306.44,PWF,LINE1-M01
DEF-01369,L06371,Power Defect,2026-06-19,Electrical Panel,Major,Ultrasonic,331.68,PWF,LINE2-M02
DEF-01370,M06373,Power Defect,2026-06-19,Drive Motor,Major,Ultrasonic,568.09,PWF,LINE2-M02
DEF-01371,L06386,Power Defect,2026-06-19,VFD Unit,Major,Manual,498.92,PWF,LINE3-M02
DEF-01372,L06393,Tool Damage,2026-06-19,Tool Holder,Major,Automated,560.27,TWF,LINE3-M02
DEF-01373,M06394,Tool Damage,2026-06-19,Cutting Edge,Minor,Manual,95.35,TWF,LINE2-M02
DEF-01374,M06396,Tool Damage,2026-06-19,Cutting Edge,Major,Visual,753.86,TWF,LINE3-M01
DEF-01375,M06397,Tool Damage,2026-06-19,Tool Tip,Major,Ultrasonic,661.13,TWF,LINE1-M01
DEF-01376,M06398,Tool Damage,2026-06-19,Cutting Edge,Critical,Ultrasonic,1997.07,TWF,LINE2-M01
DEF-01377,L06399,Tool Damage,2026-06-19,Tool Holder,Major,Manual,763.6,TWF,LINE2-M02
DEF-01378,M06400,Tool Damage,2026-06-19,Tool Holder,Major,Ultrasonic,430.23,TWF,LINE1-M01
DEF-01379,M06401,Power Defect,2026-06-19,Power Supply,Critical,X-Ray,2137.16,PWF,LINE3-M02
DEF-01380,L06402,Power Defect,2026-06-19,Drive Motor,Critical,X-Ray,1324.46,PWF,LINE1-M01
DEF-01381,H06403,Power Defect,2026-06-19,Power Supply,Critical,Visual,2090.38,PWF,LINE2-M02
DEF-01382,L06417,Power Defect,2026-06-19,VFD Unit,Major,Visual,693.75,PWF,LINE3-M02
DEF-01383,M06418,Thermal Defect,2026-06-19,Bearing Assembly,Major,X-Ray,633.9,HDF,LINE1-M01
DEF-01384,L06439,Thermal Defect,2026-06-19,Bearing Assembly,Minor,Manual,140.81,HDF,LINE3-M02
DEF-01385,M06457,Power Defect,2026-06-19,VFD Unit,Critical,Ultrasonic,1052.66,PWF,LINE2-M02
DEF-01386,M06468,Power Defect,2026-06-19,VFD Unit,Major,X-Ray,500.94,PWF,LINE2-M01
DEF-01387,L06470,Power Defect,2026-06-19,VFD Unit,Critical,Ultrasonic,1191.09,PWF,LINE1-M01
DEF-01388,L06475,Power Defect,2026-06-19,Electrical Panel,Critical,Ultrasonic,1137.05,PWF,LINE2-M01
DEF-01389,L06476,Power Defect,2026-06-19,Electrical Panel,Minor,X-Ray,64.18,PWF,LINE2-M01
DEF-01390,L06480,Tool Damage,2026-06-19,Spindle Interface,Major,Visual,303.57,TWF,LINE2-M01
DEF-01391,H06481,Power Defect,2026-06-19,Drive Motor,Major,Visual,392.53,PWF,LINE3-M01
DEF-01392,L06482,Structural Stress,2026-06-19,Frame Mount,Minor,Manual,249.44,OSF,LINE1-M02
DEF-01393,L06483,Tool Damage,2026-06-19,Tool Holder,Critical,X-Ray,1421.69,TWF,LINE1-M02
DEF-01394,L06484,Tool Damage,2026-06-19,Tool Holder,Major,Automated,542.54,TWF,LINE1-M02
DEF-01395,L06485,Tool Damage,2026-06-19,Spindle Interface,Major,Ultrasonic,656.76,TWF,LINE3-M02
DEF-01396,M06486,Tool Damage,2026-06-19,Tool Tip,Critical,X-Ray,1330.84,TWF,LINE1-M02
DEF-01397,H06487,Tool Damage,2026-06-19,Tool Holder,Major,Ultrasonic,694.09,TWF,LINE3-M01
DEF-01398,M06488,Tool Damage,2026-06-19,Tool Tip,Minor,Ultrasonic,190.36,TWF,LINE2-M01
DEF-01399,L06495,Power Defect,2026-06-19,VFD Unit,Critical,X-Ray,1082.94,PWF,LINE1-M01
DEF-01400,L06496,Power Defect,2026-06-19,VFD Unit,Critical,Automated,1569.91,PWF,LINE3-M01
DEF-01401,H06497,Power Defect,2026-06-19,Drive Motor,Minor,Automated,130.4,PWF,LINE3-M01
DEF-01402,H06510,Power Defect,2026-06-19,Power Supply,Minor,X-Ray,203.24,PWF,LINE2-M02
DEF-01403,M06517,Thermal Defect,2026-06-19,Heat Exchanger,Major,Manual,365.94,HDF,LINE3-M01
DEF-01404,L06519,Power Defect,2026-06-19,Drive Motor,Critical,Automated,2029.16,PWF,LINE1-M02
DEF-01405,L06523,Power Defect,2026-06-19,Drive Motor,Major,Visual,413.19,PWF,LINE2-M01
DEF-01406,M06525,Power Defect,2026-06-19,Power Supply,Critical,Automated,1969.1,PWF,LINE3-M01
DEF-01407,M06539,Thermal Defect,2026-06-19,Bearing Assembly,Critical,X-Ray,2132.95,HDF,LINE1-M02
DEF-01408,L06540,Power Defect,2026-06-19,Power Supply,Major,Visual,776.41,PWF,LINE2-M01
DEF-01409,L06557,Structural Stress,2026-06-19,Shaft,Critical,X-Ray,1710.14,OSF,LINE2-M01
DEF-01410,H06558,Tool Damage,2026-06-19,Tool Holder,Critical,X-Ray,1099.49,TWF,LINE2-M01
DEF-01411,L06561,Tool Damage,2026-06-19,Tool Tip,Major,Manual,658.67,TWF,LINE3-M01
DEF-01412,L06565,Tool Damage,2026-06-19,Tool Holder,Major,Automated,452.44,TWF,LINE1-M02
DEF-01413,H06566,Power Defect,2026-06-19,Electrical Panel,Major,Visual,703.76,PWF,LINE2-M02
DEF-01414,M06569,Power Defect,2026-06-19,VFD Unit,Critical,Automated,1995.59,PWF,LINE3-M02
DEF-01415,M06586,Thermal Defect,2026-06-19,Heat Exchanger,Minor,Automated,188.88,HDF,LINE2-M01
DEF-01416,H06607,Power Defect,2026-06-19,Drive Motor,Minor,Visual,196.92,PWF,LINE2-M01
DEF-01417,L06616,Thermal Defect,2026-06-19,Cooling System,Major,Manual,593.55,HDF,LINE2-M01
DEF-01418,L06622,Power Defect,2026-06-19,VFD Unit,Major,Automated,286.48,PWF,LINE1-M02
DEF-01419,L06632,Power Defect,2026-06-19,Electrical Panel,Critical,Manual,2241.76,PWF,LINE1-M02
DEF-01420,H06636,Power Defect,2026-06-19,Power Supply,Major,Automated,369.45,PWF,LINE1-M01
DEF-01421,L06643,Tool Damage,2026-06-19,Spindle Interface,Major,X-Ray,530.61,TWF,LINE3-M01
DEF-01422,L06645,Tool Damage,2026-06-19,Cutting Edge,Major,Ultrasonic,391.82,TWF,LINE3-M01
DEF-01423,H06646,Tool Damage,2026-06-19,Tool Tip,Major,X-Ray,778.12,TWF,LINE3-M01
DEF-01424,L06647,Tool Damage,2026-06-19,Cutting Edge,Major,Manual,516.17,TWF,LINE3-M01
DEF-01425,L06649,Tool Damage,2026-06-19,Tool Holder,Major,Automated,681.9,TWF,LINE1-M02
DEF-01426,H06650,Tool Damage,2026-06-19,Tool Tip,Critical,X-Ray,2343.11,TWF,LINE1-M01
DEF-01427,H06653,Power Defect,2026-06-19,VFD Unit,Critical,Ultrasonic,908.13,PWF,LINE2-M02
DEF-01428,L06659,Power Defect,2026-06-19,Drive Motor,Major,Visual,645.12,PWF,LINE2-M02
DEF-01429,M06666,Power Defect,2026-06-19,VFD Unit,Major,Manual,763.94,PWF,LINE2-M02
DEF-01430,H06669,Power Defect,2026-06-19,Power Supply,Major,X-Ray,398.51,PWF,LINE1-M01
DEF-01431,M06687,Thermal Defect,2026-06-19,Heat Exchanger,Critical,Manual,1065.83,HDF,LINE3-M02
DEF-01432,L06701,Power Defect,2026-06-19,Electrical Panel,Major,Manual,343.07,PWF,LINE3-M01
DEF-01433,L06703,Thermal Defect,2026-06-19,Heat Exchanger,Critical,Ultrasonic,1218.67,HDF,LINE2-M02
DEF-01434,M06705,Power Defect,2026-06-19,Power Supply,Major,Ultrasonic,581.8,PWF,LINE1-M02
DEF-01435,L06710,Power Defect,2026-06-19,Electrical Panel,Major,Ultrasonic,270.25,PWF,LINE1-M01
DEF-01436,H06724,Tool Damage,2026-06-19,Cutting Edge,Critical,Manual,1109.31,TWF,LINE3-M02
DEF-01437,L06726,Tool Damage,2026-06-19,Tool Holder,Major,X-Ray,287.92,TWF,LINE1-M02
DEF-01438,L06727,Tool Damage,2026-06-20,Tool Holder,Critical,Manual,1188.81,TWF,LINE1-M02
DEF-01439,L06728,Tool Damage,2026-06-20,Spindle Interface,Minor,Manual,62.91,TWF,LINE2-M02
DEF-01440,M06730,Tool Damage,2026-06-20,Tool Holder,Critical,X-Ray,2385.42,TWF,LINE3-M02
DEF-01441,M06731,Tool Damage,2026-06-20,Tool Tip,Minor,X-Ray,55.7,TWF,LINE1-M02
DEF-01442,L06732,Tool Damage,2026-06-20,Spindle Interface,Minor,Ultrasonic,174.99,TWF,LINE3-M01
DEF-01443,L06733,Tool Damage,2026-06-20,Spindle Interface,Major,Automated,630.99,TWF,LINE1-M01
DEF-01444,M06734,Tool Damage,2026-06-20,Spindle Interface,Critical,Manual,980.8,TWF,LINE2-M02
DEF-01445,M06738,Power Defect,2026-06-20,Electrical Panel,Major,Manual,451.56,PWF,LINE2-M02
DEF-01446,M06742,Power Defect,2026-06-20,Power Supply,Critical,Automated,2118.59,PWF,LINE1-M02
DEF-01447,M06744,Power Defect,2026-06-20,Electrical Panel,Major,Automated,510.0,PWF,LINE1-M02
DEF-01448,L06762,Power Defect,2026-06-20,Electrical Panel,Critical,Visual,1529.71,PWF,LINE1-M02
DEF-01449,H06765,Thermal Defect,2026-06-20,Heat Exchanger,Critical,Manual,1609.17,HDF,LINE1-M02
DEF-01450,H06775,Power Defect,2026-06-20,Electrical Panel,Critical,Automated,994.43,PWF,LINE1-M02
DEF-01451,L06779,Power Defect,2026-06-20,Drive Motor,Critical,Ultrasonic,1337.08,PWF,LINE2-M01
DEF-01452,M06785,Power Defect,2026-06-20,VFD Unit,Critical,Visual,2214.18,PWF,LINE1-M02
DEF-01453,M06786,Power Defect,2026-06-20,Power Supply,Critical,X-Ray,1193.07,PWF,LINE1-M01
DEF-01454,L06809,Power Defect,2026-06-20,Power Supply,Major,Ultrasonic,534.07,PWF,LINE2-M02
DEF-01455,M06811,Tool Damage,2026-06-20,Spindle Interface,Major,Manual,478.94,TWF,LINE3-M02
DEF-01456,H06812,Tool Damage,2026-06-20,Tool Tip,Major,Manual,764.53,TWF,LINE3-M01
DEF-01457,H06813,Power Defect,2026-06-20,VFD Unit,Critical,Automated,1309.71,PWF,LINE3-M02
DEF-01458,L06814,Tool Damage,2026-06-20,Tool Tip,Minor,Automated,64.69,TWF,LINE3-M01
DEF-01459,L06815,Tool Damage,2026-06-20,Spindle Interface,Critical,Ultrasonic,849.6,TWF,LINE3-M01
DEF-01460,M06816,Power Defect,2026-06-20,Electrical Panel,Critical,Visual,929.57,PWF,LINE2-M01
DEF-01461,L06817,Tool Damage,2026-06-20,Cutting Edge,Major,Manual,770.17,TWF,LINE1-M01
DEF-01462,H06818,Tool Damage,2026-06-20,Spindle Interface,Major,X-Ray,694.11,TWF,LINE3-M02
DEF-01463,L06819,Tool Damage,2026-06-20,Tool Holder,Minor,Automated,221.45,TWF,LINE2-M01
DEF-01464,L06820,Tool Damage,2026-06-20,Tool Holder,Major,Visual,523.8,TWF,LINE2-M01
DEF-01465,L06822,Power Defect,2026-06-20,Electrical Panel,Major,Visual,502.86,PWF,LINE1-M02
DEF-01466,H06826,Power Defect,2026-06-20,Electrical Panel,Major,Automated,459.63,PWF,LINE1-M01
DEF-01467,L06833,Power Defect,2026-06-20,Drive Motor,Critical,Automated,1781.17,PWF,LINE2-M02
DEF-01468,L06838,Power Defect,2026-06-20,Drive Motor,Minor,Manual,55.07,PWF,LINE2-M01
DEF-01469,L06839,Thermal Defect,2026-06-20,Cooling System,Major,Visual,502.46,HDF,LINE2-M02
DEF-01470,L06847,Power Defect,2026-06-20,Power Supply,Critical,Manual,1307.3,PWF,LINE2-M02
DEF-01471,L06859,Power Defect,2026-06-20,VFD Unit,Critical,Automated,1371.93,PWF,LINE3-M02
DEF-01472,L06861,Power Defect,2026-06-20,Electrical Panel,Major,Ultrasonic,369.29,PWF,LINE3-M01
DEF-01473,M06862,Power Defect,2026-06-20,Electrical Panel,Major,X-Ray,534.09,PWF,LINE3-M01
DEF-01474,H06863,Thermal Defect,2026-06-20,Heat Exchanger,Major,Ultrasonic,357.93,HDF,LINE1-M02
DEF-01475,L06873,Power Defect,2026-06-20,Electrical Panel,Critical,Manual,1103.75,PWF,LINE3-M01
DEF-01476,H06880,Power Defect,2026-06-20,VFD Unit,Critical,Automated,1654.99,PWF,LINE3-M02
DEF-01477,L06886,Thermal Defect,2026-06-20,Cooling System,Critical,Manual,2365.86,HDF,LINE1-M01
DEF-01478,L06893,Power Defect,2026-06-20,Drive Motor,Critical,Ultrasonic,832.76,PWF,LINE2-M01
DEF-01479,M06895,Power Defect,2026-06-20,VFD Unit,Major,Manual,446.95,PWF,LINE1-M01
DEF-01480,H06896,Tool Damage,2026-06-20,Tool Tip,Major,Ultrasonic,394.22,TWF,LINE2-M01
DEF-01481,H06897,Tool Damage,2026-06-20,Spindle Interface,Major,Visual,679.72,TWF,LINE2-M01
DEF-01482,L06898,Tool Damage,2026-06-20,Cutting Edge,Critical,Manual,1616.29,TWF,LINE1-M02
DEF-01483,H06899,Power Defect,2026-06-20,Drive Motor,Minor,X-Ray,116.13,PWF,LINE1-M01
DEF-01484,L06900,Tool Damage,2026-06-20,Spindle Interface,Major,Manual,614.0,TWF,LINE3-M02
DEF-01485,L06901,Tool Damage,2026-06-20,Tool Holder,Critical,Visual,1829.17,TWF,LINE1-M02
DEF-01486,L06903,Tool Damage,2026-06-20,Tool Tip,Minor,X-Ray,54.41,TWF,LINE3-M02
DEF-01487,M06904,Tool Damage,2026-06-20,Tool Tip,Minor,Visual,114.11,TWF,LINE2-M02
DEF-01488,L06906,Power Defect,2026-06-20,Drive Motor,Minor,Manual,211.66,PWF,LINE1-M01
DEF-01489,L06908,Thermal Defect,2026-06-20,Heat Exchanger,Critical,X-Ray,1669.25,HDF,LINE1-M01
DEF-01490,L06919,Power Defect,2026-06-20,Drive Motor,Critical,X-Ray,1234.22,PWF,LINE2-M02
DEF-01491,L06922,Thermal Defect,2026-06-20,Bearing Assembly,Major,Automated,269.64,HDF,LINE1-M01
DEF-01492,M06933,Power Defect,2026-06-20,Electrical Panel,Critical,Manual,2233.68,PWF,LINE2-M01
DEF-01493,L06937,Power Defect,2026-06-20,Drive Motor,Critical,Ultrasonic,2047.47,PWF,LINE1-M01
DEF-01494,M06944,Power Defect,2026-06-20,Electrical Panel,Minor,X-Ray,105.69,PWF,LINE1-M02
DEF-01495,L06951,Power Defect,2026-06-20,Electrical Panel,Minor,X-Ray,165.65,PWF,LINE1-M01
DEF-01496,L06955,Power Defect,2026-06-20,Electrical Panel,Minor,Visual,74.0,PWF,LINE3-M02
DEF-01497,L06961,Power Defect,2026-06-20,VFD Unit,Minor,Automated,195.05,PWF,LINE2-M02
DEF-01498,H06979,Power Defect,2026-06-20,Electrical Panel,Major,Visual,722.19,PWF,LINE2-M02
DEF-01499,M06980,Power Defect,2026-06-20,Drive Motor,Major,Ultrasonic,363.15,PWF,LINE1-M02
DEF-01500,M06981,Tool Damage,2026-06-20,Tool Holder,Major,Visual,472.11,TWF,LINE3-M02
DEF-01501,M06983,Tool Damage,2026-06-20,Tool Holder,Minor,X-Ray,121.72,TWF,LINE2-M02
DEF-01502,L06984,Tool Damage,2026-06-20,Cutting Edge,Major,Manual,687.19,TWF,LINE3-M02
DEF-01503,M06985,Tool Damage,2026-06-20,Cutting Edge,Minor,Ultrasonic,142.06,TWF,LINE2-M02
DEF-01504,M06986,Tool Damage,2026-06-20,Tool Holder,Major,Manual,715.66,TWF,LINE3-M01
DEF-01505,L06987,Tool Damage,2026-06-20,Tool Holder,Minor,X-Ray,99.56,TWF,LINE1-M01
DEF-01506,L06988,Tool Damage,2026-06-20,Tool Holder,Minor,X-Ray,71.93,TWF,LINE1-M02
DEF-01507,H06992,Power Defect,2026-06-20,Drive Motor,Major,X-Ray,773.43,PWF,LINE3-M01
DEF-01508,M06995,Power Defect,2026-06-20,Power Supply,Major,Manual,509.48,PWF,LINE2-M01
DEF-01509,H07002,Power Defect,2026-06-20,Electrical Panel,Critical,X-Ray,1870.37,PWF,LINE1-M01
DEF-01510,L07009,Power Defect,2026-06-20,Power Supply,Critical,Visual,1166.36,PWF,LINE1-M01
DEF-01511,L07010,Power Defect,2026-06-20,Electrical Panel,Critical,Ultrasonic,1405.31,PWF,LINE3-M01
DEF-01512,L07020,Power Defect,2026-06-20,Electrical Panel,Minor,Visual,243.05,PWF,LINE3-M02
DEF-01513,L07023,Thermal Defect,2026-06-20,Cooling System,Critical,X-Ray,2456.42,HDF,LINE1-M01
DEF-01514,L07024,Thermal Defect,2026-06-20,Cooling System,Critical,Automated,1009.76,HDF,LINE1-M01
DEF-01515,L07025,Power Defect,2026-06-20,Power Supply,Major,Ultrasonic,681.6,PWF,LINE2-M02
DEF-01516,L07028,Power Defect,2026-06-20,Power Supply,Major,Manual,400.38,PWF,LINE3-M02
DEF-01517,L07043,Power Defect,2026-06-20,VFD Unit,Major,Manual,297.58,PWF,LINE2-M01
DEF-01518,H07050,Thermal Defect,2026-06-20,Cooling System,Critical,Ultrasonic,1342.34,HDF,LINE2-M02
DEF-01519,M07054,Power Defect,2026-06-20,Electrical Panel,Major,Visual,275.83,PWF,LINE3-M01
DEF-01520,M07063,Tool Damage,2026-06-20,Spindle Interface,Minor,X-Ray,249.12,TWF,LINE1-M01
DEF-01521,L07064,Tool Damage,2026-06-20,Spindle Interface,Minor,Visual,205.08,TWF,LINE2-M02
DEF-01522,M07065,Tool Damage,2026-06-20,Tool Tip,Major,X-Ray,371.41,TWF,LINE1-M01
DEF-01523,M07066,Tool Damage,2026-06-20,Tool Tip,Major,Visual,730.5,TWF,LINE2-M02
DEF-01524,L07067,Tool Damage,2026-06-20,Cutting Edge,Critical,Ultrasonic,2031.51,TWF,LINE3-M01
DEF-01525,H07068,Tool Damage,2026-06-20,Tool Tip,Critical,Ultrasonic,830.3,TWF,LINE3-M01
DEF-01526,L07078,Power Defect,2026-06-20,Power Supply,Critical,Manual,1977.91,PWF,LINE1-M01
DEF-01527,H07081,Thermal Defect,2026-06-20,Heat Exchanger,Minor,X-Ray,53.47,HDF,LINE3-M02
DEF-01528,M07096,Thermal Defect,2026-06-21,Cooling System,Major,Visual,572.2,HDF,LINE1-M02
DEF-01529,L07097,Power Defect,2026-06-21,Drive Motor,Critical,X-Ray,2169.23,PWF,LINE2-M01
DEF-01530,M07099,Thermal Defect,2026-06-21,Bearing Assembly,Minor,Automated,178.86,HDF,LINE3-M01
DEF-01531,H07100,Power Defect,2026-06-21,Electrical Panel,Critical,X-Ray,1568.25,PWF,LINE1-M02
DEF-01532,L07103,Power Defect,2026-06-21,Electrical Panel,Major,Manual,567.25,PWF,LINE3-M02
DEF-01533,M07104,Thermal Defect,2026-06-21,Cooling System,Critical,Ultrasonic,1457.67,HDF,LINE1-M01
DEF-01534,M07109,Power Defect,2026-06-21,Electrical Panel,Critical,Manual,1921.89,PWF,LINE2-M02
DEF-01535,M07123,Power Defect,2026-06-21,VFD Unit,Major,Ultrasonic,716.49,PWF,LINE2-M01
DEF-01536,L07126,Power Defect,2026-06-21,Drive Motor,Major,X-Ray,552.35,PWF,LINE1-M01
DEF-01537,M07128,Power Defect,2026-06-21,Electrical Panel,Minor,Visual,96.6,PWF,LINE1-M01
DEF-01538,H07129,Thermal Defect,2026-06-21,Motor Housing,Minor,Manual,217.56,HDF,LINE3-M02
DEF-01539,L07132,Power Defect,2026-06-21,Power Supply,Critical,Ultrasonic,1071.45,PWF,LINE2-M01
DEF-01540,M07141,Tool Damage,2026-06-21,Cutting Edge,Major,X-Ray,658.78,TWF,LINE3-M01
DEF-01541,H07142,Tool Damage,2026-06-21,Tool Tip,Major,Automated,759.4,TWF,LINE3-M01
DEF-01542,M07143,Tool Damage,2026-06-21,Spindle Interface,Major,X-Ray,536.34,TWF,LINE1-M02
DEF-01543,H07144,Tool Damage,2026-06-21,Tool Holder,Critical,Automated,1706.4,TWF,LINE1-M02
DEF-01544,L07145,Tool Damage,2026-06-21,Cutting Edge,Minor,Visual,181.89,TWF,LINE1-M02
DEF-01545,L07147,Tool Damage,2026-06-21,Tool Tip,Major,Manual,378.54,TWF,LINE3-M02
DEF-01546,L07152,Thermal Defect,2026-06-21,Heat Exchanger,Major,Visual,346.39,HDF,LINE3-M01
DEF-01547,L07155,Power Defect,2026-06-21,Drive Motor,Critical,Automated,1089.25,PWF,LINE2-M02
DEF-01548,M07158,Power Defect,2026-06-21,Drive Motor,Major,Ultrasonic,642.28,PWF,LINE3-M01
DEF-01549,M07171,Thermal Defect,2026-06-21,Bearing Assembly,Major,Visual,530.26,HDF,LINE2-M02
DEF-01550,M07175,Thermal Defect,2026-06-21,Heat Exchanger,Critical,Manual,2001.01,HDF,LINE1-M02
DEF-01551,L07188,Thermal Defect,2026-06-21,Heat Exchanger,Major,Ultrasonic,640.59,HDF,LINE3-M02
DEF-01552,L07189,Power Defect,2026-06-21,Power Supply,Critical,Manual,1758.28,PWF,LINE3-M01
DEF-01553,L07197,Power Defect,2026-06-21,Electrical Panel,Major,Manual,366.94,PWF,LINE2-M02
DEF-01554,L07209,Power Defect,2026-06-21,Electrical Panel,Minor,Automated,137.05,PWF,LINE3-M01
DEF-01555,L07210,Power Defect,2026-06-21,Power Supply,Major,Ultrasonic,339.7,PWF,LINE1-M02
DEF-01556,L07220,Power Defect,2026-06-21,VFD Unit,Major,X-Ray,492.49,PWF,LINE3-M01
DEF-01557,H07223,Tool Damage,2026-06-21,Spindle Interface,Critical,Ultrasonic,2360.43,TWF,LINE2-M01
DEF-01558,H07224,Tool Damage,2026-06-21,Tool Holder,Major,X-Ray,669.76,TWF,LINE3-M02
DEF-01559,H07226,Tool Damage,2026-06-21,Cutting Edge,Major,Manual,678.05,TWF,LINE3-M02
DEF-01560,H07227,Tool Damage,2026-06-21,Tool Tip,Major,X-Ray,635.08,TWF,LINE1-M01
DEF-01561,L07228,Tool Damage,2026-06-21,Cutting Edge,Critical,Ultrasonic,1035.07,TWF,LINE2-M02
DEF-01562,L07231,Power Defect,2026-06-21,Power Supply,Critical,Automated,1061.06,PWF,LINE1-M02
DEF-01563,M07233,Thermal Defect,2026-06-21,Heat Exchanger,Major,Ultrasonic,544.14,HDF,LINE1-M01
DEF-01564,L07261,Power Defect,2026-06-21,Drive Motor,Critical,Manual,2046.47,PWF,LINE3-M02
DEF-01565,L07266,Power Defect,2026-06-21,VFD Unit,Major,Manual,401.1,PWF,LINE1-M01
DEF-01566,H07269,Power Defect,2026-06-21,Electrical Panel,Major,Automated,333.79,PWF,LINE1-M01
DEF-01567,M07277,Power Defect,2026-06-21,VFD Unit,Major,Manual,250.78,PWF,LINE2-M02
DEF-01568,M07288,Power Defect,2026-06-21,VFD Unit,Critical,Manual,2202.79,PWF,LINE3-M02
DEF-01569,M07307,Tool Damage,2026-06-21,Tool Holder,Major,Automated,554.5,TWF,LINE3-M01
DEF-01570,L07308,Tool Damage,2026-06-21,Spindle Interface,Critical,Manual,1433.17,TWF,LINE1-M02
DEF-01571,M07309,Structural Stress,2026-06-21,Gearbox,Major,Ultrasonic,312.03,OSF,LINE1-M02
DEF-01572,M07310,Tool Damage,2026-06-21,Tool Tip,Critical,Visual,978.75,TWF,LINE1-M02
DEF-01573,L07311,Tool Damage,2026-06-21,Cutting Edge,Major,Visual,460.48,TWF,LINE3-M02
DEF-01574,L07313,Tool Damage,2026-06-21,Tool Holder,Major,Manual,360.62,TWF,LINE1-M02
DEF-01575,H07314,Tool Damage,2026-06-21,Spindle Interface,Minor,Automated,237.14,TWF,LINE2-M02
DEF-01576,L07323,Power Defect,2026-06-21,Electrical Panel,Critical,Automated,1417.67,PWF,LINE1-M01
DEF-01577,H07340,Power Defect,2026-06-21,Electrical Panel,Minor,Manual,204.97,PWF,LINE3-M01
DEF-01578,H07349,Power Defect,2026-06-21,Power Supply,Critical,Manual,1302.94,PWF,LINE2-M02
DEF-01579,H07361,Power Defect,2026-06-21,VFD Unit,Minor,Visual,93.33,PWF,LINE1-M02
DEF-01580,M07364,Power Defect,2026-06-21,Electrical Panel,Critical,Visual,2438.6,PWF,LINE1-M02
DEF-01581,M07372,Power Defect,2026-06-21,Drive Motor,Major,Ultrasonic,475.67,PWF,LINE2-M01
DEF-01582,L07374,Power Defect,2026-06-21,Electrical Panel,Critical,Manual,2236.38,PWF,LINE2-M01
DEF-01583,H07376,Power Defect,2026-06-21,Electrical Panel,Minor,Visual,60.36,PWF,LINE3-M02
DEF-01584,M07379,Power Defect,2026-06-21,VFD Unit,Minor,Ultrasonic,187.05,PWF,LINE2-M01
DEF-01585,H07382,Tool Damage,2026-06-21,Cutting Edge,Minor,Ultrasonic,225.31,TWF,LINE3-M02
DEF-01586,L07385,Tool Damage,2026-06-21,Spindle Interface,Major,Manual,322.74,TWF,LINE3-M01
DEF-01587,H07389,Tool Damage,2026-06-21,Tool Holder,Major,Manual,457.85,TWF,LINE3-M01
DEF-01588,L07390,Tool Damage,2026-06-21,Tool Tip,Minor,Automated,62.2,TWF,LINE3-M01
DEF-01589,L07391,Tool Damage,2026-06-21,Tool Holder,Major,X-Ray,466.51,TWF,LINE3-M02
DEF-01590,M07405,Power Defect,2026-06-21,VFD Unit,Minor,Manual,235.62,PWF,LINE2-M02
DEF-01591,L07429,Power Defect,2026-06-21,VFD Unit,Major,X-Ray,799.82,PWF,LINE1-M01
DEF-01592,H07431,Thermal Defect,2026-06-21,Cooling System,Critical,X-Ray,1275.95,HDF,LINE3-M01
DEF-01593,L07452,Power Defect,2026-06-21,Drive Motor,Minor,Visual,217.58,PWF,LINE2-M02
DEF-01594,L07458,Power Defect,2026-06-22,Drive Motor,Critical,Manual,2096.33,PWF,LINE1-M02
DEF-01595,M07466,Tool Damage,2026-06-22,Tool Holder,Critical,Ultrasonic,1187.92,TWF,LINE2-M01
DEF-01596,M07468,Tool Damage,2026-06-22,Tool Tip,Minor,Automated,239.22,TWF,LINE3-M01
DEF-01597,M07469,Tool Damage,2026-06-22,Tool Holder,Minor,Ultrasonic,159.05,TWF,LINE2-M01
DEF-01598,M07470,Tool Damage,2026-06-22,Cutting Edge,Major,Automated,549.88,TWF,LINE3-M01
DEF-01599,L07471,Tool Damage,2026-06-22,Spindle Interface,Minor,X-Ray,96.41,TWF,LINE2-M02
DEF-01600,H07472,Tool Damage,2026-06-22,Spindle Interface,Major,Visual,329.29,TWF,LINE1-M01
DEF-01601,L07473,Tool Damage,2026-06-22,Spindle Interface,Major,Ultrasonic,464.77,TWF,LINE1-M02
DEF-01602,M07476,Power Defect,2026-06-22,Electrical Panel,Major,X-Ray,393.71,PWF,LINE3-M01
DEF-01603,H07486,Power Defect,2026-06-22,Power Supply,Major,Visual,717.72,PWF,LINE2-M01
DEF-01604,L07491,Power Defect,2026-06-22,Electrical Panel,Major,Automated,399.01,PWF,LINE2-M02
DEF-01605,H07494,Power Defect,2026-06-22,Drive Motor,Major,Visual,521.04,PWF,LINE1-M02
DEF-01606,M07495,Power Defect,2026-06-22,Electrical Panel,Major,Automated,594.02,PWF,LINE3-M02
DEF-01607,L07514,Power Defect,2026-06-22,VFD Unit,Major,Visual,465.91,PWF,LINE3-M02
DEF-01608,M07516,Power Defect,2026-06-22,Power Supply,Critical,Manual,1477.21,PWF,LINE2-M02
DEF-01609,L07522,Power Defect,2026-06-22,VFD Unit,Critical,Visual,1389.29,PWF,LINE2-M01
DEF-01610,L07551,Tool Damage,2026-06-22,Tool Tip,Major,Visual,264.44,TWF,LINE2-M01
DEF-01611,M07552,Tool Damage,2026-06-22,Spindle Interface,Critical,X-Ray,1669.35,TWF,LINE3-M01
DEF-01612,L07554,Tool Damage,2026-06-22,Tool Tip,Major,Automated,354.76,TWF,LINE3-M02
DEF-01613,L07557,Tool Damage,2026-06-22,Spindle Interface,Major,Manual,745.85,TWF,LINE3-M01
DEF-01614,M07558,Tool Damage,2026-06-22,Tool Tip,Minor,Manual,240.97,TWF,LINE2-M01
DEF-01615,L07559,Tool Damage,2026-06-22,Tool Holder,Critical,X-Ray,1433.94,TWF,LINE2-M02
DEF-01616,L07560,Structural Stress,2026-06-22,Shaft,Critical,Manual,1227.56,OSF,LINE3-M02
DEF-01617,H07561,Tool Damage,2026-06-22,Spindle Interface,Major,Manual,337.84,TWF,LINE3-M02
DEF-01618,M07586,Power Defect,2026-06-22,Power Supply,Major,Ultrasonic,488.46,PWF,LINE2-M01
DEF-01619,L07589,Power Defect,2026-06-22,VFD Unit,Critical,X-Ray,1145.69,PWF,LINE3-M01
DEF-01620,M07603,Power Defect,2026-06-22,Drive Motor,Critical,Visual,1000.1,PWF,LINE3-M02
DEF-01621,L07611,Power Defect,2026-06-22,Drive Motor,Critical,Ultrasonic,1163.2,PWF,LINE3-M02
DEF-01622,L07619,Power Defect,2026-06-22,Drive Motor,Critical,Ultrasonic,2038.97,PWF,LINE2-M01
DEF-01623,M07621,Power Defect,2026-06-22,Drive Motor,Major,X-Ray,314.07,PWF,LINE2-M01
DEF-01624,L07632,Power Defect,2026-06-22,Power Supply,Critical,X-Ray,2359.57,PWF,LINE3-M01
DEF-01625,H07637,Tool Damage,2026-06-22,Tool Tip,Major,Manual,438.89,TWF,LINE2-M02
DEF-01626,L07638,Tool Damage,2026-06-22,Tool Holder,Major,Automated,406.06,TWF,LINE2-M02
DEF-01627,M07639,Tool Damage,2026-06-22,Tool Tip,Major,Automated,577.47,TWF,LINE3-M01
DEF-01628,L07641,Tool Damage,2026-06-22,Tool Holder,Major,Visual,318.24,TWF,LINE1-M01
DEF-01629,M07643,Tool Damage,2026-06-22,Spindle Interface,Critical,Ultrasonic,1644.44,TWF,LINE2-M02
DEF-01630,L07644,Tool Damage,2026-06-22,Cutting Edge,Minor,X-Ray,248.84,TWF,LINE1-M02
DEF-01631,M07646,Tool Damage,2026-06-22,Spindle Interface,Major,Automated,378.06,TWF,LINE1-M01
DEF-01632,L07647,Random/Unknown,2026-06-22,Sensor Array,Major,Ultrasonic,516.23,RNF,LINE3-M02
DEF-01633,L07656,Power Defect,2026-06-22,Drive Motor,Major,Ultrasonic,469.61,PWF,LINE2-M01
DEF-01634,L07662,Power Defect,2026-06-22,VFD Unit,Major,Manual,508.54,PWF,LINE1-M01
DEF-01635,L07665,Power Defect,2026-06-22,VFD Unit,Critical,Automated,1832.67,PWF,LINE2-M02
DEF-01636,L07679,Thermal Defect,2026-06-22,Cooling System,Major,Automated,605.09,HDF,LINE3-M02
DEF-01637,L07686,Power Defect,2026-06-22,Power Supply,Critical,Automated,851.2,PWF,LINE2-M01
DEF-01638,H07705,Power Defect,2026-06-22,VFD Unit,Major,Manual,762.84,PWF,LINE2-M02
DEF-01639,H07707,Power Defect,2026-06-22,Drive Motor,Major,Ultrasonic,648.52,PWF,LINE3-M01
DEF-01640,L07712,Power Defect,2026-06-22,Electrical Panel,Critical,Visual,1180.54,PWF,LINE3-M01
DEF-01641,L07714,Tool Damage,2026-06-22,Cutting Edge,Critical,X-Ray,2460.57,TWF,LINE3-M02
DEF-01642,H07717,Tool Damage,2026-06-22,Tool Tip,Critical,X-Ray,930.15,TWF,LINE2-M02
DEF-01643,H07718,Tool Damage,2026-06-22,Tool Holder,Major,Automated,727.12,TWF,LINE1-M02
DEF-01644,L07720,Tool Damage,2026-06-22,Cutting Edge,Major,Ultrasonic,620.68,TWF,LINE3-M02
DEF-01645,L07721,Tool Damage,2026-06-22,Cutting Edge,Major,X-Ray,520.23,TWF,LINE1-M01
DEF-01646,L07722,Tool Damage,2026-06-22,Cutting Edge,Major,Automated,579.67,TWF,LINE1-M02
DEF-01647,L07723,Tool Damage,2026-06-22,Tool Holder,Major,X-Ray,719.43,TWF,LINE3-M01
DEF-01648,L07727,Power Defect,2026-06-22,VFD Unit,Critical,Ultrasonic,1821.02,PWF,LINE1-M01
DEF-01649,L07736,Power Defect,2026-06-22,VFD Unit,Critical,Manual,1977.23,PWF,LINE2-M02
DEF-01650,L07746,Power Defect,2026-06-22,Power Supply,Major,X-Ray,489.67,PWF,LINE3-M02
DEF-01651,L07747,Power Defect,2026-06-22,VFD Unit,Critical,Ultrasonic,1380.76,PWF,LINE3-M02
DEF-01652,L07756,Power Defect,2026-06-22,VFD Unit,Critical,Automated,1211.06,PWF,LINE1-M01
DEF-01653,M07761,Power Defect,2026-06-22,Power Supply,Critical,Visual,2409.19,PWF,LINE2-M01
DEF-01654,H07767,Power Defect,2026-06-22,VFD Unit,Major,Ultrasonic,494.26,PWF,LINE1-M02
DEF-01655,M07769,Power Defect,2026-06-22,Power Supply,Major,X-Ray,737.26,PWF,LINE2-M01
DEF-01656,L07774,Power Defect,2026-06-22,Power Supply,Critical,X-Ray,1973.15,PWF,LINE3-M02
DEF-01657,H07784,Power Defect,2026-06-22,Drive Motor,Critical,X-Ray,1935.7,PWF,LINE2-M01
DEF-01658,L07791,Power Defect,2026-06-22,Drive Motor,Critical,X-Ray,1889.15,PWF,LINE1-M01
DEF-01659,L07792,Structural Stress,2026-06-22,Frame Mount,Major,Automated,427.01,OSF,LINE2-M01
DEF-01660,M07794,Tool Damage,2026-06-22,Spindle Interface,Critical,Visual,2040.63,TWF,LINE3-M02
DEF-01661,L07798,Tool Damage,2026-06-22,Cutting Edge,Major,Ultrasonic,650.07,TWF,LINE2-M02
DEF-01662,H07799,Tool Damage,2026-06-22,Tool Holder,Critical,Automated,2254.19,TWF,LINE1-M01
DEF-01663,L07800,Tool Damage,2026-06-22,Tool Holder,Major,Manual,551.66,TWF,LINE1-M02
DEF-01664,M07801,Tool Damage,2026-06-22,Tool Holder,Critical,Manual,1345.16,TWF,LINE1-M02
DEF-01665,M07802,Tool Damage,2026-06-22,Spindle Interface,Critical,Ultrasonic,1140.17,TWF,LINE3-M01
DEF-01666,M07812,Thermal Defect,2026-06-22,Bearing Assembly,Critical,Ultrasonic,845.84,HDF,LINE2-M01
DEF-01667,H07813,Power Defect,2026-06-22,Electrical Panel,Critical,Automated,1599.32,PWF,LINE3-M01
DEF-01668,L07819,Power Defect,2026-06-22,VFD Unit,Critical,Manual,1375.78,PWF,LINE3-M01
DEF-01669,L07828,Thermal Defect,2026-06-23,Cooling System,Critical,Automated,2319.58,HDF,LINE2-M01
DEF-01670,L07844,Power Defect,2026-06-23,Drive Motor,Major,Ultrasonic,371.29,PWF,LINE2-M01
DEF-01671,H07858,Power Defect,2026-06-23,Electrical Panel,Major,Ultrasonic,518.07,PWF,LINE2-M02
DEF-01672,H07863,Power Defect,2026-06-23,Electrical Panel,Major,Manual,613.16,PWF,LINE3-M01
DEF-01673,L07864,Power Defect,2026-06-23,VFD Unit,Major,Ultrasonic,551.89,PWF,LINE3-M01
DEF-01674,M07865,Thermal Defect,2026-06-23,Bearing Assembly,Minor,X-Ray,175.06,HDF,LINE2-M01
DEF-01675,L07868,Tool Damage,2026-06-23,Tool Tip,Major,Ultrasonic,263.42,TWF,LINE1-M02
DEF-01676,L07873,Structural Stress,2026-06-23,Shaft,Major,Ultrasonic,362.24,OSF,LINE3-M02
DEF-01677,L07874,Tool Damage,2026-06-23,Tool Holder,Major,X-Ray,452.11,TWF,LINE2-M02
DEF-01678,L07875,Tool Damage,2026-06-23,Cutting Edge,Major,Automated,698.95,TWF,LINE2-M01
DEF-01679,L07876,Tool Damage,2026-06-23,Tool Tip,Critical,Manual,801.59,TWF,LINE1-M01
DEF-01680,L07877,Tool Damage,2026-06-23,Cutting Edge,Critical,Automated,873.66,TWF,LINE2-M02
DEF-01681,L07878,Tool Damage,2026-06-23,Tool Tip,Major,Visual,357.88,TWF,LINE1-M02
DEF-01682,M07879,Tool Damage,2026-06-23,Tool Holder,Major,Ultrasonic,620.92,TWF,LINE1-M01
DEF-01683,L07880,Tool Damage,2026-06-23,Spindle Interface,Major,Visual,682.49,TWF,LINE1-M01
DEF-01684,M07881,Tool Damage,2026-06-23,Cutting Edge,Major,Manual,463.98,TWF,LINE2-M01
DEF-01685,L07882,Tool Damage,2026-06-23,Spindle Interface,Major,Automated,478.43,TWF,LINE3-M01
DEF-01686,H07883,Tool Damage,2026-06-23,Tool Tip,Critical,Automated,940.64,TWF,LINE3-M01
DEF-01687,L07884,Tool Damage,2026-06-23,Tool Tip,Major,Ultrasonic,531.9,TWF,LINE3-M01
DEF-01688,L07885,Thermal Defect,2026-06-23,Bearing Assembly,Minor,Ultrasonic,197.78,HDF,LINE2-M02
DEF-01689,L07894,Power Defect,2026-06-23,VFD Unit,Critical,Visual,1983.24,PWF,LINE1-M01
DEF-01690,L07895,Thermal Defect,2026-06-23,Bearing Assembly,Critical,Automated,1040.92,HDF,LINE3-M02
DEF-01691,H07906,Power Defect,2026-06-23,Power Supply,Major,Automated,641.31,PWF,LINE3-M02
DEF-01692,H07907,Thermal Defect,2026-06-23,Motor Housing,Critical,Manual,2379.19,HDF,LINE3-M01
DEF-01693,L07934,Power Defect,2026-06-23,Drive Motor,Major,Manual,534.17,PWF,LINE2-M01
DEF-01694,M07935,Power Defect,2026-06-23,Electrical Panel,Critical,Ultrasonic,1202.04,PWF,LINE3-M02
DEF-01695,L07945,Power Defect,2026-06-23,VFD Unit,Minor,Visual,225.46,PWF,LINE1-M02
DEF-01696,M07946,Power Defect,2026-06-23,VFD Unit,Critical,Visual,2425.57,PWF,LINE2-M01
DEF-01697,L07948,Power Defect,2026-06-23,Power Supply,Minor,Automated,103.96,PWF,LINE1-M01
DEF-01698,L07959,Structural Stress,2026-06-23,Frame Mount,Minor,Ultrasonic,187.02,OSF,LINE3-M02
DEF-01699,L07965,Power Defect,2026-06-23,VFD Unit,Critical,Manual,1760.32,PWF,LINE1-M02
DEF-01700,L07966,Tool Damage,2026-06-23,Tool Tip,Minor,Visual,102.81,TWF,LINE1-M02
DEF-01701,L07968,Tool Damage,2026-06-23,Tool Tip,Major,Manual,377.91,TWF,LINE3-M02
DEF-01702,L07969,Thermal Defect,2026-06-23,Cooling System,Critical,Ultrasonic,1070.73,HDF,LINE3-M02
DEF-01703,L07970,Tool Damage,2026-06-23,Spindle Interface,Critical,Visual,2423.97,TWF,LINE1-M01
DEF-01704,M07971,Tool Damage,2026-06-23,Cutting Edge,Critical,Manual,1663.1,TWF,LINE2-M02
DEF-01705,L07972,Tool Damage,2026-06-23,Tool Holder,Critical,Ultrasonic,1303.26,TWF,LINE1-M01
DEF-01706,M07974,Power Defect,2026-06-23,VFD Unit,Minor,Automated,51.61,PWF,LINE2-M01
DEF-01707,H07986,Power Defect,2026-06-23,VFD Unit,Major,Visual,681.88,PWF,LINE2-M02
DEF-01708,H07987,Power Defect,2026-06-23,Electrical Panel,Critical,Automated,1929.04,PWF,LINE2-M01
DEF-01709,M07994,Power Defect,2026-06-23,Drive Motor,Major,Ultrasonic,256.61,PWF,LINE3-M02
DEF-01710,M07996,Power Defect,2026-06-23,Electrical Panel,Major,Visual,447.7,PWF,LINE2-M02
DEF-01711,M07998,Power Defect,2026-06-23,Power Supply,Major,Automated,760.78,PWF,LINE3-M01
